Subject,Threshold,Metric,Network,SubjIndex_Exp,SubjIndex_Ref,SubjectID_Exp,SubjectID_Ref,Value
allsubs,0.99,DC_cort,DMN,1,1,PFM3T7T01,PFM3T7T01,0.803051709522464
allsubs,0.99,DC_cort,Vis,1,1,PFM3T7T01,PFM3T7T01,0.923489349369657
allsubs,0.99,DC_cort,FP,1,1,PFM3T7T01,PFM3T7T01,0.824328068717096
allsubs,0.99,DC_cort,DAN,1,1,PFM3T7T01,PFM3T7T01,0.616499954115812
allsubs,0.99,DC_cort,VAN,1,1,PFM3T7T01,PFM3T7T01,0.573167358229599
allsubs,0.99,DC_cort,Sal,1,1,PFM3T7T01,PFM3T7T01,0.67335962710649
allsubs,0.99,DC_cort,AMN,1,1,PFM3T7T01,PFM3T7T01,0.784089995982322
allsubs,0.99,DC_cort,SMd,1,1,PFM3T7T01,PFM3T7T01,0.621567314132619
allsubs,0.99,DC_cort,SMl,1,1,PFM3T7T01,PFM3T7T01,0.52909000497265
allsubs,0.99,DC_cort,Aud,1,1,PFM3T7T01,PFM3T7T01,0.57679319194921
allsubs,0.99,DC_cort,Tpole,1,1,PFM3T7T01,PFM3T7T01,0.366533864541833
allsubs,0.99,DC_cort,MTL,1,1,PFM3T7T01,PFM3T7T01,0.625175667536639
allsubs,0.99,DC_cort,PMN,1,1,PFM3T7T01,PFM3T7T01,0.756076637117529
allsubs,0.99,DC_cort,PON,1,1,PFM3T7T01,PFM3T7T01,0.723431914202145
allsubs,0.99,DC_cort,SCAN,1,1,PFM3T7T01,PFM3T7T01,0.689911403258074
allsubs,0.99,cDC_cort,DMN,1,1,PFM3T7T01,PFM3T7T01,0.803051709522464
allsubs,0.99,cDC_cort,Vis,1,1,PFM3T7T01,PFM3T7T01,0.923489349369657
allsubs,0.99,cDC_cort,FP,1,1,PFM3T7T01,PFM3T7T01,0.824328068717096
allsubs,0.99,cDC_cort,DAN,1,1,PFM3T7T01,PFM3T7T01,0.616499954115812
allsubs,0.99,cDC_cort,VAN,1,1,PFM3T7T01,PFM3T7T01,0.573167358229599
allsubs,0.99,cDC_cort,Sal,1,1,PFM3T7T01,PFM3T7T01,0.67335962710649
allsubs,0.99,cDC_cort,AMN,1,1,PFM3T7T01,PFM3T7T01,0.784089995982322
allsubs,0.99,cDC_cort,SMd,1,1,PFM3T7T01,PFM3T7T01,0.621567314132619
allsubs,0.99,cDC_cort,SMl,1,1,PFM3T7T01,PFM3T7T01,0.52909000497265
allsubs,0.99,cDC_cort,Aud,1,1,PFM3T7T01,PFM3T7T01,0.57679319194921
allsubs,0.99,cDC_cort,Tpole,1,1,PFM3T7T01,PFM3T7T01,0.366533864541833
allsubs,0.99,cDC_cort,MTL,1,1,PFM3T7T01,PFM3T7T01,0.625175667536639
allsubs,0.99,cDC_cort,PMN,1,1,PFM3T7T01,PFM3T7T01,0.756076637117529
allsubs,0.99,cDC_cort,PON,1,1,PFM3T7T01,PFM3T7T01,0.723431914202145
allsubs,0.99,cDC_cort,SCAN,1,1,PFM3T7T01,PFM3T7T01,0.689911403258074
allsubs,0.99,TP_cort,DMN,1,1,PFM3T7T01,PFM3T7T01,5684.0
allsubs,0.99,TP_cort,Vis,1,1,PFM3T7T01,PFM3T7T01,6373.0
allsubs,0.99,TP_cort,FP,1,1,PFM3T7T01,PFM3T7T01,5950.0
allsubs,0.99,TP_cort,DAN,1,1,PFM3T7T01,PFM3T7T01,3359.0
allsubs,0.99,TP_cort,VAN,1,1,PFM3T7T01,PFM3T7T01,1036.0
allsubs,0.99,TP_cort,Sal,1,1,PFM3T7T01,PFM3T7T01,939.0
allsubs,0.99,TP_cort,AMN,1,1,PFM3T7T01,PFM3T7T01,4879.0
allsubs,0.99,TP_cort,SMd,1,1,PFM3T7T01,PFM3T7T01,1392.0
allsubs,0.99,TP_cort,SMl,1,1,PFM3T7T01,PFM3T7T01,1064.0
allsubs,0.99,TP_cort,Aud,1,1,PFM3T7T01,PFM3T7T01,2135.0
allsubs,0.99,TP_cort,Tpole,1,1,PFM3T7T01,PFM3T7T01,138.0
allsubs,0.99,TP_cort,MTL,1,1,PFM3T7T01,PFM3T7T01,1557.0
allsubs,0.99,TP_cort,PMN,1,1,PFM3T7T01,PFM3T7T01,1322.0
allsubs,0.99,TP_cort,PON,1,1,PFM3T7T01,PFM3T7T01,1113.0
allsubs,0.99,TP_cort,SCAN,1,1,PFM3T7T01,PFM3T7T01,1207.0
allsubs,0.99,TN_cort,DMN,1,1,PFM3T7T01,PFM3T7T01,50940.0
allsubs,0.99,TN_cort,Vis,1,1,PFM3T7T01,PFM3T7T01,51983.0
allsubs,0.99,TN_cort,FP,1,1,PFM3T7T01,PFM3T7T01,50926.0
allsubs,0.99,TN_cort,DAN,1,1,PFM3T7T01,PFM3T7T01,51874.0
allsubs,0.99,TN_cort,VAN,1,1,PFM3T7T01,PFM3T7T01,56833.0
allsubs,0.99,TN_cort,Sal,1,1,PFM3T7T01,PFM3T7T01,57562.0
allsubs,0.99,TN_cort,AMN,1,1,PFM3T7T01,PFM3T7T01,51846.0
allsubs,0.99,TN_cort,SMd,1,1,PFM3T7T01,PFM3T7T01,56325.0
allsubs,0.99,TN_cort,SMl,1,1,PFM3T7T01,PFM3T7T01,56454.0
allsubs,0.99,TN_cort,Aud,1,1,PFM3T7T01,PFM3T7T01,54144.0
allsubs,0.99,TN_cort,Tpole,1,1,PFM3T7T01,PFM3T7T01,58797.0
allsubs,0.99,TN_cort,MTL,1,1,PFM3T7T01,PFM3T7T01,55988.0
allsubs,0.99,TN_cort,PMN,1,1,PFM3T7T01,PFM3T7T01,57237.0
allsubs,0.99,TN_cort,PON,1,1,PFM3T7T01,PFM3T7T01,57448.0
allsubs,0.99,TN_cort,SCAN,1,1,PFM3T7T01,PFM3T7T01,57120.0
allsubs,0.99,FP_cort,DMN,1,1,PFM3T7T01,PFM3T7T01,146.0
allsubs,0.99,FP_cort,Vis,1,1,PFM3T7T01,PFM3T7T01,217.0
allsubs,0.99,FP_cort,FP,1,1,PFM3T7T01,PFM3T7T01,1091.0
allsubs,0.99,FP_cort,DAN,1,1,PFM3T7T01,PFM3T7T01,228.0
allsubs,0.99,FP_cort,VAN,1,1,PFM3T7T01,PFM3T7T01,61.0
allsubs,0.99,FP_cort,Sal,1,1,PFM3T7T01,PFM3T7T01,229.0
allsubs,0.99,FP_cort,AMN,1,1,PFM3T7T01,PFM3T7T01,2029.0
allsubs,0.99,FP_cort,SMd,1,1,PFM3T7T01,PFM3T7T01,127.0
allsubs,0.99,FP_cort,SMl,1,1,PFM3T7T01,PFM3T7T01,735.0
allsubs,0.99,FP_cort,Aud,1,1,PFM3T7T01,PFM3T7T01,254.0
allsubs,0.99,FP_cort,Tpole,1,1,PFM3T7T01,PFM3T7T01,107.0
allsubs,0.99,FP_cort,MTL,1,1,PFM3T7T01,PFM3T7T01,146.0
allsubs,0.99,FP_cort,PMN,1,1,PFM3T7T01,PFM3T7T01,301.0
allsubs,0.99,FP_cort,PON,1,1,PFM3T7T01,PFM3T7T01,222.0
allsubs,0.99,FP_cort,SCAN,1,1,PFM3T7T01,PFM3T7T01,398.0
allsubs,0.99,FN_cort,DMN,1,1,PFM3T7T01,PFM3T7T01,2642.0
allsubs,0.99,FN_cort,Vis,1,1,PFM3T7T01,PFM3T7T01,839.0
allsubs,0.99,FN_cort,FP,1,1,PFM3T7T01,PFM3T7T01,1445.0
allsubs,0.99,FN_cort,DAN,1,1,PFM3T7T01,PFM3T7T01,3951.0
allsubs,0.99,FN_cort,VAN,1,1,PFM3T7T01,PFM3T7T01,1482.0
allsubs,0.99,FN_cort,Sal,1,1,PFM3T7T01,PFM3T7T01,682.0
allsubs,0.99,FN_cort,AMN,1,1,PFM3T7T01,PFM3T7T01,658.0
allsubs,0.99,FN_cort,SMd,1,1,PFM3T7T01,PFM3T7T01,1568.0
allsubs,0.99,FN_cort,SMl,1,1,PFM3T7T01,PFM3T7T01,1159.0
allsubs,0.99,FN_cort,Aud,1,1,PFM3T7T01,PFM3T7T01,2879.0
allsubs,0.99,FN_cort,Tpole,1,1,PFM3T7T01,PFM3T7T01,370.0
allsubs,0.99,FN_cort,MTL,1,1,PFM3T7T01,PFM3T7T01,1721.0
allsubs,0.99,FN_cort,PMN,1,1,PFM3T7T01,PFM3T7T01,552.0
allsubs,0.99,FN_cort,PON,1,1,PFM3T7T01,PFM3T7T01,629.0
allsubs,0.99,FN_cort,SCAN,1,1,PFM3T7T01,PFM3T7T01,687.0
allsubs,0.99,TPR_cort,DMN,1,1,PFM3T7T01,PFM3T7T01,0.68268075906798
allsubs,0.99,TPR_cort,Vis,1,1,PFM3T7T01,PFM3T7T01,0.883666112035496
allsubs,0.99,TPR_cort,FP,1,1,PFM3T7T01,PFM3T7T01,0.804597701149425
allsubs,0.99,TPR_cort,DAN,1,1,PFM3T7T01,PFM3T7T01,0.459507523939808
allsubs,0.99,TPR_cort,VAN,1,1,PFM3T7T01,PFM3T7T01,0.41143764892772
allsubs,0.99,TPR_cort,Sal,1,1,PFM3T7T01,PFM3T7T01,0.579272054287477
allsubs,0.99,TPR_cort,AMN,1,1,PFM3T7T01,PFM3T7T01,0.881163084702908
allsubs,0.99,TPR_cort,SMd,1,1,PFM3T7T01,PFM3T7T01,0.47027027027027
allsubs,0.99,TPR_cort,SMl,1,1,PFM3T7T01,PFM3T7T01,0.478632478632479
allsubs,0.99,TPR_cort,Aud,1,1,PFM3T7T01,PFM3T7T01,0.425807738332669
allsubs,0.99,TPR_cort,Tpole,1,1,PFM3T7T01,PFM3T7T01,0.271653543307087
allsubs,0.99,TPR_cort,MTL,1,1,PFM3T7T01,PFM3T7T01,0.474984746796827
allsubs,0.99,TPR_cort,PMN,1,1,PFM3T7T01,PFM3T7T01,0.705442902881537
allsubs,0.99,TPR_cort,PON,1,1,PFM3T7T01,PFM3T7T01,0.638920780711825
allsubs,0.99,TPR_cort,SCAN,1,1,PFM3T7T01,PFM3T7T01,0.63727560718057
allsubs,0.99,TNR_cort,DMN,1,1,PFM3T7T01,PFM3T7T01,0.997142074149473
allsubs,0.99,TNR_cort,Vis,1,1,PFM3T7T01,PFM3T7T01,0.995842911877395
allsubs,0.99,TNR_cort,FP,1,1,PFM3T7T01,PFM3T7T01,0.979026087625199
allsubs,0.99,TNR_cort,DAN,1,1,PFM3T7T01,PFM3T7T01,0.995623968369736
allsubs,0.99,TNR_cort,VAN,1,1,PFM3T7T01,PFM3T7T01,0.99892783070271
allsubs,0.99,TNR_cort,Sal,1,1,PFM3T7T01,PFM3T7T01,0.996037445276946
allsubs,0.99,TNR_cort,AMN,1,1,PFM3T7T01,PFM3T7T01,0.962338747099768
allsubs,0.99,TNR_cort,SMd,1,1,PFM3T7T01,PFM3T7T01,0.997750301140792
allsubs,0.99,TNR_cort,SMl,1,1,PFM3T7T01,PFM3T7T01,0.987147878088444
allsubs,0.99,TNR_cort,Aud,1,1,PFM3T7T01,PFM3T7T01,0.995330710687893
allsubs,0.99,TNR_cort,Tpole,1,1,PFM3T7T01,PFM3T7T01,0.99818348499253
allsubs,0.99,TNR_cort,MTL,1,1,PFM3T7T01,PFM3T7T01,0.997399080771012
allsubs,0.99,TNR_cort,PMN,1,1,PFM3T7T01,PFM3T7T01,0.994768674615037
allsubs,0.99,TNR_cort,PON,1,1,PFM3T7T01,PFM3T7T01,0.996150511531125
allsubs,0.99,TNR_cort,SCAN,1,1,PFM3T7T01,PFM3T7T01,0.993080426996766
allsubs,0.99,FPR_cort,DMN,1,1,PFM3T7T01,PFM3T7T01,0.0028579258505265
allsubs,0.99,FPR_cort,Vis,1,1,PFM3T7T01,PFM3T7T01,0.0041570881226053
allsubs,0.99,FPR_cort,FP,1,1,PFM3T7T01,PFM3T7T01,0.0209739123748005
allsubs,0.99,FPR_cort,DAN,1,1,PFM3T7T01,PFM3T7T01,0.0043760316302637
allsubs,0.99,FPR_cort,VAN,1,1,PFM3T7T01,PFM3T7T01,0.0010721692972897
allsubs,0.99,FPR_cort,Sal,1,1,PFM3T7T01,PFM3T7T01,0.0039625547230537
allsubs,0.99,FPR_cort,AMN,1,1,PFM3T7T01,PFM3T7T01,0.037661252900232
allsubs,0.99,FPR_cort,SMd,1,1,PFM3T7T01,PFM3T7T01,0.0022496988592078
allsubs,0.99,FPR_cort,SMl,1,1,PFM3T7T01,PFM3T7T01,0.0128521219115564
allsubs,0.99,FPR_cort,Aud,1,1,PFM3T7T01,PFM3T7T01,0.004669289312107
allsubs,0.99,FPR_cort,Tpole,1,1,PFM3T7T01,PFM3T7T01,0.0018165150074697
allsubs,0.99,FPR_cort,MTL,1,1,PFM3T7T01,PFM3T7T01,0.0026009192289877
allsubs,0.99,FPR_cort,PMN,1,1,PFM3T7T01,PFM3T7T01,0.0052313253849629
allsubs,0.99,FPR_cort,PON,1,1,PFM3T7T01,PFM3T7T01,0.0038494884688746
allsubs,0.99,FPR_cort,SCAN,1,1,PFM3T7T01,PFM3T7T01,0.0069195730032337
allsubs,0.99,FNR_cort,DMN,1,1,PFM3T7T01,PFM3T7T01,0.31731924093202
allsubs,0.99,FNR_cort,Vis,1,1,PFM3T7T01,PFM3T7T01,0.116333887964504
allsubs,0.99,FNR_cort,FP,1,1,PFM3T7T01,PFM3T7T01,0.195402298850575
allsubs,0.99,FNR_cort,DAN,1,1,PFM3T7T01,PFM3T7T01,0.540492476060192
allsubs,0.99,FNR_cort,VAN,1,1,PFM3T7T01,PFM3T7T01,0.58856235107228
allsubs,0.99,FNR_cort,Sal,1,1,PFM3T7T01,PFM3T7T01,0.420727945712523
allsubs,0.99,FNR_cort,AMN,1,1,PFM3T7T01,PFM3T7T01,0.118836915297092
allsubs,0.99,FNR_cort,SMd,1,1,PFM3T7T01,PFM3T7T01,0.52972972972973
allsubs,0.99,FNR_cort,SMl,1,1,PFM3T7T01,PFM3T7T01,0.521367521367521
allsubs,0.99,FNR_cort,Aud,1,1,PFM3T7T01,PFM3T7T01,0.574192261667332
allsubs,0.99,FNR_cort,Tpole,1,1,PFM3T7T01,PFM3T7T01,0.728346456692913
allsubs,0.99,FNR_cort,MTL,1,1,PFM3T7T01,PFM3T7T01,0.525015253203173
allsubs,0.99,FNR_cort,PMN,1,1,PFM3T7T01,PFM3T7T01,0.294557097118463
allsubs,0.99,FNR_cort,PON,1,1,PFM3T7T01,PFM3T7T01,0.361079219288174
allsubs,0.99,FNR_cort,SCAN,1,1,PFM3T7T01,PFM3T7T01,0.36272439281943
allsubs,0.99,NPV_cort,DMN,1,1,PFM3T7T01,PFM3T7T01,0.950692396700384
allsubs,0.99,NPV_cort,Vis,1,1,PFM3T7T01,PFM3T7T01,0.984116466623755
allsubs,0.99,NPV_cort,FP,1,1,PFM3T7T01,PFM3T7T01,0.972408393958488
allsubs,0.99,NPV_cort,DAN,1,1,PFM3T7T01,PFM3T7T01,0.92922525750112
allsubs,0.99,NPV_cort,VAN,1,1,PFM3T7T01,PFM3T7T01,0.974586298550973
allsubs,0.99,NPV_cort,Sal,1,1,PFM3T7T01,PFM3T7T01,0.988290639379164
allsubs,0.99,NPV_cort,AMN,1,1,PFM3T7T01,PFM3T7T01,0.987467621514551
allsubs,0.99,NPV_cort,SMd,1,1,PFM3T7T01,PFM3T7T01,0.972915551102897
allsubs,0.99,NPV_cort,SMl,1,1,PFM3T7T01,PFM3T7T01,0.979883012514537
allsubs,0.99,NPV_cort,Aud,1,1,PFM3T7T01,PFM3T7T01,0.949511600582221
allsubs,0.99,NPV_cort,Tpole,1,1,PFM3T7T01,PFM3T7T01,0.993746514104146
allsubs,0.99,NPV_cort,MTL,1,1,PFM3T7T01,PFM3T7T01,0.97017796184304
allsubs,0.99,NPV_cort,PMN,1,1,PFM3T7T01,PFM3T7T01,0.990448009136687
allsubs,0.99,NPV_cort,PON,1,1,PFM3T7T01,PFM3T7T01,0.989169550768807
allsubs,0.99,NPV_cort,SCAN,1,1,PFM3T7T01,PFM3T7T01,0.988115626135243
allsubs,0.99,PPV_cort,DMN,1,1,PFM3T7T01,PFM3T7T01,0.974957118353345
allsubs,0.99,PPV_cort,Vis,1,1,PFM3T7T01,PFM3T7T01,0.967071320182094
allsubs,0.99,PPV_cort,FP,1,1,PFM3T7T01,PFM3T7T01,0.845050418974577
allsubs,0.99,PPV_cort,DAN,1,1,PFM3T7T01,PFM3T7T01,0.936437134095344
allsubs,0.99,PPV_cort,VAN,1,1,PFM3T7T01,PFM3T7T01,0.944393801276208
allsubs,0.99,PPV_cort,Sal,1,1,PFM3T7T01,PFM3T7T01,0.803938356164384
allsubs,0.99,PPV_cort,AMN,1,1,PFM3T7T01,PFM3T7T01,0.706282570932252
allsubs,0.99,PPV_cort,SMd,1,1,PFM3T7T01,PFM3T7T01,0.916392363396972
allsubs,0.99,PPV_cort,SMl,1,1,PFM3T7T01,PFM3T7T01,0.591439688715953
allsubs,0.99,PPV_cort,Aud,1,1,PFM3T7T01,PFM3T7T01,0.893679363750523
allsubs,0.99,PPV_cort,Tpole,1,1,PFM3T7T01,PFM3T7T01,0.563265306122449
allsubs,0.99,PPV_cort,MTL,1,1,PFM3T7T01,PFM3T7T01,0.9142689371697
allsubs,0.99,PPV_cort,PMN,1,1,PFM3T7T01,PFM3T7T01,0.814540973505853
allsubs,0.99,PPV_cort,PON,1,1,PFM3T7T01,PFM3T7T01,0.833707865168539
allsubs,0.99,PPV_cort,SCAN,1,1,PFM3T7T01,PFM3T7T01,0.75202492211838
allsubs,0.99,PPVcorr_Jeffreys_cort,DMN,1,1,PFM3T7T01,PFM3T7T01,0.915603518146069
allsubs,0.99,PPVcorr_Jeffreys_cort,Vis,1,1,PFM3T7T01,PFM3T7T01,0.920997920997921
allsubs,0.99,PPVcorr_Jeffreys_cort,FP,1,1,PFM3T7T01,PFM3T7T01,0.812254996465523
allsubs,0.99,PPVcorr_Jeffreys_cort,DAN,1,1,PFM3T7T01,PFM3T7T01,0.862552107457156
allsubs,0.99,PPVcorr_Jeffreys_cort,VAN,1,1,PFM3T7T01,PFM3T7T01,0.861432384341637
allsubs,0.99,PPVcorr_Jeffreys_cort,Sal,1,1,PFM3T7T01,PFM3T7T01,0.766897225772498
allsubs,0.99,PPVcorr_Jeffreys_cort,AMN,1,1,PFM3T7T01,PFM3T7T01,0.690975246927644
allsubs,0.99,PPVcorr_Jeffreys_cort,SMd,1,1,PFM3T7T01,PFM3T7T01,0.848484848484849
allsubs,0.99,PPVcorr_Jeffreys_cort,SMl,1,1,PFM3T7T01,PFM3T7T01,0.581383268193737
allsubs,0.99,PPVcorr_Jeffreys_cort,Aud,1,1,PFM3T7T01,PFM3T7T01,0.825387489620814
allsubs,0.99,PPVcorr_Jeffreys_cort,Tpole,1,1,PFM3T7T01,PFM3T7T01,0.552400270453009
allsubs,0.99,PPVcorr_Jeffreys_cort,MTL,1,1,PFM3T7T01,PFM3T7T01,0.847400039393343
allsubs,0.99,PPVcorr_Jeffreys_cort,PMN,1,1,PFM3T7T01,PFM3T7T01,0.781981882456916
allsubs,0.99,PPVcorr_Jeffreys_cort,PON,1,1,PFM3T7T01,PFM3T7T01,0.795189504373178
allsubs,0.99,PPVcorr_Jeffreys_cort,SCAN,1,1,PFM3T7T01,PFM3T7T01,0.725423539901917
allsubs,0.99,PPVcorr_d1d2_cort,DMN,1,1,PFM3T7T01,PFM3T7T01,0.97024475114226
allsubs,0.99,PPVcorr_d1d2_cort,Vis,1,1,PFM3T7T01,PFM3T7T01,0.96620467572893
allsubs,0.99,PPVcorr_d1d2_cort,FP,1,1,PFM3T7T01,PFM3T7T01,0.846501397611933
allsubs,0.99,PPVcorr_d1d2_cort,DAN,1,1,PFM3T7T01,PFM3T7T01,0.92423258336276
allsubs,0.99,PPVcorr_d1d2_cort,VAN,1,1,PFM3T7T01,PFM3T7T01,0.901557865173754
allsubs,0.99,PPVcorr_d1d2_cort,Sal,1,1,PFM3T7T01,PFM3T7T01,0.797127098090517
allsubs,0.99,PPVcorr_d1d2_cort,AMN,1,1,PFM3T7T01,PFM3T7T01,0.713976416142171
allsubs,0.99,PPVcorr_d1d2_cort,SMd,1,1,PFM3T7T01,PFM3T7T01,0.891245412078745
allsubs,0.99,PPVcorr_d1d2_cort,SMl,1,1,PFM3T7T01,PFM3T7T01,0.602856145086062
allsubs,0.99,PPVcorr_d1d2_cort,Aud,1,1,PFM3T7T01,PFM3T7T01,0.876765698614161
allsubs,0.99,PPVcorr_d1d2_cort,Tpole,1,1,PFM3T7T01,PFM3T7T01,0.539677301897956
allsubs,0.99,PPVcorr_d1d2_cort,MTL,1,1,PFM3T7T01,PFM3T7T01,0.892157655214025
allsubs,0.99,PPVcorr_d1d2_cort,PMN,1,1,PFM3T7T01,PFM3T7T01,0.817346977939665
allsubs,0.99,PPVcorr_d1d2_cort,PON,1,1,PFM3T7T01,PFM3T7T01,0.828785550499058
allsubs,0.99,PPVcorr_d1d2_cort,SCAN,1,1,PFM3T7T01,PFM3T7T01,0.757468515989903
allsubs,0.99,PPVcorr_bayes_cort,DMN,1,1,PFM3T7T01,PFM3T7T01,0.956573239639524
allsubs,0.99,PPVcorr_bayes_cort,Vis,1,1,PFM3T7T01,PFM3T7T01,0.964238448702457
allsubs,0.99,PPVcorr_bayes_cort,FP,1,1,PFM3T7T01,PFM3T7T01,0.850345734812966
allsubs,0.99,PPVcorr_bayes_cort,DAN,1,1,PFM3T7T01,PFM3T7T01,0.895118249652207
allsubs,0.99,PPVcorr_bayes_cort,VAN,1,1,PFM3T7T01,PFM3T7T01,0.891698668191846
allsubs,0.99,PPVcorr_bayes_cort,Sal,1,1,PFM3T7T01,PFM3T7T01,0.798288068477261
allsubs,0.99,PPVcorr_bayes_cort,AMN,1,1,PFM3T7T01,PFM3T7T01,0.727109527752458
allsubs,0.99,PPVcorr_bayes_cort,SMd,1,1,PFM3T7T01,PFM3T7T01,0.880365707434053
allsubs,0.99,PPVcorr_bayes_cort,SMl,1,1,PFM3T7T01,PFM3T7T01,0.604060382492217
allsubs,0.99,PPVcorr_bayes_cort,Aud,1,1,PFM3T7T01,PFM3T7T01,0.853921308743894
allsubs,0.99,PPVcorr_bayes_cort,Tpole,1,1,PFM3T7T01,PFM3T7T01,0.55545320560059
allsubs,0.99,PPVcorr_bayes_cort,MTL,1,1,PFM3T7T01,PFM3T7T01,0.879410032656994
allsubs,0.99,PPVcorr_bayes_cort,PMN,1,1,PFM3T7T01,PFM3T7T01,0.817168306456308
allsubs,0.99,PPVcorr_bayes_cort,PON,1,1,PFM3T7T01,PFM3T7T01,0.829351415922985
allsubs,0.99,PPVcorr_bayes_cort,SCAN,1,1,PFM3T7T01,PFM3T7T01,0.757188216616687
allsubs,0.99,MCC_cort,DMN,1,1,PFM3T7T01,PFM3T7T01,0.793270241399605
allsubs,0.99,MCC_cort,Vis,1,1,PFM3T7T01,PFM3T7T01,0.914646512009681
allsubs,0.99,MCC_cort,FP,1,1,PFM3T7T01,PFM3T7T01,0.800362525458193
allsubs,0.99,MCC_cort,DAN,1,1,PFM3T7T01,PFM3T7T01,0.627686399504998
allsubs,0.99,MCC_cort,VAN,1,1,PFM3T7T01,PFM3T7T01,0.614099103920859
allsubs,0.99,MCC_cort,Sal,1,1,PFM3T7T01,PFM3T7T01,0.675112484676875
allsubs,0.99,MCC_cort,AMN,1,1,PFM3T7T01,PFM3T7T01,0.764970298862863
allsubs,0.99,MCC_cort,SMd,1,1,PFM3T7T01,PFM3T7T01,0.645146803684718
allsubs,0.99,MCC_cort,SMl,1,1,PFM3T7T01,PFM3T7T01,0.515859371904687
allsubs,0.99,MCC_cort,Aud,1,1,PFM3T7T01,PFM3T7T01,0.595902789846837
allsubs,0.99,MCC_cort,Tpole,1,1,PFM3T7T01,PFM3T7T01,0.387688553219856
allsubs,0.99,MCC_cort,MTL,1,1,PFM3T7T01,PFM3T7T01,0.646373275620322
allsubs,0.99,MCC_cort,PMN,1,1,PFM3T7T01,PFM3T7T01,0.750774670193058
allsubs,0.99,MCC_cort,PON,1,1,PFM3T7T01,PFM3T7T01,0.722900977933265
allsubs,0.99,MCC_cort,SCAN,1,1,PFM3T7T01,PFM3T7T01,0.683046162957522
allsubs,0.99,muI_cort,WholeBrainOrSingleVal,1,1,PFM3T7T01,PFM3T7T01,2.70742567730324
allsubs,0.99,VIn_cort,WholeBrainOrSingleVal,1,1,PFM3T7T01,PFM3T7T01,0.104292415293387
allsubs,0.99,MIn_cort,WholeBrainOrSingleVal,1,1,PFM3T7T01,PFM3T7T01,0.770788772268063
allsubs,0.99,DC_cort,DMN,1,2,PFM3T7T01,PFM3T7T02,0.550289704352994
allsubs,0.99,DC_cort,Vis,1,2,PFM3T7T01,PFM3T7T02,0.849710536472404
allsubs,0.99,DC_cort,FP,1,2,PFM3T7T01,PFM3T7T02,0.518518518518518
allsubs,0.99,DC_cort,DAN,1,2,PFM3T7T01,PFM3T7T02,0.53510303877052
allsubs,0.99,DC_cort,VAN,1,2,PFM3T7T01,PFM3T7T02,0.239922605611093
allsubs,0.99,DC_cort,Sal,1,2,PFM3T7T01,PFM3T7T02,0.380390143737166
allsubs,0.99,DC_cort,AMN,1,2,PFM3T7T01,PFM3T7T02,0.498306178415874
allsubs,0.99,DC_cort,SMd,1,2,PFM3T7T01,PFM3T7T02,0.455058160028199
allsubs,0.99,DC_cort,SMl,1,2,PFM3T7T01,PFM3T7T02,0.462207196329389
allsubs,0.99,DC_cort,Aud,1,2,PFM3T7T01,PFM3T7T02,0.604064912557114
allsubs,0.99,DC_cort,Tpole,1,2,PFM3T7T01,PFM3T7T02,0.25414364640884
allsubs,0.99,DC_cort,MTL,1,2,PFM3T7T01,PFM3T7T02,0.543163201008192
allsubs,0.99,DC_cort,PMN,1,2,PFM3T7T01,PFM3T7T02,0.505797101449275
allsubs,0.99,DC_cort,PON,1,2,PFM3T7T01,PFM3T7T02,0.508776526067592
allsubs,0.99,DC_cort,SCAN,1,2,PFM3T7T01,PFM3T7T02,0.442645607107601
allsubs,0.99,cDC_cort,DMN,1,2,PFM3T7T01,PFM3T7T02,0.550289704352994
allsubs,0.99,cDC_cort,Vis,1,2,PFM3T7T01,PFM3T7T02,0.849710536472404
allsubs,0.99,cDC_cort,FP,1,2,PFM3T7T01,PFM3T7T02,0.518518518518518
allsubs,0.99,cDC_cort,DAN,1,2,PFM3T7T01,PFM3T7T02,0.53510303877052
allsubs,0.99,cDC_cort,VAN,1,2,PFM3T7T01,PFM3T7T02,0.239922605611093
allsubs,0.99,cDC_cort,Sal,1,2,PFM3T7T01,PFM3T7T02,0.380390143737166
allsubs,0.99,cDC_cort,AMN,1,2,PFM3T7T01,PFM3T7T02,0.498306178415874
allsubs,0.99,cDC_cort,SMd,1,2,PFM3T7T01,PFM3T7T02,0.455058160028199
allsubs,0.99,cDC_cort,SMl,1,2,PFM3T7T01,PFM3T7T02,0.462207196329389
allsubs,0.99,cDC_cort,Aud,1,2,PFM3T7T01,PFM3T7T02,0.604064912557114
allsubs,0.99,cDC_cort,Tpole,1,2,PFM3T7T01,PFM3T7T02,0.25414364640884
allsubs,0.99,cDC_cort,MTL,1,2,PFM3T7T01,PFM3T7T02,0.543163201008192
allsubs,0.99,cDC_cort,PMN,1,2,PFM3T7T01,PFM3T7T02,0.505797101449275
allsubs,0.99,cDC_cort,PON,1,2,PFM3T7T01,PFM3T7T02,0.508776526067592
allsubs,0.99,cDC_cort,SCAN,1,2,PFM3T7T01,PFM3T7T02,0.442645607107601
allsubs,0.99,TP_cort,DMN,1,2,PFM3T7T01,PFM3T7T02,3704.0
allsubs,0.99,TP_cort,Vis,1,2,PFM3T7T01,PFM3T7T02,5504.0
allsubs,0.99,TP_cort,FP,1,2,PFM3T7T01,PFM3T7T02,3339.0
allsubs,0.99,TP_cort,DAN,1,2,PFM3T7T01,PFM3T7T02,2298.0
allsubs,0.99,TP_cort,VAN,1,2,PFM3T7T01,PFM3T7T02,744.0
allsubs,0.99,TP_cort,Sal,1,2,PFM3T7T01,PFM3T7T02,741.0
allsubs,0.99,TP_cort,AMN,1,2,PFM3T7T01,PFM3T7T02,3089.0
allsubs,0.99,TP_cort,SMd,1,2,PFM3T7T01,PFM3T7T02,1291.0
allsubs,0.99,TP_cort,SMl,1,2,PFM3T7T01,PFM3T7T02,957.0
allsubs,0.99,TP_cort,Aud,1,2,PFM3T7T01,PFM3T7T02,1917.0
allsubs,0.99,TP_cort,Tpole,1,2,PFM3T7T01,PFM3T7T02,115.0
allsubs,0.99,TP_cort,MTL,1,2,PFM3T7T01,PFM3T7T02,1293.0
allsubs,0.99,TP_cort,PMN,1,2,PFM3T7T01,PFM3T7T02,698.0
allsubs,0.99,TP_cort,PON,1,2,PFM3T7T01,PFM3T7T02,971.0
allsubs,0.99,TP_cort,SCAN,1,2,PFM3T7T01,PFM3T7T02,1121.0
allsubs,0.99,TN_cort,DMN,1,2,PFM3T7T01,PFM3T7T02,49654.0
allsubs,0.99,TN_cort,Vis,1,2,PFM3T7T01,PFM3T7T02,51961.0
allsubs,0.99,TN_cort,FP,1,2,PFM3T7T01,PFM3T7T02,49872.0
allsubs,0.99,TN_cort,DAN,1,2,PFM3T7T01,PFM3T7T02,53121.0
allsubs,0.99,TN_cort,VAN,1,2,PFM3T7T01,PFM3T7T02,53954.0
allsubs,0.99,TN_cort,Sal,1,2,PFM3T7T01,PFM3T7T02,56257.0
allsubs,0.99,TN_cort,AMN,1,2,PFM3T7T01,PFM3T7T02,50103.0
allsubs,0.99,TN_cort,SMd,1,2,PFM3T7T01,PFM3T7T02,55029.0
allsubs,0.99,TN_cort,SMl,1,2,PFM3T7T01,PFM3T7T02,56228.0
allsubs,0.99,TN_cort,Aud,1,2,PFM3T7T01,PFM3T7T02,54982.0
allsubs,0.99,TN_cort,Tpole,1,2,PFM3T7T01,PFM3T7T02,58622.0
allsubs,0.99,TN_cort,MTL,1,2,PFM3T7T01,PFM3T7T02,55944.0
allsubs,0.99,TN_cort,PMN,1,2,PFM3T7T01,PFM3T7T02,57350.0
allsubs,0.99,TN_cort,PON,1,2,PFM3T7T01,PFM3T7T02,56566.0
allsubs,0.99,TN_cort,SCAN,1,2,PFM3T7T01,PFM3T7T02,55468.0
allsubs,0.99,FP_cort,DMN,1,2,PFM3T7T01,PFM3T7T02,2126.0
allsubs,0.99,FP_cort,Vis,1,2,PFM3T7T01,PFM3T7T02,1086.0
allsubs,0.99,FP_cort,FP,1,2,PFM3T7T01,PFM3T7T02,3702.0
allsubs,0.99,FP_cort,DAN,1,2,PFM3T7T01,PFM3T7T02,1289.0
allsubs,0.99,FP_cort,VAN,1,2,PFM3T7T01,PFM3T7T02,353.0
allsubs,0.99,FP_cort,Sal,1,2,PFM3T7T01,PFM3T7T02,427.0
allsubs,0.99,FP_cort,AMN,1,2,PFM3T7T01,PFM3T7T02,3819.0
allsubs,0.99,FP_cort,SMd,1,2,PFM3T7T01,PFM3T7T02,228.0
allsubs,0.99,FP_cort,SMl,1,2,PFM3T7T01,PFM3T7T02,842.0
allsubs,0.99,FP_cort,Aud,1,2,PFM3T7T01,PFM3T7T02,472.0
allsubs,0.99,FP_cort,Tpole,1,2,PFM3T7T01,PFM3T7T02,130.0
allsubs,0.99,FP_cort,MTL,1,2,PFM3T7T01,PFM3T7T02,410.0
allsubs,0.99,FP_cort,PMN,1,2,PFM3T7T01,PFM3T7T02,925.0
allsubs,0.99,FP_cort,PON,1,2,PFM3T7T01,PFM3T7T02,364.0
allsubs,0.99,FP_cort,SCAN,1,2,PFM3T7T01,PFM3T7T02,484.0
allsubs,0.99,FN_cort,DMN,1,2,PFM3T7T01,PFM3T7T02,3928.0
allsubs,0.99,FN_cort,Vis,1,2,PFM3T7T01,PFM3T7T02,861.0
allsubs,0.99,FN_cort,FP,1,2,PFM3T7T01,PFM3T7T02,2499.0
allsubs,0.99,FN_cort,DAN,1,2,PFM3T7T01,PFM3T7T02,2704.0
allsubs,0.99,FN_cort,VAN,1,2,PFM3T7T01,PFM3T7T02,4361.0
allsubs,0.99,FN_cort,Sal,1,2,PFM3T7T01,PFM3T7T02,1987.0
allsubs,0.99,FN_cort,AMN,1,2,PFM3T7T01,PFM3T7T02,2401.0
allsubs,0.99,FN_cort,SMd,1,2,PFM3T7T01,PFM3T7T02,2864.0
allsubs,0.99,FN_cort,SMl,1,2,PFM3T7T01,PFM3T7T02,1385.0
allsubs,0.99,FN_cort,Aud,1,2,PFM3T7T01,PFM3T7T02,2041.0
allsubs,0.99,FN_cort,Tpole,1,2,PFM3T7T01,PFM3T7T02,545.0
allsubs,0.99,FN_cort,MTL,1,2,PFM3T7T01,PFM3T7T02,1765.0
allsubs,0.99,FN_cort,PMN,1,2,PFM3T7T01,PFM3T7T02,439.0
allsubs,0.99,FN_cort,PON,1,2,PFM3T7T01,PFM3T7T02,1511.0
allsubs,0.99,FN_cort,SCAN,1,2,PFM3T7T01,PFM3T7T02,2339.0
allsubs,0.99,TPR_cort,DMN,1,2,PFM3T7T01,PFM3T7T02,0.485324947589099
allsubs,0.99,TPR_cort,Vis,1,2,PFM3T7T01,PFM3T7T02,0.864728986645719
allsubs,0.99,TPR_cort,FP,1,2,PFM3T7T01,PFM3T7T02,0.571942446043165
allsubs,0.99,TPR_cort,DAN,1,2,PFM3T7T01,PFM3T7T02,0.459416233506597
allsubs,0.99,TPR_cort,VAN,1,2,PFM3T7T01,PFM3T7T02,0.145739471106758
allsubs,0.99,TPR_cort,Sal,1,2,PFM3T7T01,PFM3T7T02,0.271627565982405
allsubs,0.99,TPR_cort,AMN,1,2,PFM3T7T01,PFM3T7T02,0.562659380692168
allsubs,0.99,TPR_cort,SMd,1,2,PFM3T7T01,PFM3T7T02,0.310709987966306
allsubs,0.99,TPR_cort,SMl,1,2,PFM3T7T01,PFM3T7T02,0.408625106746371
allsubs,0.99,TPR_cort,Aud,1,2,PFM3T7T01,PFM3T7T02,0.48433552299141
allsubs,0.99,TPR_cort,Tpole,1,2,PFM3T7T01,PFM3T7T02,0.174242424242424
allsubs,0.99,TPR_cort,MTL,1,2,PFM3T7T01,PFM3T7T02,0.422825376062786
allsubs,0.99,TPR_cort,PMN,1,2,PFM3T7T01,PFM3T7T02,0.613896218117854
allsubs,0.99,TPR_cort,PON,1,2,PFM3T7T01,PFM3T7T02,0.391216760676873
allsubs,0.99,TPR_cort,SCAN,1,2,PFM3T7T01,PFM3T7T02,0.323988439306358
allsubs,0.99,TNR_cort,DMN,1,2,PFM3T7T01,PFM3T7T02,0.958941676322905
allsubs,0.99,TNR_cort,Vis,1,2,PFM3T7T01,PFM3T7T02,0.979527588742059
allsubs,0.99,TNR_cort,FP,1,2,PFM3T7T01,PFM3T7T02,0.930899316832792
allsubs,0.99,TNR_cort,DAN,1,2,PFM3T7T01,PFM3T7T02,0.976309501929792
allsubs,0.99,TNR_cort,VAN,1,2,PFM3T7T01,PFM3T7T02,0.993499917137754
allsubs,0.99,TNR_cort,Sal,1,2,PFM3T7T01,PFM3T7T02,0.992467010091031
allsubs,0.99,TNR_cort,AMN,1,2,PFM3T7T01,PFM3T7T02,0.929175475687104
allsubs,0.99,TNR_cort,SMd,1,2,PFM3T7T01,PFM3T7T02,0.995873825940605
allsubs,0.99,TNR_cort,SMl,1,2,PFM3T7T01,PFM3T7T02,0.985246188890836
allsubs,0.99,TNR_cort,Aud,1,2,PFM3T7T01,PFM3T7T02,0.99148844086991
allsubs,0.99,TNR_cort,Tpole,1,2,PFM3T7T01,PFM3T7T02,0.997787309368192
allsubs,0.99,TNR_cort,MTL,1,2,PFM3T7T01,PFM3T7T02,0.992724562586507
allsubs,0.99,TNR_cort,PMN,1,2,PFM3T7T01,PFM3T7T02,0.984126984126984
allsubs,0.99,TNR_cort,PON,1,2,PFM3T7T01,PFM3T7T02,0.993606183031793
allsubs,0.99,TNR_cort,SCAN,1,2,PFM3T7T01,PFM3T7T02,0.991349728338576
allsubs,0.99,FPR_cort,DMN,1,2,PFM3T7T01,PFM3T7T02,0.0410583236770954
allsubs,0.99,FPR_cort,Vis,1,2,PFM3T7T01,PFM3T7T02,0.0204724112579411
allsubs,0.99,FPR_cort,FP,1,2,PFM3T7T01,PFM3T7T02,0.069100683167208
allsubs,0.99,FPR_cort,DAN,1,2,PFM3T7T01,PFM3T7T02,0.0236904980702077
allsubs,0.99,FPR_cort,VAN,1,2,PFM3T7T01,PFM3T7T02,0.0065000828622461
allsubs,0.99,FPR_cort,Sal,1,2,PFM3T7T01,PFM3T7T02,0.007532989908969
allsubs,0.99,FPR_cort,AMN,1,2,PFM3T7T01,PFM3T7T02,0.0708245243128964
allsubs,0.99,FPR_cort,SMd,1,2,PFM3T7T01,PFM3T7T02,0.0041261740593951
allsubs,0.99,FPR_cort,SMl,1,2,PFM3T7T01,PFM3T7T02,0.0147538111091642
allsubs,0.99,FPR_cort,Aud,1,2,PFM3T7T01,PFM3T7T02,0.0085115591300898
allsubs,0.99,FPR_cort,Tpole,1,2,PFM3T7T01,PFM3T7T02,0.0022126906318082
allsubs,0.99,FPR_cort,MTL,1,2,PFM3T7T01,PFM3T7T02,0.0072754374134932
allsubs,0.99,FPR_cort,PMN,1,2,PFM3T7T01,PFM3T7T02,0.0158730158730159
allsubs,0.99,FPR_cort,PON,1,2,PFM3T7T01,PFM3T7T02,0.0063938169682065
allsubs,0.99,FPR_cort,SCAN,1,2,PFM3T7T01,PFM3T7T02,0.008650271661424
allsubs,0.99,FNR_cort,DMN,1,2,PFM3T7T01,PFM3T7T02,0.514675052410902
allsubs,0.99,FNR_cort,Vis,1,2,PFM3T7T01,PFM3T7T02,0.135271013354281
allsubs,0.99,FNR_cort,FP,1,2,PFM3T7T01,PFM3T7T02,0.428057553956835
allsubs,0.99,FNR_cort,DAN,1,2,PFM3T7T01,PFM3T7T02,0.540583766493403
allsubs,0.99,FNR_cort,VAN,1,2,PFM3T7T01,PFM3T7T02,0.854260528893242
allsubs,0.99,FNR_cort,Sal,1,2,PFM3T7T01,PFM3T7T02,0.728372434017595
allsubs,0.99,FNR_cort,AMN,1,2,PFM3T7T01,PFM3T7T02,0.437340619307832
allsubs,0.99,FNR_cort,SMd,1,2,PFM3T7T01,PFM3T7T02,0.689290012033694
allsubs,0.99,FNR_cort,SMl,1,2,PFM3T7T01,PFM3T7T02,0.591374893253629
allsubs,0.99,FNR_cort,Aud,1,2,PFM3T7T01,PFM3T7T02,0.51566447700859
allsubs,0.99,FNR_cort,Tpole,1,2,PFM3T7T01,PFM3T7T02,0.825757575757576
allsubs,0.99,FNR_cort,MTL,1,2,PFM3T7T01,PFM3T7T02,0.577174623937214
allsubs,0.99,FNR_cort,PMN,1,2,PFM3T7T01,PFM3T7T02,0.386103781882146
allsubs,0.99,FNR_cort,PON,1,2,PFM3T7T01,PFM3T7T02,0.608783239323127
allsubs,0.99,FNR_cort,SCAN,1,2,PFM3T7T01,PFM3T7T02,0.676011560693642
allsubs,0.99,NPV_cort,DMN,1,2,PFM3T7T01,PFM3T7T02,0.926691799484902
allsubs,0.99,NPV_cort,Vis,1,2,PFM3T7T01,PFM3T7T02,0.983699973495892
allsubs,0.99,NPV_cort,FP,1,2,PFM3T7T01,PFM3T7T02,0.95228275190468
allsubs,0.99,NPV_cort,DAN,1,2,PFM3T7T01,PFM3T7T02,0.951562919838782
allsubs,0.99,NPV_cort,VAN,1,2,PFM3T7T01,PFM3T7T02,0.925216496613221
allsubs,0.99,NPV_cort,Sal,1,2,PFM3T7T01,PFM3T7T02,0.965884898015246
allsubs,0.99,NPV_cort,AMN,1,2,PFM3T7T01,PFM3T7T02,0.95427015084565
allsubs,0.99,NPV_cort,SMd,1,2,PFM3T7T01,PFM3T7T02,0.950529424973658
allsubs,0.99,NPV_cort,SMl,1,2,PFM3T7T01,PFM3T7T02,0.97596028674084
allsubs,0.99,NPV_cort,Aud,1,2,PFM3T7T01,PFM3T7T02,0.964207425074093
allsubs,0.99,NPV_cort,Tpole,1,2,PFM3T7T01,PFM3T7T02,0.990788784288539
allsubs,0.99,NPV_cort,MTL,1,2,PFM3T7T01,PFM3T7T02,0.969415515777435
allsubs,0.99,NPV_cort,PMN,1,2,PFM3T7T01,PFM3T7T02,0.992403398570662
allsubs,0.99,NPV_cort,PON,1,2,PFM3T7T01,PFM3T7T02,0.9739828159168
allsubs,0.99,NPV_cort,SCAN,1,2,PFM3T7T01,PFM3T7T02,0.959537772242116
allsubs,0.99,PPV_cort,DMN,1,2,PFM3T7T01,PFM3T7T02,0.635334476843911
allsubs,0.99,PPV_cort,Vis,1,2,PFM3T7T01,PFM3T7T02,0.835204855842185
allsubs,0.99,PPV_cort,FP,1,2,PFM3T7T01,PFM3T7T02,0.474222411589263
allsubs,0.99,PPV_cort,DAN,1,2,PFM3T7T01,PFM3T7T02,0.64064678003903
allsubs,0.99,PPV_cort,VAN,1,2,PFM3T7T01,PFM3T7T02,0.678213309024613
allsubs,0.99,PPV_cort,Sal,1,2,PFM3T7T01,PFM3T7T02,0.634417808219178
allsubs,0.99,PPV_cort,AMN,1,2,PFM3T7T01,PFM3T7T02,0.447162709901563
allsubs,0.99,PPV_cort,SMd,1,2,PFM3T7T01,PFM3T7T02,0.84990125082291
allsubs,0.99,PPV_cort,SMl,1,2,PFM3T7T01,PFM3T7T02,0.531962201222902
allsubs,0.99,PPV_cort,Aud,1,2,PFM3T7T01,PFM3T7T02,0.80242779405609
allsubs,0.99,PPV_cort,Tpole,1,2,PFM3T7T01,PFM3T7T02,0.469387755102041
allsubs,0.99,PPV_cort,MTL,1,2,PFM3T7T01,PFM3T7T02,0.759248385202584
allsubs,0.99,PPV_cort,PMN,1,2,PFM3T7T01,PFM3T7T02,0.430067775723968
allsubs,0.99,PPV_cort,PON,1,2,PFM3T7T01,PFM3T7T02,0.727340823970037
allsubs,0.99,PPV_cort,SCAN,1,2,PFM3T7T01,PFM3T7T02,0.698442367601246
allsubs,0.99,PPVcorr_Jeffreys_cort,DMN,1,2,PFM3T7T01,PFM3T7T02,0.619668749620821
allsubs,0.99,PPVcorr_Jeffreys_cort,Vis,1,2,PFM3T7T01,PFM3T7T02,0.805680481560922
allsubs,0.99,PPVcorr_Jeffreys_cort,FP,1,2,PFM3T7T01,PFM3T7T02,0.476196096946805
allsubs,0.99,PPVcorr_Jeffreys_cort,DAN,1,2,PFM3T7T01,PFM3T7T02,0.623434135838716
allsubs,0.99,PPVcorr_Jeffreys_cort,VAN,1,2,PFM3T7T01,PFM3T7T02,0.621617418351477
allsubs,0.99,PPVcorr_Jeffreys_cort,Sal,1,2,PFM3T7T01,PFM3T7T02,0.608967240421988
allsubs,0.99,PPVcorr_Jeffreys_cort,AMN,1,2,PFM3T7T01,PFM3T7T02,0.451052702159045
allsubs,0.99,PPVcorr_Jeffreys_cort,SMd,1,2,PFM3T7T01,PFM3T7T02,0.774747996898423
allsubs,0.99,PPVcorr_Jeffreys_cort,SMl,1,2,PFM3T7T01,PFM3T7T02,0.528280542986425
allsubs,0.99,PPVcorr_Jeffreys_cort,Aud,1,2,PFM3T7T01,PFM3T7T02,0.759444125251365
allsubs,0.99,PPVcorr_Jeffreys_cort,Tpole,1,2,PFM3T7T01,PFM3T7T02,0.47588424437299
allsubs,0.99,PPVcorr_Jeffreys_cort,MTL,1,2,PFM3T7T01,PFM3T7T02,0.719782954998009
allsubs,0.99,PPVcorr_Jeffreys_cort,PMN,1,2,PFM3T7T01,PFM3T7T02,0.434646168019808
allsubs,0.99,PPVcorr_Jeffreys_cort,PON,1,2,PFM3T7T01,PFM3T7T02,0.691700353713997
allsubs,0.99,PPVcorr_Jeffreys_cort,SCAN,1,2,PFM3T7T01,PFM3T7T02,0.663249615581753
allsubs,0.99,PPVcorr_d1d2_cort,DMN,1,2,PFM3T7T01,PFM3T7T02,0.63747915847056
allsubs,0.99,PPVcorr_d1d2_cort,Vis,1,2,PFM3T7T01,PFM3T7T02,0.838146010580627
allsubs,0.99,PPVcorr_d1d2_cort,FP,1,2,PFM3T7T01,PFM3T7T02,0.484473028849793
allsubs,0.99,PPVcorr_d1d2_cort,DAN,1,2,PFM3T7T01,PFM3T7T02,0.642682026972291
allsubs,0.99,PPVcorr_d1d2_cort,VAN,1,2,PFM3T7T01,PFM3T7T02,0.639389596438073
allsubs,0.99,PPVcorr_d1d2_cort,Sal,1,2,PFM3T7T01,PFM3T7T02,0.618057722038504
allsubs,0.99,PPVcorr_d1d2_cort,AMN,1,2,PFM3T7T01,PFM3T7T02,0.458742870537776
allsubs,0.99,PPVcorr_d1d2_cort,SMd,1,2,PFM3T7T01,PFM3T7T02,0.819789113220722
allsubs,0.99,PPVcorr_d1d2_cort,SMl,1,2,PFM3T7T01,PFM3T7T02,0.544376151737157
allsubs,0.99,PPVcorr_d1d2_cort,Aud,1,2,PFM3T7T01,PFM3T7T02,0.794320789981553
allsubs,0.99,PPVcorr_d1d2_cort,Tpole,1,2,PFM3T7T01,PFM3T7T02,0.441101769136451
allsubs,0.99,PPVcorr_d1d2_cort,MTL,1,2,PFM3T7T01,PFM3T7T02,0.747888022982138
allsubs,0.99,PPVcorr_d1d2_cort,PMN,1,2,PFM3T7T01,PFM3T7T02,0.487960593575718
allsubs,0.99,PPVcorr_d1d2_cort,PON,1,2,PFM3T7T01,PFM3T7T02,0.713988348420606
allsubs,0.99,PPVcorr_d1d2_cort,SCAN,1,2,PFM3T7T01,PFM3T7T02,0.684576367665296
allsubs,0.99,PPVcorr_bayes_cort,DMN,1,2,PFM3T7T01,PFM3T7T02,0.643208962431188
allsubs,0.99,PPVcorr_bayes_cort,Vis,1,2,PFM3T7T01,PFM3T7T02,0.844375293989941
allsubs,0.99,PPVcorr_bayes_cort,FP,1,2,PFM3T7T01,PFM3T7T02,0.503354286259698
allsubs,0.99,PPVcorr_bayes_cort,DAN,1,2,PFM3T7T01,PFM3T7T02,0.645592871472864
allsubs,0.99,PPVcorr_bayes_cort,VAN,1,2,PFM3T7T01,PFM3T7T02,0.590689081840015
allsubs,0.99,PPVcorr_bayes_cort,Sal,1,2,PFM3T7T01,PFM3T7T02,0.612762371686839
allsubs,0.99,PPVcorr_bayes_cort,AMN,1,2,PFM3T7T01,PFM3T7T02,0.47816523978562
allsubs,0.99,PPVcorr_bayes_cort,SMd,1,2,PFM3T7T01,PFM3T7T02,0.79146288525539
allsubs,0.99,PPVcorr_bayes_cort,SMl,1,2,PFM3T7T01,PFM3T7T02,0.546372124563142
allsubs,0.99,PPVcorr_bayes_cort,Aud,1,2,PFM3T7T01,PFM3T7T02,0.787105375014491
allsubs,0.99,PPVcorr_bayes_cort,Tpole,1,2,PFM3T7T01,PFM3T7T02,0.457885304659498
allsubs,0.99,PPVcorr_bayes_cort,MTL,1,2,PFM3T7T01,PFM3T7T02,0.742447089234746
allsubs,0.99,PPVcorr_bayes_cort,PMN,1,2,PFM3T7T01,PFM3T7T02,0.463842698634619
allsubs,0.99,PPVcorr_bayes_cort,PON,1,2,PFM3T7T01,PFM3T7T02,0.711081432778577
allsubs,0.99,PPVcorr_bayes_cort,SCAN,1,2,PFM3T7T01,PFM3T7T02,0.675519955030916
allsubs,0.99,MCC_cort,DMN,1,2,PFM3T7T01,PFM3T7T02,0.499689419874422
allsubs,0.99,MCC_cort,Vis,1,2,PFM3T7T01,PFM3T7T02,0.831484086910554
allsubs,0.99,MCC_cort,FP,1,2,PFM3T7T01,PFM3T7T02,0.463103237180429
allsubs,0.99,MCC_cort,DAN,1,2,PFM3T7T01,PFM3T7T02,0.507977368602011
allsubs,0.99,MCC_cort,VAN,1,2,PFM3T7T01,PFM3T7T02,0.289864100891291
allsubs,0.99,MCC_cort,Sal,1,2,PFM3T7T01,PFM3T7T02,0.398166659476552
allsubs,0.99,MCC_cort,AMN,1,2,PFM3T7T01,PFM3T7T02,0.444340717706048
allsubs,0.99,MCC_cort,SMd,1,2,PFM3T7T01,PFM3T7T02,0.495377723917616
allsubs,0.99,MCC_cort,SMl,1,2,PFM3T7T01,PFM3T7T02,0.447276299861229
allsubs,0.99,MCC_cort,Aud,1,2,PFM3T7T01,PFM3T7T02,0.603973019929049
allsubs,0.99,MCC_cort,Tpole,1,2,PFM3T7T01,PFM3T7T02,0.281361062489493
allsubs,0.99,MCC_cort,MTL,1,2,PFM3T7T01,PFM3T7T02,0.550269242596932
allsubs,0.99,MCC_cort,PMN,1,2,PFM3T7T01,PFM3T7T02,0.502640591782848
allsubs,0.99,MCC_cort,PON,1,2,PFM3T7T01,PFM3T7T02,0.519504983223193
allsubs,0.99,MCC_cort,SCAN,1,2,PFM3T7T01,PFM3T7T02,0.455506587927072
allsubs,0.99,muI_cort,WholeBrainOrSingleVal,1,2,PFM3T7T01,PFM3T7T02,1.85166662401149
allsubs,0.99,VIn_cort,WholeBrainOrSingleVal,1,2,PFM3T7T01,PFM3T7T02,0.224249527025182
allsubs,0.99,MIn_cort,WholeBrainOrSingleVal,1,2,PFM3T7T01,PFM3T7T02,0.516818030600302
allsubs,0.99,DC_cort,DMN,1,3,PFM3T7T01,PFM3T7T03,0.564650511988806
allsubs,0.99,DC_cort,Vis,1,3,PFM3T7T01,PFM3T7T03,0.795898114455839
allsubs,0.99,DC_cort,FP,1,3,PFM3T7T01,PFM3T7T03,0.396403364594412
allsubs,0.99,DC_cort,DAN,1,3,PFM3T7T01,PFM3T7T03,0.472416166781394
allsubs,0.99,DC_cort,VAN,1,3,PFM3T7T01,PFM3T7T03,0.331170391732757
allsubs,0.99,DC_cort,Sal,1,3,PFM3T7T01,PFM3T7T03,0.456661045531197
allsubs,0.99,DC_cort,AMN,1,3,PFM3T7T01,PFM3T7T03,0.539481342559659
allsubs,0.99,DC_cort,SMd,1,3,PFM3T7T01,PFM3T7T03,0.567177054129825
allsubs,0.99,DC_cort,SMl,1,3,PFM3T7T01,PFM3T7T03,0.304109589041096
allsubs,0.99,DC_cort,Aud,1,3,PFM3T7T01,PFM3T7T03,0.661615068196579
allsubs,0.99,DC_cort,Tpole,1,3,PFM3T7T01,PFM3T7T03,0.221238938053097
allsubs,0.99,DC_cort,MTL,1,3,PFM3T7T01,PFM3T7T03,0.466248037676609
allsubs,0.99,DC_cort,PMN,1,3,PFM3T7T01,PFM3T7T03,0.483333333333333
allsubs,0.99,DC_cort,PON,1,3,PFM3T7T01,PFM3T7T03,0.573743016759777
allsubs,0.99,DC_cort,SCAN,1,3,PFM3T7T01,PFM3T7T03,0.53953488372093
allsubs,0.99,cDC_cort,DMN,1,3,PFM3T7T01,PFM3T7T03,0.564650511988806
allsubs,0.99,cDC_cort,Vis,1,3,PFM3T7T01,PFM3T7T03,0.795898114455839
allsubs,0.99,cDC_cort,FP,1,3,PFM3T7T01,PFM3T7T03,0.396403364594412
allsubs,0.99,cDC_cort,DAN,1,3,PFM3T7T01,PFM3T7T03,0.472416166781394
allsubs,0.99,cDC_cort,VAN,1,3,PFM3T7T01,PFM3T7T03,0.331170391732757
allsubs,0.99,cDC_cort,Sal,1,3,PFM3T7T01,PFM3T7T03,0.456661045531197
allsubs,0.99,cDC_cort,AMN,1,3,PFM3T7T01,PFM3T7T03,0.539481342559659
allsubs,0.99,cDC_cort,SMd,1,3,PFM3T7T01,PFM3T7T03,0.567177054129825
allsubs,0.99,cDC_cort,SMl,1,3,PFM3T7T01,PFM3T7T03,0.304109589041096
allsubs,0.99,cDC_cort,Aud,1,3,PFM3T7T01,PFM3T7T03,0.661615068196579
allsubs,0.99,cDC_cort,Tpole,1,3,PFM3T7T01,PFM3T7T03,0.221238938053097
allsubs,0.99,cDC_cort,MTL,1,3,PFM3T7T01,PFM3T7T03,0.466248037676609
allsubs,0.99,cDC_cort,PMN,1,3,PFM3T7T01,PFM3T7T03,0.483333333333333
allsubs,0.99,cDC_cort,PON,1,3,PFM3T7T01,PFM3T7T03,0.573743016759777
allsubs,0.99,cDC_cort,SCAN,1,3,PFM3T7T01,PFM3T7T03,0.53953488372093
allsubs,0.99,TP_cort,DMN,1,3,PFM3T7T01,PFM3T7T03,4439.0
allsubs,0.99,TP_cort,Vis,1,3,PFM3T7T01,PFM3T7T03,4812.0
allsubs,0.99,TP_cort,FP,1,3,PFM3T7T01,PFM3T7T03,2050.0
allsubs,0.99,TP_cort,DAN,1,3,PFM3T7T01,PFM3T7T03,2402.0
allsubs,0.99,TP_cort,VAN,1,3,PFM3T7T01,PFM3T7T03,689.0
allsubs,0.99,TP_cort,Sal,1,3,PFM3T7T01,PFM3T7T03,677.0
allsubs,0.99,TP_cort,AMN,1,3,PFM3T7T01,PFM3T7T03,4171.0
allsubs,0.99,TP_cort,SMd,1,3,PFM3T7T01,PFM3T7T03,1315.0
allsubs,0.99,TP_cort,SMl,1,3,PFM3T7T01,PFM3T7T03,1332.0
allsubs,0.99,TP_cort,Aud,1,3,PFM3T7T01,PFM3T7T03,1528.0
allsubs,0.99,TP_cort,Tpole,1,3,PFM3T7T01,PFM3T7T03,50.0
allsubs,0.99,TP_cort,MTL,1,3,PFM3T7T01,PFM3T7T03,891.0
allsubs,0.99,TP_cort,PMN,1,3,PFM3T7T01,PFM3T7T03,928.0
allsubs,0.99,TP_cort,PON,1,3,PFM3T7T01,PFM3T7T03,1027.0
allsubs,0.99,TP_cort,SCAN,1,3,PFM3T7T01,PFM3T7T03,870.0
allsubs,0.99,TN_cort,DMN,1,3,PFM3T7T01,PFM3T7T03,48128.0
allsubs,0.99,TN_cort,Vis,1,3,PFM3T7T01,PFM3T7T03,52132.0
allsubs,0.99,TN_cort,FP,1,3,PFM3T7T01,PFM3T7T03,51119.0
allsubs,0.99,TN_cort,DAN,1,3,PFM3T7T01,PFM3T7T03,51645.0
allsubs,0.99,TN_cort,VAN,1,3,PFM3T7T01,PFM3T7T03,55940.0
allsubs,0.99,TN_cort,Sal,1,3,PFM3T7T01,PFM3T7T03,57124.0
allsubs,0.99,TN_cort,AMN,1,3,PFM3T7T01,PFM3T7T03,48120.0
allsubs,0.99,TN_cort,SMd,1,3,PFM3T7T01,PFM3T7T03,56090.0
allsubs,0.99,TN_cort,SMl,1,3,PFM3T7T01,PFM3T7T03,51984.0
allsubs,0.99,TN_cort,Aud,1,3,PFM3T7T01,PFM3T7T03,56321.0
allsubs,0.99,TN_cort,Tpole,1,3,PFM3T7T01,PFM3T7T03,59010.0
allsubs,0.99,TN_cort,MTL,1,3,PFM3T7T01,PFM3T7T03,56481.0
allsubs,0.99,TN_cort,PMN,1,3,PFM3T7T01,PFM3T7T03,56500.0
allsubs,0.99,TN_cort,PON,1,3,PFM3T7T01,PFM3T7T03,56859.0
allsubs,0.99,TN_cort,SCAN,1,3,PFM3T7T01,PFM3T7T03,57057.0
allsubs,0.99,FP_cort,DMN,1,3,PFM3T7T01,PFM3T7T03,1391.0
allsubs,0.99,FP_cort,Vis,1,3,PFM3T7T01,PFM3T7T03,1778.0
allsubs,0.99,FP_cort,FP,1,3,PFM3T7T01,PFM3T7T03,4991.0
allsubs,0.99,FP_cort,DAN,1,3,PFM3T7T01,PFM3T7T03,1185.0
allsubs,0.99,FP_cort,VAN,1,3,PFM3T7T01,PFM3T7T03,408.0
allsubs,0.99,FP_cort,Sal,1,3,PFM3T7T01,PFM3T7T03,491.0
allsubs,0.99,FP_cort,AMN,1,3,PFM3T7T01,PFM3T7T03,2737.0
allsubs,0.99,FP_cort,SMd,1,3,PFM3T7T01,PFM3T7T03,204.0
allsubs,0.99,FP_cort,SMl,1,3,PFM3T7T01,PFM3T7T03,467.0
allsubs,0.99,FP_cort,Aud,1,3,PFM3T7T01,PFM3T7T03,861.0
allsubs,0.99,FP_cort,Tpole,1,3,PFM3T7T01,PFM3T7T03,195.0
allsubs,0.99,FP_cort,MTL,1,3,PFM3T7T01,PFM3T7T03,812.0
allsubs,0.99,FP_cort,PMN,1,3,PFM3T7T01,PFM3T7T03,695.0
allsubs,0.99,FP_cort,PON,1,3,PFM3T7T01,PFM3T7T03,308.0
allsubs,0.99,FP_cort,SCAN,1,3,PFM3T7T01,PFM3T7T03,735.0
allsubs,0.99,FN_cort,DMN,1,3,PFM3T7T01,PFM3T7T03,5454.0
allsubs,0.99,FN_cort,Vis,1,3,PFM3T7T01,PFM3T7T03,690.0
allsubs,0.99,FN_cort,FP,1,3,PFM3T7T01,PFM3T7T03,1252.0
allsubs,0.99,FN_cort,DAN,1,3,PFM3T7T01,PFM3T7T03,4180.0
allsubs,0.99,FN_cort,VAN,1,3,PFM3T7T01,PFM3T7T03,2375.0
allsubs,0.99,FN_cort,Sal,1,3,PFM3T7T01,PFM3T7T03,1120.0
allsubs,0.99,FN_cort,AMN,1,3,PFM3T7T01,PFM3T7T03,4384.0
allsubs,0.99,FN_cort,SMd,1,3,PFM3T7T01,PFM3T7T03,1803.0
allsubs,0.99,FN_cort,SMl,1,3,PFM3T7T01,PFM3T7T03,5629.0
allsubs,0.99,FN_cort,Aud,1,3,PFM3T7T01,PFM3T7T03,702.0
allsubs,0.99,FN_cort,Tpole,1,3,PFM3T7T01,PFM3T7T03,157.0
allsubs,0.99,FN_cort,MTL,1,3,PFM3T7T01,PFM3T7T03,1228.0
allsubs,0.99,FN_cort,PMN,1,3,PFM3T7T01,PFM3T7T03,1289.0
allsubs,0.99,FN_cort,PON,1,3,PFM3T7T01,PFM3T7T03,1218.0
allsubs,0.99,FN_cort,SCAN,1,3,PFM3T7T01,PFM3T7T03,750.0
allsubs,0.99,TPR_cort,DMN,1,3,PFM3T7T01,PFM3T7T03,0.448701101789144
allsubs,0.99,TPR_cort,Vis,1,3,PFM3T7T01,PFM3T7T03,0.874591057797165
allsubs,0.99,TPR_cort,FP,1,3,PFM3T7T01,PFM3T7T03,0.620835857056329
allsubs,0.99,TPR_cort,DAN,1,3,PFM3T7T01,PFM3T7T03,0.364934670312975
allsubs,0.99,TPR_cort,VAN,1,3,PFM3T7T01,PFM3T7T03,0.224869451697128
allsubs,0.99,TPR_cort,Sal,1,3,PFM3T7T01,PFM3T7T03,0.376739009460211
allsubs,0.99,TPR_cort,AMN,1,3,PFM3T7T01,PFM3T7T03,0.487551139684395
allsubs,0.99,TPR_cort,SMd,1,3,PFM3T7T01,PFM3T7T03,0.421744708146248
allsubs,0.99,TPR_cort,SMl,1,3,PFM3T7T01,PFM3T7T03,0.191351817267634
allsubs,0.99,TPR_cort,Aud,1,3,PFM3T7T01,PFM3T7T03,0.685201793721973
allsubs,0.99,TPR_cort,Tpole,1,3,PFM3T7T01,PFM3T7T03,0.241545893719807
allsubs,0.99,TPR_cort,MTL,1,3,PFM3T7T01,PFM3T7T03,0.420481359131666
allsubs,0.99,TPR_cort,PMN,1,3,PFM3T7T01,PFM3T7T03,0.418583671628327
allsubs,0.99,TPR_cort,PON,1,3,PFM3T7T01,PFM3T7T03,0.457461024498886
allsubs,0.99,TPR_cort,SCAN,1,3,PFM3T7T01,PFM3T7T03,0.537037037037037
allsubs,0.99,TNR_cort,DMN,1,3,PFM3T7T01,PFM3T7T03,0.971909772006704
allsubs,0.99,TNR_cort,Vis,1,3,PFM3T7T01,PFM3T7T03,0.967019105917269
allsubs,0.99,TNR_cort,FP,1,3,PFM3T7T01,PFM3T7T03,0.911049723756906
allsubs,0.99,TNR_cort,DAN,1,3,PFM3T7T01,PFM3T7T03,0.977569562748438
allsubs,0.99,TNR_cort,VAN,1,3,PFM3T7T01,PFM3T7T03,0.992759281607156
allsubs,0.99,TNR_cort,Sal,1,3,PFM3T7T01,PFM3T7T03,0.991477913737742
allsubs,0.99,TNR_cort,AMN,1,3,PFM3T7T01,PFM3T7T03,0.946182433096722
allsubs,0.99,TNR_cort,SMd,1,3,PFM3T7T01,PFM3T7T03,0.996376167975273
allsubs,0.99,TNR_cort,SMl,1,3,PFM3T7T01,PFM3T7T03,0.99109645192656
allsubs,0.99,TNR_cort,Aud,1,3,PFM3T7T01,PFM3T7T03,0.984942814172292
allsubs,0.99,TNR_cort,Tpole,1,3,PFM3T7T01,PFM3T7T03,0.996706359260198
allsubs,0.99,TNR_cort,MTL,1,3,PFM3T7T01,PFM3T7T03,0.985827238929712
allsubs,0.99,TNR_cort,PMN,1,3,PFM3T7T01,PFM3T7T03,0.987848588163301
allsubs,0.99,TNR_cort,PON,1,3,PFM3T7T01,PFM3T7T03,0.994612276313258
allsubs,0.99,TNR_cort,SCAN,1,3,PFM3T7T01,PFM3T7T03,0.987281976744186
allsubs,0.99,FPR_cort,DMN,1,3,PFM3T7T01,PFM3T7T03,0.0280902279932955
allsubs,0.99,FPR_cort,Vis,1,3,PFM3T7T01,PFM3T7T03,0.0329808940827305
allsubs,0.99,FPR_cort,FP,1,3,PFM3T7T01,PFM3T7T03,0.0889502762430939
allsubs,0.99,FPR_cort,DAN,1,3,PFM3T7T01,PFM3T7T03,0.0224304372515616
allsubs,0.99,FPR_cort,VAN,1,3,PFM3T7T01,PFM3T7T03,0.0072407183928444
allsubs,0.99,FPR_cort,Sal,1,3,PFM3T7T01,PFM3T7T03,0.008522086262258
allsubs,0.99,FPR_cort,AMN,1,3,PFM3T7T01,PFM3T7T03,0.0538175669032778
allsubs,0.99,FPR_cort,SMd,1,3,PFM3T7T01,PFM3T7T03,0.0036238320247273
allsubs,0.99,FPR_cort,SMl,1,3,PFM3T7T01,PFM3T7T03,0.0089035480734399
allsubs,0.99,FPR_cort,Aud,1,3,PFM3T7T01,PFM3T7T03,0.015057185827708
allsubs,0.99,FPR_cort,Tpole,1,3,PFM3T7T01,PFM3T7T03,0.0032936407398023
allsubs,0.99,FPR_cort,MTL,1,3,PFM3T7T01,PFM3T7T03,0.0141727610702878
allsubs,0.99,FPR_cort,PMN,1,3,PFM3T7T01,PFM3T7T03,0.012151411836699
allsubs,0.99,FPR_cort,PON,1,3,PFM3T7T01,PFM3T7T03,0.0053877236867423
allsubs,0.99,FPR_cort,SCAN,1,3,PFM3T7T01,PFM3T7T03,0.012718023255814
allsubs,0.99,FNR_cort,DMN,1,3,PFM3T7T01,PFM3T7T03,0.551298898210856
allsubs,0.99,FNR_cort,Vis,1,3,PFM3T7T01,PFM3T7T03,0.125408942202835
allsubs,0.99,FNR_cort,FP,1,3,PFM3T7T01,PFM3T7T03,0.379164142943671
allsubs,0.99,FNR_cort,DAN,1,3,PFM3T7T01,PFM3T7T03,0.635065329687025
allsubs,0.99,FNR_cort,VAN,1,3,PFM3T7T01,PFM3T7T03,0.775130548302872
allsubs,0.99,FNR_cort,Sal,1,3,PFM3T7T01,PFM3T7T03,0.623260990539789
allsubs,0.99,FNR_cort,AMN,1,3,PFM3T7T01,PFM3T7T03,0.512448860315605
allsubs,0.99,FNR_cort,SMd,1,3,PFM3T7T01,PFM3T7T03,0.578255291853752
allsubs,0.99,FNR_cort,SMl,1,3,PFM3T7T01,PFM3T7T03,0.808648182732366
allsubs,0.99,FNR_cort,Aud,1,3,PFM3T7T01,PFM3T7T03,0.314798206278027
allsubs,0.99,FNR_cort,Tpole,1,3,PFM3T7T01,PFM3T7T03,0.758454106280193
allsubs,0.99,FNR_cort,MTL,1,3,PFM3T7T01,PFM3T7T03,0.579518640868334
allsubs,0.99,FNR_cort,PMN,1,3,PFM3T7T01,PFM3T7T03,0.581416328371673
allsubs,0.99,FNR_cort,PON,1,3,PFM3T7T01,PFM3T7T03,0.542538975501114
allsubs,0.99,FNR_cort,SCAN,1,3,PFM3T7T01,PFM3T7T03,0.462962962962963
allsubs,0.99,NPV_cort,DMN,1,3,PFM3T7T01,PFM3T7T03,0.898212086148333
allsubs,0.99,NPV_cort,Vis,1,3,PFM3T7T01,PFM3T7T03,0.986937260989739
allsubs,0.99,NPV_cort,FP,1,3,PFM3T7T01,PFM3T7T03,0.976093639609708
allsubs,0.99,NPV_cort,DAN,1,3,PFM3T7T01,PFM3T7T03,0.92512315270936
allsubs,0.99,NPV_cort,VAN,1,3,PFM3T7T01,PFM3T7T03,0.959272914344508
allsubs,0.99,NPV_cort,Sal,1,3,PFM3T7T01,PFM3T7T03,0.980770551473113
allsubs,0.99,NPV_cort,AMN,1,3,PFM3T7T01,PFM3T7T03,0.916501599878105
allsubs,0.99,NPV_cort,SMd,1,3,PFM3T7T01,PFM3T7T03,0.968856338417425
allsubs,0.99,NPV_cort,SMl,1,3,PFM3T7T01,PFM3T7T03,0.902296356725045
allsubs,0.99,NPV_cort,Aud,1,3,PFM3T7T01,PFM3T7T03,0.987689178050962
allsubs,0.99,NPV_cort,Tpole,1,3,PFM3T7T01,PFM3T7T03,0.99734649382257
allsubs,0.99,NPV_cort,MTL,1,3,PFM3T7T01,PFM3T7T03,0.978720823441751
allsubs,0.99,NPV_cort,PMN,1,3,PFM3T7T01,PFM3T7T03,0.977694716987662
allsubs,0.99,NPV_cort,PON,1,3,PFM3T7T01,PFM3T7T03,0.979027842347229
allsubs,0.99,NPV_cort,SCAN,1,3,PFM3T7T01,PFM3T7T03,0.987025792724065
allsubs,0.99,PPV_cort,DMN,1,3,PFM3T7T01,PFM3T7T03,0.761406518010292
allsubs,0.99,PPV_cort,Vis,1,3,PFM3T7T01,PFM3T7T03,0.730197268588771
allsubs,0.99,PPV_cort,FP,1,3,PFM3T7T01,PFM3T7T03,0.291151825024854
allsubs,0.99,PPV_cort,DAN,1,3,PFM3T7T01,PFM3T7T03,0.669640367995539
allsubs,0.99,PPV_cort,VAN,1,3,PFM3T7T01,PFM3T7T03,0.628076572470374
allsubs,0.99,PPV_cort,Sal,1,3,PFM3T7T01,PFM3T7T03,0.579623287671233
allsubs,0.99,PPV_cort,AMN,1,3,PFM3T7T01,PFM3T7T03,0.603792704111175
allsubs,0.99,PPV_cort,SMd,1,3,PFM3T7T01,PFM3T7T03,0.86570111915734
allsubs,0.99,PPV_cort,SMl,1,3,PFM3T7T01,PFM3T7T03,0.74041133963313
allsubs,0.99,PPV_cort,Aud,1,3,PFM3T7T01,PFM3T7T03,0.639598158225199
allsubs,0.99,PPV_cort,Tpole,1,3,PFM3T7T01,PFM3T7T03,0.204081632653061
allsubs,0.99,PPV_cort,MTL,1,3,PFM3T7T01,PFM3T7T03,0.523194362889019
allsubs,0.99,PPV_cort,PMN,1,3,PFM3T7T01,PFM3T7T03,0.571780653111522
allsubs,0.99,PPV_cort,PON,1,3,PFM3T7T01,PFM3T7T03,0.769288389513109
allsubs,0.99,PPV_cort,SCAN,1,3,PFM3T7T01,PFM3T7T03,0.542056074766355
allsubs,0.99,PPVcorr_Jeffreys_cort,DMN,1,3,PFM3T7T01,PFM3T7T03,0.723483348730808
allsubs,0.99,PPVcorr_Jeffreys_cort,Vis,1,3,PFM3T7T01,PFM3T7T03,0.712459034760931
allsubs,0.99,PPVcorr_Jeffreys_cort,FP,1,3,PFM3T7T01,PFM3T7T03,0.300507380073801
allsubs,0.99,PPVcorr_Jeffreys_cort,DAN,1,3,PFM3T7T01,PFM3T7T03,0.643338358616791
allsubs,0.99,PPVcorr_Jeffreys_cort,VAN,1,3,PFM3T7T01,PFM3T7T03,0.600114008835685
allsubs,0.99,PPVcorr_Jeffreys_cort,Sal,1,3,PFM3T7T01,PFM3T7T03,0.569006455442606
allsubs,0.99,PPVcorr_Jeffreys_cort,AMN,1,3,PFM3T7T01,PFM3T7T03,0.592355252141431
allsubs,0.99,PPVcorr_Jeffreys_cort,SMd,1,3,PFM3T7T01,PFM3T7T03,0.803419270264365
allsubs,0.99,PPVcorr_Jeffreys_cort,SMl,1,3,PFM3T7T01,PFM3T7T03,0.673339745901968
allsubs,0.99,PPVcorr_Jeffreys_cort,Aud,1,3,PFM3T7T01,PFM3T7T03,0.627679938744257
allsubs,0.99,PPVcorr_Jeffreys_cort,Tpole,1,3,PFM3T7T01,PFM3T7T03,0.227135867519759
allsubs,0.99,PPVcorr_Jeffreys_cort,MTL,1,3,PFM3T7T01,PFM3T7T03,0.520627709018748
allsubs,0.99,PPVcorr_Jeffreys_cort,PMN,1,3,PFM3T7T01,PFM3T7T03,0.563153900363203
allsubs,0.99,PPVcorr_Jeffreys_cort,PON,1,3,PFM3T7T01,PFM3T7T03,0.730522603398525
allsubs,0.99,PPVcorr_Jeffreys_cort,SCAN,1,3,PFM3T7T01,PFM3T7T03,0.538200339558574
allsubs,0.99,PPVcorr_d1d2_cort,DMN,1,3,PFM3T7T01,PFM3T7T03,0.758460724491564
allsubs,0.99,PPVcorr_d1d2_cort,Vis,1,3,PFM3T7T01,PFM3T7T03,0.737150594441521
allsubs,0.99,PPVcorr_d1d2_cort,FP,1,3,PFM3T7T01,PFM3T7T03,0.316960851777077
allsubs,0.99,PPVcorr_d1d2_cort,DAN,1,3,PFM3T7T01,PFM3T7T03,0.66621396782522
allsubs,0.99,PPVcorr_d1d2_cort,VAN,1,3,PFM3T7T01,PFM3T7T03,0.605428106897048
allsubs,0.99,PPVcorr_d1d2_cort,Sal,1,3,PFM3T7T01,PFM3T7T03,0.585104190374203
allsubs,0.99,PPVcorr_d1d2_cort,AMN,1,3,PFM3T7T01,PFM3T7T03,0.60668399208532
allsubs,0.99,PPVcorr_d1d2_cort,SMd,1,3,PFM3T7T01,PFM3T7T03,0.842109337261144
allsubs,0.99,PPVcorr_d1d2_cort,SMl,1,3,PFM3T7T01,PFM3T7T03,0.714917888385667
allsubs,0.99,PPVcorr_d1d2_cort,Aud,1,3,PFM3T7T01,PFM3T7T03,0.656879536081546
allsubs,0.99,PPVcorr_d1d2_cort,Tpole,1,3,PFM3T7T01,PFM3T7T03,0.488027421741923
allsubs,0.99,PPVcorr_d1d2_cort,MTL,1,3,PFM3T7T01,PFM3T7T03,0.538729544434318
allsubs,0.99,PPVcorr_d1d2_cort,PMN,1,3,PFM3T7T01,PFM3T7T03,0.581036564115928
allsubs,0.99,PPVcorr_d1d2_cort,PON,1,3,PFM3T7T01,PFM3T7T03,0.756939748497125
allsubs,0.99,PPVcorr_d1d2_cort,SCAN,1,3,PFM3T7T01,PFM3T7T03,0.568331813642482
allsubs,0.99,PPVcorr_bayes_cort,DMN,1,3,PFM3T7T01,PFM3T7T03,0.747907329681535
allsubs,0.99,PPVcorr_bayes_cort,Vis,1,3,PFM3T7T01,PFM3T7T03,0.74889675361559
allsubs,0.99,PPVcorr_bayes_cort,FP,1,3,PFM3T7T01,PFM3T7T03,0.333358771211722
allsubs,0.99,PPVcorr_bayes_cort,DAN,1,3,PFM3T7T01,PFM3T7T03,0.659122820453907
allsubs,0.99,PPVcorr_bayes_cort,VAN,1,3,PFM3T7T01,PFM3T7T03,0.594908887468031
allsubs,0.99,PPVcorr_bayes_cort,Sal,1,3,PFM3T7T01,PFM3T7T03,0.584581165349327
allsubs,0.99,PPVcorr_bayes_cort,AMN,1,3,PFM3T7T01,PFM3T7T03,0.615654070262718
allsubs,0.99,PPVcorr_bayes_cort,SMd,1,3,PFM3T7T01,PFM3T7T03,0.830270302524017
allsubs,0.99,PPVcorr_bayes_cort,SMl,1,3,PFM3T7T01,PFM3T7T03,0.662205255929797
allsubs,0.99,PPVcorr_bayes_cort,Aud,1,3,PFM3T7T01,PFM3T7T03,0.658784729162503
allsubs,0.99,PPVcorr_bayes_cort,Tpole,1,3,PFM3T7T01,PFM3T7T03,0.244782523893115
allsubs,0.99,PPVcorr_bayes_cort,MTL,1,3,PFM3T7T01,PFM3T7T03,0.539600541451421
allsubs,0.99,PPVcorr_bayes_cort,PMN,1,3,PFM3T7T01,PFM3T7T03,0.581981151108165
allsubs,0.99,PPVcorr_bayes_cort,PON,1,3,PFM3T7T01,PFM3T7T03,0.755567063697566
allsubs,0.99,PPVcorr_bayes_cort,SCAN,1,3,PFM3T7T01,PFM3T7T03,0.563574392412567
allsubs,0.99,MCC_cort,DMN,1,3,PFM3T7T01,PFM3T7T03,0.526728352632699
allsubs,0.99,MCC_cort,Vis,1,3,PFM3T7T01,PFM3T7T03,0.776883330265133
allsubs,0.99,MCC_cort,FP,1,3,PFM3T7T01,PFM3T7T03,0.377019905544597
allsubs,0.99,MCC_cort,DAN,1,3,PFM3T7T01,PFM3T7T03,0.451341360293888
allsubs,0.99,MCC_cort,VAN,1,3,PFM3T7T01,PFM3T7T03,0.357524998877622
allsubs,0.99,MCC_cort,Sal,1,3,PFM3T7T01,PFM3T7T03,0.454253778441985
allsubs,0.99,MCC_cort,AMN,1,3,PFM3T7T01,PFM3T7T03,0.475046426538433
allsubs,0.99,MCC_cort,SMd,1,3,PFM3T7T01,PFM3T7T03,0.590716425482574
allsubs,0.99,MCC_cort,SMl,1,3,PFM3T7T01,PFM3T7T03,0.342433799147129
allsubs,0.99,MCC_cort,Aud,1,3,PFM3T7T01,PFM3T7T03,0.648361956013634
allsubs,0.99,MCC_cort,Tpole,1,3,PFM3T7T01,PFM3T7T03,0.219067809014379
allsubs,0.99,MCC_cort,MTL,1,3,PFM3T7T01,PFM3T7T03,0.451588812642398
allsubs,0.99,MCC_cort,PMN,1,3,PFM3T7T01,PFM3T7T03,0.472572234022749
allsubs,0.99,MCC_cort,PON,1,3,PFM3T7T01,PFM3T7T03,0.581630285480741
allsubs,0.99,MCC_cort,SCAN,1,3,PFM3T7T01,PFM3T7T03,0.526695056908744
allsubs,0.99,muI_cort,WholeBrainOrSingleVal,1,3,PFM3T7T01,PFM3T7T03,1.75221755622024
allsubs,0.99,VIn_cort,WholeBrainOrSingleVal,1,3,PFM3T7T01,PFM3T7T03,0.227784791432728
allsubs,0.99,MIn_cort,WholeBrainOrSingleVal,1,3,PFM3T7T01,PFM3T7T03,0.499112917183801
allsubs,0.99,DC_cort,DMN,1,4,PFM3T7T01,PFM3T7T04,0.558441558441558
allsubs,0.99,DC_cort,Vis,1,4,PFM3T7T01,PFM3T7T04,0.880917804240488
allsubs,0.99,DC_cort,FP,1,4,PFM3T7T01,PFM3T7T04,0.557865994538962
allsubs,0.99,DC_cort,DAN,1,4,PFM3T7T01,PFM3T7T04,0.467087659210104
allsubs,0.99,DC_cort,VAN,1,4,PFM3T7T01,PFM3T7T04,0.269484296238852
allsubs,0.99,DC_cort,Sal,1,4,PFM3T7T01,PFM3T7T04,0.370149253731343
allsubs,0.99,DC_cort,AMN,1,4,PFM3T7T01,PFM3T7T04,0.561942901433923
allsubs,0.99,DC_cort,SMd,1,4,PFM3T7T01,PFM3T7T04,0.591638308215848
allsubs,0.99,DC_cort,SMl,1,4,PFM3T7T01,PFM3T7T04,0.560818083961249
allsubs,0.99,DC_cort,Aud,1,4,PFM3T7T01,PFM3T7T04,0.682207248224367
allsubs,0.99,DC_cort,Tpole,1,4,PFM3T7T01,PFM3T7T04,0.269340974212034
allsubs,0.99,DC_cort,MTL,1,4,PFM3T7T01,PFM3T7T04,0.433795291367507
allsubs,0.99,DC_cort,PMN,1,4,PFM3T7T01,PFM3T7T04,0.485789627893349
allsubs,0.99,DC_cort,PON,1,4,PFM3T7T01,PFM3T7T04,0.535477284328739
allsubs,0.99,DC_cort,SCAN,1,4,PFM3T7T01,PFM3T7T04,0.560222359481161
allsubs,0.99,cDC_cort,DMN,1,4,PFM3T7T01,PFM3T7T04,0.558441558441558
allsubs,0.99,cDC_cort,Vis,1,4,PFM3T7T01,PFM3T7T04,0.880917804240488
allsubs,0.99,cDC_cort,FP,1,4,PFM3T7T01,PFM3T7T04,0.557865994538962
allsubs,0.99,cDC_cort,DAN,1,4,PFM3T7T01,PFM3T7T04,0.467087659210104
allsubs,0.99,cDC_cort,VAN,1,4,PFM3T7T01,PFM3T7T04,0.269484296238852
allsubs,0.99,cDC_cort,Sal,1,4,PFM3T7T01,PFM3T7T04,0.370149253731343
allsubs,0.99,cDC_cort,AMN,1,4,PFM3T7T01,PFM3T7T04,0.561942901433923
allsubs,0.99,cDC_cort,SMd,1,4,PFM3T7T01,PFM3T7T04,0.591638308215848
allsubs,0.99,cDC_cort,SMl,1,4,PFM3T7T01,PFM3T7T04,0.560818083961249
allsubs,0.99,cDC_cort,Aud,1,4,PFM3T7T01,PFM3T7T04,0.682207248224367
allsubs,0.99,cDC_cort,Tpole,1,4,PFM3T7T01,PFM3T7T04,0.269340974212034
allsubs,0.99,cDC_cort,MTL,1,4,PFM3T7T01,PFM3T7T04,0.433795291367507
allsubs,0.99,cDC_cort,PMN,1,4,PFM3T7T01,PFM3T7T04,0.485789627893349
allsubs,0.99,cDC_cort,PON,1,4,PFM3T7T01,PFM3T7T04,0.535477284328739
allsubs,0.99,cDC_cort,SCAN,1,4,PFM3T7T01,PFM3T7T04,0.560222359481161
allsubs,0.99,TP_cort,DMN,1,4,PFM3T7T01,PFM3T7T04,3311.0
allsubs,0.99,TP_cort,Vis,1,4,PFM3T7T01,PFM3T7T04,6066.0
allsubs,0.99,TP_cort,FP,1,4,PFM3T7T01,PFM3T7T04,3984.0
allsubs,0.99,TP_cort,DAN,1,4,PFM3T7T01,PFM3T7T04,2182.0
allsubs,0.99,TP_cort,VAN,1,4,PFM3T7T01,PFM3T7T04,695.0
allsubs,0.99,TP_cort,Sal,1,4,PFM3T7T01,PFM3T7T04,496.0
allsubs,0.99,TP_cort,AMN,1,4,PFM3T7T01,PFM3T7T04,4350.0
allsubs,0.99,TP_cort,SMd,1,4,PFM3T7T01,PFM3T7T04,1217.0
allsubs,0.99,TP_cort,SMl,1,4,PFM3T7T01,PFM3T7T04,1042.0
allsubs,0.99,TP_cort,Aud,1,4,PFM3T7T01,PFM3T7T04,1873.0
allsubs,0.99,TP_cort,Tpole,1,4,PFM3T7T01,PFM3T7T04,188.0
allsubs,0.99,TP_cort,MTL,1,4,PFM3T7T01,PFM3T7T04,1299.0
allsubs,0.99,TP_cort,PMN,1,4,PFM3T7T01,PFM3T7T04,829.0
allsubs,0.99,TP_cort,PON,1,4,PFM3T7T01,PFM3T7T04,1049.0
allsubs,0.99,TP_cort,SCAN,1,4,PFM3T7T01,PFM3T7T04,907.0
allsubs,0.99,TN_cort,DMN,1,4,PFM3T7T01,PFM3T7T04,50865.0
allsubs,0.99,TN_cort,Vis,1,4,PFM3T7T01,PFM3T7T04,51706.0
allsubs,0.99,TN_cort,FP,1,4,PFM3T7T01,PFM3T7T04,49113.0
allsubs,0.99,TN_cort,DAN,1,4,PFM3T7T01,PFM3T7T04,52251.0
allsubs,0.99,TN_cort,VAN,1,4,PFM3T7T01,PFM3T7T04,54949.0
allsubs,0.99,TN_cort,Sal,1,4,PFM3T7T01,PFM3T7T04,57228.0
allsubs,0.99,TN_cort,AMN,1,4,PFM3T7T01,PFM3T7T04,48280.0
allsubs,0.99,TN_cort,SMd,1,4,PFM3T7T01,PFM3T7T04,56515.0
allsubs,0.99,TN_cort,SMl,1,4,PFM3T7T01,PFM3T7T04,56738.0
allsubs,0.99,TN_cort,Aud,1,4,PFM3T7T01,PFM3T7T04,55794.0
allsubs,0.99,TN_cort,Tpole,1,4,PFM3T7T01,PFM3T7T04,58204.0
allsubs,0.99,TN_cort,MTL,1,4,PFM3T7T01,PFM3T7T04,54722.0
allsubs,0.99,TN_cort,PMN,1,4,PFM3T7T01,PFM3T7T04,56828.0
allsubs,0.99,TN_cort,PON,1,4,PFM3T7T01,PFM3T7T04,56543.0
allsubs,0.99,TN_cort,SCAN,1,4,PFM3T7T01,PFM3T7T04,57081.0
allsubs,0.99,FP_cort,DMN,1,4,PFM3T7T01,PFM3T7T04,2519.0
allsubs,0.99,FP_cort,Vis,1,4,PFM3T7T01,PFM3T7T04,524.0
allsubs,0.99,FP_cort,FP,1,4,PFM3T7T01,PFM3T7T04,3057.0
allsubs,0.99,FP_cort,DAN,1,4,PFM3T7T01,PFM3T7T04,1405.0
allsubs,0.99,FP_cort,VAN,1,4,PFM3T7T01,PFM3T7T04,402.0
allsubs,0.99,FP_cort,Sal,1,4,PFM3T7T01,PFM3T7T04,672.0
allsubs,0.99,FP_cort,AMN,1,4,PFM3T7T01,PFM3T7T04,2558.0
allsubs,0.99,FP_cort,SMd,1,4,PFM3T7T01,PFM3T7T04,302.0
allsubs,0.99,FP_cort,SMl,1,4,PFM3T7T01,PFM3T7T04,757.0
allsubs,0.99,FP_cort,Aud,1,4,PFM3T7T01,PFM3T7T04,516.0
allsubs,0.99,FP_cort,Tpole,1,4,PFM3T7T01,PFM3T7T04,57.0
allsubs,0.99,FP_cort,MTL,1,4,PFM3T7T01,PFM3T7T04,404.0
allsubs,0.99,FP_cort,PMN,1,4,PFM3T7T01,PFM3T7T04,794.0
allsubs,0.99,FP_cort,PON,1,4,PFM3T7T01,PFM3T7T04,286.0
allsubs,0.99,FP_cort,SCAN,1,4,PFM3T7T01,PFM3T7T04,698.0
allsubs,0.99,FN_cort,DMN,1,4,PFM3T7T01,PFM3T7T04,2717.0
allsubs,0.99,FN_cort,Vis,1,4,PFM3T7T01,PFM3T7T04,1116.0
allsubs,0.99,FN_cort,FP,1,4,PFM3T7T01,PFM3T7T04,3258.0
allsubs,0.99,FN_cort,DAN,1,4,PFM3T7T01,PFM3T7T04,3574.0
allsubs,0.99,FN_cort,VAN,1,4,PFM3T7T01,PFM3T7T04,3366.0
allsubs,0.99,FN_cort,Sal,1,4,PFM3T7T01,PFM3T7T04,1016.0
allsubs,0.99,FN_cort,AMN,1,4,PFM3T7T01,PFM3T7T04,4224.0
allsubs,0.99,FN_cort,SMd,1,4,PFM3T7T01,PFM3T7T04,1378.0
allsubs,0.99,FN_cort,SMl,1,4,PFM3T7T01,PFM3T7T04,875.0
allsubs,0.99,FN_cort,Aud,1,4,PFM3T7T01,PFM3T7T04,1229.0
allsubs,0.99,FN_cort,Tpole,1,4,PFM3T7T01,PFM3T7T04,963.0
allsubs,0.99,FN_cort,MTL,1,4,PFM3T7T01,PFM3T7T04,2987.0
allsubs,0.99,FN_cort,PMN,1,4,PFM3T7T01,PFM3T7T04,961.0
allsubs,0.99,FN_cort,PON,1,4,PFM3T7T01,PFM3T7T04,1534.0
allsubs,0.99,FN_cort,SCAN,1,4,PFM3T7T01,PFM3T7T04,726.0
allsubs,0.99,TPR_cort,DMN,1,4,PFM3T7T01,PFM3T7T04,0.549270072992701
allsubs,0.99,TPR_cort,Vis,1,4,PFM3T7T01,PFM3T7T04,0.844611528822055
allsubs,0.99,TPR_cort,FP,1,4,PFM3T7T01,PFM3T7T04,0.550124275062138
allsubs,0.99,TPR_cort,DAN,1,4,PFM3T7T01,PFM3T7T04,0.379082696316887
allsubs,0.99,TPR_cort,VAN,1,4,PFM3T7T01,PFM3T7T04,0.171140113272593
allsubs,0.99,TPR_cort,Sal,1,4,PFM3T7T01,PFM3T7T04,0.328042328042328
allsubs,0.99,TPR_cort,AMN,1,4,PFM3T7T01,PFM3T7T04,0.507347795661302
allsubs,0.99,TPR_cort,SMd,1,4,PFM3T7T01,PFM3T7T04,0.46897880539499
allsubs,0.99,TPR_cort,SMl,1,4,PFM3T7T01,PFM3T7T04,0.543557642149191
allsubs,0.99,TPR_cort,Aud,1,4,PFM3T7T01,PFM3T7T04,0.603803997421019
allsubs,0.99,TPR_cort,Tpole,1,4,PFM3T7T01,PFM3T7T04,0.163336229365769
allsubs,0.99,TPR_cort,MTL,1,4,PFM3T7T01,PFM3T7T04,0.303079794680355
allsubs,0.99,TPR_cort,PMN,1,4,PFM3T7T01,PFM3T7T04,0.463128491620112
allsubs,0.99,TPR_cort,PON,1,4,PFM3T7T01,PFM3T7T04,0.40611691831204
allsubs,0.99,TPR_cort,SCAN,1,4,PFM3T7T01,PFM3T7T04,0.555419473361911
allsubs,0.99,TNR_cort,DMN,1,4,PFM3T7T01,PFM3T7T04,0.952813577101753
allsubs,0.99,TNR_cort,Vis,1,4,PFM3T7T01,PFM3T7T04,0.989967451656136
allsubs,0.99,TNR_cort,FP,1,4,PFM3T7T01,PFM3T7T04,0.941403105232893
allsubs,0.99,TNR_cort,DAN,1,4,PFM3T7T01,PFM3T7T04,0.973814671239004
allsubs,0.99,TNR_cort,VAN,1,4,PFM3T7T01,PFM3T7T04,0.992737258586114
allsubs,0.99,TNR_cort,Sal,1,4,PFM3T7T01,PFM3T7T04,0.98839378238342
allsubs,0.99,TNR_cort,AMN,1,4,PFM3T7T01,PFM3T7T04,0.94968330776191
allsubs,0.99,TNR_cort,SMd,1,4,PFM3T7T01,PFM3T7T04,0.99468468944154
allsubs,0.99,TNR_cort,SMl,1,4,PFM3T7T01,PFM3T7T04,0.986833637707627
allsubs,0.99,TNR_cort,Aud,1,4,PFM3T7T01,PFM3T7T04,0.990836441129462
allsubs,0.99,TNR_cort,Tpole,1,4,PFM3T7T01,PFM3T7T04,0.999021643981394
allsubs,0.99,TNR_cort,MTL,1,4,PFM3T7T01,PFM3T7T04,0.992671334760367
allsubs,0.99,TNR_cort,PMN,1,4,PFM3T7T01,PFM3T7T04,0.98622054076568
allsubs,0.99,TNR_cort,PON,1,4,PFM3T7T01,PFM3T7T04,0.994967358214996
allsubs,0.99,TNR_cort,SCAN,1,4,PFM3T7T01,PFM3T7T04,0.987919486318559
allsubs,0.99,FPR_cort,DMN,1,4,PFM3T7T01,PFM3T7T04,0.0471864228982467
allsubs,0.99,FPR_cort,Vis,1,4,PFM3T7T01,PFM3T7T04,0.0100325483438637
allsubs,0.99,FPR_cort,FP,1,4,PFM3T7T01,PFM3T7T04,0.0585968947671075
allsubs,0.99,FPR_cort,DAN,1,4,PFM3T7T01,PFM3T7T04,0.026185328760996
allsubs,0.99,FPR_cort,VAN,1,4,PFM3T7T01,PFM3T7T04,0.0072627414138859
allsubs,0.99,FPR_cort,Sal,1,4,PFM3T7T01,PFM3T7T04,0.0116062176165803
allsubs,0.99,FPR_cort,AMN,1,4,PFM3T7T01,PFM3T7T04,0.0503166922380896
allsubs,0.99,FPR_cort,SMd,1,4,PFM3T7T01,PFM3T7T04,0.0053153105584596
allsubs,0.99,FPR_cort,SMl,1,4,PFM3T7T01,PFM3T7T04,0.0131663622923732
allsubs,0.99,FPR_cort,Aud,1,4,PFM3T7T01,PFM3T7T04,0.009163558870538
allsubs,0.99,FPR_cort,Tpole,1,4,PFM3T7T01,PFM3T7T04,0.0009783560186059
allsubs,0.99,FPR_cort,MTL,1,4,PFM3T7T01,PFM3T7T04,0.0073286652396328
allsubs,0.99,FPR_cort,PMN,1,4,PFM3T7T01,PFM3T7T04,0.0137794592343202
allsubs,0.99,FPR_cort,PON,1,4,PFM3T7T01,PFM3T7T04,0.0050326417850041
allsubs,0.99,FPR_cort,SCAN,1,4,PFM3T7T01,PFM3T7T04,0.0120805136814414
allsubs,0.99,FNR_cort,DMN,1,4,PFM3T7T01,PFM3T7T04,0.450729927007299
allsubs,0.99,FNR_cort,Vis,1,4,PFM3T7T01,PFM3T7T04,0.155388471177945
allsubs,0.99,FNR_cort,FP,1,4,PFM3T7T01,PFM3T7T04,0.449875724937862
allsubs,0.99,FNR_cort,DAN,1,4,PFM3T7T01,PFM3T7T04,0.620917303683113
allsubs,0.99,FNR_cort,VAN,1,4,PFM3T7T01,PFM3T7T04,0.828859886727407
allsubs,0.99,FNR_cort,Sal,1,4,PFM3T7T01,PFM3T7T04,0.671957671957672
allsubs,0.99,FNR_cort,AMN,1,4,PFM3T7T01,PFM3T7T04,0.492652204338698
allsubs,0.99,FNR_cort,SMd,1,4,PFM3T7T01,PFM3T7T04,0.53102119460501
allsubs,0.99,FNR_cort,SMl,1,4,PFM3T7T01,PFM3T7T04,0.456442357850809
allsubs,0.99,FNR_cort,Aud,1,4,PFM3T7T01,PFM3T7T04,0.396196002578981
allsubs,0.99,FNR_cort,Tpole,1,4,PFM3T7T01,PFM3T7T04,0.836663770634231
allsubs,0.99,FNR_cort,MTL,1,4,PFM3T7T01,PFM3T7T04,0.696920205319645
allsubs,0.99,FNR_cort,PMN,1,4,PFM3T7T01,PFM3T7T04,0.536871508379888
allsubs,0.99,FNR_cort,PON,1,4,PFM3T7T01,PFM3T7T04,0.59388308168796
allsubs,0.99,FNR_cort,SCAN,1,4,PFM3T7T01,PFM3T7T04,0.444580526638089
allsubs,0.99,NPV_cort,DMN,1,4,PFM3T7T01,PFM3T7T04,0.949292672912545
allsubs,0.99,NPV_cort,Vis,1,4,PFM3T7T01,PFM3T7T04,0.978872439513839
allsubs,0.99,NPV_cort,FP,1,4,PFM3T7T01,PFM3T7T04,0.937789998281492
allsubs,0.99,NPV_cort,DAN,1,4,PFM3T7T01,PFM3T7T04,0.935978504254366
allsubs,0.99,NPV_cort,VAN,1,4,PFM3T7T01,PFM3T7T04,0.942279001972048
allsubs,0.99,NPV_cort,Sal,1,4,PFM3T7T01,PFM3T7T04,0.982556143122038
allsubs,0.99,NPV_cort,AMN,1,4,PFM3T7T01,PFM3T7T04,0.919548986743867
allsubs,0.99,NPV_cort,SMd,1,4,PFM3T7T01,PFM3T7T04,0.976197467742214
allsubs,0.99,NPV_cort,SMl,1,4,PFM3T7T01,PFM3T7T04,0.984812455522191
allsubs,0.99,NPV_cort,Aud,1,4,PFM3T7T01,PFM3T7T04,0.978447293197482
allsubs,0.99,NPV_cort,Tpole,1,4,PFM3T7T01,PFM3T7T04,0.983724035357547
allsubs,0.99,NPV_cort,MTL,1,4,PFM3T7T01,PFM3T7T04,0.948240309137223
allsubs,0.99,NPV_cort,PMN,1,4,PFM3T7T01,PFM3T7T04,0.983370537645573
allsubs,0.99,NPV_cort,PON,1,4,PFM3T7T01,PFM3T7T04,0.973586789951272
allsubs,0.99,NPV_cort,SCAN,1,4,PFM3T7T01,PFM3T7T04,0.987440967356894
allsubs,0.99,PPV_cort,DMN,1,4,PFM3T7T01,PFM3T7T04,0.567924528301887
allsubs,0.99,PPV_cort,Vis,1,4,PFM3T7T01,PFM3T7T04,0.920485584218513
allsubs,0.99,PPV_cort,FP,1,4,PFM3T7T01,PFM3T7T04,0.565828717511717
allsubs,0.99,PPV_cort,DAN,1,4,PFM3T7T01,PFM3T7T04,0.608307778087538
allsubs,0.99,PPV_cort,VAN,1,4,PFM3T7T01,PFM3T7T04,0.633546034639927
allsubs,0.99,PPV_cort,Sal,1,4,PFM3T7T01,PFM3T7T04,0.424657534246575
allsubs,0.99,PPV_cort,AMN,1,4,PFM3T7T01,PFM3T7T04,0.629704690214244
allsubs,0.99,PPV_cort,SMd,1,4,PFM3T7T01,PFM3T7T04,0.801184990125082
allsubs,0.99,PPV_cort,SMl,1,4,PFM3T7T01,PFM3T7T04,0.579210672595887
allsubs,0.99,PPV_cort,Aud,1,4,PFM3T7T01,PFM3T7T04,0.78401004604437
allsubs,0.99,PPV_cort,Tpole,1,4,PFM3T7T01,PFM3T7T04,0.76734693877551
allsubs,0.99,PPV_cort,MTL,1,4,PFM3T7T01,PFM3T7T04,0.762771579565473
allsubs,0.99,PPV_cort,PMN,1,4,PFM3T7T01,PFM3T7T04,0.510782501540357
allsubs,0.99,PPV_cort,PON,1,4,PFM3T7T01,PFM3T7T04,0.785767790262172
allsubs,0.99,PPV_cort,SCAN,1,4,PFM3T7T01,PFM3T7T04,0.565109034267913
allsubs,0.99,PPVcorr_Jeffreys_cort,DMN,1,4,PFM3T7T01,PFM3T7T04,0.56155950752394
allsubs,0.99,PPVcorr_Jeffreys_cort,Vis,1,4,PFM3T7T01,PFM3T7T04,0.879163131824526
allsubs,0.99,PPVcorr_Jeffreys_cort,FP,1,4,PFM3T7T01,PFM3T7T04,0.559689383402874
allsubs,0.99,PPVcorr_Jeffreys_cort,DAN,1,4,PFM3T7T01,PFM3T7T04,0.593331091144958
allsubs,0.99,PPVcorr_Jeffreys_cort,VAN,1,4,PFM3T7T01,PFM3T7T04,0.597465238507085
allsubs,0.99,PPVcorr_Jeffreys_cort,Sal,1,4,PFM3T7T01,PFM3T7T04,0.433292904790782
allsubs,0.99,PPVcorr_Jeffreys_cort,AMN,1,4,PFM3T7T01,PFM3T7T04,0.615383624797177
allsubs,0.99,PPVcorr_Jeffreys_cort,SMd,1,4,PFM3T7T01,PFM3T7T04,0.757239246556087
allsubs,0.99,PPVcorr_Jeffreys_cort,SMl,1,4,PFM3T7T01,PFM3T7T04,0.571582860300397
allsubs,0.99,PPVcorr_Jeffreys_cort,Aud,1,4,PFM3T7T01,PFM3T7T04,0.751370776526378
allsubs,0.99,PPVcorr_Jeffreys_cort,Tpole,1,4,PFM3T7T01,PFM3T7T04,0.681893918356012
allsubs,0.99,PPVcorr_Jeffreys_cort,MTL,1,4,PFM3T7T01,PFM3T7T04,0.709936198161006
allsubs,0.99,PPVcorr_Jeffreys_cort,PMN,1,4,PFM3T7T01,PFM3T7T04,0.509711431742508
allsubs,0.99,PPVcorr_Jeffreys_cort,PON,1,4,PFM3T7T01,PFM3T7T04,0.739440155651792
allsubs,0.99,PPVcorr_Jeffreys_cort,SCAN,1,4,PFM3T7T01,PFM3T7T04,0.559096307187694
allsubs,0.99,PPVcorr_d1d2_cort,DMN,1,4,PFM3T7T01,PFM3T7T04,0.574644297499099
allsubs,0.99,PPVcorr_d1d2_cort,Vis,1,4,PFM3T7T01,PFM3T7T04,0.9203791915565
allsubs,0.99,PPVcorr_d1d2_cort,FP,1,4,PFM3T7T01,PFM3T7T04,0.571510014507458
allsubs,0.99,PPVcorr_d1d2_cort,DAN,1,4,PFM3T7T01,PFM3T7T04,0.608681556847594
allsubs,0.99,PPVcorr_d1d2_cort,VAN,1,4,PFM3T7T01,PFM3T7T04,0.603099374768503
allsubs,0.99,PPVcorr_d1d2_cort,Sal,1,4,PFM3T7T01,PFM3T7T04,0.45212661721724
allsubs,0.99,PPVcorr_d1d2_cort,AMN,1,4,PFM3T7T01,PFM3T7T04,0.632197055583473
allsubs,0.99,PPVcorr_d1d2_cort,SMd,1,4,PFM3T7T01,PFM3T7T04,0.78767632436547
allsubs,0.99,PPVcorr_d1d2_cort,SMl,1,4,PFM3T7T01,PFM3T7T04,0.598076078302172
allsubs,0.99,PPVcorr_d1d2_cort,Aud,1,4,PFM3T7T01,PFM3T7T04,0.783339288812244
allsubs,0.99,PPVcorr_d1d2_cort,Tpole,1,4,PFM3T7T01,PFM3T7T04,0.606317452027139
allsubs,0.99,PPVcorr_d1d2_cort,MTL,1,4,PFM3T7T01,PFM3T7T04,0.742369189430239
allsubs,0.99,PPVcorr_d1d2_cort,PMN,1,4,PFM3T7T01,PFM3T7T04,0.533741526137734
allsubs,0.99,PPVcorr_d1d2_cort,PON,1,4,PFM3T7T01,PFM3T7T04,0.76684128709572
allsubs,0.99,PPVcorr_d1d2_cort,SCAN,1,4,PFM3T7T01,PFM3T7T04,0.589557657889844
allsubs,0.99,PPVcorr_bayes_cort,DMN,1,4,PFM3T7T01,PFM3T7T04,0.587535059682995
allsubs,0.99,PPVcorr_bayes_cort,Vis,1,4,PFM3T7T01,PFM3T7T04,0.920274528424051
allsubs,0.99,PPVcorr_bayes_cort,FP,1,4,PFM3T7T01,PFM3T7T04,0.58569576315825
allsubs,0.99,PPVcorr_bayes_cort,DAN,1,4,PFM3T7T01,PFM3T7T04,0.609383869136694
allsubs,0.99,PPVcorr_bayes_cort,VAN,1,4,PFM3T7T01,PFM3T7T04,0.576726490142577
allsubs,0.99,PPVcorr_bayes_cort,Sal,1,4,PFM3T7T01,PFM3T7T04,0.445846054957416
allsubs,0.99,PPVcorr_bayes_cort,AMN,1,4,PFM3T7T01,PFM3T7T04,0.639968927593115
allsubs,0.99,PPVcorr_bayes_cort,SMd,1,4,PFM3T7T01,PFM3T7T04,0.784027883012578
allsubs,0.99,PPVcorr_bayes_cort,SMl,1,4,PFM3T7T01,PFM3T7T04,0.597331012474616
allsubs,0.99,PPVcorr_bayes_cort,Aud,1,4,PFM3T7T01,PFM3T7T04,0.783053711052611
allsubs,0.99,PPVcorr_bayes_cort,Tpole,1,4,PFM3T7T01,PFM3T7T04,0.661340800527096
allsubs,0.99,PPVcorr_bayes_cort,MTL,1,4,PFM3T7T01,PFM3T7T04,0.721810978470521
allsubs,0.99,PPVcorr_bayes_cort,PMN,1,4,PFM3T7T01,PFM3T7T04,0.531456084038518
allsubs,0.99,PPVcorr_bayes_cort,PON,1,4,PFM3T7T01,PFM3T7T04,0.761867385591919
allsubs,0.99,PPVcorr_bayes_cort,SCAN,1,4,PFM3T7T01,PFM3T7T04,0.585281308328149
allsubs,0.99,MCC_cort,DMN,1,4,PFM3T7T01,PFM3T7T04,0.509594250632187
allsubs,0.99,MCC_cort,Vis,1,4,PFM3T7T01,PFM3T7T04,0.866363262454859
allsubs,0.99,MCC_cort,FP,1,4,PFM3T7T01,PFM3T7T04,0.497536318313933
allsubs,0.99,MCC_cort,DAN,1,4,PFM3T7T01,PFM3T7T04,0.438266124900431
allsubs,0.99,MCC_cort,VAN,1,4,PFM3T7T01,PFM3T7T04,0.307188368351431
allsubs,0.99,MCC_cort,Sal,1,4,PFM3T7T01,PFM3T7T04,0.358966728512114
allsubs,0.99,MCC_cort,AMN,1,4,PFM3T7T01,PFM3T7T04,0.501024963489268
allsubs,0.99,MCC_cort,SMd,1,4,PFM3T7T01,PFM3T7T04,0.600369775421251
allsubs,0.99,MCC_cort,SMl,1,4,PFM3T7T01,PFM3T7T04,0.546948762491875
allsubs,0.99,MCC_cort,Aud,1,4,PFM3T7T01,PFM3T7T04,0.673340899235155
allsubs,0.99,MCC_cort,Tpole,1,4,PFM3T7T01,PFM3T7T04,0.349202356940822
allsubs,0.99,MCC_cort,MTL,1,4,PFM3T7T01,PFM3T7T04,0.458565774049485
allsubs,0.99,MCC_cort,PMN,1,4,PFM3T7T01,PFM3T7T04,0.47121883452245
allsubs,0.99,MCC_cort,PON,1,4,PFM3T7T01,PFM3T7T04,0.551874245125101
allsubs,0.99,MCC_cort,SCAN,1,4,PFM3T7T01,PFM3T7T04,0.547925125408814
allsubs,0.99,muI_cort,WholeBrainOrSingleVal,1,4,PFM3T7T01,PFM3T7T04,1.86907967684739
allsubs,0.99,VIn_cort,WholeBrainOrSingleVal,1,4,PFM3T7T01,PFM3T7T04,0.217908236147661
allsubs,0.99,MIn_cort,WholeBrainOrSingleVal,1,4,PFM3T7T01,PFM3T7T04,0.526311400123237
allsubs,0.99,DC_cort,DMN,2,1,PFM3T7T02,PFM3T7T01,0.607822605481983
allsubs,0.99,DC_cort,Vis,2,1,PFM3T7T02,PFM3T7T01,0.838478747203579
allsubs,0.99,DC_cort,FP,2,1,PFM3T7T02,PFM3T7T01,0.50712018878672
allsubs,0.99,DC_cort,DAN,2,1,PFM3T7T02,PFM3T7T01,0.520504453655525
allsubs,0.99,DC_cort,VAN,2,1,PFM3T7T02,PFM3T7T01,0.4375
allsubs,0.99,DC_cort,Sal,2,1,PFM3T7T02,PFM3T7T01,0.392272154556909
allsubs,0.99,DC_cort,AMN,2,1,PFM3T7T02,PFM3T7T01,0.560336906584992
allsubs,0.99,DC_cort,SMd,2,1,PFM3T7T02,PFM3T7T01,0.579901153212521
allsubs,0.99,DC_cort,SMl,2,1,PFM3T7T02,PFM3T7T01,0.444391408114558
allsubs,0.99,DC_cort,Aud,2,1,PFM3T7T02,PFM3T7T01,0.616403464085583
allsubs,0.99,DC_cort,Tpole,2,1,PFM3T7T02,PFM3T7T01,0.396373056994819
allsubs,0.99,DC_cort,MTL,2,1,PFM3T7T02,PFM3T7T01,0.513814432989691
allsubs,0.99,DC_cort,PMN,2,1,PFM3T7T02,PFM3T7T01,0.445705637533106
allsubs,0.99,DC_cort,PON,2,1,PFM3T7T02,PFM3T7T01,0.465797178599947
allsubs,0.99,DC_cort,SCAN,2,1,PFM3T7T02,PFM3T7T01,0.454657618753856
allsubs,0.99,cDC_cort,DMN,2,1,PFM3T7T02,PFM3T7T01,0.607822605481983
allsubs,0.99,cDC_cort,Vis,2,1,PFM3T7T02,PFM3T7T01,0.838478747203579
allsubs,0.99,cDC_cort,FP,2,1,PFM3T7T02,PFM3T7T01,0.50712018878672
allsubs,0.99,cDC_cort,DAN,2,1,PFM3T7T02,PFM3T7T01,0.520504453655525
allsubs,0.99,cDC_cort,VAN,2,1,PFM3T7T02,PFM3T7T01,0.4375
allsubs,0.99,cDC_cort,Sal,2,1,PFM3T7T02,PFM3T7T01,0.392272154556909
allsubs,0.99,cDC_cort,AMN,2,1,PFM3T7T02,PFM3T7T01,0.560336906584992
allsubs,0.99,cDC_cort,SMd,2,1,PFM3T7T02,PFM3T7T01,0.579901153212521
allsubs,0.99,cDC_cort,SMl,2,1,PFM3T7T02,PFM3T7T01,0.444391408114558
allsubs,0.99,cDC_cort,Aud,2,1,PFM3T7T02,PFM3T7T01,0.616403464085583
allsubs,0.99,cDC_cort,Tpole,2,1,PFM3T7T02,PFM3T7T01,0.396373056994819
allsubs,0.99,cDC_cort,MTL,2,1,PFM3T7T02,PFM3T7T01,0.513814432989691
allsubs,0.99,cDC_cort,PMN,2,1,PFM3T7T02,PFM3T7T01,0.445705637533106
allsubs,0.99,cDC_cort,PON,2,1,PFM3T7T02,PFM3T7T01,0.465797178599947
allsubs,0.99,cDC_cort,SCAN,2,1,PFM3T7T02,PFM3T7T01,0.454657618753856
allsubs,0.99,TP_cort,DMN,2,1,PFM3T7T02,PFM3T7T01,4934.0
allsubs,0.99,TP_cort,Vis,2,1,PFM3T7T02,PFM3T7T01,5622.0
allsubs,0.99,TP_cort,FP,2,1,PFM3T7T02,PFM3T7T01,3116.0
allsubs,0.99,TP_cort,DAN,2,1,PFM3T7T02,PFM3T7T01,2951.0
allsubs,0.99,TP_cort,VAN,2,1,PFM3T7T02,PFM3T7T01,1169.0
allsubs,0.99,TP_cort,Sal,2,1,PFM3T7T02,PFM3T7T01,467.0
allsubs,0.99,TP_cort,AMN,2,1,PFM3T7T02,PFM3T7T01,3659.0
allsubs,0.99,TP_cort,SMd,2,1,PFM3T7T02,PFM3T7T01,1760.0
allsubs,0.99,TP_cort,SMl,2,1,PFM3T7T02,PFM3T7T01,931.0
allsubs,0.99,TP_cort,Aud,2,1,PFM3T7T02,PFM3T7T01,2420.0
allsubs,0.99,TP_cort,Tpole,2,1,PFM3T7T02,PFM3T7T01,153.0
allsubs,0.99,TP_cort,MTL,2,1,PFM3T7T02,PFM3T7T01,1246.0
allsubs,0.99,TP_cort,PMN,2,1,PFM3T7T02,PFM3T7T01,589.0
allsubs,0.99,TP_cort,PON,2,1,PFM3T7T02,PFM3T7T01,875.0
allsubs,0.99,TP_cort,SCAN,2,1,PFM3T7T02,PFM3T7T01,737.0
allsubs,0.99,TN_cort,DMN,2,1,PFM3T7T02,PFM3T7T01,48111.0
allsubs,0.99,TN_cort,Vis,2,1,PFM3T7T02,PFM3T7T01,51624.0
allsubs,0.99,TN_cort,FP,2,1,PFM3T7T02,PFM3T7T01,50239.0
allsubs,0.99,TN_cort,DAN,2,1,PFM3T7T02,PFM3T7T01,51024.0
allsubs,0.99,TN_cort,VAN,2,1,PFM3T7T02,PFM3T7T01,55237.0
allsubs,0.99,TN_cort,Sal,2,1,PFM3T7T02,PFM3T7T01,57498.0
allsubs,0.99,TN_cort,AMN,2,1,PFM3T7T02,PFM3T7T01,50011.0
allsubs,0.99,TN_cort,SMd,2,1,PFM3T7T02,PFM3T7T01,55102.0
allsubs,0.99,TN_cort,SMl,2,1,PFM3T7T02,PFM3T7T01,56153.0
allsubs,0.99,TN_cort,Aud,2,1,PFM3T7T02,PFM3T7T01,53980.0
allsubs,0.99,TN_cort,Tpole,2,1,PFM3T7T02,PFM3T7T01,58793.0
allsubs,0.99,TN_cort,MTL,2,1,PFM3T7T02,PFM3T7T01,55808.0
allsubs,0.99,TN_cort,PMN,2,1,PFM3T7T02,PFM3T7T01,57358.0
allsubs,0.99,TN_cort,PON,2,1,PFM3T7T02,PFM3T7T01,56530.0
allsubs,0.99,TN_cort,SCAN,2,1,PFM3T7T02,PFM3T7T01,56907.0
allsubs,0.99,FP_cort,DMN,2,1,PFM3T7T02,PFM3T7T01,2975.0
allsubs,0.99,FP_cort,Vis,2,1,PFM3T7T02,PFM3T7T01,576.0
allsubs,0.99,FP_cort,FP,2,1,PFM3T7T02,PFM3T7T01,1778.0
allsubs,0.99,FP_cort,DAN,2,1,PFM3T7T02,PFM3T7T01,1078.0
allsubs,0.99,FP_cort,VAN,2,1,PFM3T7T02,PFM3T7T01,1657.0
allsubs,0.99,FP_cort,Sal,2,1,PFM3T7T02,PFM3T7T01,293.0
allsubs,0.99,FP_cort,AMN,2,1,PFM3T7T02,PFM3T7T01,3864.0
allsubs,0.99,FP_cort,SMd,2,1,PFM3T7T02,PFM3T7T01,1350.0
allsubs,0.99,FP_cort,SMl,2,1,PFM3T7T02,PFM3T7T01,1036.0
allsubs,0.99,FP_cort,Aud,2,1,PFM3T7T02,PFM3T7T01,418.0
allsubs,0.99,FP_cort,Tpole,2,1,PFM3T7T02,PFM3T7T01,111.0
allsubs,0.99,FP_cort,MTL,2,1,PFM3T7T02,PFM3T7T01,326.0
allsubs,0.99,FP_cort,PMN,2,1,PFM3T7T02,PFM3T7T01,180.0
allsubs,0.99,FP_cort,PON,2,1,PFM3T7T02,PFM3T7T01,1140.0
allsubs,0.99,FP_cort,SCAN,2,1,PFM3T7T02,PFM3T7T01,611.0
allsubs,0.99,FN_cort,DMN,2,1,PFM3T7T02,PFM3T7T01,3392.0
allsubs,0.99,FN_cort,Vis,2,1,PFM3T7T02,PFM3T7T01,1590.0
allsubs,0.99,FN_cort,FP,2,1,PFM3T7T02,PFM3T7T01,4279.0
allsubs,0.99,FN_cort,DAN,2,1,PFM3T7T02,PFM3T7T01,4359.0
allsubs,0.99,FN_cort,VAN,2,1,PFM3T7T02,PFM3T7T01,1349.0
allsubs,0.99,FN_cort,Sal,2,1,PFM3T7T02,PFM3T7T01,1154.0
allsubs,0.99,FN_cort,AMN,2,1,PFM3T7T02,PFM3T7T01,1878.0
allsubs,0.99,FN_cort,SMd,2,1,PFM3T7T02,PFM3T7T01,1200.0
allsubs,0.99,FN_cort,SMl,2,1,PFM3T7T02,PFM3T7T01,1292.0
allsubs,0.99,FN_cort,Aud,2,1,PFM3T7T02,PFM3T7T01,2594.0
allsubs,0.99,FN_cort,Tpole,2,1,PFM3T7T02,PFM3T7T01,355.0
allsubs,0.99,FN_cort,MTL,2,1,PFM3T7T02,PFM3T7T01,2032.0
allsubs,0.99,FN_cort,PMN,2,1,PFM3T7T02,PFM3T7T01,1285.0
allsubs,0.99,FN_cort,PON,2,1,PFM3T7T02,PFM3T7T01,867.0
allsubs,0.99,FN_cort,SCAN,2,1,PFM3T7T02,PFM3T7T01,1157.0
allsubs,0.99,TPR_cort,DMN,2,1,PFM3T7T02,PFM3T7T01,0.592601489310593
allsubs,0.99,TPR_cort,Vis,2,1,PFM3T7T02,PFM3T7T01,0.779534109816972
allsubs,0.99,TPR_cort,FP,2,1,PFM3T7T02,PFM3T7T01,0.421365787694388
allsubs,0.99,TPR_cort,DAN,2,1,PFM3T7T02,PFM3T7T01,0.403693570451436
allsubs,0.99,TPR_cort,VAN,2,1,PFM3T7T02,PFM3T7T01,0.464257347100874
allsubs,0.99,TPR_cort,Sal,2,1,PFM3T7T02,PFM3T7T01,0.288093769278223
allsubs,0.99,TPR_cort,AMN,2,1,PFM3T7T02,PFM3T7T01,0.660827162723497
allsubs,0.99,TPR_cort,SMd,2,1,PFM3T7T02,PFM3T7T01,0.594594594594595
allsubs,0.99,TPR_cort,SMl,2,1,PFM3T7T02,PFM3T7T01,0.418803418803419
allsubs,0.99,TPR_cort,Aud,2,1,PFM3T7T02,PFM3T7T01,0.482648583964898
allsubs,0.99,TPR_cort,Tpole,2,1,PFM3T7T02,PFM3T7T01,0.301181102362205
allsubs,0.99,TPR_cort,MTL,2,1,PFM3T7T02,PFM3T7T01,0.380109823062843
allsubs,0.99,TPR_cort,PMN,2,1,PFM3T7T02,PFM3T7T01,0.314300960512273
allsubs,0.99,TPR_cort,PON,2,1,PFM3T7T02,PFM3T7T01,0.502296211251435
allsubs,0.99,TPR_cort,SCAN,2,1,PFM3T7T02,PFM3T7T01,0.389123548046462
allsubs,0.99,TNR_cort,DMN,2,1,PFM3T7T02,PFM3T7T01,0.941764867086873
allsubs,0.99,TNR_cort,Vis,2,1,PFM3T7T02,PFM3T7T01,0.988965517241379
allsubs,0.99,TNR_cort,FP,2,1,PFM3T7T02,PFM3T7T01,0.965818866908895
allsubs,0.99,TNR_cort,DAN,2,1,PFM3T7T02,PFM3T7T01,0.979309815362174
allsubs,0.99,TNR_cort,VAN,2,1,PFM3T7T02,PFM3T7T01,0.970875663514606
allsubs,0.99,TNR_cort,Sal,2,1,PFM3T7T02,PFM3T7T01,0.994930006402381
allsubs,0.99,TNR_cort,AMN,2,1,PFM3T7T02,PFM3T7T01,0.928278422273782
allsubs,0.99,TNR_cort,SMd,2,1,PFM3T7T02,PFM3T7T01,0.976085878268263
allsubs,0.99,TNR_cort,SMl,2,1,PFM3T7T02,PFM3T7T01,0.981884628162759
allsubs,0.99,TNR_cort,Aud,2,1,PFM3T7T02,PFM3T7T01,0.99231589396669
allsubs,0.99,TNR_cort,Tpole,2,1,PFM3T7T02,PFM3T7T01,0.998115577889447
allsubs,0.99,TNR_cort,MTL,2,1,PFM3T7T02,PFM3T7T01,0.994192468022945
allsubs,0.99,TNR_cort,PMN,2,1,PFM3T7T02,PFM3T7T01,0.996871632660155
allsubs,0.99,TNR_cort,PON,2,1,PFM3T7T02,PFM3T7T01,0.980232356511184
allsubs,0.99,TNR_cort,SCAN,2,1,PFM3T7T02,PFM3T7T01,0.989377238429709
allsubs,0.99,FPR_cort,DMN,2,1,PFM3T7T02,PFM3T7T01,0.0582351329131269
allsubs,0.99,FPR_cort,Vis,2,1,PFM3T7T02,PFM3T7T01,0.0110344827586207
allsubs,0.99,FPR_cort,FP,2,1,PFM3T7T02,PFM3T7T01,0.0341811330911048
allsubs,0.99,FPR_cort,DAN,2,1,PFM3T7T02,PFM3T7T01,0.0206901846378258
allsubs,0.99,FPR_cort,VAN,2,1,PFM3T7T02,PFM3T7T01,0.0291243364853939
allsubs,0.99,FPR_cort,Sal,2,1,PFM3T7T02,PFM3T7T01,0.005069993597619
allsubs,0.99,FPR_cort,AMN,2,1,PFM3T7T02,PFM3T7T01,0.0717215777262181
allsubs,0.99,FPR_cort,SMd,2,1,PFM3T7T02,PFM3T7T01,0.0239141217317367
allsubs,0.99,FPR_cort,SMl,2,1,PFM3T7T02,PFM3T7T01,0.0181153718372414
allsubs,0.99,FPR_cort,Aud,2,1,PFM3T7T02,PFM3T7T01,0.00768410603331
allsubs,0.99,FPR_cort,Tpole,2,1,PFM3T7T02,PFM3T7T01,0.0018844221105527
allsubs,0.99,FPR_cort,MTL,2,1,PFM3T7T02,PFM3T7T01,0.0058075319770549
allsubs,0.99,FPR_cort,PMN,2,1,PFM3T7T02,PFM3T7T01,0.0031283673398449
allsubs,0.99,FPR_cort,PON,2,1,PFM3T7T02,PFM3T7T01,0.0197676434888157
allsubs,0.99,FPR_cort,SCAN,2,1,PFM3T7T02,PFM3T7T01,0.010622761570291
allsubs,0.99,FNR_cort,DMN,2,1,PFM3T7T02,PFM3T7T01,0.407398510689407
allsubs,0.99,FNR_cort,Vis,2,1,PFM3T7T02,PFM3T7T01,0.220465890183028
allsubs,0.99,FNR_cort,FP,2,1,PFM3T7T02,PFM3T7T01,0.578634212305612
allsubs,0.99,FNR_cort,DAN,2,1,PFM3T7T02,PFM3T7T01,0.596306429548564
allsubs,0.99,FNR_cort,VAN,2,1,PFM3T7T02,PFM3T7T01,0.535742652899126
allsubs,0.99,FNR_cort,Sal,2,1,PFM3T7T02,PFM3T7T01,0.711906230721777
allsubs,0.99,FNR_cort,AMN,2,1,PFM3T7T02,PFM3T7T01,0.339172837276504
allsubs,0.99,FNR_cort,SMd,2,1,PFM3T7T02,PFM3T7T01,0.405405405405405
allsubs,0.99,FNR_cort,SMl,2,1,PFM3T7T02,PFM3T7T01,0.581196581196581
allsubs,0.99,FNR_cort,Aud,2,1,PFM3T7T02,PFM3T7T01,0.517351416035102
allsubs,0.99,FNR_cort,Tpole,2,1,PFM3T7T02,PFM3T7T01,0.698818897637795
allsubs,0.99,FNR_cort,MTL,2,1,PFM3T7T02,PFM3T7T01,0.619890176937157
allsubs,0.99,FNR_cort,PMN,2,1,PFM3T7T02,PFM3T7T01,0.685699039487727
allsubs,0.99,FNR_cort,PON,2,1,PFM3T7T02,PFM3T7T01,0.497703788748565
allsubs,0.99,FNR_cort,SCAN,2,1,PFM3T7T02,PFM3T7T01,0.610876451953537
allsubs,0.99,NPV_cort,DMN,2,1,PFM3T7T02,PFM3T7T01,0.934139758848999
allsubs,0.99,NPV_cort,Vis,2,1,PFM3T7T02,PFM3T7T01,0.97012064494306
allsubs,0.99,NPV_cort,FP,2,1,PFM3T7T02,PFM3T7T01,0.921512161121098
allsubs,0.99,NPV_cort,DAN,2,1,PFM3T7T02,PFM3T7T01,0.921293537728184
allsubs,0.99,NPV_cort,VAN,2,1,PFM3T7T02,PFM3T7T01,0.976160180963489
allsubs,0.99,NPV_cort,Sal,2,1,PFM3T7T02,PFM3T7T01,0.980324626611198
allsubs,0.99,NPV_cort,AMN,2,1,PFM3T7T02,PFM3T7T01,0.963807358014223
allsubs,0.99,NPV_cort,SMd,2,1,PFM3T7T02,PFM3T7T01,0.978686369933572
allsubs,0.99,NPV_cort,SMl,2,1,PFM3T7T02,PFM3T7T01,0.977508921577161
allsubs,0.99,NPV_cort,Aud,2,1,PFM3T7T02,PFM3T7T01,0.954148548803337
allsubs,0.99,NPV_cort,Tpole,2,1,PFM3T7T02,PFM3T7T01,0.99399810644485
allsubs,0.99,NPV_cort,MTL,2,1,PFM3T7T02,PFM3T7T01,0.964868603042877
allsubs,0.99,NPV_cort,PMN,2,1,PFM3T7T02,PFM3T7T01,0.978087751308767
allsubs,0.99,NPV_cort,PON,2,1,PFM3T7T02,PFM3T7T01,0.984894680906668
allsubs,0.99,NPV_cort,SCAN,2,1,PFM3T7T02,PFM3T7T01,0.980073711766327
allsubs,0.99,PPV_cort,DMN,2,1,PFM3T7T02,PFM3T7T01,0.623846251106335
allsubs,0.99,PPV_cort,Vis,2,1,PFM3T7T02,PFM3T7T01,0.907066795740561
allsubs,0.99,PPV_cort,FP,2,1,PFM3T7T02,PFM3T7T01,0.636697997548018
allsubs,0.99,PPV_cort,DAN,2,1,PFM3T7T02,PFM3T7T01,0.732439811367585
allsubs,0.99,PPV_cort,VAN,2,1,PFM3T7T02,PFM3T7T01,0.413658881811748
allsubs,0.99,PPV_cort,Sal,2,1,PFM3T7T02,PFM3T7T01,0.614473684210526
allsubs,0.99,PPV_cort,AMN,2,1,PFM3T7T02,PFM3T7T01,0.486375116309983
allsubs,0.99,PPV_cort,SMd,2,1,PFM3T7T02,PFM3T7T01,0.565916398713826
allsubs,0.99,PPV_cort,SMl,2,1,PFM3T7T02,PFM3T7T01,0.473309608540925
allsubs,0.99,PPV_cort,Aud,2,1,PFM3T7T02,PFM3T7T01,0.852713178294574
allsubs,0.99,PPV_cort,Tpole,2,1,PFM3T7T02,PFM3T7T01,0.579545454545455
allsubs,0.99,PPV_cort,MTL,2,1,PFM3T7T02,PFM3T7T01,0.792620865139949
allsubs,0.99,PPV_cort,PMN,2,1,PFM3T7T02,PFM3T7T01,0.76592977893368
allsubs,0.99,PPV_cort,PON,2,1,PFM3T7T02,PFM3T7T01,0.43424317617866
allsubs,0.99,PPV_cort,SCAN,2,1,PFM3T7T02,PFM3T7T01,0.54673590504451
allsubs,0.99,PPVcorr_Jeffreys_cort,DMN,2,1,PFM3T7T02,PFM3T7T01,0.612050425551387
allsubs,0.99,PPVcorr_Jeffreys_cort,Vis,2,1,PFM3T7T02,PFM3T7T01,0.86463753035033
allsubs,0.99,PPVcorr_Jeffreys_cort,FP,2,1,PFM3T7T02,PFM3T7T01,0.618753883021212
allsubs,0.99,PPVcorr_Jeffreys_cort,DAN,2,1,PFM3T7T02,PFM3T7T01,0.696743697478992
allsubs,0.99,PPVcorr_Jeffreys_cort,VAN,2,1,PFM3T7T02,PFM3T7T01,0.420722594060693
allsubs,0.99,PPVcorr_Jeffreys_cort,Sal,2,1,PFM3T7T02,PFM3T7T01,0.594349853595055
allsubs,0.99,PPVcorr_Jeffreys_cort,AMN,2,1,PFM3T7T02,PFM3T7T01,0.487309173300977
allsubs,0.99,PPVcorr_Jeffreys_cort,SMd,2,1,PFM3T7T02,PFM3T7T01,0.560187903699354
allsubs,0.99,PPVcorr_Jeffreys_cort,SMl,2,1,PFM3T7T02,PFM3T7T01,0.476019732334536
allsubs,0.99,PPVcorr_Jeffreys_cort,Aud,2,1,PFM3T7T02,PFM3T7T01,0.79975444690663
allsubs,0.99,PPVcorr_Jeffreys_cort,Tpole,2,1,PFM3T7T02,PFM3T7T01,0.566709021601017
allsubs,0.99,PPVcorr_Jeffreys_cort,MTL,2,1,PFM3T7T02,PFM3T7T01,0.742130750605327
allsubs,0.99,PPVcorr_Jeffreys_cort,PMN,2,1,PFM3T7T02,PFM3T7T01,0.713822668339607
allsubs,0.99,PPVcorr_Jeffreys_cort,PON,2,1,PFM3T7T02,PFM3T7T01,0.439475607527864
allsubs,0.99,PPVcorr_Jeffreys_cort,SCAN,2,1,PFM3T7T02,PFM3T7T01,0.540978275009757
allsubs,0.99,PPVcorr_d1d2_cort,DMN,2,1,PFM3T7T02,PFM3T7T01,0.627901572110049
allsubs,0.99,PPVcorr_d1d2_cort,Vis,2,1,PFM3T7T02,PFM3T7T01,0.906245451632578
allsubs,0.99,PPVcorr_d1d2_cort,FP,2,1,PFM3T7T02,PFM3T7T01,0.637173143393563
allsubs,0.99,PPVcorr_d1d2_cort,DAN,2,1,PFM3T7T02,PFM3T7T01,0.727994256433358
allsubs,0.99,PPVcorr_d1d2_cort,VAN,2,1,PFM3T7T02,PFM3T7T01,0.437899531979247
allsubs,0.99,PPVcorr_d1d2_cort,Sal,2,1,PFM3T7T02,PFM3T7T01,0.597426990838164
allsubs,0.99,PPVcorr_d1d2_cort,AMN,2,1,PFM3T7T02,PFM3T7T01,0.497818441559131
allsubs,0.99,PPVcorr_d1d2_cort,SMd,2,1,PFM3T7T02,PFM3T7T01,0.580992702450192
allsubs,0.99,PPVcorr_d1d2_cort,SMl,2,1,PFM3T7T02,PFM3T7T01,0.493222451929059
allsubs,0.99,PPVcorr_d1d2_cort,Aud,2,1,PFM3T7T02,PFM3T7T01,0.842838215636571
allsubs,0.99,PPVcorr_d1d2_cort,Tpole,2,1,PFM3T7T02,PFM3T7T01,0.562927408046597
allsubs,0.99,PPVcorr_d1d2_cort,MTL,2,1,PFM3T7T02,PFM3T7T01,0.773733455334646
allsubs,0.99,PPVcorr_d1d2_cort,PMN,2,1,PFM3T7T02,PFM3T7T01,0.724753125038335
allsubs,0.99,PPVcorr_d1d2_cort,PON,2,1,PFM3T7T02,PFM3T7T01,0.468417600090286
allsubs,0.99,PPVcorr_d1d2_cort,SCAN,2,1,PFM3T7T02,PFM3T7T01,0.558089801581836
allsubs,0.99,PPVcorr_bayes_cort,DMN,2,1,PFM3T7T02,PFM3T7T01,0.640134273326688
allsubs,0.99,PPVcorr_bayes_cort,Vis,2,1,PFM3T7T02,PFM3T7T01,0.904384413683761
allsubs,0.99,PPVcorr_bayes_cort,FP,2,1,PFM3T7T02,PFM3T7T01,0.638434873450781
allsubs,0.99,PPVcorr_bayes_cort,DAN,2,1,PFM3T7T02,PFM3T7T01,0.717313161187578
allsubs,0.99,PPVcorr_bayes_cort,VAN,2,1,PFM3T7T02,PFM3T7T01,0.443902604219581
allsubs,0.99,PPVcorr_bayes_cort,Sal,2,1,PFM3T7T02,PFM3T7T01,0.600320646042397
allsubs,0.99,PPVcorr_bayes_cort,AMN,2,1,PFM3T7T02,PFM3T7T01,0.517334649429229
allsubs,0.99,PPVcorr_bayes_cort,SMd,2,1,PFM3T7T02,PFM3T7T01,0.587910401963793
allsubs,0.99,PPVcorr_bayes_cort,SMl,2,1,PFM3T7T02,PFM3T7T01,0.495322607796455
allsubs,0.99,PPVcorr_bayes_cort,Aud,2,1,PFM3T7T02,PFM3T7T01,0.829336181506295
allsubs,0.99,PPVcorr_bayes_cort,Tpole,2,1,PFM3T7T02,PFM3T7T01,0.574035812672176
allsubs,0.99,PPVcorr_bayes_cort,MTL,2,1,PFM3T7T02,PFM3T7T01,0.762910933271921
allsubs,0.99,PPVcorr_bayes_cort,PMN,2,1,PFM3T7T02,PFM3T7T01,0.727046428157925
allsubs,0.99,PPVcorr_bayes_cort,PON,2,1,PFM3T7T02,PFM3T7T01,0.464195711093148
allsubs,0.99,PPVcorr_bayes_cort,SCAN,2,1,PFM3T7T02,PFM3T7T01,0.557525801759368
allsubs,0.99,MCC_cort,DMN,2,1,PFM3T7T02,PFM3T7T01,0.546048487829233
allsubs,0.99,MCC_cort,Vis,2,1,PFM3T7T02,PFM3T7T01,0.821047027292367
allsubs,0.99,MCC_cort,FP,2,1,PFM3T7T02,PFM3T7T01,0.464898276486744
allsubs,0.99,MCC_cort,DAN,2,1,PFM3T7T02,PFM3T7T01,0.5003819402446
allsubs,0.99,MCC_cort,VAN,2,1,PFM3T7T02,PFM3T7T01,0.411853302015042
allsubs,0.99,MCC_cort,Sal,2,1,PFM3T7T02,PFM3T7T01,0.410295093435457
allsubs,0.99,MCC_cort,AMN,2,1,PFM3T7T02,PFM3T7T01,0.514980591762722
allsubs,0.99,MCC_cort,SMd,2,1,PFM3T7T02,PFM3T7T01,0.557489161808657
allsubs,0.99,MCC_cort,SMl,2,1,PFM3T7T02,PFM3T7T01,0.425014818999501
allsubs,0.99,MCC_cort,Aud,2,1,PFM3T7T02,PFM3T7T01,0.619056264788621
allsubs,0.99,MCC_cort,Tpole,2,1,PFM3T7T02,PFM3T7T01,0.414318336287581
allsubs,0.99,MCC_cort,MTL,2,1,PFM3T7T02,PFM3T7T01,0.53247539230859
allsubs,0.99,MCC_cort,PMN,2,1,PFM3T7T02,PFM3T7T01,0.481163032922613
allsubs,0.99,MCC_cort,PON,2,1,PFM3T7T02,PFM3T7T01,0.449717677965273
allsubs,0.99,MCC_cort,SCAN,2,1,PFM3T7T02,PFM3T7T01,0.446539868641214
allsubs,0.99,muI_cort,WholeBrainOrSingleVal,2,1,PFM3T7T02,PFM3T7T01,1.7738998557155
allsubs,0.99,VIn_cort,WholeBrainOrSingleVal,2,1,PFM3T7T02,PFM3T7T01,0.228174445154012
allsubs,0.99,MIn_cort,WholeBrainOrSingleVal,2,1,PFM3T7T02,PFM3T7T01,0.499955317813072
allsubs,0.99,DC_cort,DMN,2,2,PFM3T7T02,PFM3T7T02,0.892091885979023
allsubs,0.99,DC_cort,Vis,2,2,PFM3T7T02,PFM3T7T02,0.927644670858871
allsubs,0.99,DC_cort,FP,2,2,PFM3T7T02,PFM3T7T02,0.841036153559448
allsubs,0.99,DC_cort,DAN,2,2,PFM3T7T02,PFM3T7T02,0.822943195659395
allsubs,0.99,DC_cort,VAN,2,2,PFM3T7T02,PFM3T7T02,0.681376875551633
allsubs,0.99,DC_cort,Sal,2,2,PFM3T7T02,PFM3T7T02,0.43348623853211
allsubs,0.99,DC_cort,AMN,2,2,PFM3T7T02,PFM3T7T02,0.777376469684162
allsubs,0.99,DC_cort,SMd,2,2,PFM3T7T02,PFM3T7T02,0.669236063317275
allsubs,0.99,DC_cort,SMl,2,2,PFM3T7T02,PFM3T7T02,0.692504061267115
allsubs,0.99,DC_cort,Aud,2,2,PFM3T7T02,PFM3T7T02,0.757210123602119
allsubs,0.99,DC_cort,Tpole,2,2,PFM3T7T02,PFM3T7T02,0.515151515151515
allsubs,0.99,DC_cort,MTL,2,2,PFM3T7T02,PFM3T7T02,0.623326133909287
allsubs,0.99,DC_cort,PMN,2,2,PFM3T7T02,PFM3T7T02,0.724029380902413
allsubs,0.99,DC_cort,PON,2,2,PFM3T7T02,PFM3T7T02,0.79341783411163
allsubs,0.99,DC_cort,SCAN,2,2,PFM3T7T02,PFM3T7T02,0.47171381031614
allsubs,0.99,cDC_cort,DMN,2,2,PFM3T7T02,PFM3T7T02,0.892091885979023
allsubs,0.99,cDC_cort,Vis,2,2,PFM3T7T02,PFM3T7T02,0.927644670858871
allsubs,0.99,cDC_cort,FP,2,2,PFM3T7T02,PFM3T7T02,0.841036153559448
allsubs,0.99,cDC_cort,DAN,2,2,PFM3T7T02,PFM3T7T02,0.822943195659395
allsubs,0.99,cDC_cort,VAN,2,2,PFM3T7T02,PFM3T7T02,0.681376875551633
allsubs,0.99,cDC_cort,Sal,2,2,PFM3T7T02,PFM3T7T02,0.43348623853211
allsubs,0.99,cDC_cort,AMN,2,2,PFM3T7T02,PFM3T7T02,0.777376469684162
allsubs,0.99,cDC_cort,SMd,2,2,PFM3T7T02,PFM3T7T02,0.669236063317275
allsubs,0.99,cDC_cort,SMl,2,2,PFM3T7T02,PFM3T7T02,0.692504061267115
allsubs,0.99,cDC_cort,Aud,2,2,PFM3T7T02,PFM3T7T02,0.757210123602119
allsubs,0.99,cDC_cort,Tpole,2,2,PFM3T7T02,PFM3T7T02,0.515151515151515
allsubs,0.99,cDC_cort,MTL,2,2,PFM3T7T02,PFM3T7T02,0.623326133909287
allsubs,0.99,cDC_cort,PMN,2,2,PFM3T7T02,PFM3T7T02,0.724029380902413
allsubs,0.99,cDC_cort,PON,2,2,PFM3T7T02,PFM3T7T02,0.79341783411163
allsubs,0.99,cDC_cort,SCAN,2,2,PFM3T7T02,PFM3T7T02,0.47171381031614
allsubs,0.99,TP_cort,DMN,2,2,PFM3T7T02,PFM3T7T02,6932.0
allsubs,0.99,TP_cort,Vis,2,2,PFM3T7T02,PFM3T7T02,5827.0
allsubs,0.99,TP_cort,FP,2,2,PFM3T7T02,PFM3T7T02,4513.0
allsubs,0.99,TP_cort,DAN,2,2,PFM3T7T02,PFM3T7T02,3716.0
allsubs,0.99,TP_cort,VAN,2,2,PFM3T7T02,PFM3T7T02,2702.0
allsubs,0.99,TP_cort,Sal,2,2,PFM3T7T02,PFM3T7T02,756.0
allsubs,0.99,TP_cort,AMN,2,2,PFM3T7T02,PFM3T7T02,5058.0
allsubs,0.99,TP_cort,SMd,2,2,PFM3T7T02,PFM3T7T02,2431.0
allsubs,0.99,TP_cort,SMl,2,2,PFM3T7T02,PFM3T7T02,1492.0
allsubs,0.99,TP_cort,Aud,2,2,PFM3T7T02,PFM3T7T02,2573.0
allsubs,0.99,TP_cort,Tpole,2,2,PFM3T7T02,PFM3T7T02,238.0
allsubs,0.99,TP_cort,MTL,2,2,PFM3T7T02,PFM3T7T02,1443.0
allsubs,0.99,TP_cort,PMN,2,2,PFM3T7T02,PFM3T7T02,690.0
allsubs,0.99,TP_cort,PON,2,2,PFM3T7T02,PFM3T7T02,1784.0
allsubs,0.99,TP_cort,SCAN,2,2,PFM3T7T02,PFM3T7T02,1134.0
allsubs,0.99,TN_cort,DMN,2,2,PFM3T7T02,PFM3T7T02,50803.0
allsubs,0.99,TN_cort,Vis,2,2,PFM3T7T02,PFM3T7T02,52676.0
allsubs,0.99,TN_cort,FP,2,2,PFM3T7T02,PFM3T7T02,53193.0
allsubs,0.99,TN_cort,DAN,2,2,PFM3T7T02,PFM3T7T02,54097.0
allsubs,0.99,TN_cort,VAN,2,2,PFM3T7T02,PFM3T7T02,54183.0
allsubs,0.99,TN_cort,Sal,2,2,PFM3T7T02,PFM3T7T02,56680.0
allsubs,0.99,TN_cort,AMN,2,2,PFM3T7T02,PFM3T7T02,51457.0
allsubs,0.99,TN_cort,SMd,2,2,PFM3T7T02,PFM3T7T02,54578.0
allsubs,0.99,TN_cort,SMl,2,2,PFM3T7T02,PFM3T7T02,56595.0
allsubs,0.99,TN_cort,Aud,2,2,PFM3T7T02,PFM3T7T02,55189.0
allsubs,0.99,TN_cort,Tpole,2,2,PFM3T7T02,PFM3T7T02,58726.0
allsubs,0.99,TN_cort,MTL,2,2,PFM3T7T02,PFM3T7T02,56225.0
allsubs,0.99,TN_cort,PMN,2,2,PFM3T7T02,PFM3T7T02,58196.0
allsubs,0.99,TN_cort,PON,2,2,PFM3T7T02,PFM3T7T02,56699.0
allsubs,0.99,TN_cort,SCAN,2,2,PFM3T7T02,PFM3T7T02,55738.0
allsubs,0.99,FP_cort,DMN,2,2,PFM3T7T02,PFM3T7T02,977.0
allsubs,0.99,FP_cort,Vis,2,2,PFM3T7T02,PFM3T7T02,371.0
allsubs,0.99,FP_cort,FP,2,2,PFM3T7T02,PFM3T7T02,381.0
allsubs,0.99,FP_cort,DAN,2,2,PFM3T7T02,PFM3T7T02,313.0
allsubs,0.99,FP_cort,VAN,2,2,PFM3T7T02,PFM3T7T02,124.0
allsubs,0.99,FP_cort,Sal,2,2,PFM3T7T02,PFM3T7T02,4.0
allsubs,0.99,FP_cort,AMN,2,2,PFM3T7T02,PFM3T7T02,2465.0
allsubs,0.99,FP_cort,SMd,2,2,PFM3T7T02,PFM3T7T02,679.0
allsubs,0.99,FP_cort,SMl,2,2,PFM3T7T02,PFM3T7T02,475.0
allsubs,0.99,FP_cort,Aud,2,2,PFM3T7T02,PFM3T7T02,265.0
allsubs,0.99,FP_cort,Tpole,2,2,PFM3T7T02,PFM3T7T02,26.0
allsubs,0.99,FP_cort,MTL,2,2,PFM3T7T02,PFM3T7T02,129.0
allsubs,0.99,FP_cort,PMN,2,2,PFM3T7T02,PFM3T7T02,79.0
allsubs,0.99,FP_cort,PON,2,2,PFM3T7T02,PFM3T7T02,231.0
allsubs,0.99,FP_cort,SCAN,2,2,PFM3T7T02,PFM3T7T02,214.0
allsubs,0.99,FN_cort,DMN,2,2,PFM3T7T02,PFM3T7T02,700.0
allsubs,0.99,FN_cort,Vis,2,2,PFM3T7T02,PFM3T7T02,538.0
allsubs,0.99,FN_cort,FP,2,2,PFM3T7T02,PFM3T7T02,1325.0
allsubs,0.99,FN_cort,DAN,2,2,PFM3T7T02,PFM3T7T02,1286.0
allsubs,0.99,FN_cort,VAN,2,2,PFM3T7T02,PFM3T7T02,2403.0
allsubs,0.99,FN_cort,Sal,2,2,PFM3T7T02,PFM3T7T02,1972.0
allsubs,0.99,FN_cort,AMN,2,2,PFM3T7T02,PFM3T7T02,432.0
allsubs,0.99,FN_cort,SMd,2,2,PFM3T7T02,PFM3T7T02,1724.0
allsubs,0.99,FN_cort,SMl,2,2,PFM3T7T02,PFM3T7T02,850.0
allsubs,0.99,FN_cort,Aud,2,2,PFM3T7T02,PFM3T7T02,1385.0
allsubs,0.99,FN_cort,Tpole,2,2,PFM3T7T02,PFM3T7T02,422.0
allsubs,0.99,FN_cort,MTL,2,2,PFM3T7T02,PFM3T7T02,1615.0
allsubs,0.99,FN_cort,PMN,2,2,PFM3T7T02,PFM3T7T02,447.0
allsubs,0.99,FN_cort,PON,2,2,PFM3T7T02,PFM3T7T02,698.0
allsubs,0.99,FN_cort,SCAN,2,2,PFM3T7T02,PFM3T7T02,2326.0
allsubs,0.99,TPR_cort,DMN,2,2,PFM3T7T02,PFM3T7T02,0.908280922431866
allsubs,0.99,TPR_cort,Vis,2,2,PFM3T7T02,PFM3T7T02,0.915475255302435
allsubs,0.99,TPR_cort,FP,2,2,PFM3T7T02,PFM3T7T02,0.773038711887633
allsubs,0.99,TPR_cort,DAN,2,2,PFM3T7T02,PFM3T7T02,0.742902838864454
allsubs,0.99,TPR_cort,VAN,2,2,PFM3T7T02,PFM3T7T02,0.529285014691479
allsubs,0.99,TPR_cort,Sal,2,2,PFM3T7T02,PFM3T7T02,0.277126099706745
allsubs,0.99,TPR_cort,AMN,2,2,PFM3T7T02,PFM3T7T02,0.921311475409836
allsubs,0.99,TPR_cort,SMd,2,2,PFM3T7T02,PFM3T7T02,0.585078219013237
allsubs,0.99,TPR_cort,SMl,2,2,PFM3T7T02,PFM3T7T02,0.637062339880444
allsubs,0.99,TPR_cort,Aud,2,2,PFM3T7T02,PFM3T7T02,0.650075795856493
allsubs,0.99,TPR_cort,Tpole,2,2,PFM3T7T02,PFM3T7T02,0.360606060606061
allsubs,0.99,TPR_cort,MTL,2,2,PFM3T7T02,PFM3T7T02,0.47187704381949
allsubs,0.99,TPR_cort,PMN,2,2,PFM3T7T02,PFM3T7T02,0.606860158311346
allsubs,0.99,TPR_cort,PON,2,2,PFM3T7T02,PFM3T7T02,0.718775181305399
allsubs,0.99,TPR_cort,SCAN,2,2,PFM3T7T02,PFM3T7T02,0.327745664739884
allsubs,0.99,TNR_cort,DMN,2,2,PFM3T7T02,PFM3T7T02,0.981131711085361
allsubs,0.99,TNR_cort,Vis,2,2,PFM3T7T02,PFM3T7T02,0.993006202047241
allsubs,0.99,TNR_cort,FP,2,2,PFM3T7T02,PFM3T7T02,0.992888341359615
allsubs,0.99,TNR_cort,DAN,2,2,PFM3T7T02,PFM3T7T02,0.99424738099614
allsubs,0.99,TNR_cort,VAN,2,2,PFM3T7T02,PFM3T7T02,0.997716684773602
allsubs,0.99,TNR_cort,Sal,2,2,PFM3T7T02,PFM3T7T02,0.999929433349799
allsubs,0.99,TNR_cort,AMN,2,2,PFM3T7T02,PFM3T7T02,0.954285820258893
allsubs,0.99,TNR_cort,SMd,2,2,PFM3T7T02,PFM3T7T02,0.987711964095047
allsubs,0.99,TNR_cort,SMl,2,2,PFM3T7T02,PFM3T7T02,0.991676888032241
allsubs,0.99,TNR_cort,Aud,2,2,PFM3T7T02,PFM3T7T02,0.995221264471454
allsubs,0.99,TNR_cort,Tpole,2,2,PFM3T7T02,PFM3T7T02,0.999557461873638
allsubs,0.99,TNR_cort,MTL,2,2,PFM3T7T02,PFM3T7T02,0.997710898960145
allsubs,0.99,TNR_cort,PMN,2,2,PFM3T7T02,PFM3T7T02,0.998644358644359
allsubs,0.99,TNR_cort,PON,2,2,PFM3T7T02,PFM3T7T02,0.995942385385561
allsubs,0.99,TNR_cort,SCAN,2,2,PFM3T7T02,PFM3T7T02,0.996175293108379
allsubs,0.99,FPR_cort,DMN,2,2,PFM3T7T02,PFM3T7T02,0.0188682889146389
allsubs,0.99,FPR_cort,Vis,2,2,PFM3T7T02,PFM3T7T02,0.0069937979527588
allsubs,0.99,FPR_cort,FP,2,2,PFM3T7T02,PFM3T7T02,0.0071116586403852
allsubs,0.99,FPR_cort,DAN,2,2,PFM3T7T02,PFM3T7T02,0.0057526190038595
allsubs,0.99,FPR_cort,VAN,2,2,PFM3T7T02,PFM3T7T02,0.002283315226398
allsubs,0.99,FPR_cort,Sal,2,2,PFM3T7T02,PFM3T7T02,7.0566650201115e-05
allsubs,0.99,FPR_cort,AMN,2,2,PFM3T7T02,PFM3T7T02,0.0457141797411075
allsubs,0.99,FPR_cort,SMd,2,2,PFM3T7T02,PFM3T7T02,0.0122880359049532
allsubs,0.99,FPR_cort,SMl,2,2,PFM3T7T02,PFM3T7T02,0.0083231119677588
allsubs,0.99,FPR_cort,Aud,2,2,PFM3T7T02,PFM3T7T02,0.0047787355285461
allsubs,0.99,FPR_cort,Tpole,2,2,PFM3T7T02,PFM3T7T02,0.0004425381263616
allsubs,0.99,FPR_cort,MTL,2,2,PFM3T7T02,PFM3T7T02,0.0022891010398552
allsubs,0.99,FPR_cort,PMN,2,2,PFM3T7T02,PFM3T7T02,0.0013556413556413
allsubs,0.99,FPR_cort,PON,2,2,PFM3T7T02,PFM3T7T02,0.0040576146144387
allsubs,0.99,FPR_cort,SCAN,2,2,PFM3T7T02,PFM3T7T02,0.0038247068916213
allsubs,0.99,FNR_cort,DMN,2,2,PFM3T7T02,PFM3T7T02,0.0917190775681342
allsubs,0.99,FNR_cort,Vis,2,2,PFM3T7T02,PFM3T7T02,0.0845247446975648
allsubs,0.99,FNR_cort,FP,2,2,PFM3T7T02,PFM3T7T02,0.226961288112367
allsubs,0.99,FNR_cort,DAN,2,2,PFM3T7T02,PFM3T7T02,0.257097161135546
allsubs,0.99,FNR_cort,VAN,2,2,PFM3T7T02,PFM3T7T02,0.470714985308521
allsubs,0.99,FNR_cort,Sal,2,2,PFM3T7T02,PFM3T7T02,0.722873900293255
allsubs,0.99,FNR_cort,AMN,2,2,PFM3T7T02,PFM3T7T02,0.0786885245901639
allsubs,0.99,FNR_cort,SMd,2,2,PFM3T7T02,PFM3T7T02,0.414921780986763
allsubs,0.99,FNR_cort,SMl,2,2,PFM3T7T02,PFM3T7T02,0.362937660119556
allsubs,0.99,FNR_cort,Aud,2,2,PFM3T7T02,PFM3T7T02,0.349924204143507
allsubs,0.99,FNR_cort,Tpole,2,2,PFM3T7T02,PFM3T7T02,0.639393939393939
allsubs,0.99,FNR_cort,MTL,2,2,PFM3T7T02,PFM3T7T02,0.52812295618051
allsubs,0.99,FNR_cort,PMN,2,2,PFM3T7T02,PFM3T7T02,0.393139841688654
allsubs,0.99,FNR_cort,PON,2,2,PFM3T7T02,PFM3T7T02,0.281224818694601
allsubs,0.99,FNR_cort,SCAN,2,2,PFM3T7T02,PFM3T7T02,0.672254335260116
allsubs,0.99,NPV_cort,DMN,2,2,PFM3T7T02,PFM3T7T02,0.986408558724734
allsubs,0.99,NPV_cort,Vis,2,2,PFM3T7T02,PFM3T7T02,0.989889878603375
allsubs,0.99,NPV_cort,FP,2,2,PFM3T7T02,PFM3T7T02,0.97569610037052
allsubs,0.99,NPV_cort,DAN,2,2,PFM3T7T02,PFM3T7T02,0.976779878302006
allsubs,0.99,NPV_cort,VAN,2,2,PFM3T7T02,PFM3T7T02,0.957533665570989
allsubs,0.99,NPV_cort,Sal,2,2,PFM3T7T02,PFM3T7T02,0.966377958125895
allsubs,0.99,NPV_cort,AMN,2,2,PFM3T7T02,PFM3T7T02,0.991674536028831
allsubs,0.99,NPV_cort,SMd,2,2,PFM3T7T02,PFM3T7T02,0.969379418137899
allsubs,0.99,NPV_cort,SMl,2,2,PFM3T7T02,PFM3T7T02,0.985203237879711
allsubs,0.99,NPV_cort,Aud,2,2,PFM3T7T02,PFM3T7T02,0.97551878954997
allsubs,0.99,NPV_cort,Tpole,2,2,PFM3T7T02,PFM3T7T02,0.992865354703456
allsubs,0.99,NPV_cort,MTL,2,2,PFM3T7T02,PFM3T7T02,0.972078146611342
allsubs,0.99,NPV_cort,PMN,2,2,PFM3T7T02,PFM3T7T02,0.992377606875501
allsubs,0.99,NPV_cort,PON,2,2,PFM3T7T02,PFM3T7T02,0.987839085666498
allsubs,0.99,NPV_cort,SCAN,2,2,PFM3T7T02,PFM3T7T02,0.959940755028934
allsubs,0.99,PPV_cort,DMN,2,2,PFM3T7T02,PFM3T7T02,0.876469844480971
allsubs,0.99,PPV_cort,Vis,2,2,PFM3T7T02,PFM3T7T02,0.940141981284285
allsubs,0.99,PPV_cort,FP,2,2,PFM3T7T02,PFM3T7T02,0.922149570903147
allsubs,0.99,PPV_cort,DAN,2,2,PFM3T7T02,PFM3T7T02,0.922313229089104
allsubs,0.99,PPV_cort,VAN,2,2,PFM3T7T02,PFM3T7T02,0.956121726822364
allsubs,0.99,PPV_cort,Sal,2,2,PFM3T7T02,PFM3T7T02,0.994736842105263
allsubs,0.99,PPV_cort,AMN,2,2,PFM3T7T02,PFM3T7T02,0.672338162966902
allsubs,0.99,PPV_cort,SMd,2,2,PFM3T7T02,PFM3T7T02,0.781672025723473
allsubs,0.99,PPV_cort,SMl,2,2,PFM3T7T02,PFM3T7T02,0.758515505846467
allsubs,0.99,PPV_cort,Aud,2,2,PFM3T7T02,PFM3T7T02,0.906624383368569
allsubs,0.99,PPV_cort,Tpole,2,2,PFM3T7T02,PFM3T7T02,0.901515151515151
allsubs,0.99,PPV_cort,MTL,2,2,PFM3T7T02,PFM3T7T02,0.91793893129771
allsubs,0.99,PPV_cort,PMN,2,2,PFM3T7T02,PFM3T7T02,0.897269180754226
allsubs,0.99,PPV_cort,PON,2,2,PFM3T7T02,PFM3T7T02,0.885359801488834
allsubs,0.99,PPV_cort,SCAN,2,2,PFM3T7T02,PFM3T7T02,0.841246290801187
allsubs,0.99,PPVcorr_Jeffreys_cort,DMN,2,2,PFM3T7T02,PFM3T7T02,0.843338483891054
allsubs,0.99,PPVcorr_Jeffreys_cort,Vis,2,2,PFM3T7T02,PFM3T7T02,0.8991513644012
allsubs,0.99,PPVcorr_Jeffreys_cort,FP,2,2,PFM3T7T02,PFM3T7T02,0.877158713352076
allsubs,0.99,PPVcorr_Jeffreys_cort,DAN,2,2,PFM3T7T02,PFM3T7T02,0.875673408107392
allsubs,0.99,PPVcorr_Jeffreys_cort,VAN,2,2,PFM3T7T02,PFM3T7T02,0.886332983665518
allsubs,0.99,PPVcorr_Jeffreys_cort,Sal,2,2,PFM3T7T02,PFM3T7T02,0.864058869093726
allsubs,0.99,PPVcorr_Jeffreys_cort,AMN,2,2,PFM3T7T02,PFM3T7T02,0.660616947472745
allsubs,0.99,PPVcorr_Jeffreys_cort,SMd,2,2,PFM3T7T02,PFM3T7T02,0.748475393561197
allsubs,0.99,PPVcorr_Jeffreys_cort,SMl,2,2,PFM3T7T02,PFM3T7T02,0.731010357986553
allsubs,0.99,PPVcorr_Jeffreys_cort,Aud,2,2,PFM3T7T02,PFM3T7T02,0.856855711546787
allsubs,0.99,PPVcorr_Jeffreys_cort,Tpole,2,2,PFM3T7T02,PFM3T7T02,0.821212121212121
allsubs,0.99,PPVcorr_Jeffreys_cort,MTL,2,2,PFM3T7T02,PFM3T7T02,0.849877516242411
allsubs,0.99,PPVcorr_Jeffreys_cort,PMN,2,2,PFM3T7T02,PFM3T7T02,0.846097201767305
allsubs,0.99,PPVcorr_Jeffreys_cort,PON,2,2,PFM3T7T02,PFM3T7T02,0.843098267939201
allsubs,0.99,PPVcorr_Jeffreys_cort,SCAN,2,2,PFM3T7T02,PFM3T7T02,0.771546635182999
allsubs,0.99,PPVcorr_d1d2_cort,DMN,2,2,PFM3T7T02,PFM3T7T02,0.878418159166869
allsubs,0.99,PPVcorr_d1d2_cort,Vis,2,2,PFM3T7T02,PFM3T7T02,0.940605854343892
allsubs,0.99,PPVcorr_d1d2_cort,FP,2,2,PFM3T7T02,PFM3T7T02,0.920386402160983
allsubs,0.99,PPVcorr_d1d2_cort,DAN,2,2,PFM3T7T02,PFM3T7T02,0.919382029270616
allsubs,0.99,PPVcorr_d1d2_cort,VAN,2,2,PFM3T7T02,PFM3T7T02,0.942213014231042
allsubs,0.99,PPVcorr_d1d2_cort,Sal,2,2,PFM3T7T02,PFM3T7T02,0.910986338602389
allsubs,0.99,PPVcorr_d1d2_cort,AMN,2,2,PFM3T7T02,PFM3T7T02,0.681470483393445
allsubs,0.99,PPVcorr_d1d2_cort,SMd,2,2,PFM3T7T02,PFM3T7T02,0.780551098978729
allsubs,0.99,PPVcorr_d1d2_cort,SMl,2,2,PFM3T7T02,PFM3T7T02,0.762324973117258
allsubs,0.99,PPVcorr_d1d2_cort,Aud,2,2,PFM3T7T02,PFM3T7T02,0.900035005186304
allsubs,0.99,PPVcorr_d1d2_cort,Tpole,2,2,PFM3T7T02,PFM3T7T02,0.763013698630137
allsubs,0.99,PPVcorr_d1d2_cort,MTL,2,2,PFM3T7T02,PFM3T7T02,0.893548205504498
allsubs,0.99,PPVcorr_d1d2_cort,PMN,2,2,PFM3T7T02,PFM3T7T02,0.871418534356393
allsubs,0.99,PPVcorr_d1d2_cort,PON,2,2,PFM3T7T02,PFM3T7T02,0.881703463424368
allsubs,0.99,PPVcorr_d1d2_cort,SCAN,2,2,PFM3T7T02,PFM3T7T02,0.809840950705489
allsubs,0.99,PPVcorr_bayes_cort,DMN,2,2,PFM3T7T02,PFM3T7T02,0.883779970090212
allsubs,0.99,PPVcorr_bayes_cort,Vis,2,2,PFM3T7T02,PFM3T7T02,0.941716214661092
allsubs,0.99,PPVcorr_bayes_cort,FP,2,2,PFM3T7T02,PFM3T7T02,0.917349476565964
allsubs,0.99,PPVcorr_bayes_cort,DAN,2,2,PFM3T7T02,PFM3T7T02,0.915387490946473
allsubs,0.99,PPVcorr_bayes_cort,VAN,2,2,PFM3T7T02,PFM3T7T02,0.922637683510423
allsubs,0.99,PPVcorr_bayes_cort,Sal,2,2,PFM3T7T02,PFM3T7T02,0.885335413416537
allsubs,0.99,PPVcorr_bayes_cort,AMN,2,2,PFM3T7T02,PFM3T7T02,0.696884016156953
allsubs,0.99,PPVcorr_bayes_cort,SMd,2,2,PFM3T7T02,PFM3T7T02,0.779510357815443
allsubs,0.99,PPVcorr_bayes_cort,SMl,2,2,PFM3T7T02,PFM3T7T02,0.762961009064313
allsubs,0.99,PPVcorr_bayes_cort,Aud,2,2,PFM3T7T02,PFM3T7T02,0.894135467088149
allsubs,0.99,PPVcorr_bayes_cort,Tpole,2,2,PFM3T7T02,PFM3T7T02,0.844630872483221
allsubs,0.99,PPVcorr_bayes_cort,MTL,2,2,PFM3T7T02,PFM3T7T02,0.881916681151863
allsubs,0.99,PPVcorr_bayes_cort,PMN,2,2,PFM3T7T02,PFM3T7T02,0.881598838967165
allsubs,0.99,PPVcorr_bayes_cort,PON,2,2,PFM3T7T02,PFM3T7T02,0.880916779589739
allsubs,0.99,PPVcorr_bayes_cort,SCAN,2,2,PFM3T7T02,PFM3T7T02,0.789684625492773
allsubs,0.99,MCC_cort,DMN,2,2,PFM3T7T02,PFM3T7T02,0.876045063338825
allsubs,0.99,MCC_cort,Vis,2,2,PFM3T7T02,PFM3T7T02,0.919193504901102
allsubs,0.99,MCC_cort,FP,2,2,PFM3T7T02,PFM3T7T02,0.829267320753348
allsubs,0.99,MCC_cort,DAN,2,2,PFM3T7T02,PFM3T7T02,0.814104834642629
allsubs,0.99,MCC_cort,VAN,2,2,PFM3T7T02,PFM3T7T02,0.693900529266791
allsubs,0.99,MCC_cort,Sal,2,2,PFM3T7T02,PFM3T7T02,0.516025361107937
allsubs,0.99,MCC_cort,AMN,2,2,PFM3T7T02,PFM3T7T02,0.762500966248802
allsubs,0.99,MCC_cort,SMd,2,2,PFM3T7T02,PFM3T7T02,0.65589244091779
allsubs,0.99,MCC_cort,SMl,2,2,PFM3T7T02,PFM3T7T02,0.683816604591165
allsubs,0.99,MCC_cort,Aud,2,2,PFM3T7T02,PFM3T7T02,0.75448286678539
allsubs,0.99,MCC_cort,Tpole,2,2,PFM3T7T02,PFM3T7T02,0.567559013281324
allsubs,0.99,MCC_cort,MTL,2,2,PFM3T7T02,PFM3T7T02,0.646483788392295
allsubs,0.99,MCC_cort,PMN,2,2,PFM3T7T02,PFM3T7T02,0.733951734383762
allsubs,0.99,MCC_cort,PON,2,2,PFM3T7T02,PFM3T7T02,0.789994040398352
allsubs,0.99,MCC_cort,SCAN,2,2,PFM3T7T02,PFM3T7T02,0.509432306887689
allsubs,0.99,muI_cort,WholeBrainOrSingleVal,2,2,PFM3T7T02,PFM3T7T02,2.81023669971296
allsubs,0.99,VIn_cort,WholeBrainOrSingleVal,2,2,PFM3T7T02,PFM3T7T02,0.0996869167540738
allsubs,0.99,MIn_cort,WholeBrainOrSingleVal,2,2,PFM3T7T02,PFM3T7T02,0.783806029001806
allsubs,0.99,DC_cort,DMN,2,3,PFM3T7T02,PFM3T7T03,0.668014829794405
allsubs,0.99,DC_cort,Vis,2,3,PFM3T7T02,PFM3T7T03,0.836923076923077
allsubs,0.99,DC_cort,FP,2,3,PFM3T7T02,PFM3T7T03,0.445339189848707
allsubs,0.99,DC_cort,DAN,2,3,PFM3T7T02,PFM3T7T03,0.53830930166808
allsubs,0.99,DC_cort,VAN,2,3,PFM3T7T02,PFM3T7T03,0.495415959252971
allsubs,0.99,DC_cort,Sal,2,3,PFM3T7T02,PFM3T7T03,0.420023464998045
allsubs,0.99,DC_cort,AMN,2,3,PFM3T7T02,PFM3T7T03,0.630302276402538
allsubs,0.99,DC_cort,SMd,2,3,PFM3T7T02,PFM3T7T03,0.655105973025048
allsubs,0.99,DC_cort,SMl,2,3,PFM3T7T02,PFM3T7T03,0.361559139784946
allsubs,0.99,DC_cort,Aud,2,3,PFM3T7T02,PFM3T7T03,0.718232044198895
allsubs,0.99,DC_cort,Tpole,2,3,PFM3T7T02,PFM3T7T03,0.35244161358811
allsubs,0.99,DC_cort,MTL,2,3,PFM3T7T02,PFM3T7T03,0.464914657274451
allsubs,0.99,DC_cort,PMN,2,3,PFM3T7T02,PFM3T7T03,0.348961821835231
allsubs,0.99,DC_cort,PON,2,3,PFM3T7T02,PFM3T7T03,0.55868544600939
allsubs,0.99,DC_cort,SCAN,2,3,PFM3T7T02,PFM3T7T03,0.573450134770889
allsubs,0.99,cDC_cort,DMN,2,3,PFM3T7T02,PFM3T7T03,0.668014829794405
allsubs,0.99,cDC_cort,Vis,2,3,PFM3T7T02,PFM3T7T03,0.836923076923077
allsubs,0.99,cDC_cort,FP,2,3,PFM3T7T02,PFM3T7T03,0.445339189848707
allsubs,0.99,cDC_cort,DAN,2,3,PFM3T7T02,PFM3T7T03,0.53830930166808
allsubs,0.99,cDC_cort,VAN,2,3,PFM3T7T02,PFM3T7T03,0.495415959252971
allsubs,0.99,cDC_cort,Sal,2,3,PFM3T7T02,PFM3T7T03,0.420023464998045
allsubs,0.99,cDC_cort,AMN,2,3,PFM3T7T02,PFM3T7T03,0.630302276402538
allsubs,0.99,cDC_cort,SMd,2,3,PFM3T7T02,PFM3T7T03,0.655105973025048
allsubs,0.99,cDC_cort,SMl,2,3,PFM3T7T02,PFM3T7T03,0.361559139784946
allsubs,0.99,cDC_cort,Aud,2,3,PFM3T7T02,PFM3T7T03,0.718232044198895
allsubs,0.99,cDC_cort,Tpole,2,3,PFM3T7T02,PFM3T7T03,0.35244161358811
allsubs,0.99,cDC_cort,MTL,2,3,PFM3T7T02,PFM3T7T03,0.464914657274451
allsubs,0.99,cDC_cort,PMN,2,3,PFM3T7T02,PFM3T7T03,0.348961821835231
allsubs,0.99,cDC_cort,PON,2,3,PFM3T7T02,PFM3T7T03,0.55868544600939
allsubs,0.99,cDC_cort,SCAN,2,3,PFM3T7T02,PFM3T7T03,0.573450134770889
allsubs,0.99,TP_cort,DMN,2,3,PFM3T7T02,PFM3T7T03,5946.0
allsubs,0.99,TP_cort,Vis,2,3,PFM3T7T02,PFM3T7T03,4896.0
allsubs,0.99,TP_cort,FP,2,3,PFM3T7T02,PFM3T7T03,1825.0
allsubs,0.99,TP_cort,DAN,2,3,PFM3T7T02,PFM3T7T03,2856.0
allsubs,0.99,TP_cort,VAN,2,3,PFM3T7T02,PFM3T7T03,1459.0
allsubs,0.99,TP_cort,Sal,2,3,PFM3T7T02,PFM3T7T03,537.0
allsubs,0.99,TP_cort,AMN,2,3,PFM3T7T02,PFM3T7T03,5067.0
allsubs,0.99,TP_cort,SMd,2,3,PFM3T7T02,PFM3T7T03,2040.0
allsubs,0.99,TP_cort,SMl,2,3,PFM3T7T02,PFM3T7T03,1614.0
allsubs,0.99,TP_cort,Aud,2,3,PFM3T7T02,PFM3T7T03,1820.0
allsubs,0.99,TP_cort,Tpole,2,3,PFM3T7T02,PFM3T7T03,83.0
allsubs,0.99,TP_cort,MTL,2,3,PFM3T7T02,PFM3T7T03,858.0
allsubs,0.99,TP_cort,PMN,2,3,PFM3T7T02,PFM3T7T03,521.0
allsubs,0.99,TP_cort,PON,2,3,PFM3T7T02,PFM3T7T03,1190.0
allsubs,0.99,TP_cort,SCAN,2,3,PFM3T7T02,PFM3T7T03,851.0
allsubs,0.99,TN_cort,DMN,2,3,PFM3T7T02,PFM3T7T03,47556.0
allsubs,0.99,TN_cort,Vis,2,3,PFM3T7T02,PFM3T7T03,52608.0
allsubs,0.99,TN_cort,FP,2,3,PFM3T7T02,PFM3T7T03,53041.0
allsubs,0.99,TN_cort,DAN,2,3,PFM3T7T02,PFM3T7T03,51657.0
allsubs,0.99,TN_cort,VAN,2,3,PFM3T7T02,PFM3T7T03,54981.0
allsubs,0.99,TN_cort,Sal,2,3,PFM3T7T02,PFM3T7T03,57392.0
allsubs,0.99,TN_cort,AMN,2,3,PFM3T7T02,PFM3T7T03,48401.0
allsubs,0.99,TN_cort,SMd,2,3,PFM3T7T02,PFM3T7T03,55224.0
allsubs,0.99,TN_cort,SMl,2,3,PFM3T7T02,PFM3T7T03,52098.0
allsubs,0.99,TN_cort,Aud,2,3,PFM3T7T02,PFM3T7T03,56164.0
allsubs,0.99,TN_cort,Tpole,2,3,PFM3T7T02,PFM3T7T03,59024.0
allsubs,0.99,TN_cort,MTL,2,3,PFM3T7T02,PFM3T7T03,56579.0
allsubs,0.99,TN_cort,PMN,2,3,PFM3T7T02,PFM3T7T03,56947.0
allsubs,0.99,TN_cort,PON,2,3,PFM3T7T02,PFM3T7T03,56342.0
allsubs,0.99,TN_cort,SCAN,2,3,PFM3T7T02,PFM3T7T03,57295.0
allsubs,0.99,FP_cort,DMN,2,3,PFM3T7T02,PFM3T7T03,1963.0
allsubs,0.99,FP_cort,Vis,2,3,PFM3T7T02,PFM3T7T03,1302.0
allsubs,0.99,FP_cort,FP,2,3,PFM3T7T02,PFM3T7T03,3069.0
allsubs,0.99,FP_cort,DAN,2,3,PFM3T7T02,PFM3T7T03,1173.0
allsubs,0.99,FP_cort,VAN,2,3,PFM3T7T02,PFM3T7T03,1367.0
allsubs,0.99,FP_cort,Sal,2,3,PFM3T7T02,PFM3T7T03,223.0
allsubs,0.99,FP_cort,AMN,2,3,PFM3T7T02,PFM3T7T03,2456.0
allsubs,0.99,FP_cort,SMd,2,3,PFM3T7T02,PFM3T7T03,1070.0
allsubs,0.99,FP_cort,SMl,2,3,PFM3T7T02,PFM3T7T03,353.0
allsubs,0.99,FP_cort,Aud,2,3,PFM3T7T02,PFM3T7T03,1018.0
allsubs,0.99,FP_cort,Tpole,2,3,PFM3T7T02,PFM3T7T03,181.0
allsubs,0.99,FP_cort,MTL,2,3,PFM3T7T02,PFM3T7T03,714.0
allsubs,0.99,FP_cort,PMN,2,3,PFM3T7T02,PFM3T7T03,248.0
allsubs,0.99,FP_cort,PON,2,3,PFM3T7T02,PFM3T7T03,825.0
allsubs,0.99,FP_cort,SCAN,2,3,PFM3T7T02,PFM3T7T03,497.0
allsubs,0.99,FN_cort,DMN,2,3,PFM3T7T02,PFM3T7T03,3947.0
allsubs,0.99,FN_cort,Vis,2,3,PFM3T7T02,PFM3T7T03,606.0
allsubs,0.99,FN_cort,FP,2,3,PFM3T7T02,PFM3T7T03,1477.0
allsubs,0.99,FN_cort,DAN,2,3,PFM3T7T02,PFM3T7T03,3726.0
allsubs,0.99,FN_cort,VAN,2,3,PFM3T7T02,PFM3T7T03,1605.0
allsubs,0.99,FN_cort,Sal,2,3,PFM3T7T02,PFM3T7T03,1260.0
allsubs,0.99,FN_cort,AMN,2,3,PFM3T7T02,PFM3T7T03,3488.0
allsubs,0.99,FN_cort,SMd,2,3,PFM3T7T02,PFM3T7T03,1078.0
allsubs,0.99,FN_cort,SMl,2,3,PFM3T7T02,PFM3T7T03,5347.0
allsubs,0.99,FN_cort,Aud,2,3,PFM3T7T02,PFM3T7T03,410.0
allsubs,0.99,FN_cort,Tpole,2,3,PFM3T7T02,PFM3T7T03,124.0
allsubs,0.99,FN_cort,MTL,2,3,PFM3T7T02,PFM3T7T03,1261.0
allsubs,0.99,FN_cort,PMN,2,3,PFM3T7T02,PFM3T7T03,1696.0
allsubs,0.99,FN_cort,PON,2,3,PFM3T7T02,PFM3T7T03,1055.0
allsubs,0.99,FN_cort,SCAN,2,3,PFM3T7T02,PFM3T7T03,769.0
allsubs,0.99,TPR_cort,DMN,2,3,PFM3T7T02,PFM3T7T03,0.601031032042859
allsubs,0.99,TPR_cort,Vis,2,3,PFM3T7T02,PFM3T7T03,0.889858233369684
allsubs,0.99,TPR_cort,FP,2,3,PFM3T7T02,PFM3T7T03,0.552695336159903
allsubs,0.99,TPR_cort,DAN,2,3,PFM3T7T02,PFM3T7T03,0.433910665451231
allsubs,0.99,TPR_cort,VAN,2,3,PFM3T7T02,PFM3T7T03,0.476174934725849
allsubs,0.99,TPR_cort,Sal,2,3,PFM3T7T02,PFM3T7T03,0.298831385642738
allsubs,0.99,TPR_cort,AMN,2,3,PFM3T7T02,PFM3T7T03,0.592285213325541
allsubs,0.99,TPR_cort,SMd,2,3,PFM3T7T02,PFM3T7T03,0.654265554842848
allsubs,0.99,TPR_cort,SMl,2,3,PFM3T7T02,PFM3T7T03,0.231863238040511
allsubs,0.99,TPR_cort,Aud,2,3,PFM3T7T02,PFM3T7T03,0.816143497757848
allsubs,0.99,TPR_cort,Tpole,2,3,PFM3T7T02,PFM3T7T03,0.400966183574879
allsubs,0.99,TPR_cort,MTL,2,3,PFM3T7T02,PFM3T7T03,0.404907975460123
allsubs,0.99,TPR_cort,PMN,2,3,PFM3T7T02,PFM3T7T03,0.235002255299955
allsubs,0.99,TPR_cort,PON,2,3,PFM3T7T02,PFM3T7T03,0.530066815144766
allsubs,0.99,TPR_cort,SCAN,2,3,PFM3T7T02,PFM3T7T03,0.525308641975309
allsubs,0.99,TNR_cort,DMN,2,3,PFM3T7T02,PFM3T7T03,0.960358650215069
allsubs,0.99,TNR_cort,Vis,2,3,PFM3T7T02,PFM3T7T03,0.975848636616583
allsubs,0.99,TNR_cort,FP,2,3,PFM3T7T02,PFM3T7T03,0.945303867403315
allsubs,0.99,TNR_cort,DAN,2,3,PFM3T7T02,PFM3T7T03,0.977796706416809
allsubs,0.99,TNR_cort,VAN,2,3,PFM3T7T02,PFM3T7T03,0.97574004401221
allsubs,0.99,TNR_cort,Sal,2,3,PFM3T7T02,PFM3T7T03,0.996129480170095
allsubs,0.99,TNR_cort,AMN,2,3,PFM3T7T02,PFM3T7T03,0.951707729516094
allsubs,0.99,TNR_cort,SMd,2,3,PFM3T7T02,PFM3T7T03,0.980992645752656
allsubs,0.99,TNR_cort,SMl,2,3,PFM3T7T02,PFM3T7T03,0.993269909057978
allsubs,0.99,TNR_cort,Aud,2,3,PFM3T7T02,PFM3T7T03,0.982197194921479
allsubs,0.99,TNR_cort,Tpole,2,3,PFM3T7T02,PFM3T7T03,0.99694282577485
allsubs,0.99,TNR_cort,MTL,2,3,PFM3T7T02,PFM3T7T03,0.987537744576126
allsubs,0.99,TNR_cort,PMN,2,3,PFM3T7T02,PFM3T7T03,0.995663956639566
allsubs,0.99,TNR_cort,PON,2,3,PFM3T7T02,PFM3T7T03,0.985568597267654
allsubs,0.99,TNR_cort,SCAN,2,3,PFM3T7T02,PFM3T7T03,0.99140019379845
allsubs,0.99,FPR_cort,DMN,2,3,PFM3T7T02,PFM3T7T03,0.039641349784931
allsubs,0.99,FPR_cort,Vis,2,3,PFM3T7T02,PFM3T7T03,0.0241513633834168
allsubs,0.99,FPR_cort,FP,2,3,PFM3T7T02,PFM3T7T03,0.0546961325966851
allsubs,0.99,FPR_cort,DAN,2,3,PFM3T7T02,PFM3T7T03,0.0222032935831914
allsubs,0.99,FPR_cort,VAN,2,3,PFM3T7T02,PFM3T7T03,0.0242599559877902
allsubs,0.99,FPR_cort,Sal,2,3,PFM3T7T02,PFM3T7T03,0.0038705198299054
allsubs,0.99,FPR_cort,AMN,2,3,PFM3T7T02,PFM3T7T03,0.0482922704839059
allsubs,0.99,FPR_cort,SMd,2,3,PFM3T7T02,PFM3T7T03,0.0190073542473443
allsubs,0.99,FPR_cort,SMl,2,3,PFM3T7T02,PFM3T7T03,0.006730090942022
allsubs,0.99,FPR_cort,Aud,2,3,PFM3T7T02,PFM3T7T03,0.0178028050785212
allsubs,0.99,FPR_cort,Tpole,2,3,PFM3T7T02,PFM3T7T03,0.0030571742251499
allsubs,0.99,FPR_cort,MTL,2,3,PFM3T7T02,PFM3T7T03,0.0124622554238738
allsubs,0.99,FPR_cort,PMN,2,3,PFM3T7T02,PFM3T7T03,0.0043360433604336
allsubs,0.99,FPR_cort,PON,2,3,PFM3T7T02,PFM3T7T03,0.0144314027323456
allsubs,0.99,FPR_cort,SCAN,2,3,PFM3T7T02,PFM3T7T03,0.0085998062015503
allsubs,0.99,FNR_cort,DMN,2,3,PFM3T7T02,PFM3T7T03,0.398968967957141
allsubs,0.99,FNR_cort,Vis,2,3,PFM3T7T02,PFM3T7T03,0.110141766630316
allsubs,0.99,FNR_cort,FP,2,3,PFM3T7T02,PFM3T7T03,0.447304663840097
allsubs,0.99,FNR_cort,DAN,2,3,PFM3T7T02,PFM3T7T03,0.566089334548769
allsubs,0.99,FNR_cort,VAN,2,3,PFM3T7T02,PFM3T7T03,0.523825065274151
allsubs,0.99,FNR_cort,Sal,2,3,PFM3T7T02,PFM3T7T03,0.701168614357262
allsubs,0.99,FNR_cort,AMN,2,3,PFM3T7T02,PFM3T7T03,0.407714786674459
allsubs,0.99,FNR_cort,SMd,2,3,PFM3T7T02,PFM3T7T03,0.345734445157152
allsubs,0.99,FNR_cort,SMl,2,3,PFM3T7T02,PFM3T7T03,0.768136761959489
allsubs,0.99,FNR_cort,Aud,2,3,PFM3T7T02,PFM3T7T03,0.183856502242152
allsubs,0.99,FNR_cort,Tpole,2,3,PFM3T7T02,PFM3T7T03,0.599033816425121
allsubs,0.99,FNR_cort,MTL,2,3,PFM3T7T02,PFM3T7T03,0.595092024539877
allsubs,0.99,FNR_cort,PMN,2,3,PFM3T7T02,PFM3T7T03,0.764997744700045
allsubs,0.99,FNR_cort,PON,2,3,PFM3T7T02,PFM3T7T03,0.469933184855234
allsubs,0.99,FNR_cort,SCAN,2,3,PFM3T7T02,PFM3T7T03,0.474691358024691
allsubs,0.99,NPV_cort,DMN,2,3,PFM3T7T02,PFM3T7T03,0.923363687552181
allsubs,0.99,NPV_cort,Vis,2,3,PFM3T7T02,PFM3T7T03,0.988612019393393
allsubs,0.99,NPV_cort,FP,2,3,PFM3T7T02,PFM3T7T03,0.972908030375289
allsubs,0.99,NPV_cort,DAN,2,3,PFM3T7T02,PFM3T7T03,0.932723037755268
allsubs,0.99,NPV_cort,VAN,2,3,PFM3T7T02,PFM3T7T03,0.971636093733432
allsubs,0.99,NPV_cort,Sal,2,3,PFM3T7T02,PFM3T7T03,0.97851735661188
allsubs,0.99,NPV_cort,AMN,2,3,PFM3T7T02,PFM3T7T03,0.932779587195745
allsubs,0.99,NPV_cort,SMd,2,3,PFM3T7T02,PFM3T7T03,0.980853255656993
allsubs,0.99,NPV_cort,SMl,2,3,PFM3T7T02,PFM3T7T03,0.906919662285665
allsubs,0.99,NPV_cort,Aud,2,3,PFM3T7T02,PFM3T7T03,0.992752854668222
allsubs,0.99,NPV_cort,Tpole,2,3,PFM3T7T02,PFM3T7T03,0.9979035639413
allsubs,0.99,NPV_cort,MTL,2,3,PFM3T7T02,PFM3T7T03,0.978198478561549
allsubs,0.99,NPV_cort,PMN,2,3,PFM3T7T02,PFM3T7T03,0.971079242194294
allsubs,0.99,NPV_cort,PON,2,3,PFM3T7T02,PFM3T7T03,0.981619248392773
allsubs,0.99,NPV_cort,SCAN,2,3,PFM3T7T02,PFM3T7T03,0.986755993386608
allsubs,0.99,PPV_cort,DMN,2,3,PFM3T7T02,PFM3T7T03,0.751801744847642
allsubs,0.99,PPV_cort,Vis,2,3,PFM3T7T02,PFM3T7T03,0.789932236205227
allsubs,0.99,PPV_cort,FP,2,3,PFM3T7T02,PFM3T7T03,0.372905598692276
allsubs,0.99,PPV_cort,DAN,2,3,PFM3T7T02,PFM3T7T03,0.708860759493671
allsubs,0.99,PPV_cort,VAN,2,3,PFM3T7T02,PFM3T7T03,0.516277423920736
allsubs,0.99,PPV_cort,Sal,2,3,PFM3T7T02,PFM3T7T03,0.706578947368421
allsubs,0.99,PPV_cort,AMN,2,3,PFM3T7T02,PFM3T7T03,0.673534494217732
allsubs,0.99,PPV_cort,SMd,2,3,PFM3T7T02,PFM3T7T03,0.655948553054662
allsubs,0.99,PPV_cort,SMl,2,3,PFM3T7T02,PFM3T7T03,0.820538891713269
allsubs,0.99,PPV_cort,Aud,2,3,PFM3T7T02,PFM3T7T03,0.641296687808316
allsubs,0.99,PPV_cort,Tpole,2,3,PFM3T7T02,PFM3T7T03,0.314393939393939
allsubs,0.99,PPV_cort,MTL,2,3,PFM3T7T02,PFM3T7T03,0.545801526717557
allsubs,0.99,PPV_cort,PMN,2,3,PFM3T7T02,PFM3T7T03,0.677503250975293
allsubs,0.99,PPV_cort,PON,2,3,PFM3T7T02,PFM3T7T03,0.590570719602978
allsubs,0.99,PPV_cort,SCAN,2,3,PFM3T7T02,PFM3T7T03,0.631305637982196
allsubs,0.99,PPVcorr_Jeffreys_cort,DMN,2,3,PFM3T7T02,PFM3T7T03,0.723806794556264
allsubs,0.99,PPVcorr_Jeffreys_cort,Vis,2,3,PFM3T7T02,PFM3T7T03,0.766293233751222
allsubs,0.99,PPVcorr_Jeffreys_cort,FP,2,3,PFM3T7T02,PFM3T7T03,0.380938708318977
allsubs,0.99,PPVcorr_Jeffreys_cort,DAN,2,3,PFM3T7T02,PFM3T7T03,0.679531490015361
allsubs,0.99,PPVcorr_Jeffreys_cort,VAN,2,3,PFM3T7T02,PFM3T7T03,0.514685225386285
allsubs,0.99,PPVcorr_Jeffreys_cort,Sal,2,3,PFM3T7T02,PFM3T7T03,0.667074598276046
allsubs,0.99,PPVcorr_Jeffreys_cort,AMN,2,3,PFM3T7T02,PFM3T7T03,0.655815480097869
allsubs,0.99,PPVcorr_Jeffreys_cort,SMd,2,3,PFM3T7T02,PFM3T7T03,0.641738266409492
allsubs,0.99,PPVcorr_Jeffreys_cort,SMl,2,3,PFM3T7T02,PFM3T7T03,0.736754158687244
allsubs,0.99,PPVcorr_Jeffreys_cort,Aud,2,3,PFM3T7T02,PFM3T7T03,0.631002940215616
allsubs,0.99,PPVcorr_Jeffreys_cort,Tpole,2,3,PFM3T7T02,PFM3T7T03,0.327889005971198
allsubs,0.99,PPVcorr_Jeffreys_cort,MTL,2,3,PFM3T7T02,PFM3T7T03,0.540361006782891
allsubs,0.99,PPVcorr_Jeffreys_cort,PMN,2,3,PFM3T7T02,PFM3T7T03,0.637781366710407
allsubs,0.99,PPVcorr_Jeffreys_cort,PON,2,3,PFM3T7T02,PFM3T7T03,0.581491404331324
allsubs,0.99,PPVcorr_Jeffreys_cort,SCAN,2,3,PFM3T7T02,PFM3T7T03,0.617218543046358
allsubs,0.99,PPVcorr_d1d2_cort,DMN,2,3,PFM3T7T02,PFM3T7T03,0.752365220468249
allsubs,0.99,PPVcorr_d1d2_cort,Vis,2,3,PFM3T7T02,PFM3T7T03,0.795229392836065
allsubs,0.99,PPVcorr_d1d2_cort,FP,2,3,PFM3T7T02,PFM3T7T03,0.395137778602346
allsubs,0.99,PPVcorr_d1d2_cort,DAN,2,3,PFM3T7T02,PFM3T7T03,0.706467892844451
allsubs,0.99,PPVcorr_d1d2_cort,VAN,2,3,PFM3T7T02,PFM3T7T03,0.530144303375166
allsubs,0.99,PPVcorr_d1d2_cort,Sal,2,3,PFM3T7T02,PFM3T7T03,0.67339455292955
allsubs,0.99,PPVcorr_d1d2_cort,AMN,2,3,PFM3T7T02,PFM3T7T03,0.676211552861768
allsubs,0.99,PPVcorr_d1d2_cort,SMd,2,3,PFM3T7T02,PFM3T7T03,0.666534856827347
allsubs,0.99,PPVcorr_d1d2_cort,SMl,2,3,PFM3T7T02,PFM3T7T03,0.794370132628958
allsubs,0.99,PPVcorr_d1d2_cort,Aud,2,3,PFM3T7T02,PFM3T7T03,0.66273037563492
allsubs,0.99,PPVcorr_d1d2_cort,Tpole,2,3,PFM3T7T02,PFM3T7T03,0.578181457216597
allsubs,0.99,PPVcorr_d1d2_cort,MTL,2,3,PFM3T7T02,PFM3T7T03,0.557493088321951
allsubs,0.99,PPVcorr_d1d2_cort,PMN,2,3,PFM3T7T02,PFM3T7T03,0.63929484288077
allsubs,0.99,PPVcorr_d1d2_cort,PON,2,3,PFM3T7T02,PFM3T7T03,0.605035449497097
allsubs,0.99,PPVcorr_d1d2_cort,SCAN,2,3,PFM3T7T02,PFM3T7T03,0.645072378566742
allsubs,0.99,PPVcorr_bayes_cort,DMN,2,3,PFM3T7T02,PFM3T7T03,0.754576335718917
allsubs,0.99,PPVcorr_bayes_cort,Vis,2,3,PFM3T7T02,PFM3T7T03,0.804188999243138
allsubs,0.99,PPVcorr_bayes_cort,FP,2,3,PFM3T7T02,PFM3T7T03,0.409122349360685
allsubs,0.99,PPVcorr_bayes_cort,DAN,2,3,PFM3T7T02,PFM3T7T03,0.701509485903053
allsubs,0.99,PPVcorr_bayes_cort,VAN,2,3,PFM3T7T02,PFM3T7T03,0.537145158043084
allsubs,0.99,PPVcorr_bayes_cort,Sal,2,3,PFM3T7T02,PFM3T7T03,0.676382441088323
allsubs,0.99,PPVcorr_bayes_cort,AMN,2,3,PFM3T7T02,PFM3T7T03,0.684585154211337
allsubs,0.99,PPVcorr_bayes_cort,SMd,2,3,PFM3T7T02,PFM3T7T03,0.672196883896048
allsubs,0.99,PPVcorr_bayes_cort,SMl,2,3,PFM3T7T02,PFM3T7T03,0.739556572612854
allsubs,0.99,PPVcorr_bayes_cort,Aud,2,3,PFM3T7T02,PFM3T7T03,0.665107608879851
allsubs,0.99,PPVcorr_bayes_cort,Tpole,2,3,PFM3T7T02,PFM3T7T03,0.351189395315054
allsubs,0.99,PPVcorr_bayes_cort,MTL,2,3,PFM3T7T02,PFM3T7T03,0.558146460585485
allsubs,0.99,PPVcorr_bayes_cort,PMN,2,3,PFM3T7T02,PFM3T7T03,0.635692796730431
allsubs,0.99,PPVcorr_bayes_cort,PON,2,3,PFM3T7T02,PFM3T7T03,0.606719135439915
allsubs,0.99,PPVcorr_bayes_cort,SCAN,2,3,PFM3T7T02,PFM3T7T03,0.642587412587413
allsubs,0.99,MCC_cort,DMN,2,3,PFM3T7T02,PFM3T7T03,0.615654860751114
allsubs,0.99,MCC_cort,Vis,2,3,PFM3T7T02,PFM3T7T03,0.820969616161323
allsubs,0.99,MCC_cort,FP,2,3,PFM3T7T02,PFM3T7T03,0.414987845432795
allsubs,0.99,MCC_cort,DAN,2,3,PFM3T7T02,PFM3T7T03,0.5139501717078
allsubs,0.99,MCC_cort,VAN,2,3,PFM3T7T02,PFM3T7T03,0.469569405899378
allsubs,0.99,MCC_cort,Sal,2,3,PFM3T7T02,PFM3T7T03,0.449529308262766
allsubs,0.99,MCC_cort,AMN,2,3,PFM3T7T02,PFM3T7T03,0.574308785789004
allsubs,0.99,MCC_cort,SMd,2,3,PFM3T7T02,PFM3T7T03,0.63602953637243
allsubs,0.99,MCC_cort,SMl,2,3,PFM3T7T02,PFM3T7T03,0.404691281899544
allsubs,0.99,MCC_cort,Aud,2,3,PFM3T7T02,PFM3T7T03,0.711468587453957
allsubs,0.99,MCC_cort,Tpole,2,3,PFM3T7T02,PFM3T7T03,0.352513815579643
allsubs,0.99,MCC_cort,MTL,2,3,PFM3T7T02,PFM3T7T03,0.453477187266082
allsubs,0.99,MCC_cort,PMN,2,3,PFM3T7T02,PFM3T7T03,0.386789434744176
allsubs,0.99,MCC_cort,PON,2,3,PFM3T7T02,PFM3T7T03,0.543177144332987
allsubs,0.99,MCC_cort,SCAN,2,3,PFM3T7T02,PFM3T7T03,0.565117603672903
allsubs,0.99,muI_cort,WholeBrainOrSingleVal,2,3,PFM3T7T02,PFM3T7T03,1.84453148127867
allsubs,0.99,VIn_cort,WholeBrainOrSingleVal,2,3,PFM3T7T02,PFM3T7T03,0.216604830820333
allsubs,0.99,MIn_cort,WholeBrainOrSingleVal,2,3,PFM3T7T02,PFM3T7T03,0.522709852986711
allsubs,0.99,DC_cort,DMN,2,4,PFM3T7T02,PFM3T7T04,0.598120111932267
allsubs,0.99,DC_cort,Vis,2,4,PFM3T7T02,PFM3T7T04,0.834977578475336
allsubs,0.99,DC_cort,FP,2,4,PFM3T7T02,PFM3T7T04,0.562788398154252
allsubs,0.99,DC_cort,DAN,2,4,PFM3T7T02,PFM3T7T04,0.498926928972918
allsubs,0.99,DC_cort,VAN,2,4,PFM3T7T02,PFM3T7T04,0.452156236387397
allsubs,0.99,DC_cort,Sal,2,4,PFM3T7T02,PFM3T7T04,0.319542253521127
allsubs,0.99,DC_cort,AMN,2,4,PFM3T7T02,PFM3T7T04,0.609181835124557
allsubs,0.99,DC_cort,SMd,2,4,PFM3T7T02,PFM3T7T04,0.661524978089395
allsubs,0.99,DC_cort,SMl,2,4,PFM3T7T02,PFM3T7T04,0.633882595262616
allsubs,0.99,DC_cort,Aud,2,4,PFM3T7T02,PFM3T7T04,0.737037037037037
allsubs,0.99,DC_cort,Tpole,2,4,PFM3T7T02,PFM3T7T04,0.31095406360424
allsubs,0.99,DC_cort,MTL,2,4,PFM3T7T02,PFM3T7T04,0.398770911573916
allsubs,0.99,DC_cort,PMN,2,4,PFM3T7T02,PFM3T7T04,0.424384525205158
allsubs,0.99,DC_cort,PON,2,4,PFM3T7T02,PFM3T7T04,0.522401043932144
allsubs,0.99,DC_cort,SCAN,2,4,PFM3T7T02,PFM3T7T04,0.57430392485743
allsubs,0.99,cDC_cort,DMN,2,4,PFM3T7T02,PFM3T7T04,0.598120111932267
allsubs,0.99,cDC_cort,Vis,2,4,PFM3T7T02,PFM3T7T04,0.834977578475336
allsubs,0.99,cDC_cort,FP,2,4,PFM3T7T02,PFM3T7T04,0.562788398154252
allsubs,0.99,cDC_cort,DAN,2,4,PFM3T7T02,PFM3T7T04,0.498926928972918
allsubs,0.99,cDC_cort,VAN,2,4,PFM3T7T02,PFM3T7T04,0.452156236387397
allsubs,0.99,cDC_cort,Sal,2,4,PFM3T7T02,PFM3T7T04,0.319542253521127
allsubs,0.99,cDC_cort,AMN,2,4,PFM3T7T02,PFM3T7T04,0.609181835124557
allsubs,0.99,cDC_cort,SMd,2,4,PFM3T7T02,PFM3T7T04,0.661524978089395
allsubs,0.99,cDC_cort,SMl,2,4,PFM3T7T02,PFM3T7T04,0.633882595262616
allsubs,0.99,cDC_cort,Aud,2,4,PFM3T7T02,PFM3T7T04,0.737037037037037
allsubs,0.99,cDC_cort,Tpole,2,4,PFM3T7T02,PFM3T7T04,0.31095406360424
allsubs,0.99,cDC_cort,MTL,2,4,PFM3T7T02,PFM3T7T04,0.398770911573916
allsubs,0.99,cDC_cort,PMN,2,4,PFM3T7T02,PFM3T7T04,0.424384525205158
allsubs,0.99,cDC_cort,PON,2,4,PFM3T7T02,PFM3T7T04,0.522401043932144
allsubs,0.99,cDC_cort,SCAN,2,4,PFM3T7T02,PFM3T7T04,0.57430392485743
allsubs,0.99,TP_cort,DMN,2,4,PFM3T7T02,PFM3T7T04,4168.0
allsubs,0.99,TP_cort,Vis,2,4,PFM3T7T02,PFM3T7T04,5586.0
allsubs,0.99,TP_cort,FP,2,4,PFM3T7T02,PFM3T7T04,3415.0
allsubs,0.99,TP_cort,DAN,2,4,PFM3T7T02,PFM3T7T04,2441.0
allsubs,0.99,TP_cort,VAN,2,4,PFM3T7T02,PFM3T7T04,1557.0
allsubs,0.99,TP_cort,Sal,2,4,PFM3T7T02,PFM3T7T04,363.0
allsubs,0.99,TP_cort,AMN,2,4,PFM3T7T02,PFM3T7T04,4903.0
allsubs,0.99,TP_cort,SMd,2,4,PFM3T7T02,PFM3T7T04,1887.0
allsubs,0.99,TP_cort,SMl,2,4,PFM3T7T02,PFM3T7T04,1231.0
allsubs,0.99,TP_cort,Aud,2,4,PFM3T7T02,PFM3T7T04,2189.0
allsubs,0.99,TP_cort,Tpole,2,4,PFM3T7T02,PFM3T7T04,220.0
allsubs,0.99,TP_cort,MTL,2,4,PFM3T7T02,PFM3T7T04,1168.0
allsubs,0.99,TP_cort,PMN,2,4,PFM3T7T02,PFM3T7T04,543.0
allsubs,0.99,TP_cort,PON,2,4,PFM3T7T02,PFM3T7T04,1201.0
allsubs,0.99,TP_cort,SCAN,2,4,PFM3T7T02,PFM3T7T04,856.0
allsubs,0.99,TN_cort,DMN,2,4,PFM3T7T02,PFM3T7T04,49643.0
allsubs,0.99,TN_cort,Vis,2,4,PFM3T7T02,PFM3T7T04,51618.0
allsubs,0.99,TN_cort,FP,2,4,PFM3T7T02,PFM3T7T04,50691.0
allsubs,0.99,TN_cort,DAN,2,4,PFM3T7T02,PFM3T7T04,52068.0
allsubs,0.99,TN_cort,VAN,2,4,PFM3T7T02,PFM3T7T04,54082.0
allsubs,0.99,TN_cort,Sal,2,4,PFM3T7T02,PFM3T7T04,57503.0
allsubs,0.99,TN_cort,AMN,2,4,PFM3T7T02,PFM3T7T04,48218.0
allsubs,0.99,TN_cort,SMd,2,4,PFM3T7T02,PFM3T7T04,55594.0
allsubs,0.99,TN_cort,SMl,2,4,PFM3T7T02,PFM3T7T04,56759.0
allsubs,0.99,TN_cort,Aud,2,4,PFM3T7T02,PFM3T7T04,55661.0
allsubs,0.99,TN_cort,Tpole,2,4,PFM3T7T02,PFM3T7T04,58217.0
allsubs,0.99,TN_cort,MTL,2,4,PFM3T7T02,PFM3T7T04,54722.0
allsubs,0.99,TN_cort,PMN,2,4,PFM3T7T02,PFM3T7T04,57396.0
allsubs,0.99,TN_cort,PON,2,4,PFM3T7T02,PFM3T7T04,56015.0
allsubs,0.99,TN_cort,SCAN,2,4,PFM3T7T02,PFM3T7T04,57287.0
allsubs,0.99,FP_cort,DMN,2,4,PFM3T7T02,PFM3T7T04,3741.0
allsubs,0.99,FP_cort,Vis,2,4,PFM3T7T02,PFM3T7T04,612.0
allsubs,0.99,FP_cort,FP,2,4,PFM3T7T02,PFM3T7T04,1479.0
allsubs,0.99,FP_cort,DAN,2,4,PFM3T7T02,PFM3T7T04,1588.0
allsubs,0.99,FP_cort,VAN,2,4,PFM3T7T02,PFM3T7T04,1269.0
allsubs,0.99,FP_cort,Sal,2,4,PFM3T7T02,PFM3T7T04,397.0
allsubs,0.99,FP_cort,AMN,2,4,PFM3T7T02,PFM3T7T04,2620.0
allsubs,0.99,FP_cort,SMd,2,4,PFM3T7T02,PFM3T7T04,1223.0
allsubs,0.99,FP_cort,SMl,2,4,PFM3T7T02,PFM3T7T04,736.0
allsubs,0.99,FP_cort,Aud,2,4,PFM3T7T02,PFM3T7T04,649.0
allsubs,0.99,FP_cort,Tpole,2,4,PFM3T7T02,PFM3T7T04,44.0
allsubs,0.99,FP_cort,MTL,2,4,PFM3T7T02,PFM3T7T04,404.0
allsubs,0.99,FP_cort,PMN,2,4,PFM3T7T02,PFM3T7T04,226.0
allsubs,0.99,FP_cort,PON,2,4,PFM3T7T02,PFM3T7T04,814.0
allsubs,0.99,FP_cort,SCAN,2,4,PFM3T7T02,PFM3T7T04,492.0
allsubs,0.99,FN_cort,DMN,2,4,PFM3T7T02,PFM3T7T04,1860.0
allsubs,0.99,FN_cort,Vis,2,4,PFM3T7T02,PFM3T7T04,1596.0
allsubs,0.99,FN_cort,FP,2,4,PFM3T7T02,PFM3T7T04,3827.0
allsubs,0.99,FN_cort,DAN,2,4,PFM3T7T02,PFM3T7T04,3315.0
allsubs,0.99,FN_cort,VAN,2,4,PFM3T7T02,PFM3T7T04,2504.0
allsubs,0.99,FN_cort,Sal,2,4,PFM3T7T02,PFM3T7T04,1149.0
allsubs,0.99,FN_cort,AMN,2,4,PFM3T7T02,PFM3T7T04,3671.0
allsubs,0.99,FN_cort,SMd,2,4,PFM3T7T02,PFM3T7T04,708.0
allsubs,0.99,FN_cort,SMl,2,4,PFM3T7T02,PFM3T7T04,686.0
allsubs,0.99,FN_cort,Aud,2,4,PFM3T7T02,PFM3T7T04,913.0
allsubs,0.99,FN_cort,Tpole,2,4,PFM3T7T02,PFM3T7T04,931.0
allsubs,0.99,FN_cort,MTL,2,4,PFM3T7T02,PFM3T7T04,3118.0
allsubs,0.99,FN_cort,PMN,2,4,PFM3T7T02,PFM3T7T04,1247.0
allsubs,0.99,FN_cort,PON,2,4,PFM3T7T02,PFM3T7T04,1382.0
allsubs,0.99,FN_cort,SCAN,2,4,PFM3T7T02,PFM3T7T04,777.0
allsubs,0.99,TPR_cort,DMN,2,4,PFM3T7T02,PFM3T7T04,0.691439946914399
allsubs,0.99,TPR_cort,Vis,2,4,PFM3T7T02,PFM3T7T04,0.777777777777778
allsubs,0.99,TPR_cort,FP,2,4,PFM3T7T02,PFM3T7T04,0.471554819110743
allsubs,0.99,TPR_cort,DAN,2,4,PFM3T7T02,PFM3T7T04,0.424079221681723
allsubs,0.99,TPR_cort,VAN,2,4,PFM3T7T02,PFM3T7T04,0.383403102684068
allsubs,0.99,TPR_cort,Sal,2,4,PFM3T7T02,PFM3T7T04,0.240079365079365
allsubs,0.99,TPR_cort,AMN,2,4,PFM3T7T02,PFM3T7T04,0.571845113132727
allsubs,0.99,TPR_cort,SMd,2,4,PFM3T7T02,PFM3T7T04,0.727167630057803
allsubs,0.99,TPR_cort,SMl,2,4,PFM3T7T02,PFM3T7T04,0.642149191444966
allsubs,0.99,TPR_cort,Aud,2,4,PFM3T7T02,PFM3T7T04,0.705673758865248
allsubs,0.99,TPR_cort,Tpole,2,4,PFM3T7T02,PFM3T7T04,0.191138140747176
allsubs,0.99,TPR_cort,MTL,2,4,PFM3T7T02,PFM3T7T04,0.272515165655623
allsubs,0.99,TPR_cort,PMN,2,4,PFM3T7T02,PFM3T7T04,0.303351955307263
allsubs,0.99,TPR_cort,PON,2,4,PFM3T7T02,PFM3T7T04,0.464963221060782
allsubs,0.99,TPR_cort,SCAN,2,4,PFM3T7T02,PFM3T7T04,0.524188609920392
allsubs,0.99,TNR_cort,DMN,2,4,PFM3T7T02,PFM3T7T04,0.929922823317848
allsubs,0.99,TNR_cort,Vis,2,4,PFM3T7T02,PFM3T7T04,0.988282596209075
allsubs,0.99,TNR_cort,FP,2,4,PFM3T7T02,PFM3T7T04,0.971650373778033
allsubs,0.99,TNR_cort,DAN,2,4,PFM3T7T02,PFM3T7T04,0.97040405546444
allsubs,0.99,TNR_cort,VAN,2,4,PFM3T7T02,PFM3T7T04,0.977073584939748
allsubs,0.99,TNR_cort,Sal,2,4,PFM3T7T02,PFM3T7T04,0.993143350604491
allsubs,0.99,TNR_cort,AMN,2,4,PFM3T7T02,PFM3T7T04,0.948463747590385
allsubs,0.99,TNR_cort,SMd,2,4,PFM3T7T02,PFM3T7T04,0.978474752274847
allsubs,0.99,TNR_cort,SMl,2,4,PFM3T7T02,PFM3T7T04,0.987198886859727
allsubs,0.99,TNR_cort,Aud,2,4,PFM3T7T02,PFM3T7T04,0.988474516071746
allsubs,0.99,TNR_cort,Tpole,2,4,PFM3T7T02,PFM3T7T04,0.999244777810199
allsubs,0.99,TNR_cort,MTL,2,4,PFM3T7T02,PFM3T7T04,0.992671334760367
allsubs,0.99,TNR_cort,PMN,2,4,PFM3T7T02,PFM3T7T04,0.996077886918191
allsubs,0.99,TNR_cort,PON,2,4,PFM3T7T02,PFM3T7T04,0.985676327227296
allsubs,0.99,TNR_cort,SCAN,2,4,PFM3T7T02,PFM3T7T04,0.991484795513941
allsubs,0.99,FPR_cort,DMN,2,4,PFM3T7T02,PFM3T7T04,0.070077176682152
allsubs,0.99,FPR_cort,Vis,2,4,PFM3T7T02,PFM3T7T04,0.0117174037909248
allsubs,0.99,FPR_cort,FP,2,4,PFM3T7T02,PFM3T7T04,0.0283496262219666
allsubs,0.99,FPR_cort,DAN,2,4,PFM3T7T02,PFM3T7T04,0.0295959445355599
allsubs,0.99,FPR_cort,VAN,2,4,PFM3T7T02,PFM3T7T04,0.0229264150602518
allsubs,0.99,FPR_cort,Sal,2,4,PFM3T7T02,PFM3T7T04,0.0068566493955095
allsubs,0.99,FPR_cort,AMN,2,4,PFM3T7T02,PFM3T7T04,0.0515362524096149
allsubs,0.99,FPR_cort,SMd,2,4,PFM3T7T02,PFM3T7T04,0.0215252477251527
allsubs,0.99,FPR_cort,SMl,2,4,PFM3T7T02,PFM3T7T04,0.0128011131402731
allsubs,0.99,FPR_cort,Aud,2,4,PFM3T7T02,PFM3T7T04,0.0115254839282543
allsubs,0.99,FPR_cort,Tpole,2,4,PFM3T7T02,PFM3T7T04,0.000755222189801
allsubs,0.99,FPR_cort,MTL,2,4,PFM3T7T02,PFM3T7T04,0.0073286652396328
allsubs,0.99,FPR_cort,PMN,2,4,PFM3T7T02,PFM3T7T04,0.003922113081809
allsubs,0.99,FPR_cort,PON,2,4,PFM3T7T02,PFM3T7T04,0.0143236727727041
allsubs,0.99,FPR_cort,SCAN,2,4,PFM3T7T02,PFM3T7T04,0.0085152044860589
allsubs,0.99,FNR_cort,DMN,2,4,PFM3T7T02,PFM3T7T04,0.308560053085601
allsubs,0.99,FNR_cort,Vis,2,4,PFM3T7T02,PFM3T7T04,0.222222222222222
allsubs,0.99,FNR_cort,FP,2,4,PFM3T7T02,PFM3T7T04,0.528445180889257
allsubs,0.99,FNR_cort,DAN,2,4,PFM3T7T02,PFM3T7T04,0.575920778318277
allsubs,0.99,FNR_cort,VAN,2,4,PFM3T7T02,PFM3T7T04,0.616596897315932
allsubs,0.99,FNR_cort,Sal,2,4,PFM3T7T02,PFM3T7T04,0.759920634920635
allsubs,0.99,FNR_cort,AMN,2,4,PFM3T7T02,PFM3T7T04,0.428154886867273
allsubs,0.99,FNR_cort,SMd,2,4,PFM3T7T02,PFM3T7T04,0.272832369942197
allsubs,0.99,FNR_cort,SMl,2,4,PFM3T7T02,PFM3T7T04,0.357850808555034
allsubs,0.99,FNR_cort,Aud,2,4,PFM3T7T02,PFM3T7T04,0.294326241134752
allsubs,0.99,FNR_cort,Tpole,2,4,PFM3T7T02,PFM3T7T04,0.808861859252824
allsubs,0.99,FNR_cort,MTL,2,4,PFM3T7T02,PFM3T7T04,0.727484834344377
allsubs,0.99,FNR_cort,PMN,2,4,PFM3T7T02,PFM3T7T04,0.696648044692737
allsubs,0.99,FNR_cort,PON,2,4,PFM3T7T02,PFM3T7T04,0.535036778939218
allsubs,0.99,FNR_cort,SCAN,2,4,PFM3T7T02,PFM3T7T04,0.475811390079608
allsubs,0.99,NPV_cort,DMN,2,4,PFM3T7T02,PFM3T7T04,0.963885598897152
allsubs,0.99,NPV_cort,Vis,2,4,PFM3T7T02,PFM3T7T04,0.970007892659826
allsubs,0.99,NPV_cort,FP,2,4,PFM3T7T02,PFM3T7T04,0.929803000843758
allsubs,0.99,NPV_cort,DAN,2,4,PFM3T7T02,PFM3T7T04,0.940144087535886
allsubs,0.99,NPV_cort,VAN,2,4,PFM3T7T02,PFM3T7T04,0.955748771781006
allsubs,0.99,NPV_cort,Sal,2,4,PFM3T7T02,PFM3T7T04,0.980409875196072
allsubs,0.99,NPV_cort,AMN,2,4,PFM3T7T02,PFM3T7T04,0.929252828152402
allsubs,0.99,NPV_cort,SMd,2,4,PFM3T7T02,PFM3T7T04,0.987424958260808
allsubs,0.99,NPV_cort,SMl,2,4,PFM3T7T02,PFM3T7T04,0.988058142571155
allsubs,0.99,NPV_cort,Aud,2,4,PFM3T7T02,PFM3T7T04,0.983861844663626
allsubs,0.99,NPV_cort,Tpole,2,4,PFM3T7T02,PFM3T7T04,0.98425982281734
allsubs,0.99,NPV_cort,MTL,2,4,PFM3T7T02,PFM3T7T04,0.946092669432918
allsubs,0.99,NPV_cort,PMN,2,4,PFM3T7T02,PFM3T7T04,0.978735739986017
allsubs,0.99,NPV_cort,PON,2,4,PFM3T7T02,PFM3T7T04,0.975922086520201
allsubs,0.99,NPV_cort,SCAN,2,4,PFM3T7T02,PFM3T7T04,0.986618214384128
allsubs,0.99,PPV_cort,DMN,2,4,PFM3T7T02,PFM3T7T04,0.526994563155898
allsubs,0.99,PPV_cort,Vis,2,4,PFM3T7T02,PFM3T7T04,0.901258470474347
allsubs,0.99,PPV_cort,FP,2,4,PFM3T7T02,PFM3T7T04,0.697793216183081
allsubs,0.99,PPV_cort,DAN,2,4,PFM3T7T02,PFM3T7T04,0.605857532886572
allsubs,0.99,PPV_cort,VAN,2,4,PFM3T7T02,PFM3T7T04,0.550955414012739
allsubs,0.99,PPV_cort,Sal,2,4,PFM3T7T02,PFM3T7T04,0.477631578947368
allsubs,0.99,PPV_cort,AMN,2,4,PFM3T7T02,PFM3T7T04,0.651734680313705
allsubs,0.99,PPV_cort,SMd,2,4,PFM3T7T02,PFM3T7T04,0.606752411575563
allsubs,0.99,PPV_cort,SMl,2,4,PFM3T7T02,PFM3T7T04,0.625826131164209
allsubs,0.99,PPV_cort,Aud,2,4,PFM3T7T02,PFM3T7T04,0.771317829457364
allsubs,0.99,PPV_cort,Tpole,2,4,PFM3T7T02,PFM3T7T04,0.833333333333333
allsubs,0.99,PPV_cort,MTL,2,4,PFM3T7T02,PFM3T7T04,0.743002544529262
allsubs,0.99,PPV_cort,PMN,2,4,PFM3T7T02,PFM3T7T04,0.706111833550065
allsubs,0.99,PPV_cort,PON,2,4,PFM3T7T02,PFM3T7T04,0.596029776674938
allsubs,0.99,PPV_cort,SCAN,2,4,PFM3T7T02,PFM3T7T04,0.635014836795252
allsubs,0.99,PPVcorr_Jeffreys_cort,DMN,2,4,PFM3T7T02,PFM3T7T04,0.525082826194225
allsubs,0.99,PPVcorr_Jeffreys_cort,Vis,2,4,PFM3T7T02,PFM3T7T04,0.859590526589746
allsubs,0.99,PPVcorr_Jeffreys_cort,FP,2,4,PFM3T7T02,PFM3T7T04,0.672297177031789
allsubs,0.99,PPVcorr_Jeffreys_cort,DAN,2,4,PFM3T7T02,PFM3T7T04,0.59262476653781
allsubs,0.99,PPVcorr_Jeffreys_cort,VAN,2,4,PFM3T7T02,PFM3T7T04,0.544553076946877
allsubs,0.99,PPVcorr_Jeffreys_cort,Sal,2,4,PFM3T7T02,PFM3T7T04,0.48134328358209
allsubs,0.99,PPVcorr_Jeffreys_cort,AMN,2,4,PFM3T7T02,PFM3T7T04,0.636210682067682
allsubs,0.99,PPVcorr_Jeffreys_cort,SMd,2,4,PFM3T7T02,PFM3T7T04,0.598530939308503
allsubs,0.99,PPVcorr_Jeffreys_cort,SMl,2,4,PFM3T7T02,PFM3T7T04,0.614652337054709
allsubs,0.99,PPVcorr_Jeffreys_cort,Aud,2,4,PFM3T7T02,PFM3T7T04,0.744584206848358
allsubs,0.99,PPVcorr_Jeffreys_cort,Tpole,2,4,PFM3T7T02,PFM3T7T04,0.732128725929834
allsubs,0.99,PPVcorr_Jeffreys_cort,MTL,2,4,PFM3T7T02,PFM3T7T04,0.690942717184845
allsubs,0.99,PPVcorr_Jeffreys_cort,PMN,2,4,PFM3T7T02,PFM3T7T04,0.667194092827004
allsubs,0.99,PPVcorr_Jeffreys_cort,PON,2,4,PFM3T7T02,PFM3T7T04,0.585118550125368
allsubs,0.99,PPVcorr_Jeffreys_cort,SCAN,2,4,PFM3T7T02,PFM3T7T04,0.620426123205188
allsubs,0.99,PPVcorr_d1d2_cort,DMN,2,4,PFM3T7T02,PFM3T7T04,0.536792057373539
allsubs,0.99,PPVcorr_d1d2_cort,Vis,2,4,PFM3T7T02,PFM3T7T04,0.900587248934104
allsubs,0.99,PPVcorr_d1d2_cort,FP,2,4,PFM3T7T02,PFM3T7T04,0.697312916340809
allsubs,0.99,PPVcorr_d1d2_cort,DAN,2,4,PFM3T7T02,PFM3T7T04,0.608110538829258
allsubs,0.99,PPVcorr_d1d2_cort,VAN,2,4,PFM3T7T02,PFM3T7T04,0.555889569948278
allsubs,0.99,PPVcorr_d1d2_cort,Sal,2,4,PFM3T7T02,PFM3T7T04,0.480562776149303
allsubs,0.99,PPVcorr_d1d2_cort,AMN,2,4,PFM3T7T02,PFM3T7T04,0.654674975174464
allsubs,0.99,PPVcorr_d1d2_cort,SMd,2,4,PFM3T7T02,PFM3T7T04,0.625146638872037
allsubs,0.99,PPVcorr_d1d2_cort,SMl,2,4,PFM3T7T02,PFM3T7T04,0.645120039673531
allsubs,0.99,PPVcorr_d1d2_cort,Aud,2,4,PFM3T7T02,PFM3T7T04,0.77611070490035
allsubs,0.99,PPVcorr_d1d2_cort,Tpole,2,4,PFM3T7T02,PFM3T7T04,0.666949525725099
allsubs,0.99,PPVcorr_d1d2_cort,MTL,2,4,PFM3T7T02,PFM3T7T04,0.720369130203035
allsubs,0.99,PPVcorr_d1d2_cort,PMN,2,4,PFM3T7T02,PFM3T7T04,0.67409298144224
allsubs,0.99,PPVcorr_d1d2_cort,PON,2,4,PFM3T7T02,PFM3T7T04,0.60468339594279
allsubs,0.99,PPVcorr_d1d2_cort,SCAN,2,4,PFM3T7T02,PFM3T7T04,0.648065878995882
allsubs,0.99,PPVcorr_bayes_cort,DMN,2,4,PFM3T7T02,PFM3T7T04,0.55580656160947
allsubs,0.99,PPVcorr_bayes_cort,Vis,2,4,PFM3T7T02,PFM3T7T04,0.899101874018389
allsubs,0.99,PPVcorr_bayes_cort,FP,2,4,PFM3T7T02,PFM3T7T04,0.696239371516616
allsubs,0.99,PPVcorr_bayes_cort,DAN,2,4,PFM3T7T02,PFM3T7T04,0.612105701977859
allsubs,0.99,PPVcorr_bayes_cort,VAN,2,4,PFM3T7T02,PFM3T7T04,0.560650814342998
allsubs,0.99,PPVcorr_bayes_cort,Sal,2,4,PFM3T7T02,PFM3T7T04,0.479918718622998
allsubs,0.99,PPVcorr_bayes_cort,AMN,2,4,PFM3T7T02,PFM3T7T04,0.663881449067612
allsubs,0.99,PPVcorr_bayes_cort,SMd,2,4,PFM3T7T02,PFM3T7T04,0.630409627401065
allsubs,0.99,PPVcorr_bayes_cort,SMl,2,4,PFM3T7T02,PFM3T7T04,0.644353998594859
allsubs,0.99,PPVcorr_bayes_cort,Aud,2,4,PFM3T7T02,PFM3T7T04,0.778664707257607
allsubs,0.99,PPVcorr_bayes_cort,Tpole,2,4,PFM3T7T02,PFM3T7T04,0.724538831188963
allsubs,0.99,PPVcorr_bayes_cort,MTL,2,4,PFM3T7T02,PFM3T7T04,0.697756392323617
allsubs,0.99,PPVcorr_bayes_cort,PMN,2,4,PFM3T7T02,PFM3T7T04,0.677079697498546
allsubs,0.99,PPVcorr_bayes_cort,PON,2,4,PFM3T7T02,PFM3T7T04,0.607067104864462
allsubs,0.99,PPVcorr_bayes_cort,SCAN,2,4,PFM3T7T02,PFM3T7T04,0.645790375004369
allsubs,0.99,MCC_cort,DMN,2,4,PFM3T7T02,PFM3T7T04,0.552281320836888
allsubs,0.99,MCC_cort,Vis,2,4,PFM3T7T02,PFM3T7T04,0.816971624956907
allsubs,0.99,MCC_cort,FP,2,4,PFM3T7T02,PFM3T7T04,0.527402979156969
allsubs,0.99,MCC_cort,DAN,2,4,PFM3T7T02,PFM3T7T04,0.46409967523299
allsubs,0.99,MCC_cort,VAN,2,4,PFM3T7T02,PFM3T7T04,0.427381616942109
allsubs,0.99,MCC_cort,Sal,2,4,PFM3T7T02,PFM3T7T04,0.326841967671098
allsubs,0.99,MCC_cort,AMN,2,4,PFM3T7T02,PFM3T7T04,0.549811739256593
allsubs,0.99,MCC_cort,SMd,2,4,PFM3T7T02,PFM3T7T04,0.647515818169321
allsubs,0.99,MCC_cort,SMl,2,4,PFM3T7T02,PFM3T7T04,0.621568087965288
allsubs,0.99,MCC_cort,Aud,2,4,PFM3T7T02,PFM3T7T04,0.724021179288677
allsubs,0.99,MCC_cort,Tpole,2,4,PFM3T7T02,PFM3T7T04,0.394532345011789
allsubs,0.99,MCC_cort,MTL,2,4,PFM3T7T02,PFM3T7T04,0.427479529619886
allsubs,0.99,MCC_cort,PMN,2,4,PFM3T7T02,PFM3T7T04,0.452839707724923
allsubs,0.99,MCC_cort,PON,2,4,PFM3T7T02,PFM3T7T04,0.50768506898744
allsubs,0.99,MCC_cort,SCAN,2,4,PFM3T7T02,PFM3T7T04,0.566179858730603
allsubs,0.99,muI_cort,WholeBrainOrSingleVal,2,4,PFM3T7T02,PFM3T7T04,1.85216599363181
allsubs,0.99,VIn_cort,WholeBrainOrSingleVal,2,4,PFM3T7T02,PFM3T7T04,0.221300752212582
allsubs,0.99,MIn_cort,WholeBrainOrSingleVal,2,4,PFM3T7T02,PFM3T7T04,0.518387804339474
allsubs,0.99,DC_cort,DMN,3,1,PFM3T7T03,PFM3T7T01,0.63882863340564
allsubs,0.99,DC_cort,Vis,3,1,PFM3T7T03,PFM3T7T01,0.798197218121066
allsubs,0.99,DC_cort,FP,3,1,PFM3T7T03,PFM3T7T01,0.440065398846915
allsubs,0.99,DC_cort,DAN,3,1,PFM3T7T03,PFM3T7T01,0.484447385837194
allsubs,0.99,DC_cort,VAN,3,1,PFM3T7T03,PFM3T7T01,0.436475409836066
allsubs,0.99,DC_cort,Sal,3,1,PFM3T7T03,PFM3T7T01,0.366024518388792
allsubs,0.99,DC_cort,AMN,3,1,PFM3T7T03,PFM3T7T01,0.529075527779895
allsubs,0.99,DC_cort,SMd,3,1,PFM3T7T03,PFM3T7T01,0.604051565377532
allsubs,0.99,DC_cort,SMl,3,1,PFM3T7T03,PFM3T7T01,0.38162666206182
allsubs,0.99,DC_cort,Aud,3,1,PFM3T7T03,PFM3T7T01,0.42561260210035
allsubs,0.99,DC_cort,Tpole,3,1,PFM3T7T03,PFM3T7T01,0.176056338028169
allsubs,0.99,DC_cort,MTL,3,1,PFM3T7T03,PFM3T7T01,0.435487502814681
allsubs,0.99,DC_cort,PMN,3,1,PFM3T7T03,PFM3T7T01,0.486120514556533
allsubs,0.99,DC_cort,PON,3,1,PFM3T7T03,PFM3T7T01,0.531411677753141
allsubs,0.99,DC_cort,SCAN,3,1,PFM3T7T03,PFM3T7T01,0.503424657534247
allsubs,0.99,cDC_cort,DMN,3,1,PFM3T7T03,PFM3T7T01,0.63882863340564
allsubs,0.99,cDC_cort,Vis,3,1,PFM3T7T03,PFM3T7T01,0.798197218121066
allsubs,0.99,cDC_cort,FP,3,1,PFM3T7T03,PFM3T7T01,0.440065398846915
allsubs,0.99,cDC_cort,DAN,3,1,PFM3T7T03,PFM3T7T01,0.484447385837194
allsubs,0.99,cDC_cort,VAN,3,1,PFM3T7T03,PFM3T7T01,0.436475409836066
allsubs,0.99,cDC_cort,Sal,3,1,PFM3T7T03,PFM3T7T01,0.366024518388792
allsubs,0.99,cDC_cort,AMN,3,1,PFM3T7T03,PFM3T7T01,0.529075527779895
allsubs,0.99,cDC_cort,SMd,3,1,PFM3T7T03,PFM3T7T01,0.604051565377532
allsubs,0.99,cDC_cort,SMl,3,1,PFM3T7T03,PFM3T7T01,0.38162666206182
allsubs,0.99,cDC_cort,Aud,3,1,PFM3T7T03,PFM3T7T01,0.42561260210035
allsubs,0.99,cDC_cort,Tpole,3,1,PFM3T7T03,PFM3T7T01,0.176056338028169
allsubs,0.99,cDC_cort,MTL,3,1,PFM3T7T03,PFM3T7T01,0.435487502814681
allsubs,0.99,cDC_cort,PMN,3,1,PFM3T7T03,PFM3T7T01,0.486120514556533
allsubs,0.99,cDC_cort,PON,3,1,PFM3T7T03,PFM3T7T01,0.531411677753141
allsubs,0.99,cDC_cort,SCAN,3,1,PFM3T7T03,PFM3T7T01,0.503424657534247
allsubs,0.99,TP_cort,DMN,3,1,PFM3T7T03,PFM3T7T01,5301.0
allsubs,0.99,TP_cort,Vis,3,1,PFM3T7T03,PFM3T7T01,5136.0
allsubs,0.99,TP_cort,FP,3,1,PFM3T7T03,PFM3T7T01,2557.0
allsubs,0.99,TP_cort,DAN,3,1,PFM3T7T03,PFM3T7T01,2928.0
allsubs,0.99,TP_cort,VAN,3,1,PFM3T7T03,PFM3T7T01,1065.0
allsubs,0.99,TP_cort,Sal,3,1,PFM3T7T03,PFM3T7T01,418.0
allsubs,0.99,TP_cort,AMN,3,1,PFM3T7T03,PFM3T7T01,3471.0
allsubs,0.99,TP_cort,SMd,3,1,PFM3T7T03,PFM3T7T01,1640.0
allsubs,0.99,TP_cort,SMl,3,1,PFM3T7T03,PFM3T7T01,1105.0
allsubs,0.99,TP_cort,Aud,3,1,PFM3T7T03,PFM3T7T01,1459.0
allsubs,0.99,TP_cort,Tpole,3,1,PFM3T7T03,PFM3T7T01,75.0
allsubs,0.99,TP_cort,MTL,3,1,PFM3T7T03,PFM3T7T01,967.0
allsubs,0.99,TP_cort,PMN,3,1,PFM3T7T03,PFM3T7T01,718.0
allsubs,0.99,TP_cort,PON,3,1,PFM3T7T03,PFM3T7T01,719.0
allsubs,0.99,TP_cort,SCAN,3,1,PFM3T7T03,PFM3T7T01,735.0
allsubs,0.99,TN_cort,DMN,3,1,PFM3T7T03,PFM3T7T01,48117.0
allsubs,0.99,TN_cort,Vis,3,1,PFM3T7T03,PFM3T7T01,51679.0
allsubs,0.99,TN_cort,FP,3,1,PFM3T7T03,PFM3T7T01,50348.0
allsubs,0.99,TN_cort,DAN,3,1,PFM3T7T03,PFM3T7T01,50252.0
allsubs,0.99,TN_cort,VAN,3,1,PFM3T7T03,PFM3T7T01,55597.0
allsubs,0.99,TN_cort,Sal,3,1,PFM3T7T03,PFM3T7T01,57546.0
allsubs,0.99,TN_cort,AMN,3,1,PFM3T7T03,PFM3T7T01,49762.0
allsubs,0.99,TN_cort,SMd,3,1,PFM3T7T03,PFM3T7T01,55622.0
allsubs,0.99,TN_cort,SMl,3,1,PFM3T7T03,PFM3T7T01,54726.0
allsubs,0.99,TN_cort,Aud,3,1,PFM3T7T03,PFM3T7T01,54015.0
allsubs,0.99,TN_cort,Tpole,3,1,PFM3T7T03,PFM3T7T01,58635.0
allsubs,0.99,TN_cort,MTL,3,1,PFM3T7T03,PFM3T7T01,55938.0
allsubs,0.99,TN_cort,PMN,3,1,PFM3T7T03,PFM3T7T01,57176.0
allsubs,0.99,TN_cort,PON,3,1,PFM3T7T03,PFM3T7T01,57425.0
allsubs,0.99,TN_cort,SCAN,3,1,PFM3T7T03,PFM3T7T01,57227.0
allsubs,0.99,FP_cort,DMN,3,1,PFM3T7T03,PFM3T7T01,2969.0
allsubs,0.99,FP_cort,Vis,3,1,PFM3T7T03,PFM3T7T01,521.0
allsubs,0.99,FP_cort,FP,3,1,PFM3T7T03,PFM3T7T01,1669.0
allsubs,0.99,FP_cort,DAN,3,1,PFM3T7T03,PFM3T7T01,1850.0
allsubs,0.99,FP_cort,VAN,3,1,PFM3T7T03,PFM3T7T01,1297.0
allsubs,0.99,FP_cort,Sal,3,1,PFM3T7T03,PFM3T7T01,245.0
allsubs,0.99,FP_cort,AMN,3,1,PFM3T7T03,PFM3T7T01,4113.0
allsubs,0.99,FP_cort,SMd,3,1,PFM3T7T03,PFM3T7T01,830.0
allsubs,0.99,FP_cort,SMl,3,1,PFM3T7T03,PFM3T7T01,2463.0
allsubs,0.99,FP_cort,Aud,3,1,PFM3T7T03,PFM3T7T01,383.0
allsubs,0.99,FP_cort,Tpole,3,1,PFM3T7T03,PFM3T7T01,269.0
allsubs,0.99,FP_cort,MTL,3,1,PFM3T7T03,PFM3T7T01,196.0
allsubs,0.99,FP_cort,PMN,3,1,PFM3T7T03,PFM3T7T01,362.0
allsubs,0.99,FP_cort,PON,3,1,PFM3T7T03,PFM3T7T01,245.0
allsubs,0.99,FP_cort,SCAN,3,1,PFM3T7T03,PFM3T7T01,291.0
allsubs,0.99,FN_cort,DMN,3,1,PFM3T7T03,PFM3T7T01,3025.0
allsubs,0.99,FN_cort,Vis,3,1,PFM3T7T03,PFM3T7T01,2076.0
allsubs,0.99,FN_cort,FP,3,1,PFM3T7T03,PFM3T7T01,4838.0
allsubs,0.99,FN_cort,DAN,3,1,PFM3T7T03,PFM3T7T01,4382.0
allsubs,0.99,FN_cort,VAN,3,1,PFM3T7T03,PFM3T7T01,1453.0
allsubs,0.99,FN_cort,Sal,3,1,PFM3T7T03,PFM3T7T01,1203.0
allsubs,0.99,FN_cort,AMN,3,1,PFM3T7T03,PFM3T7T01,2066.0
allsubs,0.99,FN_cort,SMd,3,1,PFM3T7T03,PFM3T7T01,1320.0
allsubs,0.99,FN_cort,SMl,3,1,PFM3T7T03,PFM3T7T01,1118.0
allsubs,0.99,FN_cort,Aud,3,1,PFM3T7T03,PFM3T7T01,3555.0
allsubs,0.99,FN_cort,Tpole,3,1,PFM3T7T03,PFM3T7T01,433.0
allsubs,0.99,FN_cort,MTL,3,1,PFM3T7T03,PFM3T7T01,2311.0
allsubs,0.99,FN_cort,PMN,3,1,PFM3T7T03,PFM3T7T01,1156.0
allsubs,0.99,FN_cort,PON,3,1,PFM3T7T03,PFM3T7T01,1023.0
allsubs,0.99,FN_cort,SCAN,3,1,PFM3T7T03,PFM3T7T01,1159.0
allsubs,0.99,TPR_cort,DMN,3,1,PFM3T7T03,PFM3T7T01,0.636680278645208
allsubs,0.99,TPR_cort,Vis,3,1,PFM3T7T03,PFM3T7T01,0.712146422628952
allsubs,0.99,TPR_cort,FP,3,1,PFM3T7T03,PFM3T7T01,0.345774171737661
allsubs,0.99,TPR_cort,DAN,3,1,PFM3T7T03,PFM3T7T01,0.400547195622435
allsubs,0.99,TPR_cort,VAN,3,1,PFM3T7T03,PFM3T7T01,0.422954725972994
allsubs,0.99,TPR_cort,Sal,3,1,PFM3T7T03,PFM3T7T01,0.257865515114127
allsubs,0.99,TPR_cort,AMN,3,1,PFM3T7T03,PFM3T7T01,0.626873758352899
allsubs,0.99,TPR_cort,SMd,3,1,PFM3T7T03,PFM3T7T01,0.554054054054054
allsubs,0.99,TPR_cort,SMl,3,1,PFM3T7T03,PFM3T7T01,0.497076023391813
allsubs,0.99,TPR_cort,Aud,3,1,PFM3T7T03,PFM3T7T01,0.290985241324292
allsubs,0.99,TPR_cort,Tpole,3,1,PFM3T7T03,PFM3T7T01,0.147637795275591
allsubs,0.99,TPR_cort,MTL,3,1,PFM3T7T03,PFM3T7T01,0.294996949359365
allsubs,0.99,TPR_cort,PMN,3,1,PFM3T7T03,PFM3T7T01,0.383137673425827
allsubs,0.99,TPR_cort,PON,3,1,PFM3T7T03,PFM3T7T01,0.412743972445465
allsubs,0.99,TPR_cort,SCAN,3,1,PFM3T7T03,PFM3T7T01,0.388067581837381
allsubs,0.99,TNR_cort,DMN,3,1,PFM3T7T03,PFM3T7T01,0.941882316094429
allsubs,0.99,TNR_cort,Vis,3,1,PFM3T7T03,PFM3T7T01,0.990019157088123
allsubs,0.99,TNR_cort,FP,3,1,PFM3T7T03,PFM3T7T01,0.967914335697945
allsubs,0.99,TNR_cort,DAN,3,1,PFM3T7T03,PFM3T7T01,0.964492725807071
allsubs,0.99,TNR_cort,VAN,3,1,PFM3T7T03,PFM3T7T01,0.977203220023201
allsubs,0.99,TNR_cort,Sal,3,1,PFM3T7T03,PFM3T7T01,0.995760585558305
allsubs,0.99,TNR_cort,AMN,3,1,PFM3T7T03,PFM3T7T01,0.923656612529002
allsubs,0.99,TNR_cort,SMd,3,1,PFM3T7T03,PFM3T7T01,0.985297243676043
allsubs,0.99,TNR_cort,SMl,3,1,PFM3T7T03,PFM3T7T01,0.956932277186172
allsubs,0.99,TNR_cort,Aud,3,1,PFM3T7T03,PFM3T7T01,0.992959299974264
allsubs,0.99,TNR_cort,Tpole,3,1,PFM3T7T03,PFM3T7T01,0.995433247317669
allsubs,0.99,TNR_cort,MTL,3,1,PFM3T7T03,PFM3T7T01,0.99650835500766
allsubs,0.99,TNR_cort,PMN,3,1,PFM3T7T03,PFM3T7T01,0.993708505683201
allsubs,0.99,TNR_cort,PON,3,1,PFM3T7T03,PFM3T7T01,0.995751690653719
allsubs,0.99,TNR_cort,SCAN,3,1,PFM3T7T03,PFM3T7T01,0.994940714211203
allsubs,0.99,FPR_cort,DMN,3,1,PFM3T7T03,PFM3T7T01,0.058117683905571
allsubs,0.99,FPR_cort,Vis,3,1,PFM3T7T03,PFM3T7T01,0.0099808429118773
allsubs,0.99,FPR_cort,FP,3,1,PFM3T7T03,PFM3T7T01,0.0320856643020551
allsubs,0.99,FPR_cort,DAN,3,1,PFM3T7T03,PFM3T7T01,0.0355072741929293
allsubs,0.99,FPR_cort,VAN,3,1,PFM3T7T03,PFM3T7T01,0.022796779976799
allsubs,0.99,FPR_cort,Sal,3,1,PFM3T7T03,PFM3T7T01,0.004239414441695
allsubs,0.99,FPR_cort,AMN,3,1,PFM3T7T03,PFM3T7T01,0.0763433874709977
allsubs,0.99,FPR_cort,SMd,3,1,PFM3T7T03,PFM3T7T01,0.0147027563239566
allsubs,0.99,FPR_cort,SMl,3,1,PFM3T7T03,PFM3T7T01,0.0430677228138278
allsubs,0.99,FPR_cort,Aud,3,1,PFM3T7T03,PFM3T7T01,0.0070407000257362
allsubs,0.99,FPR_cort,Tpole,3,1,PFM3T7T03,PFM3T7T01,0.0045667526823305
allsubs,0.99,FPR_cort,MTL,3,1,PFM3T7T03,PFM3T7T01,0.0034916449923397
allsubs,0.99,FPR_cort,PMN,3,1,PFM3T7T03,PFM3T7T01,0.0062914943167993
allsubs,0.99,FPR_cort,PON,3,1,PFM3T7T03,PFM3T7T01,0.0042483093462805
allsubs,0.99,FPR_cort,SCAN,3,1,PFM3T7T03,PFM3T7T01,0.0050592857887965
allsubs,0.99,FNR_cort,DMN,3,1,PFM3T7T03,PFM3T7T01,0.363319721354792
allsubs,0.99,FNR_cort,Vis,3,1,PFM3T7T03,PFM3T7T01,0.287853577371048
allsubs,0.99,FNR_cort,FP,3,1,PFM3T7T03,PFM3T7T01,0.654225828262339
allsubs,0.99,FNR_cort,DAN,3,1,PFM3T7T03,PFM3T7T01,0.599452804377565
allsubs,0.99,FNR_cort,VAN,3,1,PFM3T7T03,PFM3T7T01,0.577045274027006
allsubs,0.99,FNR_cort,Sal,3,1,PFM3T7T03,PFM3T7T01,0.742134484885873
allsubs,0.99,FNR_cort,AMN,3,1,PFM3T7T03,PFM3T7T01,0.373126241647101
allsubs,0.99,FNR_cort,SMd,3,1,PFM3T7T03,PFM3T7T01,0.445945945945946
allsubs,0.99,FNR_cort,SMl,3,1,PFM3T7T03,PFM3T7T01,0.502923976608187
allsubs,0.99,FNR_cort,Aud,3,1,PFM3T7T03,PFM3T7T01,0.709014758675708
allsubs,0.99,FNR_cort,Tpole,3,1,PFM3T7T03,PFM3T7T01,0.852362204724409
allsubs,0.99,FNR_cort,MTL,3,1,PFM3T7T03,PFM3T7T01,0.705003050640635
allsubs,0.99,FNR_cort,PMN,3,1,PFM3T7T03,PFM3T7T01,0.616862326574173
allsubs,0.99,FNR_cort,PON,3,1,PFM3T7T03,PFM3T7T01,0.587256027554535
allsubs,0.99,FNR_cort,SCAN,3,1,PFM3T7T03,PFM3T7T01,0.611932418162619
allsubs,0.99,NPV_cort,DMN,3,1,PFM3T7T03,PFM3T7T01,0.940850963982637
allsubs,0.99,NPV_cort,Vis,3,1,PFM3T7T03,PFM3T7T01,0.961380336712864
allsubs,0.99,NPV_cort,FP,3,1,PFM3T7T03,PFM3T7T01,0.912332838038633
allsubs,0.99,NPV_cort,DAN,3,1,PFM3T7T03,PFM3T7T01,0.919793535161255
allsubs,0.99,NPV_cort,VAN,3,1,PFM3T7T03,PFM3T7T01,0.97453111305872
allsubs,0.99,NPV_cort,Sal,3,1,PFM3T7T03,PFM3T7T01,0.979523055711587
allsubs,0.99,NPV_cort,AMN,3,1,PFM3T7T03,PFM3T7T01,0.960137377479355
allsubs,0.99,NPV_cort,SMd,3,1,PFM3T7T03,PFM3T7T01,0.976818517087563
allsubs,0.99,NPV_cort,SMl,3,1,PFM3T7T03,PFM3T7T01,0.979979944130077
allsubs,0.99,NPV_cort,Aud,3,1,PFM3T7T03,PFM3T7T01,0.938249088066701
allsubs,0.99,NPV_cort,Tpole,3,1,PFM3T7T03,PFM3T7T01,0.992669465700548
allsubs,0.99,NPV_cort,MTL,3,1,PFM3T7T03,PFM3T7T01,0.9603254991502
allsubs,0.99,NPV_cort,PMN,3,1,PFM3T7T03,PFM3T7T01,0.980182404169238
allsubs,0.99,NPV_cort,PON,3,1,PFM3T7T03,PFM3T7T01,0.982497262523953
allsubs,0.99,NPV_cort,SCAN,3,1,PFM3T7T03,PFM3T7T01,0.980149350871784
allsubs,0.99,PPV_cort,DMN,3,1,PFM3T7T03,PFM3T7T01,0.6409915356711
allsubs,0.99,PPV_cort,Vis,3,1,PFM3T7T03,PFM3T7T01,0.907901714689765
allsubs,0.99,PPV_cort,FP,3,1,PFM3T7T03,PFM3T7T01,0.605063890203502
allsubs,0.99,PPV_cort,DAN,3,1,PFM3T7T03,PFM3T7T01,0.612808706571787
allsubs,0.99,PPV_cort,VAN,3,1,PFM3T7T03,PFM3T7T01,0.450889077053345
allsubs,0.99,PPV_cort,Sal,3,1,PFM3T7T03,PFM3T7T01,0.630467571644042
allsubs,0.99,PPV_cort,AMN,3,1,PFM3T7T03,PFM3T7T01,0.457674050632911
allsubs,0.99,PPV_cort,SMd,3,1,PFM3T7T03,PFM3T7T01,0.663967611336032
allsubs,0.99,PPV_cort,SMl,3,1,PFM3T7T03,PFM3T7T01,0.30969730941704
allsubs,0.99,PPV_cort,Aud,3,1,PFM3T7T03,PFM3T7T01,0.792073832790445
allsubs,0.99,PPV_cort,Tpole,3,1,PFM3T7T03,PFM3T7T01,0.218023255813953
allsubs,0.99,PPV_cort,MTL,3,1,PFM3T7T03,PFM3T7T01,0.831470335339639
allsubs,0.99,PPV_cort,PMN,3,1,PFM3T7T03,PFM3T7T01,0.664814814814815
allsubs,0.99,PPV_cort,PON,3,1,PFM3T7T03,PFM3T7T01,0.745850622406639
allsubs,0.99,PPV_cort,SCAN,3,1,PFM3T7T03,PFM3T7T01,0.716374269005848
allsubs,0.99,PPVcorr_Jeffreys_cort,DMN,3,1,PFM3T7T03,PFM3T7T01,0.628095269483444
allsubs,0.99,PPVcorr_Jeffreys_cort,Vis,3,1,PFM3T7T03,PFM3T7T01,0.861779185350099
allsubs,0.99,PPVcorr_Jeffreys_cort,FP,3,1,PFM3T7T03,PFM3T7T01,0.589416977142282
allsubs,0.99,PPVcorr_Jeffreys_cort,DAN,3,1,PFM3T7T03,PFM3T7T01,0.597839898348158
allsubs,0.99,PPVcorr_Jeffreys_cort,VAN,3,1,PFM3T7T03,PFM3T7T01,0.455620169867626
allsubs,0.99,PPVcorr_Jeffreys_cort,Sal,3,1,PFM3T7T03,PFM3T7T01,0.604835777481518
allsubs,0.99,PPVcorr_Jeffreys_cort,AMN,3,1,PFM3T7T03,PFM3T7T01,0.460553964879511
allsubs,0.99,PPVcorr_Jeffreys_cort,SMd,3,1,PFM3T7T03,PFM3T7T01,0.646420824295011
allsubs,0.99,PPVcorr_Jeffreys_cort,SMl,3,1,PFM3T7T03,PFM3T7T01,0.320858507242171
allsubs,0.99,PPVcorr_Jeffreys_cort,Aud,3,1,PFM3T7T03,PFM3T7T01,0.729580950755313
allsubs,0.99,PPVcorr_Jeffreys_cort,Tpole,3,1,PFM3T7T03,PFM3T7T01,0.254305977710233
allsubs,0.99,PPVcorr_Jeffreys_cort,MTL,3,1,PFM3T7T03,PFM3T7T01,0.758585994097129
allsubs,0.99,PPVcorr_Jeffreys_cort,PMN,3,1,PFM3T7T03,PFM3T7T01,0.640445005523118
allsubs,0.99,PPVcorr_Jeffreys_cort,PON,3,1,PFM3T7T03,PFM3T7T01,0.708223510806537
allsubs,0.99,PPVcorr_Jeffreys_cort,SCAN,3,1,PFM3T7T03,PFM3T7T01,0.682655915747902
allsubs,0.99,PPVcorr_d1d2_cort,DMN,3,1,PFM3T7T03,PFM3T7T01,0.645183061536154
allsubs,0.99,PPVcorr_d1d2_cort,Vis,3,1,PFM3T7T03,PFM3T7T01,0.905685778613353
allsubs,0.99,PPVcorr_d1d2_cort,FP,3,1,PFM3T7T03,PFM3T7T01,0.604263166340945
allsubs,0.99,PPVcorr_d1d2_cort,DAN,3,1,PFM3T7T03,PFM3T7T01,0.613622159684333
allsubs,0.99,PPVcorr_d1d2_cort,VAN,3,1,PFM3T7T03,PFM3T7T01,0.470688025509873
allsubs,0.99,PPVcorr_d1d2_cort,Sal,3,1,PFM3T7T03,PFM3T7T01,0.601309788734896
allsubs,0.99,PPVcorr_d1d2_cort,AMN,3,1,PFM3T7T03,PFM3T7T01,0.469547101894172
allsubs,0.99,PPVcorr_d1d2_cort,SMd,3,1,PFM3T7T03,PFM3T7T01,0.670535179286638
allsubs,0.99,PPVcorr_d1d2_cort,SMl,3,1,PFM3T7T03,PFM3T7T01,0.345054190150373
allsubs,0.99,PPVcorr_d1d2_cort,Aud,3,1,PFM3T7T03,PFM3T7T01,0.770065432845675
allsubs,0.99,PPVcorr_d1d2_cort,Tpole,3,1,PFM3T7T03,PFM3T7T01,0.321834911085553
allsubs,0.99,PPVcorr_d1d2_cort,MTL,3,1,PFM3T7T03,PFM3T7T01,0.793496005205397
allsubs,0.99,PPVcorr_d1d2_cort,PMN,3,1,PFM3T7T03,PFM3T7T01,0.65718097916405
allsubs,0.99,PPVcorr_d1d2_cort,PON,3,1,PFM3T7T03,PFM3T7T01,0.727548066816513
allsubs,0.99,PPVcorr_d1d2_cort,SCAN,3,1,PFM3T7T03,PFM3T7T01,0.700684176154278
allsubs,0.99,PPVcorr_bayes_cort,DMN,3,1,PFM3T7T03,PFM3T7T01,0.6578568715251
allsubs,0.99,PPVcorr_bayes_cort,Vis,3,1,PFM3T7T03,PFM3T7T01,0.900433655667431
allsubs,0.99,PPVcorr_bayes_cort,FP,3,1,PFM3T7T03,PFM3T7T01,0.602338608799695
allsubs,0.99,PPVcorr_bayes_cort,DAN,3,1,PFM3T7T03,PFM3T7T01,0.615686655651667
allsubs,0.99,PPVcorr_bayes_cort,VAN,3,1,PFM3T7T03,PFM3T7T01,0.475551448431034
allsubs,0.99,PPVcorr_bayes_cort,Sal,3,1,PFM3T7T03,PFM3T7T01,0.606200926112341
allsubs,0.99,PPVcorr_bayes_cort,AMN,3,1,PFM3T7T03,PFM3T7T01,0.489795658782602
allsubs,0.99,PPVcorr_bayes_cort,SMd,3,1,PFM3T7T03,PFM3T7T01,0.673539518900344
allsubs,0.99,PPVcorr_bayes_cort,SMl,3,1,PFM3T7T03,PFM3T7T01,0.348871649253427
allsubs,0.99,PPVcorr_bayes_cort,Aud,3,1,PFM3T7T03,PFM3T7T01,0.74108038400917
allsubs,0.99,PPVcorr_bayes_cort,Tpole,3,1,PFM3T7T03,PFM3T7T01,0.250269978401728
allsubs,0.99,PPVcorr_bayes_cort,MTL,3,1,PFM3T7T03,PFM3T7T01,0.772384968747647
allsubs,0.99,PPVcorr_bayes_cort,PMN,3,1,PFM3T7T03,PFM3T7T01,0.657614710138759
allsubs,0.99,PPVcorr_bayes_cort,PON,3,1,PFM3T7T03,PFM3T7T01,0.729683490162532
allsubs,0.99,PPVcorr_bayes_cort,SCAN,3,1,PFM3T7T03,PFM3T7T01,0.70143532138718
allsubs,0.99,MCC_cort,DMN,3,1,PFM3T7T03,PFM3T7T01,0.580200229515175
allsubs,0.99,MCC_cort,Vis,3,1,PFM3T7T03,PFM3T7T01,0.781268158547867
allsubs,0.99,MCC_cort,FP,3,1,PFM3T7T03,PFM3T7T01,0.40286648834861
allsubs,0.99,MCC_cort,DAN,3,1,PFM3T7T03,PFM3T7T01,0.440932058797507
allsubs,0.99,MCC_cort,VAN,3,1,PFM3T7T03,PFM3T7T01,0.412595770046852
allsubs,0.99,MCC_cort,Sal,3,1,PFM3T7T03,PFM3T7T01,0.393331341572139
allsubs,0.99,MCC_cort,AMN,3,1,PFM3T7T03,PFM3T7T01,0.47960179365526
allsubs,0.99,MCC_cort,SMd,3,1,PFM3T7T03,PFM3T7T01,0.587885048230273
allsubs,0.99,MCC_cort,SMl,3,1,PFM3T7T03,PFM3T7T01,0.362651178957169
allsubs,0.99,MCC_cort,Aud,3,1,PFM3T7T03,PFM3T7T01,0.455380288069877
allsubs,0.99,MCC_cort,Tpole,3,1,PFM3T7T03,PFM3T7T01,0.173620354031119
allsubs,0.99,MCC_cort,MTL,3,1,PFM3T7T03,PFM3T7T01,0.480429688642889
allsubs,0.99,MCC_cort,PMN,3,1,PFM3T7T03,PFM3T7T01,0.493015960705218
allsubs,0.99,MCC_cort,PON,3,1,PFM3T7T03,PFM3T7T01,0.545460312233265
allsubs,0.99,MCC_cort,SCAN,3,1,PFM3T7T03,PFM3T7T01,0.516502008521675
allsubs,0.99,muI_cort,WholeBrainOrSingleVal,3,1,PFM3T7T03,PFM3T7T01,1.69657475800445
allsubs,0.99,VIn_cort,WholeBrainOrSingleVal,3,1,PFM3T7T03,PFM3T7T01,0.233543777298926
allsubs,0.99,MIn_cort,WholeBrainOrSingleVal,3,1,PFM3T7T03,PFM3T7T01,0.484004938022499
allsubs,0.99,DC_cort,DMN,3,2,PFM3T7T03,PFM3T7T02,0.668469374921394
allsubs,0.99,DC_cort,Vis,3,2,PFM3T7T03,PFM3T7T02,0.860256196972218
allsubs,0.99,DC_cort,FP,3,2,PFM3T7T03,PFM3T7T02,0.502384737678855
allsubs,0.99,DC_cort,DAN,3,2,PFM3T7T03,PFM3T7T02,0.574233128834356
allsubs,0.99,DC_cort,VAN,3,2,PFM3T7T03,PFM3T7T02,0.41167805008705
allsubs,0.99,DC_cort,Sal,3,2,PFM3T7T03,PFM3T7T02,0.286641108817458
allsubs,0.99,DC_cort,AMN,3,2,PFM3T7T03,PFM3T7T02,0.550711335474989
allsubs,0.99,DC_cort,SMd,3,2,PFM3T7T03,PFM3T7T02,0.713962264150943
allsubs,0.99,DC_cort,SMl,3,2,PFM3T7T03,PFM3T7T02,0.530287648054146
allsubs,0.99,DC_cort,Aud,3,2,PFM3T7T03,PFM3T7T02,0.517586206896552
allsubs,0.99,DC_cort,Tpole,3,2,PFM3T7T03,PFM3T7T02,0.249003984063745
allsubs,0.99,DC_cort,MTL,3,2,PFM3T7T03,PFM3T7T02,0.465766406064914
allsubs,0.99,DC_cort,PMN,3,2,PFM3T7T03,PFM3T7T02,0.527740189445196
allsubs,0.99,DC_cort,PON,3,2,PFM3T7T03,PFM3T7T02,0.462565293093442
allsubs,0.99,DC_cort,SCAN,3,2,PFM3T7T03,PFM3T7T02,0.411948283548819
allsubs,0.99,cDC_cort,DMN,3,2,PFM3T7T03,PFM3T7T02,0.668469374921394
allsubs,0.99,cDC_cort,Vis,3,2,PFM3T7T03,PFM3T7T02,0.860256196972218
allsubs,0.99,cDC_cort,FP,3,2,PFM3T7T03,PFM3T7T02,0.502384737678855
allsubs,0.99,cDC_cort,DAN,3,2,PFM3T7T03,PFM3T7T02,0.574233128834356
allsubs,0.99,cDC_cort,VAN,3,2,PFM3T7T03,PFM3T7T02,0.41167805008705
allsubs,0.99,cDC_cort,Sal,3,2,PFM3T7T03,PFM3T7T02,0.286641108817458
allsubs,0.99,cDC_cort,AMN,3,2,PFM3T7T03,PFM3T7T02,0.550711335474989
allsubs,0.99,cDC_cort,SMd,3,2,PFM3T7T03,PFM3T7T02,0.713962264150943
allsubs,0.99,cDC_cort,SMl,3,2,PFM3T7T03,PFM3T7T02,0.530287648054146
allsubs,0.99,cDC_cort,Aud,3,2,PFM3T7T03,PFM3T7T02,0.517586206896552
allsubs,0.99,cDC_cort,Tpole,3,2,PFM3T7T03,PFM3T7T02,0.249003984063745
allsubs,0.99,cDC_cort,MTL,3,2,PFM3T7T03,PFM3T7T02,0.465766406064914
allsubs,0.99,cDC_cort,PMN,3,2,PFM3T7T03,PFM3T7T02,0.527740189445196
allsubs,0.99,cDC_cort,PON,3,2,PFM3T7T03,PFM3T7T02,0.462565293093442
allsubs,0.99,cDC_cort,SCAN,3,2,PFM3T7T03,PFM3T7T02,0.411948283548819
allsubs,0.99,TP_cort,DMN,3,2,PFM3T7T03,PFM3T7T02,5315.0
allsubs,0.99,TP_cort,Vis,3,2,PFM3T7T03,PFM3T7T02,5171.0
allsubs,0.99,TP_cort,FP,3,2,PFM3T7T03,PFM3T7T02,2528.0
allsubs,0.99,TP_cort,DAN,3,2,PFM3T7T03,PFM3T7T02,2808.0
allsubs,0.99,TP_cort,VAN,3,2,PFM3T7T03,PFM3T7T02,1537.0
allsubs,0.99,TP_cort,Sal,3,2,PFM3T7T03,PFM3T7T02,486.0
allsubs,0.99,TP_cort,AMN,3,2,PFM3T7T03,PFM3T7T02,3600.0
allsubs,0.99,TP_cort,SMd,3,2,PFM3T7T03,PFM3T7T02,2365.0
allsubs,0.99,TP_cort,SMl,3,2,PFM3T7T03,PFM3T7T02,1567.0
allsubs,0.99,TP_cort,Aud,3,2,PFM3T7T03,PFM3T7T02,1501.0
allsubs,0.99,TP_cort,Tpole,3,2,PFM3T7T03,PFM3T7T02,125.0
allsubs,0.99,TP_cort,MTL,3,2,PFM3T7T03,PFM3T7T02,983.0
allsubs,0.99,TP_cort,PMN,3,2,PFM3T7T03,PFM3T7T02,585.0
allsubs,0.99,TP_cort,PON,3,2,PFM3T7T03,PFM3T7T02,797.0
allsubs,0.99,TP_cort,SCAN,3,2,PFM3T7T03,PFM3T7T02,924.0
allsubs,0.99,TN_cort,DMN,3,2,PFM3T7T03,PFM3T7T02,48825.0
allsubs,0.99,TN_cort,Vis,3,2,PFM3T7T03,PFM3T7T02,52561.0
allsubs,0.99,TN_cort,FP,3,2,PFM3T7T03,PFM3T7T02,51876.0
allsubs,0.99,TN_cort,DAN,3,2,PFM3T7T03,PFM3T7T02,52440.0
allsubs,0.99,TN_cort,VAN,3,2,PFM3T7T03,PFM3T7T02,53482.0
allsubs,0.99,TN_cort,Sal,3,2,PFM3T7T03,PFM3T7T02,56507.0
allsubs,0.99,TN_cort,AMN,3,2,PFM3T7T03,PFM3T7T02,49938.0
allsubs,0.99,TN_cort,SMd,3,2,PFM3T7T03,PFM3T7T02,55152.0
allsubs,0.99,TN_cort,SMl,3,2,PFM3T7T03,PFM3T7T02,55069.0
allsubs,0.99,TN_cort,Aud,3,2,PFM3T7T03,PFM3T7T02,55113.0
allsubs,0.99,TN_cort,Tpole,3,2,PFM3T7T03,PFM3T7T02,58533.0
allsubs,0.99,TN_cort,MTL,3,2,PFM3T7T03,PFM3T7T02,56174.0
allsubs,0.99,TN_cort,PMN,3,2,PFM3T7T03,PFM3T7T02,57780.0
allsubs,0.99,TN_cort,PON,3,2,PFM3T7T03,PFM3T7T02,56763.0
allsubs,0.99,TN_cort,SCAN,3,2,PFM3T7T03,PFM3T7T02,55850.0
allsubs,0.99,FP_cort,DMN,3,2,PFM3T7T03,PFM3T7T02,2955.0
allsubs,0.99,FP_cort,Vis,3,2,PFM3T7T03,PFM3T7T02,486.0
allsubs,0.99,FP_cort,FP,3,2,PFM3T7T03,PFM3T7T02,1698.0
allsubs,0.99,FP_cort,DAN,3,2,PFM3T7T03,PFM3T7T02,1970.0
allsubs,0.99,FP_cort,VAN,3,2,PFM3T7T03,PFM3T7T02,825.0
allsubs,0.99,FP_cort,Sal,3,2,PFM3T7T03,PFM3T7T02,177.0
allsubs,0.99,FP_cort,AMN,3,2,PFM3T7T03,PFM3T7T02,3984.0
allsubs,0.99,FP_cort,SMd,3,2,PFM3T7T03,PFM3T7T02,105.0
allsubs,0.99,FP_cort,SMl,3,2,PFM3T7T03,PFM3T7T02,2001.0
allsubs,0.99,FP_cort,Aud,3,2,PFM3T7T03,PFM3T7T02,341.0
allsubs,0.99,FP_cort,Tpole,3,2,PFM3T7T03,PFM3T7T02,219.0
allsubs,0.99,FP_cort,MTL,3,2,PFM3T7T03,PFM3T7T02,180.0
allsubs,0.99,FP_cort,PMN,3,2,PFM3T7T03,PFM3T7T02,495.0
allsubs,0.99,FP_cort,PON,3,2,PFM3T7T03,PFM3T7T02,167.0
allsubs,0.99,FP_cort,SCAN,3,2,PFM3T7T03,PFM3T7T02,102.0
allsubs,0.99,FN_cort,DMN,3,2,PFM3T7T03,PFM3T7T02,2317.0
allsubs,0.99,FN_cort,Vis,3,2,PFM3T7T03,PFM3T7T02,1194.0
allsubs,0.99,FN_cort,FP,3,2,PFM3T7T03,PFM3T7T02,3310.0
allsubs,0.99,FN_cort,DAN,3,2,PFM3T7T03,PFM3T7T02,2194.0
allsubs,0.99,FN_cort,VAN,3,2,PFM3T7T03,PFM3T7T02,3568.0
allsubs,0.99,FN_cort,Sal,3,2,PFM3T7T03,PFM3T7T02,2242.0
allsubs,0.99,FN_cort,AMN,3,2,PFM3T7T03,PFM3T7T02,1890.0
allsubs,0.99,FN_cort,SMd,3,2,PFM3T7T03,PFM3T7T02,1790.0
allsubs,0.99,FN_cort,SMl,3,2,PFM3T7T03,PFM3T7T02,775.0
allsubs,0.99,FN_cort,Aud,3,2,PFM3T7T03,PFM3T7T02,2457.0
allsubs,0.99,FN_cort,Tpole,3,2,PFM3T7T03,PFM3T7T02,535.0
allsubs,0.99,FN_cort,MTL,3,2,PFM3T7T03,PFM3T7T02,2075.0
allsubs,0.99,FN_cort,PMN,3,2,PFM3T7T03,PFM3T7T02,552.0
allsubs,0.99,FN_cort,PON,3,2,PFM3T7T03,PFM3T7T02,1685.0
allsubs,0.99,FN_cort,SCAN,3,2,PFM3T7T03,PFM3T7T02,2536.0
allsubs,0.99,TPR_cort,DMN,3,2,PFM3T7T03,PFM3T7T02,0.696409853249476
allsubs,0.99,TPR_cort,Vis,3,2,PFM3T7T03,PFM3T7T02,0.812411626080126
allsubs,0.99,TPR_cort,FP,3,2,PFM3T7T03,PFM3T7T02,0.433025008564577
allsubs,0.99,TPR_cort,DAN,3,2,PFM3T7T03,PFM3T7T02,0.561375449820072
allsubs,0.99,TPR_cort,VAN,3,2,PFM3T7T03,PFM3T7T02,0.301077375122429
allsubs,0.99,TPR_cort,Sal,3,2,PFM3T7T03,PFM3T7T02,0.178152492668622
allsubs,0.99,TPR_cort,AMN,3,2,PFM3T7T03,PFM3T7T02,0.655737704918033
allsubs,0.99,TPR_cort,SMd,3,2,PFM3T7T03,PFM3T7T02,0.569193742478941
allsubs,0.99,TPR_cort,SMl,3,2,PFM3T7T03,PFM3T7T02,0.669086251067464
allsubs,0.99,TPR_cort,Aud,3,2,PFM3T7T03,PFM3T7T02,0.379231935320869
allsubs,0.99,TPR_cort,Tpole,3,2,PFM3T7T03,PFM3T7T02,0.189393939393939
allsubs,0.99,TPR_cort,MTL,3,2,PFM3T7T03,PFM3T7T02,0.321451929365598
allsubs,0.99,TPR_cort,PMN,3,2,PFM3T7T03,PFM3T7T02,0.514511873350924
allsubs,0.99,TPR_cort,PON,3,2,PFM3T7T03,PFM3T7T02,0.321112006446414
allsubs,0.99,TPR_cort,SCAN,3,2,PFM3T7T03,PFM3T7T02,0.267052023121387
allsubs,0.99,TNR_cort,DMN,3,2,PFM3T7T03,PFM3T7T02,0.942931633835458
allsubs,0.99,TNR_cort,Vis,3,2,PFM3T7T03,PFM3T7T02,0.99083831319396
allsubs,0.99,TNR_cort,FP,3,2,PFM3T7T03,PFM3T7T02,0.968305521334976
allsubs,0.99,TNR_cort,DAN,3,2,PFM3T7T03,PFM3T7T02,0.963793420327146
allsubs,0.99,TNR_cort,VAN,3,2,PFM3T7T03,PFM3T7T02,0.984808588211464
allsubs,0.99,TNR_cort,Sal,3,2,PFM3T7T03,PFM3T7T02,0.996877425728601
allsubs,0.99,TNR_cort,AMN,3,2,PFM3T7T03,PFM3T7T02,0.926115500166908
allsubs,0.99,TNR_cort,SMd,3,2,PFM3T7T03,PFM3T7T02,0.998099788262121
allsubs,0.99,TNR_cort,SMl,3,2,PFM3T7T03,PFM3T7T02,0.964937795689504
allsubs,0.99,TNR_cort,Aud,3,2,PFM3T7T03,PFM3T7T02,0.993850759187795
allsubs,0.99,TNR_cort,Tpole,3,2,PFM3T7T03,PFM3T7T02,0.996272467320261
allsubs,0.99,TNR_cort,MTL,3,2,PFM3T7T03,PFM3T7T02,0.996805905525783
allsubs,0.99,TNR_cort,PMN,3,2,PFM3T7T03,PFM3T7T02,0.991505791505792
allsubs,0.99,TNR_cort,PON,3,2,PFM3T7T03,PFM3T7T02,0.997066572984367
allsubs,0.99,TNR_cort,SCAN,3,2,PFM3T7T03,PFM3T7T02,0.998177008864741
allsubs,0.99,FPR_cort,DMN,3,2,PFM3T7T03,PFM3T7T02,0.0570683661645423
allsubs,0.99,FPR_cort,Vis,3,2,PFM3T7T03,PFM3T7T02,0.0091616868060399
allsubs,0.99,FPR_cort,FP,3,2,PFM3T7T03,PFM3T7T02,0.0316944786650241
allsubs,0.99,FPR_cort,DAN,3,2,PFM3T7T03,PFM3T7T02,0.0362065796728543
allsubs,0.99,FPR_cort,VAN,3,2,PFM3T7T03,PFM3T7T02,0.0151914117885355
allsubs,0.99,FPR_cort,Sal,3,2,PFM3T7T03,PFM3T7T02,0.0031225742713993
allsubs,0.99,FPR_cort,AMN,3,2,PFM3T7T03,PFM3T7T02,0.0738844998330922
allsubs,0.99,FPR_cort,SMd,3,2,PFM3T7T03,PFM3T7T02,0.0019002117378793
allsubs,0.99,FPR_cort,SMl,3,2,PFM3T7T03,PFM3T7T02,0.0350622043104959
allsubs,0.99,FPR_cort,Aud,3,2,PFM3T7T03,PFM3T7T02,0.0061492408122047
allsubs,0.99,FPR_cort,Tpole,3,2,PFM3T7T03,PFM3T7T02,0.0037275326797385
allsubs,0.99,FPR_cort,MTL,3,2,PFM3T7T03,PFM3T7T02,0.0031940944742165
allsubs,0.99,FPR_cort,PMN,3,2,PFM3T7T03,PFM3T7T02,0.0084942084942084
allsubs,0.99,FPR_cort,PON,3,2,PFM3T7T03,PFM3T7T02,0.0029334270156332
allsubs,0.99,FPR_cort,SCAN,3,2,PFM3T7T03,PFM3T7T02,0.0018229911352587
allsubs,0.99,FNR_cort,DMN,3,2,PFM3T7T03,PFM3T7T02,0.303590146750524
allsubs,0.99,FNR_cort,Vis,3,2,PFM3T7T03,PFM3T7T02,0.187588373919874
allsubs,0.99,FNR_cort,FP,3,2,PFM3T7T03,PFM3T7T02,0.566974991435423
allsubs,0.99,FNR_cort,DAN,3,2,PFM3T7T03,PFM3T7T02,0.438624550179928
allsubs,0.99,FNR_cort,VAN,3,2,PFM3T7T03,PFM3T7T02,0.698922624877571
allsubs,0.99,FNR_cort,Sal,3,2,PFM3T7T03,PFM3T7T02,0.821847507331378
allsubs,0.99,FNR_cort,AMN,3,2,PFM3T7T03,PFM3T7T02,0.344262295081967
allsubs,0.99,FNR_cort,SMd,3,2,PFM3T7T03,PFM3T7T02,0.430806257521059
allsubs,0.99,FNR_cort,SMl,3,2,PFM3T7T03,PFM3T7T02,0.330913748932536
allsubs,0.99,FNR_cort,Aud,3,2,PFM3T7T03,PFM3T7T02,0.620768064679131
allsubs,0.99,FNR_cort,Tpole,3,2,PFM3T7T03,PFM3T7T02,0.810606060606061
allsubs,0.99,FNR_cort,MTL,3,2,PFM3T7T03,PFM3T7T02,0.678548070634402
allsubs,0.99,FNR_cort,PMN,3,2,PFM3T7T03,PFM3T7T02,0.485488126649077
allsubs,0.99,FNR_cort,PON,3,2,PFM3T7T03,PFM3T7T02,0.678887993553586
allsubs,0.99,FNR_cort,SCAN,3,2,PFM3T7T03,PFM3T7T02,0.732947976878613
allsubs,0.99,NPV_cort,DMN,3,2,PFM3T7T03,PFM3T7T02,0.95469477142075
allsubs,0.99,NPV_cort,Vis,3,2,PFM3T7T03,PFM3T7T02,0.977788112733699
allsubs,0.99,NPV_cort,FP,3,2,PFM3T7T03,PFM3T7T02,0.940021019823868
allsubs,0.99,NPV_cort,DAN,3,2,PFM3T7T03,PFM3T7T02,0.959841856719259
allsubs,0.99,NPV_cort,VAN,3,2,PFM3T7T03,PFM3T7T02,0.937458369851008
allsubs,0.99,NPV_cort,Sal,3,2,PFM3T7T03,PFM3T7T02,0.961837648300397
allsubs,0.99,NPV_cort,AMN,3,2,PFM3T7T03,PFM3T7T02,0.963533225283631
allsubs,0.99,NPV_cort,SMd,3,2,PFM3T7T03,PFM3T7T02,0.968564504232377
allsubs,0.99,NPV_cort,SMl,3,2,PFM3T7T03,PFM3T7T02,0.986122054294105
allsubs,0.99,NPV_cort,Aud,3,2,PFM3T7T03,PFM3T7T02,0.957321521625847
allsubs,0.99,NPV_cort,Tpole,3,2,PFM3T7T03,PFM3T7T02,0.990942642378276
allsubs,0.99,NPV_cort,MTL,3,2,PFM3T7T03,PFM3T7T02,0.964377070851002
allsubs,0.99,NPV_cort,PMN,3,2,PFM3T7T03,PFM3T7T02,0.990536926558321
allsubs,0.99,NPV_cort,PON,3,2,PFM3T7T03,PFM3T7T02,0.97117095537914
allsubs,0.99,NPV_cort,SCAN,3,2,PFM3T7T03,PFM3T7T02,0.95656492994896
allsubs,0.99,PPV_cort,DMN,3,2,PFM3T7T03,PFM3T7T02,0.642684401451028
allsubs,0.99,PPV_cort,Vis,3,2,PFM3T7T03,PFM3T7T02,0.914088739614637
allsubs,0.99,PPV_cort,FP,3,2,PFM3T7T03,PFM3T7T02,0.598201609086607
allsubs,0.99,PPV_cort,DAN,3,2,PFM3T7T03,PFM3T7T02,0.587693595646714
allsubs,0.99,PPV_cort,VAN,3,2,PFM3T7T03,PFM3T7T02,0.650719729043184
allsubs,0.99,PPV_cort,Sal,3,2,PFM3T7T03,PFM3T7T02,0.733031674208145
allsubs,0.99,PPV_cort,AMN,3,2,PFM3T7T03,PFM3T7T02,0.474683544303797
allsubs,0.99,PPV_cort,SMd,3,2,PFM3T7T03,PFM3T7T02,0.95748987854251
allsubs,0.99,PPV_cort,SMl,3,2,PFM3T7T03,PFM3T7T02,0.439181614349776
allsubs,0.99,PPV_cort,Aud,3,2,PFM3T7T03,PFM3T7T02,0.814875135722041
allsubs,0.99,PPV_cort,Tpole,3,2,PFM3T7T03,PFM3T7T02,0.363372093023256
allsubs,0.99,PPV_cort,MTL,3,2,PFM3T7T03,PFM3T7T02,0.845227858985383
allsubs,0.99,PPV_cort,PMN,3,2,PFM3T7T03,PFM3T7T02,0.541666666666667
allsubs,0.99,PPV_cort,PON,3,2,PFM3T7T03,PFM3T7T02,0.826763485477178
allsubs,0.99,PPV_cort,SCAN,3,2,PFM3T7T03,PFM3T7T02,0.900584795321637
allsubs,0.99,PPVcorr_Jeffreys_cort,DMN,3,2,PFM3T7T03,PFM3T7T02,0.630629234379843
allsubs,0.99,PPVcorr_Jeffreys_cort,Vis,3,2,PFM3T7T03,PFM3T7T02,0.872209422419957
allsubs,0.99,PPVcorr_Jeffreys_cort,FP,3,2,PFM3T7T03,PFM3T7T02,0.586282173894965
allsubs,0.99,PPVcorr_Jeffreys_cort,DAN,3,2,PFM3T7T03,PFM3T7T02,0.579383123034368
allsubs,0.99,PPVcorr_Jeffreys_cort,VAN,3,2,PFM3T7T03,PFM3T7T02,0.623933855526545
allsubs,0.99,PPVcorr_Jeffreys_cort,Sal,3,2,PFM3T7T03,PFM3T7T02,0.665099380209446
allsubs,0.99,PPVcorr_Jeffreys_cort,AMN,3,2,PFM3T7T03,PFM3T7T02,0.476392475101439
allsubs,0.99,PPVcorr_Jeffreys_cort,SMd,3,2,PFM3T7T03,PFM3T7T02,0.891613238606827
allsubs,0.99,PPVcorr_Jeffreys_cort,SMl,3,2,PFM3T7T03,PFM3T7T02,0.442927778654463
allsubs,0.99,PPVcorr_Jeffreys_cort,Aud,3,2,PFM3T7T03,PFM3T7T02,0.759183126284744
allsubs,0.99,PPVcorr_Jeffreys_cort,Tpole,3,2,PFM3T7T03,PFM3T7T02,0.385365853658537
allsubs,0.99,PPVcorr_Jeffreys_cort,MTL,3,2,PFM3T7T03,PFM3T7T02,0.773352396514161
allsubs,0.99,PPVcorr_Jeffreys_cort,PMN,3,2,PFM3T7T03,PFM3T7T02,0.537697914048756
allsubs,0.99,PPVcorr_Jeffreys_cort,PON,3,2,PFM3T7T03,PFM3T7T02,0.759858109222901
allsubs,0.99,PPVcorr_Jeffreys_cort,SCAN,3,2,PFM3T7T03,PFM3T7T02,0.799562682215743
allsubs,0.99,PPVcorr_d1d2_cort,DMN,3,2,PFM3T7T03,PFM3T7T02,0.647934480800868
allsubs,0.99,PPVcorr_d1d2_cort,Vis,3,2,PFM3T7T03,PFM3T7T02,0.913577052671961
allsubs,0.99,PPVcorr_d1d2_cort,FP,3,2,PFM3T7T03,PFM3T7T02,0.601083384340763
allsubs,0.99,PPVcorr_d1d2_cort,DAN,3,2,PFM3T7T03,PFM3T7T02,0.595208401574808
allsubs,0.99,PPVcorr_d1d2_cort,VAN,3,2,PFM3T7T03,PFM3T7T02,0.643024102455817
allsubs,0.99,PPVcorr_d1d2_cort,Sal,3,2,PFM3T7T03,PFM3T7T02,0.668590993536104
allsubs,0.99,PPVcorr_d1d2_cort,AMN,3,2,PFM3T7T03,PFM3T7T02,0.486485631295086
allsubs,0.99,PPVcorr_d1d2_cort,SMd,3,2,PFM3T7T03,PFM3T7T02,0.943191929233827
allsubs,0.99,PPVcorr_d1d2_cort,SMl,3,2,PFM3T7T03,PFM3T7T02,0.468751272868279
allsubs,0.99,PPVcorr_d1d2_cort,Aud,3,2,PFM3T7T03,PFM3T7T02,0.796726019499131
allsubs,0.99,PPVcorr_d1d2_cort,Tpole,3,2,PFM3T7T03,PFM3T7T02,0.399148791283623
allsubs,0.99,PPVcorr_d1d2_cort,MTL,3,2,PFM3T7T03,PFM3T7T02,0.808173570464687
allsubs,0.99,PPVcorr_d1d2_cort,PMN,3,2,PFM3T7T03,PFM3T7T02,0.576195433859325
allsubs,0.99,PPVcorr_d1d2_cort,PON,3,2,PFM3T7T03,PFM3T7T02,0.785295441734479
allsubs,0.99,PPVcorr_d1d2_cort,SCAN,3,2,PFM3T7T03,PFM3T7T02,0.846631037436337
allsubs,0.99,PPVcorr_bayes_cort,DMN,3,2,PFM3T7T03,PFM3T7T02,0.662113122067355
allsubs,0.99,PPVcorr_bayes_cort,Vis,3,2,PFM3T7T03,PFM3T7T02,0.912670989332776
allsubs,0.99,PPVcorr_bayes_cort,FP,3,2,PFM3T7T03,PFM3T7T02,0.606297992874372
allsubs,0.99,PPVcorr_bayes_cort,DAN,3,2,PFM3T7T03,PFM3T7T02,0.605953351494303
allsubs,0.99,PPVcorr_bayes_cort,VAN,3,2,PFM3T7T03,PFM3T7T02,0.63233075527547
allsubs,0.99,PPVcorr_bayes_cort,Sal,3,2,PFM3T7T03,PFM3T7T02,0.64923788105947
allsubs,0.99,PPVcorr_bayes_cort,AMN,3,2,PFM3T7T03,PFM3T7T02,0.506355366117437
allsubs,0.99,PPVcorr_bayes_cort,SMd,3,2,PFM3T7T03,PFM3T7T02,0.929164722351843
allsubs,0.99,PPVcorr_bayes_cort,SMl,3,2,PFM3T7T03,PFM3T7T02,0.473644231030086
allsubs,0.99,PPVcorr_bayes_cort,Aud,3,2,PFM3T7T03,PFM3T7T02,0.780831985888579
allsubs,0.99,PPVcorr_bayes_cort,Tpole,3,2,PFM3T7T03,PFM3T7T02,0.377513227513227
allsubs,0.99,PPVcorr_bayes_cort,MTL,3,2,PFM3T7T03,PFM3T7T02,0.790986407472094
allsubs,0.99,PPVcorr_bayes_cort,PMN,3,2,PFM3T7T03,PFM3T7T02,0.56202487146812
allsubs,0.99,PPVcorr_bayes_cort,PON,3,2,PFM3T7T03,PFM3T7T02,0.776512716922229
allsubs,0.99,PPVcorr_bayes_cort,SCAN,3,2,PFM3T7T03,PFM3T7T02,0.813166666666667
allsubs,0.99,MCC_cort,DMN,3,2,PFM3T7T03,PFM3T7T02,0.618004278898949
allsubs,0.99,MCC_cort,Vis,3,2,PFM3T7T03,PFM3T7T02,0.846404175018509
allsubs,0.99,MCC_cort,FP,3,2,PFM3T7T03,PFM3T7T02,0.464763566627776
allsubs,0.99,MCC_cort,DAN,3,2,PFM3T7T03,PFM3T7T02,0.536235559138504
allsubs,0.99,MCC_cort,VAN,3,2,PFM3T7T03,PFM3T7T02,0.410063241969167
allsubs,0.99,MCC_cort,Sal,3,2,PFM3T7T03,PFM3T7T02,0.348744778907732
allsubs,0.99,MCC_cort,AMN,3,2,PFM3T7T03,PFM3T7T02,0.504953296757645
allsubs,0.99,MCC_cort,SMd,3,2,PFM3T7T03,PFM3T7T02,0.724806636602205
allsubs,0.99,MCC_cort,SMl,3,2,PFM3T7T03,PFM3T7T02,0.519280996276754
allsubs,0.99,MCC_cort,Aud,3,2,PFM3T7T03,PFM3T7T02,0.536743150504908
allsubs,0.99,MCC_cort,Tpole,3,2,PFM3T7T03,PFM3T7T02,0.256484587778477
allsubs,0.99,MCC_cort,MTL,3,2,PFM3T7T03,PFM3T7T02,0.507605271926048
allsubs,0.99,MCC_cort,PMN,3,2,PFM3T7T03,PFM3T7T02,0.518945487958091
allsubs,0.99,MCC_cort,PON,3,2,PFM3T7T03,PFM3T7T02,0.503870664824375
allsubs,0.99,MCC_cort,SCAN,3,2,PFM3T7T03,PFM3T7T02,0.476802885793172
allsubs,0.99,muI_cort,WholeBrainOrSingleVal,3,2,PFM3T7T03,PFM3T7T02,1.94669926641138
allsubs,0.99,VIn_cort,WholeBrainOrSingleVal,3,2,PFM3T7T03,PFM3T7T02,0.208550608235156
allsubs,0.99,MIn_cort,WholeBrainOrSingleVal,3,2,PFM3T7T03,PFM3T7T02,0.546542272152324
allsubs,0.99,DC_cort,DMN,3,3,PFM3T7T03,PFM3T7T03,0.85976986180697
allsubs,0.99,DC_cort,Vis,3,3,PFM3T7T03,PFM3T7T03,0.904023658033874
allsubs,0.99,DC_cort,FP,3,3,PFM3T7T03,PFM3T7T03,0.785334750265675
allsubs,0.99,DC_cort,DAN,3,3,PFM3T7T03,PFM3T7T03,0.747007042253521
allsubs,0.99,DC_cort,VAN,3,3,PFM3T7T03,PFM3T7T03,0.697382970880944
allsubs,0.99,DC_cort,Sal,3,3,PFM3T7T03,PFM3T7T03,0.532520325203252
allsubs,0.99,DC_cort,AMN,3,3,PFM3T7T03,PFM3T7T03,0.833384968089721
allsubs,0.99,DC_cort,SMd,3,3,PFM3T7T03,PFM3T7T03,0.862204724409449
allsubs,0.99,DC_cort,SMl,3,3,PFM3T7T03,PFM3T7T03,0.596257954221673
allsubs,0.99,DC_cort,Aud,3,3,PFM3T7T03,PFM3T7T03,0.799115913555992
allsubs,0.99,DC_cort,Tpole,3,3,PFM3T7T03,PFM3T7T03,0.246823956442831
allsubs,0.99,DC_cort,MTL,3,3,PFM3T7T03,PFM3T7T03,0.505789152955515
allsubs,0.99,DC_cort,PMN,3,3,PFM3T7T03,PFM3T7T03,0.59569305429178
allsubs,0.99,DC_cort,PON,3,3,PFM3T7T03,PFM3T7T03,0.56590838267373
allsubs,0.99,DC_cort,SCAN,3,3,PFM3T7T03,PFM3T7T03,0.72260015117158
allsubs,0.99,cDC_cort,DMN,3,3,PFM3T7T03,PFM3T7T03,0.85976986180697
allsubs,0.99,cDC_cort,Vis,3,3,PFM3T7T03,PFM3T7T03,0.904023658033874
allsubs,0.99,cDC_cort,FP,3,3,PFM3T7T03,PFM3T7T03,0.785334750265675
allsubs,0.99,cDC_cort,DAN,3,3,PFM3T7T03,PFM3T7T03,0.747007042253521
allsubs,0.99,cDC_cort,VAN,3,3,PFM3T7T03,PFM3T7T03,0.697382970880944
allsubs,0.99,cDC_cort,Sal,3,3,PFM3T7T03,PFM3T7T03,0.532520325203252
allsubs,0.99,cDC_cort,AMN,3,3,PFM3T7T03,PFM3T7T03,0.833384968089721
allsubs,0.99,cDC_cort,SMd,3,3,PFM3T7T03,PFM3T7T03,0.862204724409449
allsubs,0.99,cDC_cort,SMl,3,3,PFM3T7T03,PFM3T7T03,0.596257954221673
allsubs,0.99,cDC_cort,Aud,3,3,PFM3T7T03,PFM3T7T03,0.799115913555992
allsubs,0.99,cDC_cort,Tpole,3,3,PFM3T7T03,PFM3T7T03,0.246823956442831
allsubs,0.99,cDC_cort,MTL,3,3,PFM3T7T03,PFM3T7T03,0.505789152955515
allsubs,0.99,cDC_cort,PMN,3,3,PFM3T7T03,PFM3T7T03,0.59569305429178
allsubs,0.99,cDC_cort,PON,3,3,PFM3T7T03,PFM3T7T03,0.56590838267373
allsubs,0.99,cDC_cort,SCAN,3,3,PFM3T7T03,PFM3T7T03,0.72260015117158
allsubs,0.99,TP_cort,DMN,3,3,PFM3T7T03,PFM3T7T03,7808.0
allsubs,0.99,TP_cort,Vis,3,3,PFM3T7T03,PFM3T7T03,5044.0
allsubs,0.99,TP_cort,FP,3,3,PFM3T7T03,PFM3T7T03,2956.0
allsubs,0.99,TP_cort,DAN,3,3,PFM3T7T03,PFM3T7T03,4243.0
allsubs,0.99,TP_cort,VAN,3,3,PFM3T7T03,PFM3T7T03,1892.0
allsubs,0.99,TP_cort,Sal,3,3,PFM3T7T03,PFM3T7T03,655.0
allsubs,0.99,TP_cort,AMN,3,3,PFM3T7T03,PFM3T7T03,6725.0
allsubs,0.99,TP_cort,SMd,3,3,PFM3T7T03,PFM3T7T03,2409.0
allsubs,0.99,TP_cort,SMl,3,3,PFM3T7T03,PFM3T7T03,3139.0
allsubs,0.99,TP_cort,Aud,3,3,PFM3T7T03,PFM3T7T03,1627.0
allsubs,0.99,TP_cort,Tpole,3,3,PFM3T7T03,PFM3T7T03,68.0
allsubs,0.99,TP_cort,MTL,3,3,PFM3T7T03,PFM3T7T03,830.0
allsubs,0.99,TP_cort,PMN,3,3,PFM3T7T03,PFM3T7T03,982.0
allsubs,0.99,TP_cort,PON,3,3,PFM3T7T03,PFM3T7T03,908.0
allsubs,0.99,TP_cort,SCAN,3,3,PFM3T7T03,PFM3T7T03,956.0
allsubs,0.99,TN_cort,DMN,3,3,PFM3T7T03,PFM3T7T03,49057.0
allsubs,0.99,TN_cort,Vis,3,3,PFM3T7T03,PFM3T7T03,53297.0
allsubs,0.99,TN_cort,FP,3,3,PFM3T7T03,PFM3T7T03,54840.0
allsubs,0.99,TN_cort,DAN,3,3,PFM3T7T03,PFM3T7T03,52295.0
allsubs,0.99,TN_cort,VAN,3,3,PFM3T7T03,PFM3T7T03,55878.0
allsubs,0.99,TN_cort,Sal,3,3,PFM3T7T03,PFM3T7T03,57607.0
allsubs,0.99,TN_cort,AMN,3,3,PFM3T7T03,PFM3T7T03,49998.0
allsubs,0.99,TN_cort,SMd,3,3,PFM3T7T03,PFM3T7T03,56233.0
allsubs,0.99,TN_cort,SMl,3,3,PFM3T7T03,PFM3T7T03,52022.0
allsubs,0.99,TN_cort,Aud,3,3,PFM3T7T03,PFM3T7T03,56967.0
allsubs,0.99,TN_cort,Tpole,3,3,PFM3T7T03,PFM3T7T03,58929.0
allsubs,0.99,TN_cort,MTL,3,3,PFM3T7T03,PFM3T7T03,56960.0
allsubs,0.99,TN_cort,PMN,3,3,PFM3T7T03,PFM3T7T03,57097.0
allsubs,0.99,TN_cort,PON,3,3,PFM3T7T03,PFM3T7T03,57111.0
allsubs,0.99,TN_cort,SCAN,3,3,PFM3T7T03,PFM3T7T03,57722.0
allsubs,0.99,FP_cort,DMN,3,3,PFM3T7T03,PFM3T7T03,462.0
allsubs,0.99,FP_cort,Vis,3,3,PFM3T7T03,PFM3T7T03,613.0
allsubs,0.99,FP_cort,FP,3,3,PFM3T7T03,PFM3T7T03,1270.0
allsubs,0.99,FP_cort,DAN,3,3,PFM3T7T03,PFM3T7T03,535.0
allsubs,0.99,FP_cort,VAN,3,3,PFM3T7T03,PFM3T7T03,470.0
allsubs,0.99,FP_cort,Sal,3,3,PFM3T7T03,PFM3T7T03,8.0
allsubs,0.99,FP_cort,AMN,3,3,PFM3T7T03,PFM3T7T03,859.0
allsubs,0.99,FP_cort,SMd,3,3,PFM3T7T03,PFM3T7T03,61.0
allsubs,0.99,FP_cort,SMl,3,3,PFM3T7T03,PFM3T7T03,429.0
allsubs,0.99,FP_cort,Aud,3,3,PFM3T7T03,PFM3T7T03,215.0
allsubs,0.99,FP_cort,Tpole,3,3,PFM3T7T03,PFM3T7T03,276.0
allsubs,0.99,FP_cort,MTL,3,3,PFM3T7T03,PFM3T7T03,333.0
allsubs,0.99,FP_cort,PMN,3,3,PFM3T7T03,PFM3T7T03,98.0
allsubs,0.99,FP_cort,PON,3,3,PFM3T7T03,PFM3T7T03,56.0
allsubs,0.99,FP_cort,SCAN,3,3,PFM3T7T03,PFM3T7T03,70.0
allsubs,0.99,FN_cort,DMN,3,3,PFM3T7T03,PFM3T7T03,2085.0
allsubs,0.99,FN_cort,Vis,3,3,PFM3T7T03,PFM3T7T03,458.0
allsubs,0.99,FN_cort,FP,3,3,PFM3T7T03,PFM3T7T03,346.0
allsubs,0.99,FN_cort,DAN,3,3,PFM3T7T03,PFM3T7T03,2339.0
allsubs,0.99,FN_cort,VAN,3,3,PFM3T7T03,PFM3T7T03,1172.0
allsubs,0.99,FN_cort,Sal,3,3,PFM3T7T03,PFM3T7T03,1142.0
allsubs,0.99,FN_cort,AMN,3,3,PFM3T7T03,PFM3T7T03,1830.0
allsubs,0.99,FN_cort,SMd,3,3,PFM3T7T03,PFM3T7T03,709.0
allsubs,0.99,FN_cort,SMl,3,3,PFM3T7T03,PFM3T7T03,3822.0
allsubs,0.99,FN_cort,Aud,3,3,PFM3T7T03,PFM3T7T03,603.0
allsubs,0.99,FN_cort,Tpole,3,3,PFM3T7T03,PFM3T7T03,139.0
allsubs,0.99,FN_cort,MTL,3,3,PFM3T7T03,PFM3T7T03,1289.0
allsubs,0.99,FN_cort,PMN,3,3,PFM3T7T03,PFM3T7T03,1235.0
allsubs,0.99,FN_cort,PON,3,3,PFM3T7T03,PFM3T7T03,1337.0
allsubs,0.99,FN_cort,SCAN,3,3,PFM3T7T03,PFM3T7T03,664.0
allsubs,0.99,TPR_cort,DMN,3,3,PFM3T7T03,PFM3T7T03,0.789244920650965
allsubs,0.99,TPR_cort,Vis,3,3,PFM3T7T03,PFM3T7T03,0.916757542711741
allsubs,0.99,TPR_cort,FP,3,3,PFM3T7T03,PFM3T7T03,0.895215021199273
allsubs,0.99,TPR_cort,DAN,3,3,PFM3T7T03,PFM3T7T03,0.644636888483744
allsubs,0.99,TPR_cort,VAN,3,3,PFM3T7T03,PFM3T7T03,0.617493472584856
allsubs,0.99,TPR_cort,Sal,3,3,PFM3T7T03,PFM3T7T03,0.364496382860323
allsubs,0.99,TPR_cort,AMN,3,3,PFM3T7T03,PFM3T7T03,0.786090005844535
allsubs,0.99,TPR_cort,SMd,3,3,PFM3T7T03,PFM3T7T03,0.772610647851187
allsubs,0.99,TPR_cort,SMl,3,3,PFM3T7T03,PFM3T7T03,0.450940956759086
allsubs,0.99,TPR_cort,Aud,3,3,PFM3T7T03,PFM3T7T03,0.729596412556054
allsubs,0.99,TPR_cort,Tpole,3,3,PFM3T7T03,PFM3T7T03,0.328502415458937
allsubs,0.99,TPR_cort,MTL,3,3,PFM3T7T03,PFM3T7T03,0.391694195375177
allsubs,0.99,TPR_cort,PMN,3,3,PFM3T7T03,PFM3T7T03,0.442940911141182
allsubs,0.99,TPR_cort,PON,3,3,PFM3T7T03,PFM3T7T03,0.40445434298441
allsubs,0.99,TPR_cort,SCAN,3,3,PFM3T7T03,PFM3T7T03,0.590123456790123
allsubs,0.99,TNR_cort,DMN,3,3,PFM3T7T03,PFM3T7T03,0.990670247783679
allsubs,0.99,TNR_cort,Vis,3,3,PFM3T7T03,PFM3T7T03,0.988629196809497
allsubs,0.99,TNR_cort,FP,3,3,PFM3T7T03,PFM3T7T03,0.977365888433434
allsubs,0.99,TNR_cort,DAN,3,3,PFM3T7T03,PFM3T7T03,0.989873178118493
allsubs,0.99,TNR_cort,VAN,3,3,PFM3T7T03,PFM3T7T03,0.991658976361184
allsubs,0.99,TNR_cort,Sal,3,3,PFM3T7T03,PFM3T7T03,0.999861147270676
allsubs,0.99,TNR_cort,AMN,3,3,PFM3T7T03,PFM3T7T03,0.983109503116582
allsubs,0.99,TNR_cort,SMd,3,3,PFM3T7T03,PFM3T7T03,0.998916403169077
allsubs,0.99,TNR_cort,SMl,3,3,PFM3T7T03,PFM3T7T03,0.991820937637033
allsubs,0.99,TNR_cort,Aud,3,3,PFM3T7T03,PFM3T7T03,0.996240075548249
allsubs,0.99,TNR_cort,Tpole,3,3,PFM3T7T03,PFM3T7T03,0.99533823156828
allsubs,0.99,TNR_cort,MTL,3,3,PFM3T7T03,PFM3T7T03,0.994187771630042
allsubs,0.99,TNR_cort,PMN,3,3,PFM3T7T03,PFM3T7T03,0.998286563510796
allsubs,0.99,TNR_cort,PON,3,3,PFM3T7T03,PFM3T7T03,0.999020413875138
allsubs,0.99,TNR_cort,SCAN,3,3,PFM3T7T03,PFM3T7T03,0.998788759689923
allsubs,0.99,FPR_cort,DMN,3,3,PFM3T7T03,PFM3T7T03,0.009329752216321
allsubs,0.99,FPR_cort,Vis,3,3,PFM3T7T03,PFM3T7T03,0.0113708031905027
allsubs,0.99,FPR_cort,FP,3,3,PFM3T7T03,PFM3T7T03,0.0226341115665657
allsubs,0.99,FPR_cort,DAN,3,3,PFM3T7T03,PFM3T7T03,0.0101268218815067
allsubs,0.99,FPR_cort,VAN,3,3,PFM3T7T03,PFM3T7T03,0.0083410236388159
allsubs,0.99,FPR_cort,Sal,3,3,PFM3T7T03,PFM3T7T03,0.0001388527293239
allsubs,0.99,FPR_cort,AMN,3,3,PFM3T7T03,PFM3T7T03,0.0168904968834182
allsubs,0.99,FPR_cort,SMd,3,3,PFM3T7T03,PFM3T7T03,0.0010835968309233
allsubs,0.99,FPR_cort,SMl,3,3,PFM3T7T03,PFM3T7T03,0.0081790623629673
allsubs,0.99,FPR_cort,Aud,3,3,PFM3T7T03,PFM3T7T03,0.0037599244517505
allsubs,0.99,FPR_cort,Tpole,3,3,PFM3T7T03,PFM3T7T03,0.0046617684317202
allsubs,0.99,FPR_cort,MTL,3,3,PFM3T7T03,PFM3T7T03,0.0058122283699579
allsubs,0.99,FPR_cort,PMN,3,3,PFM3T7T03,PFM3T7T03,0.0017134364892036
allsubs,0.99,FPR_cort,PON,3,3,PFM3T7T03,PFM3T7T03,0.0009795861248622
allsubs,0.99,FPR_cort,SCAN,3,3,PFM3T7T03,PFM3T7T03,0.0012112403100775
allsubs,0.99,FNR_cort,DMN,3,3,PFM3T7T03,PFM3T7T03,0.210755079349035
allsubs,0.99,FNR_cort,Vis,3,3,PFM3T7T03,PFM3T7T03,0.0832424572882588
allsubs,0.99,FNR_cort,FP,3,3,PFM3T7T03,PFM3T7T03,0.104784978800727
allsubs,0.99,FNR_cort,DAN,3,3,PFM3T7T03,PFM3T7T03,0.355363111516256
allsubs,0.99,FNR_cort,VAN,3,3,PFM3T7T03,PFM3T7T03,0.382506527415144
allsubs,0.99,FNR_cort,Sal,3,3,PFM3T7T03,PFM3T7T03,0.635503617139677
allsubs,0.99,FNR_cort,AMN,3,3,PFM3T7T03,PFM3T7T03,0.213909994155465
allsubs,0.99,FNR_cort,SMd,3,3,PFM3T7T03,PFM3T7T03,0.227389352148813
allsubs,0.99,FNR_cort,SMl,3,3,PFM3T7T03,PFM3T7T03,0.549059043240914
allsubs,0.99,FNR_cort,Aud,3,3,PFM3T7T03,PFM3T7T03,0.270403587443946
allsubs,0.99,FNR_cort,Tpole,3,3,PFM3T7T03,PFM3T7T03,0.671497584541063
allsubs,0.99,FNR_cort,MTL,3,3,PFM3T7T03,PFM3T7T03,0.608305804624823
allsubs,0.99,FNR_cort,PMN,3,3,PFM3T7T03,PFM3T7T03,0.557059088858818
allsubs,0.99,FNR_cort,PON,3,3,PFM3T7T03,PFM3T7T03,0.59554565701559
allsubs,0.99,FNR_cort,SCAN,3,3,PFM3T7T03,PFM3T7T03,0.409876543209877
allsubs,0.99,NPV_cort,DMN,3,3,PFM3T7T03,PFM3T7T03,0.959231160298776
allsubs,0.99,NPV_cort,Vis,3,3,PFM3T7T03,PFM3T7T03,0.991479862338387
allsubs,0.99,NPV_cort,FP,3,3,PFM3T7T03,PFM3T7T03,0.993730293915123
allsubs,0.99,NPV_cort,DAN,3,3,PFM3T7T03,PFM3T7T03,0.957187831753121
allsubs,0.99,NPV_cort,VAN,3,3,PFM3T7T03,PFM3T7T03,0.979456617002629
allsubs,0.99,NPV_cort,Sal,3,3,PFM3T7T03,PFM3T7T03,0.980561371257383
allsubs,0.99,NPV_cort,AMN,3,3,PFM3T7T03,PFM3T7T03,0.964690900671452
allsubs,0.99,NPV_cort,SMd,3,3,PFM3T7T03,PFM3T7T03,0.987548733799305
allsubs,0.99,NPV_cort,SMl,3,3,PFM3T7T03,PFM3T7T03,0.931559343886541
allsubs,0.99,NPV_cort,Aud,3,3,PFM3T7T03,PFM3T7T03,0.989525794684732
allsubs,0.99,NPV_cort,Tpole,3,3,PFM3T7T03,PFM3T7T03,0.997646779982393
allsubs,0.99,NPV_cort,MTL,3,3,PFM3T7T03,PFM3T7T03,0.977870864735875
allsubs,0.99,NPV_cort,PMN,3,3,PFM3T7T03,PFM3T7T03,0.978828087499143
allsubs,0.99,NPV_cort,PON,3,3,PFM3T7T03,PFM3T7T03,0.977124965781549
allsubs,0.99,NPV_cort,SCAN,3,3,PFM3T7T03,PFM3T7T03,0.988627410680643
allsubs,0.99,PPV_cort,DMN,3,3,PFM3T7T03,PFM3T7T03,0.944135429262394
allsubs,0.99,PPV_cort,Vis,3,3,PFM3T7T03,PFM3T7T03,0.891638677744387
allsubs,0.99,PPV_cort,FP,3,3,PFM3T7T03,PFM3T7T03,0.699479413156649
allsubs,0.99,PPV_cort,DAN,3,3,PFM3T7T03,PFM3T7T03,0.888028463792382
allsubs,0.99,PPV_cort,VAN,3,3,PFM3T7T03,PFM3T7T03,0.801016088060965
allsubs,0.99,PPV_cort,Sal,3,3,PFM3T7T03,PFM3T7T03,0.987933634992459
allsubs,0.99,PPV_cort,AMN,3,3,PFM3T7T03,PFM3T7T03,0.886735232067511
allsubs,0.99,PPV_cort,SMd,3,3,PFM3T7T03,PFM3T7T03,0.975303643724696
allsubs,0.99,PPV_cort,SMl,3,3,PFM3T7T03,PFM3T7T03,0.879764573991031
allsubs,0.99,PPV_cort,Aud,3,3,PFM3T7T03,PFM3T7T03,0.883279044516829
allsubs,0.99,PPV_cort,Tpole,3,3,PFM3T7T03,PFM3T7T03,0.197674418604651
allsubs,0.99,PPV_cort,MTL,3,3,PFM3T7T03,PFM3T7T03,0.713671539122958
allsubs,0.99,PPV_cort,PMN,3,3,PFM3T7T03,PFM3T7T03,0.909259259259259
allsubs,0.99,PPV_cort,PON,3,3,PFM3T7T03,PFM3T7T03,0.941908713692946
allsubs,0.99,PPV_cort,SCAN,3,3,PFM3T7T03,PFM3T7T03,0.9317738791423
allsubs,0.99,PPVcorr_Jeffreys_cort,DMN,3,3,PFM3T7T03,PFM3T7T03,0.89668225459808
allsubs,0.99,PPVcorr_Jeffreys_cort,Vis,3,3,PFM3T7T03,PFM3T7T03,0.856924217038278
allsubs,0.99,PPVcorr_Jeffreys_cort,FP,3,3,PFM3T7T03,PFM3T7T03,0.685022606558097
allsubs,0.99,PPVcorr_Jeffreys_cort,DAN,3,3,PFM3T7T03,PFM3T7T03,0.841047054928075
allsubs,0.99,PPVcorr_Jeffreys_cort,VAN,3,3,PFM3T7T03,PFM3T7T03,0.766451806325888
allsubs,0.99,PPVcorr_Jeffreys_cort,Sal,3,3,PFM3T7T03,PFM3T7T03,0.883885131126142
allsubs,0.99,PPVcorr_Jeffreys_cort,AMN,3,3,PFM3T7T03,PFM3T7T03,0.847532436755732
allsubs,0.99,PPVcorr_Jeffreys_cort,SMd,3,3,PFM3T7T03,PFM3T7T03,0.922028902149687
allsubs,0.99,PPVcorr_Jeffreys_cort,SMl,3,3,PFM3T7T03,PFM3T7T03,0.817769283084355
allsubs,0.99,PPVcorr_Jeffreys_cort,Aud,3,3,PFM3T7T03,PFM3T7T03,0.841888619854722
allsubs,0.99,PPVcorr_Jeffreys_cort,Tpole,3,3,PFM3T7T03,PFM3T7T03,0.214834110227584
allsubs,0.99,PPVcorr_Jeffreys_cort,MTL,3,3,PFM3T7T03,PFM3T7T03,0.680740417484908
allsubs,0.99,PPVcorr_Jeffreys_cort,PMN,3,3,PFM3T7T03,PFM3T7T03,0.839555965276177
allsubs,0.99,PPVcorr_Jeffreys_cort,PON,3,3,PFM3T7T03,PFM3T7T03,0.858435002103492
allsubs,0.99,PPVcorr_Jeffreys_cort,SCAN,3,3,PFM3T7T03,PFM3T7T03,0.872895622895623
allsubs,0.99,PPVcorr_d1d2_cort,DMN,3,3,PFM3T7T03,PFM3T7T03,0.942789924827357
allsubs,0.99,PPVcorr_d1d2_cort,Vis,3,3,PFM3T7T03,PFM3T7T03,0.893941847411829
allsubs,0.99,PPVcorr_d1d2_cort,FP,3,3,PFM3T7T03,PFM3T7T03,0.712845629900963
allsubs,0.99,PPVcorr_d1d2_cort,DAN,3,3,PFM3T7T03,PFM3T7T03,0.884626340920342
allsubs,0.99,PPVcorr_d1d2_cort,VAN,3,3,PFM3T7T03,PFM3T7T03,0.799670634529417
allsubs,0.99,PPVcorr_d1d2_cort,Sal,3,3,PFM3T7T03,PFM3T7T03,0.90627594857048
allsubs,0.99,PPVcorr_d1d2_cort,AMN,3,3,PFM3T7T03,PFM3T7T03,0.886681836347686
allsubs,0.99,PPVcorr_d1d2_cort,SMd,3,3,PFM3T7T03,PFM3T7T03,0.967995895403136
allsubs,0.99,PPVcorr_d1d2_cort,SMl,3,3,PFM3T7T03,PFM3T7T03,0.869653039875749
allsubs,0.99,PPVcorr_d1d2_cort,Aud,3,3,PFM3T7T03,PFM3T7T03,0.880134275275855
allsubs,0.99,PPVcorr_d1d2_cort,Tpole,3,3,PFM3T7T03,PFM3T7T03,0.527378819953319
allsubs,0.99,PPVcorr_d1d2_cort,MTL,3,3,PFM3T7T03,PFM3T7T03,0.700462325493874
allsubs,0.99,PPVcorr_d1d2_cort,PMN,3,3,PFM3T7T03,PFM3T7T03,0.873170600360466
allsubs,0.99,PPVcorr_d1d2_cort,PON,3,3,PFM3T7T03,PFM3T7T03,0.893370766544329
allsubs,0.99,PPVcorr_d1d2_cort,SCAN,3,3,PFM3T7T03,PFM3T7T03,0.904909790002958
allsubs,0.99,PPVcorr_bayes_cort,DMN,3,3,PFM3T7T03,PFM3T7T03,0.937979499523709
allsubs,0.99,PPVcorr_bayes_cort,Vis,3,3,PFM3T7T03,PFM3T7T03,0.897903288331564
allsubs,0.99,PPVcorr_bayes_cort,FP,3,3,PFM3T7T03,PFM3T7T03,0.721249516176772
allsubs,0.99,PPVcorr_bayes_cort,DAN,3,3,PFM3T7T03,PFM3T7T03,0.87750827117715
allsubs,0.99,PPVcorr_bayes_cort,VAN,3,3,PFM3T7T03,PFM3T7T03,0.799062077736269
allsubs,0.99,PPVcorr_bayes_cort,Sal,3,3,PFM3T7T03,PFM3T7T03,0.91351064535385
allsubs,0.99,PPVcorr_bayes_cort,AMN,3,3,PFM3T7T03,PFM3T7T03,0.886674362734392
allsubs,0.99,PPVcorr_bayes_cort,SMd,3,3,PFM3T7T03,PFM3T7T03,0.964254444402147
allsubs,0.99,PPVcorr_bayes_cort,SMl,3,3,PFM3T7T03,PFM3T7T03,0.847040502418912
allsubs,0.99,PPVcorr_bayes_cort,Aud,3,3,PFM3T7T03,PFM3T7T03,0.879815809669992
allsubs,0.99,PPVcorr_bayes_cort,Tpole,3,3,PFM3T7T03,PFM3T7T03,0.241170676797524
allsubs,0.99,PPVcorr_bayes_cort,MTL,3,3,PFM3T7T03,PFM3T7T03,0.699751958738533
allsubs,0.99,PPVcorr_bayes_cort,PMN,3,3,PFM3T7T03,PFM3T7T03,0.869656416495364
allsubs,0.99,PPVcorr_bayes_cort,PON,3,3,PFM3T7T03,PFM3T7T03,0.888094685541889
allsubs,0.99,PPVcorr_bayes_cort,SCAN,3,3,PFM3T7T03,PFM3T7T03,0.90956678700361
allsubs,0.99,MCC_cort,DMN,3,3,PFM3T7T03,PFM3T7T03,0.839374353823031
allsubs,0.99,MCC_cort,Vis,3,3,PFM3T7T03,PFM3T7T03,0.894183323271184
allsubs,0.99,MCC_cort,FP,3,3,PFM3T7T03,PFM3T7T03,0.777741317381885
allsubs,0.99,MCC_cort,DAN,3,3,PFM3T7T03,PFM3T7T03,0.732323868230357
allsubs,0.99,MCC_cort,VAN,3,3,PFM3T7T03,PFM3T7T03,0.689512044583
allsubs,0.99,MCC_cort,Sal,3,3,PFM3T7T03,PFM3T7T03,0.594035729919841
allsubs,0.99,MCC_cort,AMN,3,3,PFM3T7T03,PFM3T7T03,0.809269153755086
allsubs,0.99,MCC_cort,SMd,3,3,PFM3T7T03,PFM3T7T03,0.861897125763244
allsubs,0.99,MCC_cort,SMl,3,3,PFM3T7T03,PFM3T7T03,0.599352412899419
allsubs,0.99,MCC_cort,Aud,3,3,PFM3T7T03,PFM3T7T03,0.795935675344749
allsubs,0.99,MCC_cort,Tpole,3,3,PFM3T7T03,PFM3T7T03,0.251501378383022
allsubs,0.99,MCC_cort,MTL,3,3,PFM3T7T03,PFM3T7T03,0.516578883684345
allsubs,0.99,MCC_cort,PMN,3,3,PFM3T7T03,PFM3T7T03,0.625978064536279
allsubs,0.99,MCC_cort,PON,3,3,PFM3T7T03,PFM3T7T03,0.608939151616734
allsubs,0.99,MCC_cort,SCAN,3,3,PFM3T7T03,PFM3T7T03,0.736230645681584
allsubs,0.99,muI_cort,WholeBrainOrSingleVal,3,3,PFM3T7T03,PFM3T7T03,2.70783940618299
allsubs,0.99,VIn_cort,WholeBrainOrSingleVal,3,3,PFM3T7T03,PFM3T7T03,0.0986120301304765
allsubs,0.99,MIn_cort,WholeBrainOrSingleVal,3,3,PFM3T7T03,PFM3T7T03,0.780008150680264
allsubs,0.99,DC_cort,DMN,3,4,PFM3T7T03,PFM3T7T04,0.652259057210799
allsubs,0.99,DC_cort,Vis,3,4,PFM3T7T03,PFM3T7T04,0.804579795934263
allsubs,0.99,DC_cort,FP,3,4,PFM3T7T03,PFM3T7T04,0.511161492849669
allsubs,0.99,DC_cort,DAN,3,4,PFM3T7T03,PFM3T7T04,0.439908866527435
allsubs,0.99,DC_cort,VAN,3,4,PFM3T7T03,PFM3T7T04,0.4091546006539
allsubs,0.99,DC_cort,Sal,3,4,PFM3T7T03,PFM3T7T04,0.301609195402299
allsubs,0.99,DC_cort,AMN,3,4,PFM3T7T03,PFM3T7T04,0.607377150637455
allsubs,0.99,DC_cort,SMd,3,4,PFM3T7T03,PFM3T7T04,0.775518262586377
allsubs,0.99,DC_cort,SMl,3,4,PFM3T7T03,PFM3T7T04,0.525797629899727
allsubs,0.99,DC_cort,Aud,3,4,PFM3T7T03,PFM3T7T04,0.66747572815534
allsubs,0.99,DC_cort,Tpole,3,4,PFM3T7T03,PFM3T7T04,0.223411371237458
allsubs,0.99,DC_cort,MTL,3,4,PFM3T7T03,PFM3T7T04,0.336942558267572
allsubs,0.99,DC_cort,PMN,3,4,PFM3T7T03,PFM3T7T04,0.442508710801394
allsubs,0.99,DC_cort,PON,3,4,PFM3T7T03,PFM3T7T04,0.464617987031294
allsubs,0.99,DC_cort,SCAN,3,4,PFM3T7T03,PFM3T7T04,0.667920270778488
allsubs,0.99,cDC_cort,DMN,3,4,PFM3T7T03,PFM3T7T04,0.652259057210799
allsubs,0.99,cDC_cort,Vis,3,4,PFM3T7T03,PFM3T7T04,0.804579795934263
allsubs,0.99,cDC_cort,FP,3,4,PFM3T7T03,PFM3T7T04,0.511161492849669
allsubs,0.99,cDC_cort,DAN,3,4,PFM3T7T03,PFM3T7T04,0.439908866527435
allsubs,0.99,cDC_cort,VAN,3,4,PFM3T7T03,PFM3T7T04,0.4091546006539
allsubs,0.99,cDC_cort,Sal,3,4,PFM3T7T03,PFM3T7T04,0.301609195402299
allsubs,0.99,cDC_cort,AMN,3,4,PFM3T7T03,PFM3T7T04,0.607377150637455
allsubs,0.99,cDC_cort,SMd,3,4,PFM3T7T03,PFM3T7T04,0.775518262586377
allsubs,0.99,cDC_cort,SMl,3,4,PFM3T7T03,PFM3T7T04,0.525797629899727
allsubs,0.99,cDC_cort,Aud,3,4,PFM3T7T03,PFM3T7T04,0.66747572815534
allsubs,0.99,cDC_cort,Tpole,3,4,PFM3T7T03,PFM3T7T04,0.223411371237458
allsubs,0.99,cDC_cort,MTL,3,4,PFM3T7T03,PFM3T7T04,0.336942558267572
allsubs,0.99,cDC_cort,PMN,3,4,PFM3T7T03,PFM3T7T04,0.442508710801394
allsubs,0.99,cDC_cort,PON,3,4,PFM3T7T03,PFM3T7T04,0.464617987031294
allsubs,0.99,cDC_cort,SCAN,3,4,PFM3T7T03,PFM3T7T04,0.667920270778488
allsubs,0.99,TP_cort,DMN,3,4,PFM3T7T03,PFM3T7T04,4663.0
allsubs,0.99,TP_cort,Vis,3,4,PFM3T7T03,PFM3T7T04,5165.0
allsubs,0.99,TP_cort,FP,3,4,PFM3T7T03,PFM3T7T04,2931.0
allsubs,0.99,TP_cort,DAN,3,4,PFM3T7T03,PFM3T7T04,2317.0
allsubs,0.99,TP_cort,VAN,3,4,PFM3T7T03,PFM3T7T04,1314.0
allsubs,0.99,TP_cort,Sal,3,4,PFM3T7T03,PFM3T7T04,328.0
allsubs,0.99,TP_cort,AMN,3,4,PFM3T7T03,PFM3T7T04,4907.0
allsubs,0.99,TP_cort,SMd,3,4,PFM3T7T03,PFM3T7T04,1964.0
allsubs,0.99,TP_cort,SMl,3,4,PFM3T7T03,PFM3T7T04,1442.0
allsubs,0.99,TP_cort,Aud,3,4,PFM3T7T03,PFM3T7T04,1650.0
allsubs,0.99,TP_cort,Tpole,3,4,PFM3T7T03,PFM3T7T04,167.0
allsubs,0.99,TP_cort,MTL,3,4,PFM3T7T03,PFM3T7T04,918.0
allsubs,0.99,TP_cort,PMN,3,4,PFM3T7T03,PFM3T7T04,635.0
allsubs,0.99,TP_cort,PON,3,4,PFM3T7T03,PFM3T7T04,824.0
allsubs,0.99,TP_cort,SCAN,3,4,PFM3T7T03,PFM3T7T04,888.0
allsubs,0.99,TN_cort,DMN,3,4,PFM3T7T03,PFM3T7T04,49777.0
allsubs,0.99,TN_cort,Vis,3,4,PFM3T7T03,PFM3T7T04,51738.0
allsubs,0.99,TN_cort,FP,3,4,PFM3T7T03,PFM3T7T04,50875.0
allsubs,0.99,TN_cort,DAN,3,4,PFM3T7T03,PFM3T7T04,51195.0
allsubs,0.99,TN_cort,VAN,3,4,PFM3T7T03,PFM3T7T04,54303.0
allsubs,0.99,TN_cort,Sal,3,4,PFM3T7T03,PFM3T7T04,57565.0
allsubs,0.99,TN_cort,AMN,3,4,PFM3T7T03,PFM3T7T04,48161.0
allsubs,0.99,TN_cort,SMd,3,4,PFM3T7T03,PFM3T7T04,56311.0
allsubs,0.99,TN_cort,SMl,3,4,PFM3T7T03,PFM3T7T04,55369.0
allsubs,0.99,TN_cort,Aud,3,4,PFM3T7T03,PFM3T7T04,56118.0
allsubs,0.99,TN_cort,Tpole,3,4,PFM3T7T03,PFM3T7T04,58084.0
allsubs,0.99,TN_cort,MTL,3,4,PFM3T7T03,PFM3T7T04,54881.0
allsubs,0.99,TN_cort,PMN,3,4,PFM3T7T03,PFM3T7T04,57177.0
allsubs,0.99,TN_cort,PON,3,4,PFM3T7T03,PFM3T7T04,56689.0
allsubs,0.99,TN_cort,SCAN,3,4,PFM3T7T03,PFM3T7T04,57641.0
allsubs,0.99,FP_cort,DMN,3,4,PFM3T7T03,PFM3T7T04,3607.0
allsubs,0.99,FP_cort,Vis,3,4,PFM3T7T03,PFM3T7T04,492.0
allsubs,0.99,FP_cort,FP,3,4,PFM3T7T03,PFM3T7T04,1295.0
allsubs,0.99,FP_cort,DAN,3,4,PFM3T7T03,PFM3T7T04,2461.0
allsubs,0.99,FP_cort,VAN,3,4,PFM3T7T03,PFM3T7T04,1048.0
allsubs,0.99,FP_cort,Sal,3,4,PFM3T7T03,PFM3T7T04,335.0
allsubs,0.99,FP_cort,AMN,3,4,PFM3T7T03,PFM3T7T04,2677.0
allsubs,0.99,FP_cort,SMd,3,4,PFM3T7T03,PFM3T7T04,506.0
allsubs,0.99,FP_cort,SMl,3,4,PFM3T7T03,PFM3T7T04,2126.0
allsubs,0.99,FP_cort,Aud,3,4,PFM3T7T03,PFM3T7T04,192.0
allsubs,0.99,FP_cort,Tpole,3,4,PFM3T7T03,PFM3T7T04,177.0
allsubs,0.99,FP_cort,MTL,3,4,PFM3T7T03,PFM3T7T04,245.0
allsubs,0.99,FP_cort,PMN,3,4,PFM3T7T03,PFM3T7T04,445.0
allsubs,0.99,FP_cort,PON,3,4,PFM3T7T03,PFM3T7T04,140.0
allsubs,0.99,FP_cort,SCAN,3,4,PFM3T7T03,PFM3T7T04,138.0
allsubs,0.99,FN_cort,DMN,3,4,PFM3T7T03,PFM3T7T04,1365.0
allsubs,0.99,FN_cort,Vis,3,4,PFM3T7T03,PFM3T7T04,2017.0
allsubs,0.99,FN_cort,FP,3,4,PFM3T7T03,PFM3T7T04,4311.0
allsubs,0.99,FN_cort,DAN,3,4,PFM3T7T03,PFM3T7T04,3439.0
allsubs,0.99,FN_cort,VAN,3,4,PFM3T7T03,PFM3T7T04,2747.0
allsubs,0.99,FN_cort,Sal,3,4,PFM3T7T03,PFM3T7T04,1184.0
allsubs,0.99,FN_cort,AMN,3,4,PFM3T7T03,PFM3T7T04,3667.0
allsubs,0.99,FN_cort,SMd,3,4,PFM3T7T03,PFM3T7T04,631.0
allsubs,0.99,FN_cort,SMl,3,4,PFM3T7T03,PFM3T7T04,475.0
allsubs,0.99,FN_cort,Aud,3,4,PFM3T7T03,PFM3T7T04,1452.0
allsubs,0.99,FN_cort,Tpole,3,4,PFM3T7T03,PFM3T7T04,984.0
allsubs,0.99,FN_cort,MTL,3,4,PFM3T7T03,PFM3T7T04,3368.0
allsubs,0.99,FN_cort,PMN,3,4,PFM3T7T03,PFM3T7T04,1155.0
allsubs,0.99,FN_cort,PON,3,4,PFM3T7T03,PFM3T7T04,1759.0
allsubs,0.99,FN_cort,SCAN,3,4,PFM3T7T03,PFM3T7T04,745.0
allsubs,0.99,TPR_cort,DMN,3,4,PFM3T7T03,PFM3T7T04,0.773556735235567
allsubs,0.99,TPR_cort,Vis,3,4,PFM3T7T03,PFM3T7T04,0.719159008632693
allsubs,0.99,TPR_cort,FP,3,4,PFM3T7T03,PFM3T7T04,0.404722452361226
allsubs,0.99,TPR_cort,DAN,3,4,PFM3T7T03,PFM3T7T04,0.402536483669215
allsubs,0.99,TPR_cort,VAN,3,4,PFM3T7T03,PFM3T7T04,0.323565624230485
allsubs,0.99,TPR_cort,Sal,3,4,PFM3T7T03,PFM3T7T04,0.216931216931217
allsubs,0.99,TPR_cort,AMN,3,4,PFM3T7T03,PFM3T7T04,0.572311639841381
allsubs,0.99,TPR_cort,SMd,3,4,PFM3T7T03,PFM3T7T04,0.756840077071291
allsubs,0.99,TPR_cort,SMl,3,4,PFM3T7T03,PFM3T7T04,0.752217005738133
allsubs,0.99,TPR_cort,Aud,3,4,PFM3T7T03,PFM3T7T04,0.531914893617021
allsubs,0.99,TPR_cort,Tpole,3,4,PFM3T7T03,PFM3T7T04,0.14509122502172
allsubs,0.99,TPR_cort,MTL,3,4,PFM3T7T03,PFM3T7T04,0.214185720951937
allsubs,0.99,TPR_cort,PMN,3,4,PFM3T7T03,PFM3T7T04,0.354748603351955
allsubs,0.99,TPR_cort,PON,3,4,PFM3T7T03,PFM3T7T04,0.319008904374758
allsubs,0.99,TPR_cort,SCAN,3,4,PFM3T7T03,PFM3T7T04,0.543784445805266
allsubs,0.99,TNR_cort,DMN,3,4,PFM3T7T03,PFM3T7T04,0.932432938708227
allsubs,0.99,TNR_cort,Vis,3,4,PFM3T7T03,PFM3T7T04,0.990580126364158
allsubs,0.99,TNR_cort,FP,3,4,PFM3T7T03,PFM3T7T04,0.975177304964539
allsubs,0.99,TNR_cort,DAN,3,4,PFM3T7T03,PFM3T7T04,0.95413374086775
allsubs,0.99,TNR_cort,VAN,3,4,PFM3T7T03,PFM3T7T04,0.981066286065292
allsubs,0.99,TNR_cort,Sal,3,4,PFM3T7T03,PFM3T7T04,0.994214162348877
allsubs,0.99,TNR_cort,AMN,3,4,PFM3T7T03,PFM3T7T04,0.947342539045596
allsubs,0.99,TNR_cort,SMd,3,4,PFM3T7T03,PFM3T7T04,0.991094214759667
allsubs,0.99,TNR_cort,SMl,3,4,PFM3T7T03,PFM3T7T04,0.963022871554048
allsubs,0.99,TNR_cort,Aud,3,4,PFM3T7T03,PFM3T7T04,0.996590303676079
allsubs,0.99,TNR_cort,Tpole,3,4,PFM3T7T03,PFM3T7T04,0.996961947100118
allsubs,0.99,TNR_cort,MTL,3,4,PFM3T7T03,PFM3T7T04,0.995555636178935
allsubs,0.99,TNR_cort,PMN,3,4,PFM3T7T03,PFM3T7T04,0.992277255215022
allsubs,0.99,TNR_cort,PON,3,4,PFM3T7T03,PFM3T7T04,0.997536469056292
allsubs,0.99,TNR_cort,SCAN,3,4,PFM3T7T03,PFM3T7T04,0.997611588985618
allsubs,0.99,FPR_cort,DMN,3,4,PFM3T7T03,PFM3T7T04,0.0675670612917728
allsubs,0.99,FPR_cort,Vis,3,4,PFM3T7T03,PFM3T7T04,0.0094198736358414
allsubs,0.99,FPR_cort,FP,3,4,PFM3T7T03,PFM3T7T04,0.024822695035461
allsubs,0.99,FPR_cort,DAN,3,4,PFM3T7T03,PFM3T7T04,0.0458662591322499
allsubs,0.99,FPR_cort,VAN,3,4,PFM3T7T03,PFM3T7T04,0.0189337139347076
allsubs,0.99,FPR_cort,Sal,3,4,PFM3T7T03,PFM3T7T04,0.0057858376511226
allsubs,0.99,FPR_cort,AMN,3,4,PFM3T7T03,PFM3T7T04,0.0526574609544042
allsubs,0.99,FPR_cort,SMd,3,4,PFM3T7T03,PFM3T7T04,0.008905785240333
allsubs,0.99,FPR_cort,SMl,3,4,PFM3T7T03,PFM3T7T04,0.0369771284459518
allsubs,0.99,FPR_cort,Aud,3,4,PFM3T7T03,PFM3T7T04,0.0034096963239211
allsubs,0.99,FPR_cort,Tpole,3,4,PFM3T7T03,PFM3T7T04,0.0030380528998815
allsubs,0.99,FPR_cort,MTL,3,4,PFM3T7T03,PFM3T7T04,0.0044443638210644
allsubs,0.99,FPR_cort,PMN,3,4,PFM3T7T03,PFM3T7T04,0.0077227447849779
allsubs,0.99,FPR_cort,PON,3,4,PFM3T7T03,PFM3T7T04,0.0024635309437083
allsubs,0.99,FPR_cort,SCAN,3,4,PFM3T7T03,PFM3T7T04,0.0023884110143823
allsubs,0.99,FNR_cort,DMN,3,4,PFM3T7T03,PFM3T7T04,0.226443264764433
allsubs,0.99,FNR_cort,Vis,3,4,PFM3T7T03,PFM3T7T04,0.280840991367307
allsubs,0.99,FNR_cort,FP,3,4,PFM3T7T03,PFM3T7T04,0.595277547638774
allsubs,0.99,FNR_cort,DAN,3,4,PFM3T7T03,PFM3T7T04,0.597463516330785
allsubs,0.99,FNR_cort,VAN,3,4,PFM3T7T03,PFM3T7T04,0.676434375769515
allsubs,0.99,FNR_cort,Sal,3,4,PFM3T7T03,PFM3T7T04,0.783068783068783
allsubs,0.99,FNR_cort,AMN,3,4,PFM3T7T03,PFM3T7T04,0.427688360158619
allsubs,0.99,FNR_cort,SMd,3,4,PFM3T7T03,PFM3T7T04,0.243159922928709
allsubs,0.99,FNR_cort,SMl,3,4,PFM3T7T03,PFM3T7T04,0.247782994261868
allsubs,0.99,FNR_cort,Aud,3,4,PFM3T7T03,PFM3T7T04,0.468085106382979
allsubs,0.99,FNR_cort,Tpole,3,4,PFM3T7T03,PFM3T7T04,0.85490877497828
allsubs,0.99,FNR_cort,MTL,3,4,PFM3T7T03,PFM3T7T04,0.785814279048063
allsubs,0.99,FNR_cort,PMN,3,4,PFM3T7T03,PFM3T7T04,0.645251396648045
allsubs,0.99,FNR_cort,PON,3,4,PFM3T7T03,PFM3T7T04,0.680991095625242
allsubs,0.99,FNR_cort,SCAN,3,4,PFM3T7T03,PFM3T7T04,0.456215554194734
allsubs,0.99,NPV_cort,DMN,3,4,PFM3T7T03,PFM3T7T04,0.973309608540925
allsubs,0.99,NPV_cort,Vis,3,4,PFM3T7T03,PFM3T7T04,0.962477909031718
allsubs,0.99,NPV_cort,FP,3,4,PFM3T7T03,PFM3T7T04,0.921882361468488
allsubs,0.99,NPV_cort,DAN,3,4,PFM3T7T03,PFM3T7T04,0.937053849251382
allsubs,0.99,NPV_cort,VAN,3,4,PFM3T7T03,PFM3T7T04,0.951849255039439
allsubs,0.99,NPV_cort,Sal,3,4,PFM3T7T03,PFM3T7T04,0.979846465471753
allsubs,0.99,NPV_cort,AMN,3,4,PFM3T7T03,PFM3T7T04,0.929246739214324
allsubs,0.99,NPV_cort,SMd,3,4,PFM3T7T03,PFM3T7T04,0.988918548698676
allsubs,0.99,NPV_cort,SMl,3,4,PFM3T7T03,PFM3T7T04,0.99149416230929
allsubs,0.99,NPV_cort,Aud,3,4,PFM3T7T03,PFM3T7T04,0.974778530484627
allsubs,0.99,NPV_cort,Tpole,3,4,PFM3T7T03,PFM3T7T04,0.983341233832193
allsubs,0.99,NPV_cort,MTL,3,4,PFM3T7T03,PFM3T7T04,0.942179264880084
allsubs,0.99,NPV_cort,PMN,3,4,PFM3T7T03,PFM3T7T04,0.980199547418227
allsubs,0.99,NPV_cort,PON,3,4,PFM3T7T03,PFM3T7T04,0.969904872707364
allsubs,0.99,NPV_cort,SCAN,3,4,PFM3T7T03,PFM3T7T04,0.987240091802829
allsubs,0.99,PPV_cort,DMN,3,4,PFM3T7T03,PFM3T7T04,0.563845223700121
allsubs,0.99,PPV_cort,Vis,3,4,PFM3T7T03,PFM3T7T04,0.913028106770373
allsubs,0.99,PPV_cort,FP,3,4,PFM3T7T03,PFM3T7T04,0.693563653573119
allsubs,0.99,PPV_cort,DAN,3,4,PFM3T7T03,PFM3T7T04,0.484930933444956
allsubs,0.99,PPV_cort,VAN,3,4,PFM3T7T03,PFM3T7T04,0.556308213378493
allsubs,0.99,PPV_cort,Sal,3,4,PFM3T7T03,PFM3T7T04,0.494720965309201
allsubs,0.99,PPV_cort,AMN,3,4,PFM3T7T03,PFM3T7T04,0.647020042194093
allsubs,0.99,PPV_cort,SMd,3,4,PFM3T7T03,PFM3T7T04,0.795141700404858
allsubs,0.99,PPV_cort,SMl,3,4,PFM3T7T03,PFM3T7T04,0.40414798206278
allsubs,0.99,PPV_cort,Aud,3,4,PFM3T7T03,PFM3T7T04,0.895765472312704
allsubs,0.99,PPV_cort,Tpole,3,4,PFM3T7T03,PFM3T7T04,0.48546511627907
allsubs,0.99,PPV_cort,MTL,3,4,PFM3T7T03,PFM3T7T04,0.789337919174549
allsubs,0.99,PPV_cort,PMN,3,4,PFM3T7T03,PFM3T7T04,0.587962962962963
allsubs,0.99,PPV_cort,PON,3,4,PFM3T7T03,PFM3T7T04,0.854771784232365
allsubs,0.99,PPV_cort,SCAN,3,4,PFM3T7T03,PFM3T7T04,0.865497076023392
allsubs,0.99,PPVcorr_Jeffreys_cort,DMN,3,4,PFM3T7T03,PFM3T7T04,0.559507708953205
allsubs,0.99,PPVcorr_Jeffreys_cort,Vis,3,4,PFM3T7T03,PFM3T7T04,0.8664983059355
allsubs,0.99,PPVcorr_Jeffreys_cort,FP,3,4,PFM3T7T03,PFM3T7T04,0.66524584865258
allsubs,0.99,PPVcorr_Jeffreys_cort,DAN,3,4,PFM3T7T03,PFM3T7T04,0.486551105797968
allsubs,0.99,PPVcorr_Jeffreys_cort,VAN,3,4,PFM3T7T03,PFM3T7T04,0.548047397131606
allsubs,0.99,PPVcorr_Jeffreys_cort,Sal,3,4,PFM3T7T03,PFM3T7T04,0.495701301891427
allsubs,0.99,PPVcorr_Jeffreys_cort,AMN,3,4,PFM3T7T03,PFM3T7T04,0.632087094557775
allsubs,0.99,PPVcorr_Jeffreys_cort,SMd,3,4,PFM3T7T03,PFM3T7T04,0.767081883128778
allsubs,0.99,PPVcorr_Jeffreys_cort,SMl,3,4,PFM3T7T03,PFM3T7T04,0.409035295369311
allsubs,0.99,PPVcorr_Jeffreys_cort,Aud,3,4,PFM3T7T03,PFM3T7T04,0.838723166991915
allsubs,0.99,PPVcorr_Jeffreys_cort,Tpole,3,4,PFM3T7T03,PFM3T7T04,0.489109126551949
allsubs,0.99,PPVcorr_Jeffreys_cort,MTL,3,4,PFM3T7T03,PFM3T7T04,0.711422467956773
allsubs,0.99,PPVcorr_Jeffreys_cort,PMN,3,4,PFM3T7T03,PFM3T7T04,0.575456711675933
allsubs,0.99,PPVcorr_Jeffreys_cort,PON,3,4,PFM3T7T03,PFM3T7T04,0.779800376339687
allsubs,0.99,PPVcorr_Jeffreys_cort,SCAN,3,4,PFM3T7T03,PFM3T7T04,0.815311527789456
allsubs,0.99,PPVcorr_d1d2_cort,DMN,3,4,PFM3T7T03,PFM3T7T04,0.573490992578178
allsubs,0.99,PPVcorr_d1d2_cort,Vis,3,4,PFM3T7T03,PFM3T7T04,0.910779152543471
allsubs,0.99,PPVcorr_d1d2_cort,FP,3,4,PFM3T7T03,PFM3T7T04,0.690976206573536
allsubs,0.99,PPVcorr_d1d2_cort,DAN,3,4,PFM3T7T03,PFM3T7T04,0.492008410340526
allsubs,0.99,PPVcorr_d1d2_cort,VAN,3,4,PFM3T7T03,PFM3T7T04,0.557313444594377
allsubs,0.99,PPVcorr_d1d2_cort,Sal,3,4,PFM3T7T03,PFM3T7T04,0.487368071137705
allsubs,0.99,PPVcorr_d1d2_cort,AMN,3,4,PFM3T7T03,PFM3T7T04,0.650091537275317
allsubs,0.99,PPVcorr_d1d2_cort,SMd,3,4,PFM3T7T03,PFM3T7T04,0.801121370795796
allsubs,0.99,PPVcorr_d1d2_cort,SMl,3,4,PFM3T7T03,PFM3T7T04,0.443887749338058
allsubs,0.99,PPVcorr_d1d2_cort,Aud,3,4,PFM3T7T03,PFM3T7T04,0.880021124285861
allsubs,0.99,PPVcorr_d1d2_cort,Tpole,3,4,PFM3T7T03,PFM3T7T04,0.443566415134861
allsubs,0.99,PPVcorr_d1d2_cort,MTL,3,4,PFM3T7T03,PFM3T7T04,0.748128843098224
allsubs,0.99,PPVcorr_d1d2_cort,PMN,3,4,PFM3T7T03,PFM3T7T04,0.589191528815179
allsubs,0.99,PPVcorr_d1d2_cort,PON,3,4,PFM3T7T03,PFM3T7T04,0.80922154426105
allsubs,0.99,PPVcorr_d1d2_cort,SCAN,3,4,PFM3T7T03,PFM3T7T04,0.84412524295109
allsubs,0.99,PPVcorr_bayes_cort,DMN,3,4,PFM3T7T03,PFM3T7T04,0.592249545051561
allsubs,0.99,PPVcorr_bayes_cort,Vis,3,4,PFM3T7T03,PFM3T7T04,0.905477721826129
allsubs,0.99,PPVcorr_bayes_cort,FP,3,4,PFM3T7T03,PFM3T7T04,0.684840164738184
allsubs,0.99,PPVcorr_bayes_cort,DAN,3,4,PFM3T7T03,PFM3T7T04,0.50453935422752
allsubs,0.99,PPVcorr_bayes_cort,VAN,3,4,PFM3T7T03,PFM3T7T04,0.558289978761131
allsubs,0.99,PPVcorr_bayes_cort,Sal,3,4,PFM3T7T03,PFM3T7T04,0.488980530016225
allsubs,0.99,PPVcorr_bayes_cort,AMN,3,4,PFM3T7T03,PFM3T7T04,0.659707750477308
allsubs,0.99,PPVcorr_bayes_cort,SMd,3,4,PFM3T7T03,PFM3T7T04,0.802845333076997
allsubs,0.99,PPVcorr_bayes_cort,SMl,3,4,PFM3T7T03,PFM3T7T04,0.442282767371107
allsubs,0.99,PPVcorr_bayes_cort,Aud,3,4,PFM3T7T03,PFM3T7T04,0.872128522095991
allsubs,0.99,PPVcorr_bayes_cort,Tpole,3,4,PFM3T7T03,PFM3T7T04,0.458824990684387
allsubs,0.99,PPVcorr_bayes_cort,MTL,3,4,PFM3T7T03,PFM3T7T04,0.708590292389175
allsubs,0.99,PPVcorr_bayes_cort,PMN,3,4,PFM3T7T03,PFM3T7T04,0.589064502349423
allsubs,0.99,PPVcorr_bayes_cort,PON,3,4,PFM3T7T03,PFM3T7T04,0.797605447150756
allsubs,0.99,PPVcorr_bayes_cort,SCAN,3,4,PFM3T7T03,PFM3T7T04,0.847697650295404
allsubs,0.99,MCC_cort,DMN,3,4,PFM3T7T03,PFM3T7T04,0.615813092481144
allsubs,0.99,MCC_cort,Vis,3,4,PFM3T7T03,PFM3T7T04,0.788277160864068
allsubs,0.99,MCC_cort,FP,3,4,PFM3T7T03,PFM3T7T04,0.483536753268473
allsubs,0.99,MCC_cort,DAN,3,4,PFM3T7T03,PFM3T7T04,0.387955419082509
allsubs,0.99,MCC_cort,VAN,3,4,PFM3T7T03,PFM3T7T04,0.393447557287144
allsubs,0.99,MCC_cort,Sal,3,4,PFM3T7T03,PFM3T7T04,0.31654813246365
allsubs,0.99,MCC_cort,AMN,3,4,PFM3T7T03,PFM3T7T04,0.547228874523843
allsubs,0.99,MCC_cort,SMd,3,4,PFM3T7T03,PFM3T7T04,0.765784269338341
allsubs,0.99,MCC_cort,SMl,3,4,PFM3T7T03,PFM3T7T04,0.531957741547479
allsubs,0.99,MCC_cort,Aud,3,4,PFM3T7T03,PFM3T7T04,0.678297154609046
allsubs,0.99,MCC_cort,Tpole,3,4,PFM3T7T03,PFM3T7T04,0.258060902006031
allsubs,0.99,MCC_cort,MTL,3,4,PFM3T7T03,PFM3T7T04,0.391700659877122
allsubs,0.99,MCC_cort,PMN,3,4,PFM3T7T03,PFM3T7T04,0.444035001965613
allsubs,0.99,MCC_cort,PON,3,4,PFM3T7T03,PFM3T7T04,0.510928155742915
allsubs,0.99,MCC_cort,SCAN,3,4,PFM3T7T03,PFM3T7T04,0.679461935195729
allsubs,0.99,muI_cort,WholeBrainOrSingleVal,3,4,PFM3T7T03,PFM3T7T04,1.87698649208549
allsubs,0.99,VIn_cort,WholeBrainOrSingleVal,3,4,PFM3T7T03,PFM3T7T04,0.212858886848216
allsubs,0.99,MIn_cort,WholeBrainOrSingleVal,3,4,PFM3T7T03,PFM3T7T04,0.532403073762992
allsubs,0.99,DC_cort,DMN,4,1,PFM3T7T04,PFM3T7T01,0.545251063194807
allsubs,0.99,DC_cort,Vis,4,1,PFM3T7T04,PFM3T7T01,0.849002849002849
allsubs,0.99,DC_cort,FP,4,1,PFM3T7T04,PFM3T7T01,0.527521476296532
allsubs,0.99,DC_cort,DAN,4,1,PFM3T7T04,PFM3T7T01,0.482617586912065
allsubs,0.99,DC_cort,VAN,4,1,PFM3T7T04,PFM3T7T01,0.396272005522955
allsubs,0.99,DC_cort,Sal,4,1,PFM3T7T04,PFM3T7T01,0.417602996254682
allsubs,0.99,DC_cort,AMN,4,1,PFM3T7T04,PFM3T7T01,0.558541111918018
allsubs,0.99,DC_cort,SMd,4,1,PFM3T7T04,PFM3T7T01,0.543828264758497
allsubs,0.99,DC_cort,SMl,4,1,PFM3T7T04,PFM3T7T01,0.541700187717887
allsubs,0.99,DC_cort,Aud,4,1,PFM3T7T04,PFM3T7T01,0.552375951693358
allsubs,0.99,DC_cort,Tpole,4,1,PFM3T7T04,PFM3T7T01,0.162768942937325
allsubs,0.99,DC_cort,MTL,4,1,PFM3T7T04,PFM3T7T01,0.407399251266241
allsubs,0.99,DC_cort,PMN,4,1,PFM3T7T04,PFM3T7T01,0.526109660574413
allsubs,0.99,DC_cort,PON,4,1,PFM3T7T04,PFM3T7T01,0.549159449821702
allsubs,0.99,DC_cort,SCAN,4,1,PFM3T7T04,PFM3T7T01,0.553217444342787
allsubs,0.99,cDC_cort,DMN,4,1,PFM3T7T04,PFM3T7T01,0.545251063194807
allsubs,0.99,cDC_cort,Vis,4,1,PFM3T7T04,PFM3T7T01,0.849002849002849
allsubs,0.99,cDC_cort,FP,4,1,PFM3T7T04,PFM3T7T01,0.527521476296532
allsubs,0.99,cDC_cort,DAN,4,1,PFM3T7T04,PFM3T7T01,0.482617586912065
allsubs,0.99,cDC_cort,VAN,4,1,PFM3T7T04,PFM3T7T01,0.396272005522955
allsubs,0.99,cDC_cort,Sal,4,1,PFM3T7T04,PFM3T7T01,0.417602996254682
allsubs,0.99,cDC_cort,AMN,4,1,PFM3T7T04,PFM3T7T01,0.558541111918018
allsubs,0.99,cDC_cort,SMd,4,1,PFM3T7T04,PFM3T7T01,0.543828264758497
allsubs,0.99,cDC_cort,SMl,4,1,PFM3T7T04,PFM3T7T01,0.541700187717887
allsubs,0.99,cDC_cort,Aud,4,1,PFM3T7T04,PFM3T7T01,0.552375951693358
allsubs,0.99,cDC_cort,Tpole,4,1,PFM3T7T04,PFM3T7T01,0.162768942937325
allsubs,0.99,cDC_cort,MTL,4,1,PFM3T7T04,PFM3T7T01,0.407399251266241
allsubs,0.99,cDC_cort,PMN,4,1,PFM3T7T04,PFM3T7T01,0.526109660574413
allsubs,0.99,cDC_cort,PON,4,1,PFM3T7T04,PFM3T7T01,0.549159449821702
allsubs,0.99,cDC_cort,SCAN,4,1,PFM3T7T04,PFM3T7T01,0.553217444342787
allsubs,0.99,TP_cort,DMN,4,1,PFM3T7T04,PFM3T7T01,3654.0
allsubs,0.99,TP_cort,Vis,4,1,PFM3T7T04,PFM3T7T01,5662.0
allsubs,0.99,TP_cort,FP,4,1,PFM3T7T04,PFM3T7T01,3316.0
allsubs,0.99,TP_cort,DAN,4,1,PFM3T7T04,PFM3T7T01,2596.0
allsubs,0.99,TP_cort,VAN,4,1,PFM3T7T04,PFM3T7T01,1148.0
allsubs,0.99,TP_cort,Sal,4,1,PFM3T7T04,PFM3T7T01,669.0
allsubs,0.99,TP_cort,AMN,4,1,PFM3T7T04,PFM3T7T01,3461.0
allsubs,0.99,TP_cort,SMd,4,1,PFM3T7T04,PFM3T7T01,1672.0
allsubs,0.99,TP_cort,SMl,4,1,PFM3T7T04,PFM3T7T01,1010.0
allsubs,0.99,TP_cort,Aud,4,1,PFM3T7T04,PFM3T7T01,2104.0
allsubs,0.99,TP_cort,Tpole,4,1,PFM3T7T04,PFM3T7T01,87.0
allsubs,0.99,TP_cort,MTL,4,1,PFM3T7T04,PFM3T7T01,925.0
allsubs,0.99,TP_cort,PMN,4,1,PFM3T7T04,PFM3T7T01,806.0
allsubs,0.99,TP_cort,PON,4,1,PFM3T7T04,PFM3T7T01,1078.0
allsubs,0.99,TP_cort,SCAN,4,1,PFM3T7T04,PFM3T7T01,907.0
allsubs,0.99,TN_cort,DMN,4,1,PFM3T7T04,PFM3T7T01,49663.0
allsubs,0.99,TN_cort,Vis,4,1,PFM3T7T04,PFM3T7T01,51736.0
allsubs,0.99,TN_cort,FP,4,1,PFM3T7T04,PFM3T7T01,50156.0
allsubs,0.99,TN_cort,DAN,4,1,PFM3T7T04,PFM3T7T01,51250.0
allsubs,0.99,TN_cort,VAN,4,1,PFM3T7T04,PFM3T7T01,54766.0
allsubs,0.99,TN_cort,Sal,4,1,PFM3T7T04,PFM3T7T01,56877.0
allsubs,0.99,TN_cort,AMN,4,1,PFM3T7T04,PFM3T7T01,50480.0
allsubs,0.99,TN_cort,SMd,4,1,PFM3T7T04,PFM3T7T01,54935.0
allsubs,0.99,TN_cort,SMl,4,1,PFM3T7T04,PFM3T7T01,56693.0
allsubs,0.99,TN_cort,Aud,4,1,PFM3T7T04,PFM3T7T01,53898.0
allsubs,0.99,TN_cort,Tpole,4,1,PFM3T7T04,PFM3T7T01,58430.0
allsubs,0.99,TN_cort,MTL,4,1,PFM3T7T04,PFM3T7T01,55796.0
allsubs,0.99,TN_cort,PMN,4,1,PFM3T7T04,PFM3T7T01,57154.0
allsubs,0.99,TN_cort,PON,4,1,PFM3T7T04,PFM3T7T01,56564.0
allsubs,0.99,TN_cort,SCAN,4,1,PFM3T7T04,PFM3T7T01,57040.0
allsubs,0.99,FP_cort,DMN,4,1,PFM3T7T04,PFM3T7T01,1423.0
allsubs,0.99,FP_cort,Vis,4,1,PFM3T7T04,PFM3T7T01,464.0
allsubs,0.99,FP_cort,FP,4,1,PFM3T7T04,PFM3T7T01,1861.0
allsubs,0.99,FP_cort,DAN,4,1,PFM3T7T04,PFM3T7T01,852.0
allsubs,0.99,FP_cort,VAN,4,1,PFM3T7T04,PFM3T7T01,2128.0
allsubs,0.99,FP_cort,Sal,4,1,PFM3T7T04,PFM3T7T01,914.0
allsubs,0.99,FP_cort,AMN,4,1,PFM3T7T04,PFM3T7T01,3395.0
allsubs,0.99,FP_cort,SMd,4,1,PFM3T7T04,PFM3T7T01,1517.0
allsubs,0.99,FP_cort,SMl,4,1,PFM3T7T04,PFM3T7T01,496.0
allsubs,0.99,FP_cort,Aud,4,1,PFM3T7T04,PFM3T7T01,500.0
allsubs,0.99,FP_cort,Tpole,4,1,PFM3T7T04,PFM3T7T01,474.0
allsubs,0.99,FP_cort,MTL,4,1,PFM3T7T04,PFM3T7T01,338.0
allsubs,0.99,FP_cort,PMN,4,1,PFM3T7T04,PFM3T7T01,384.0
allsubs,0.99,FP_cort,PON,4,1,PFM3T7T04,PFM3T7T01,1106.0
allsubs,0.99,FP_cort,SCAN,4,1,PFM3T7T04,PFM3T7T01,478.0
allsubs,0.99,FN_cort,DMN,4,1,PFM3T7T04,PFM3T7T01,4672.0
allsubs,0.99,FN_cort,Vis,4,1,PFM3T7T04,PFM3T7T01,1550.0
allsubs,0.99,FN_cort,FP,4,1,PFM3T7T04,PFM3T7T01,4079.0
allsubs,0.99,FN_cort,DAN,4,1,PFM3T7T04,PFM3T7T01,4714.0
allsubs,0.99,FN_cort,VAN,4,1,PFM3T7T04,PFM3T7T01,1370.0
allsubs,0.99,FN_cort,Sal,4,1,PFM3T7T04,PFM3T7T01,952.0
allsubs,0.99,FN_cort,AMN,4,1,PFM3T7T04,PFM3T7T01,2076.0
allsubs,0.99,FN_cort,SMd,4,1,PFM3T7T04,PFM3T7T01,1288.0
allsubs,0.99,FN_cort,SMl,4,1,PFM3T7T04,PFM3T7T01,1213.0
allsubs,0.99,FN_cort,Aud,4,1,PFM3T7T04,PFM3T7T01,2910.0
allsubs,0.99,FN_cort,Tpole,4,1,PFM3T7T04,PFM3T7T01,421.0
allsubs,0.99,FN_cort,MTL,4,1,PFM3T7T04,PFM3T7T01,2353.0
allsubs,0.99,FN_cort,PMN,4,1,PFM3T7T04,PFM3T7T01,1068.0
allsubs,0.99,FN_cort,PON,4,1,PFM3T7T04,PFM3T7T01,664.0
allsubs,0.99,FN_cort,SCAN,4,1,PFM3T7T04,PFM3T7T01,987.0
allsubs,0.99,TPR_cort,DMN,4,1,PFM3T7T04,PFM3T7T01,0.438866202257987
allsubs,0.99,TPR_cort,Vis,4,1,PFM3T7T04,PFM3T7T01,0.785080421519689
allsubs,0.99,TPR_cort,FP,4,1,PFM3T7T04,PFM3T7T01,0.44841108857336
allsubs,0.99,TPR_cort,DAN,4,1,PFM3T7T04,PFM3T7T01,0.355129958960328
allsubs,0.99,TPR_cort,VAN,4,1,PFM3T7T04,PFM3T7T01,0.455917394757744
allsubs,0.99,TPR_cort,Sal,4,1,PFM3T7T04,PFM3T7T01,0.412708204811845
allsubs,0.99,TPR_cort,AMN,4,1,PFM3T7T04,PFM3T7T01,0.625067726205526
allsubs,0.99,TPR_cort,SMd,4,1,PFM3T7T04,PFM3T7T01,0.564864864864865
allsubs,0.99,TPR_cort,SMl,4,1,PFM3T7T04,PFM3T7T01,0.45434098065677
allsubs,0.99,TPR_cort,Aud,4,1,PFM3T7T04,PFM3T7T01,0.419625049860391
allsubs,0.99,TPR_cort,Tpole,4,1,PFM3T7T04,PFM3T7T01,0.171259842519685
allsubs,0.99,TPR_cort,MTL,4,1,PFM3T7T04,PFM3T7T01,0.282184258694326
allsubs,0.99,TPR_cort,PMN,4,1,PFM3T7T04,PFM3T7T01,0.430096051227321
allsubs,0.99,TPR_cort,PON,4,1,PFM3T7T04,PFM3T7T01,0.618828932261768
allsubs,0.99,TPR_cort,SCAN,4,1,PFM3T7T04,PFM3T7T01,0.478880675818374
allsubs,0.99,TNR_cort,DMN,4,1,PFM3T7T04,PFM3T7T01,0.972145010374662
allsubs,0.99,TNR_cort,Vis,4,1,PFM3T7T04,PFM3T7T01,0.991111111111111
allsubs,0.99,TNR_cort,FP,4,1,PFM3T7T04,PFM3T7T01,0.964223234711729
allsubs,0.99,TNR_cort,DAN,4,1,PFM3T7T04,PFM3T7T01,0.983647460750067
allsubs,0.99,TNR_cort,VAN,4,1,PFM3T7T04,PFM3T7T01,0.962597110415861
allsubs,0.99,TNR_cort,Sal,4,1,PFM3T7T04,PFM3T7T01,0.984184388572615
allsubs,0.99,TNR_cort,AMN,4,1,PFM3T7T04,PFM3T7T01,0.936983758700696
allsubs,0.99,TNR_cort,SMd,4,1,PFM3T7T04,PFM3T7T01,0.973127612839226
allsubs,0.99,TNR_cort,SMl,4,1,PFM3T7T04,PFM3T7T01,0.991327003444718
allsubs,0.99,TNR_cort,Aud,4,1,PFM3T7T04,PFM3T7T01,0.990808485606088
allsubs,0.99,TNR_cort,Tpole,4,1,PFM3T7T04,PFM3T7T01,0.991953008284667
allsubs,0.99,TNR_cort,MTL,4,1,PFM3T7T04,PFM3T7T01,0.993978693839741
allsubs,0.99,TNR_cort,PMN,4,1,PFM3T7T04,PFM3T7T01,0.993326149674997
allsubs,0.99,TNR_cort,PON,4,1,PFM3T7T04,PFM3T7T01,0.980821917808219
allsubs,0.99,TNR_cort,SCAN,4,1,PFM3T7T04,PFM3T7T01,0.991689558051393
allsubs,0.99,FPR_cort,DMN,4,1,PFM3T7T04,PFM3T7T01,0.0278549896253377
allsubs,0.99,FPR_cort,Vis,4,1,PFM3T7T04,PFM3T7T01,0.0088888888888888
allsubs,0.99,FPR_cort,FP,4,1,PFM3T7T04,PFM3T7T01,0.0357767652882711
allsubs,0.99,FPR_cort,DAN,4,1,PFM3T7T04,PFM3T7T01,0.0163525392499328
allsubs,0.99,FPR_cort,VAN,4,1,PFM3T7T04,PFM3T7T01,0.0374028895841389
allsubs,0.99,FPR_cort,Sal,4,1,PFM3T7T04,PFM3T7T01,0.0158156114273849
allsubs,0.99,FPR_cort,AMN,4,1,PFM3T7T04,PFM3T7T01,0.0630162412993039
allsubs,0.99,FPR_cort,SMd,4,1,PFM3T7T04,PFM3T7T01,0.0268723871607738
allsubs,0.99,FPR_cort,SMl,4,1,PFM3T7T04,PFM3T7T01,0.0086729965552816
allsubs,0.99,FPR_cort,Aud,4,1,PFM3T7T04,PFM3T7T01,0.0091915143939115
allsubs,0.99,FPR_cort,Tpole,4,1,PFM3T7T04,PFM3T7T01,0.0080469917153334
allsubs,0.99,FPR_cort,MTL,4,1,PFM3T7T04,PFM3T7T01,0.0060213061602593
allsubs,0.99,FPR_cort,PMN,4,1,PFM3T7T04,PFM3T7T01,0.0066738503250026
allsubs,0.99,FPR_cort,PON,4,1,PFM3T7T04,PFM3T7T01,0.0191780821917808
allsubs,0.99,FPR_cort,SCAN,4,1,PFM3T7T04,PFM3T7T01,0.0083104419486073
allsubs,0.99,FNR_cort,DMN,4,1,PFM3T7T04,PFM3T7T01,0.561133797742013
allsubs,0.99,FNR_cort,Vis,4,1,PFM3T7T04,PFM3T7T01,0.214919578480311
allsubs,0.99,FNR_cort,FP,4,1,PFM3T7T04,PFM3T7T01,0.55158891142664
allsubs,0.99,FNR_cort,DAN,4,1,PFM3T7T04,PFM3T7T01,0.644870041039672
allsubs,0.99,FNR_cort,VAN,4,1,PFM3T7T04,PFM3T7T01,0.544082605242256
allsubs,0.99,FNR_cort,Sal,4,1,PFM3T7T04,PFM3T7T01,0.587291795188155
allsubs,0.99,FNR_cort,AMN,4,1,PFM3T7T04,PFM3T7T01,0.374932273794474
allsubs,0.99,FNR_cort,SMd,4,1,PFM3T7T04,PFM3T7T01,0.435135135135135
allsubs,0.99,FNR_cort,SMl,4,1,PFM3T7T04,PFM3T7T01,0.54565901934323
allsubs,0.99,FNR_cort,Aud,4,1,PFM3T7T04,PFM3T7T01,0.580374950139609
allsubs,0.99,FNR_cort,Tpole,4,1,PFM3T7T04,PFM3T7T01,0.828740157480315
allsubs,0.99,FNR_cort,MTL,4,1,PFM3T7T04,PFM3T7T01,0.717815741305674
allsubs,0.99,FNR_cort,PMN,4,1,PFM3T7T04,PFM3T7T01,0.569903948772679
allsubs,0.99,FNR_cort,PON,4,1,PFM3T7T04,PFM3T7T01,0.381171067738232
allsubs,0.99,FNR_cort,SCAN,4,1,PFM3T7T04,PFM3T7T01,0.521119324181626
allsubs,0.99,NPV_cort,DMN,4,1,PFM3T7T04,PFM3T7T01,0.914014907518174
allsubs,0.99,NPV_cort,Vis,4,1,PFM3T7T04,PFM3T7T01,0.970911684119656
allsubs,0.99,NPV_cort,FP,4,1,PFM3T7T04,PFM3T7T01,0.924790264589287
allsubs,0.99,NPV_cort,DAN,4,1,PFM3T7T04,PFM3T7T01,0.915767278965049
allsubs,0.99,NPV_cort,VAN,4,1,PFM3T7T04,PFM3T7T01,0.97559498361123
allsubs,0.99,NPV_cort,Sal,4,1,PFM3T7T04,PFM3T7T01,0.983537671410538
allsubs,0.99,NPV_cort,AMN,4,1,PFM3T7T04,PFM3T7T01,0.960499276961717
allsubs,0.99,NPV_cort,SMd,4,1,PFM3T7T04,PFM3T7T01,0.977091226010707
allsubs,0.99,NPV_cort,SMl,4,1,PFM3T7T04,PFM3T7T01,0.979052257106345
allsubs,0.99,NPV_cort,Aud,4,1,PFM3T7T04,PFM3T7T01,0.948774820447824
allsubs,0.99,NPV_cort,Tpole,4,1,PFM3T7T04,PFM3T7T01,0.992846340758866
allsubs,0.99,NPV_cort,MTL,4,1,PFM3T7T04,PFM3T7T01,0.959534987704002
allsubs,0.99,NPV_cort,PMN,4,1,PFM3T7T04,PFM3T7T01,0.981656418535949
allsubs,0.99,NPV_cort,PON,4,1,PFM3T7T04,PFM3T7T01,0.988397288040819
allsubs,0.99,NPV_cort,SCAN,4,1,PFM3T7T04,PFM3T7T01,0.982990676753925
allsubs,0.99,PPV_cort,DMN,4,1,PFM3T7T04,PFM3T7T01,0.719716367933819
allsubs,0.99,PPV_cort,Vis,4,1,PFM3T7T04,PFM3T7T01,0.924257264120144
allsubs,0.99,PPV_cort,FP,4,1,PFM3T7T04,PFM3T7T01,0.640525400811281
allsubs,0.99,PPV_cort,DAN,4,1,PFM3T7T04,PFM3T7T01,0.752900232018561
allsubs,0.99,PPV_cort,VAN,4,1,PFM3T7T04,PFM3T7T01,0.35042735042735
allsubs,0.99,PPV_cort,Sal,4,1,PFM3T7T04,PFM3T7T01,0.422615287428932
allsubs,0.99,PPV_cort,AMN,4,1,PFM3T7T04,PFM3T7T01,0.504813302217036
allsubs,0.99,PPV_cort,SMd,4,1,PFM3T7T04,PFM3T7T01,0.524302289118846
allsubs,0.99,PPV_cort,SMl,4,1,PFM3T7T04,PFM3T7T01,0.670650730411687
allsubs,0.99,PPV_cort,Aud,4,1,PFM3T7T04,PFM3T7T01,0.807987711213518
allsubs,0.99,PPV_cort,Tpole,4,1,PFM3T7T04,PFM3T7T01,0.155080213903743
allsubs,0.99,PPV_cort,MTL,4,1,PFM3T7T04,PFM3T7T01,0.732383214568488
allsubs,0.99,PPV_cort,PMN,4,1,PFM3T7T04,PFM3T7T01,0.677310924369748
allsubs,0.99,PPV_cort,PON,4,1,PFM3T7T04,PFM3T7T01,0.493589743589744
allsubs,0.99,PPV_cort,SCAN,4,1,PFM3T7T04,PFM3T7T01,0.654873646209386
allsubs,0.99,PPVcorr_Jeffreys_cort,DMN,4,1,PFM3T7T04,PFM3T7T01,0.688760660620008
allsubs,0.99,PPVcorr_Jeffreys_cort,Vis,4,1,PFM3T7T04,PFM3T7T01,0.879571211590139
allsubs,0.99,PPVcorr_Jeffreys_cort,FP,4,1,PFM3T7T04,PFM3T7T01,0.622961210174935
allsubs,0.99,PPVcorr_Jeffreys_cort,DAN,4,1,PFM3T7T04,PFM3T7T01,0.708662359416128
allsubs,0.99,PPVcorr_Jeffreys_cort,VAN,4,1,PFM3T7T04,PFM3T7T01,0.361103237144963
allsubs,0.99,PPVcorr_Jeffreys_cort,Sal,4,1,PFM3T7T04,PFM3T7T01,0.429803449659045
allsubs,0.99,PPVcorr_Jeffreys_cort,AMN,4,1,PFM3T7T04,PFM3T7T01,0.504453621604113
allsubs,0.99,PPVcorr_Jeffreys_cort,SMd,4,1,PFM3T7T04,PFM3T7T01,0.522238163558106
allsubs,0.99,PPVcorr_Jeffreys_cort,SMl,4,1,PFM3T7T04,PFM3T7T01,0.648701035699821
allsubs,0.99,PPVcorr_Jeffreys_cort,Aud,4,1,PFM3T7T04,PFM3T7T01,0.758259805500097
allsubs,0.99,PPVcorr_Jeffreys_cort,Tpole,4,1,PFM3T7T04,PFM3T7T01,0.183720169990193
allsubs,0.99,PPVcorr_Jeffreys_cort,MTL,4,1,PFM3T7T04,PFM3T7T01,0.684498365602213
allsubs,0.99,PPVcorr_Jeffreys_cort,PMN,4,1,PFM3T7T04,PFM3T7T01,0.653187164222448
allsubs,0.99,PPVcorr_Jeffreys_cort,PON,4,1,PFM3T7T04,PFM3T7T01,0.494063268594691
allsubs,0.99,PPVcorr_Jeffreys_cort,SCAN,4,1,PFM3T7T04,PFM3T7T01,0.63624237804878
allsubs,0.99,PPVcorr_d1d2_cort,DMN,4,1,PFM3T7T04,PFM3T7T01,0.717550726214967
allsubs,0.99,PPVcorr_d1d2_cort,Vis,4,1,PFM3T7T04,PFM3T7T01,0.9229872753697
allsubs,0.99,PPVcorr_d1d2_cort,FP,4,1,PFM3T7T04,PFM3T7T01,0.641626896802808
allsubs,0.99,PPVcorr_d1d2_cort,DAN,4,1,PFM3T7T04,PFM3T7T01,0.744905117682135
allsubs,0.99,PPVcorr_d1d2_cort,VAN,4,1,PFM3T7T04,PFM3T7T01,0.378621041324495
allsubs,0.99,PPVcorr_d1d2_cort,Sal,4,1,PFM3T7T04,PFM3T7T01,0.45555568173659
allsubs,0.99,PPVcorr_d1d2_cort,AMN,4,1,PFM3T7T04,PFM3T7T01,0.515354544203513
allsubs,0.99,PPVcorr_d1d2_cort,SMd,4,1,PFM3T7T04,PFM3T7T01,0.541105315041485
allsubs,0.99,PPVcorr_d1d2_cort,SMl,4,1,PFM3T7T04,PFM3T7T01,0.670968443558756
allsubs,0.99,PPVcorr_d1d2_cort,Aud,4,1,PFM3T7T04,PFM3T7T01,0.797203173074725
allsubs,0.99,PPVcorr_d1d2_cort,Tpole,4,1,PFM3T7T04,PFM3T7T01,0.298992554178462
allsubs,0.99,PPVcorr_d1d2_cort,MTL,4,1,PFM3T7T04,PFM3T7T01,0.706766562473721
allsubs,0.99,PPVcorr_d1d2_cort,PMN,4,1,PFM3T7T04,PFM3T7T01,0.673896617829535
allsubs,0.99,PPVcorr_d1d2_cort,PON,4,1,PFM3T7T04,PFM3T7T01,0.526859139749829
allsubs,0.99,PPVcorr_d1d2_cort,SCAN,4,1,PFM3T7T04,PFM3T7T01,0.659909596217282
allsubs,0.99,PPVcorr_bayes_cort,DMN,4,1,PFM3T7T04,PFM3T7T01,0.711346304351783
allsubs,0.99,PPVcorr_bayes_cort,Vis,4,1,PFM3T7T04,PFM3T7T01,0.920032061162834
allsubs,0.99,PPVcorr_bayes_cort,FP,4,1,PFM3T7T04,PFM3T7T01,0.644468478211888
allsubs,0.99,PPVcorr_bayes_cort,DAN,4,1,PFM3T7T04,PFM3T7T01,0.725888058723293
allsubs,0.99,PPVcorr_bayes_cort,VAN,4,1,PFM3T7T04,PFM3T7T01,0.385641658585324
allsubs,0.99,PPVcorr_bayes_cort,Sal,4,1,PFM3T7T04,PFM3T7T01,0.449626137353233
allsubs,0.99,PPVcorr_bayes_cort,AMN,4,1,PFM3T7T04,PFM3T7T01,0.533274459092916
allsubs,0.99,PPVcorr_bayes_cort,SMd,4,1,PFM3T7T04,PFM3T7T01,0.548816656680647
allsubs,0.99,PPVcorr_bayes_cort,SMl,4,1,PFM3T7T04,PFM3T7T01,0.671013194079659
allsubs,0.99,PPVcorr_bayes_cort,Aud,4,1,PFM3T7T04,PFM3T7T01,0.78254018279231
allsubs,0.99,PPVcorr_bayes_cort,Tpole,4,1,PFM3T7T04,PFM3T7T01,0.196714334354784
allsubs,0.99,PPVcorr_bayes_cort,MTL,4,1,PFM3T7T04,PFM3T7T01,0.692380418796834
allsubs,0.99,PPVcorr_bayes_cort,PMN,4,1,PFM3T7T04,PFM3T7T01,0.674087335564723
allsubs,0.99,PPVcorr_bayes_cort,PON,4,1,PFM3T7T04,PFM3T7T01,0.522732274107654
allsubs,0.99,PPVcorr_bayes_cort,SCAN,4,1,PFM3T7T04,PFM3T7T01,0.659654217599784
allsubs,0.99,MCC_cort,DMN,4,1,PFM3T7T04,PFM3T7T01,0.510363262791082
allsubs,0.99,MCC_cort,Vis,4,1,PFM3T7T04,PFM3T7T01,0.833560170532249
allsubs,0.99,MCC_cort,FP,4,1,PFM3T7T04,PFM3T7T01,0.482978930218517
allsubs,0.99,MCC_cort,DAN,4,1,PFM3T7T04,PFM3T7T01,0.475951104647526
allsubs,0.99,MCC_cort,VAN,4,1,PFM3T7T04,PFM3T7T01,0.36938472600488
allsubs,0.99,MCC_cort,Sal,4,1,PFM3T7T04,PFM3T7T01,0.401496078616677
allsubs,0.99,MCC_cort,AMN,4,1,PFM3T7T04,PFM3T7T01,0.511399673516676
allsubs,0.99,MCC_cort,SMd,4,1,PFM3T7T04,PFM3T7T01,0.519370714913069
allsubs,0.99,MCC_cort,SMl,4,1,PFM3T7T04,PFM3T7T01,0.538100195792452
allsubs,0.99,MCC_cort,Aud,4,1,PFM3T7T04,PFM3T7T01,0.557315638914187
allsubs,0.99,MCC_cort,Tpole,4,1,PFM3T7T04,PFM3T7T01,0.155381835155047
allsubs,0.99,MCC_cort,MTL,4,1,PFM3T7T04,PFM3T7T01,0.437129470124852
allsubs,0.99,MCC_cort,PMN,4,1,PFM3T7T04,PFM3T7T01,0.528224765280731
allsubs,0.99,MCC_cort,PON,4,1,PFM3T7T04,PFM3T7T01,0.537609461635467
allsubs,0.99,MCC_cort,SCAN,4,1,PFM3T7T04,PFM3T7T01,0.547868564195853
allsubs,0.99,muI_cort,WholeBrainOrSingleVal,4,1,PFM3T7T04,PFM3T7T01,1.82944609171835
allsubs,0.99,VIn_cort,WholeBrainOrSingleVal,4,1,PFM3T7T04,PFM3T7T01,0.228609681552362
allsubs,0.99,MIn_cort,WholeBrainOrSingleVal,4,1,PFM3T7T04,PFM3T7T01,0.508479046296199
allsubs,0.99,DC_cort,DMN,4,2,PFM3T7T04,PFM3T7T02,0.578015579510583
allsubs,0.99,DC_cort,Vis,4,2,PFM3T7T04,PFM3T7T02,0.87022656312545
allsubs,0.99,DC_cort,FP,4,2,PFM3T7T04,PFM3T7T02,0.582841579664094
allsubs,0.99,DC_cort,DAN,4,2,PFM3T7T04,PFM3T7T02,0.589822485207101
allsubs,0.99,DC_cort,VAN,4,2,PFM3T7T04,PFM3T7T02,0.500894881279084
allsubs,0.99,DC_cort,Sal,4,2,PFM3T7T04,PFM3T7T02,0.347019253073533
allsubs,0.99,DC_cort,AMN,4,2,PFM3T7T04,PFM3T7T02,0.587072736108861
allsubs,0.99,DC_cort,SMd,4,2,PFM3T7T04,PFM3T7T02,0.752178649237473
allsubs,0.99,DC_cort,SMl,4,2,PFM3T7T04,PFM3T7T02,0.598232848232848
allsubs,0.99,DC_cort,Aud,4,2,PFM3T7T04,PFM3T7T02,0.606522401706797
allsubs,0.99,DC_cort,Tpole,4,2,PFM3T7T04,PFM3T7T02,0.339066339066339
allsubs,0.99,DC_cort,MTL,4,2,PFM3T7T04,PFM3T7T02,0.441564452672992
allsubs,0.99,DC_cort,PMN,4,2,PFM3T7T04,PFM3T7T02,0.547486033519553
allsubs,0.99,DC_cort,PON,4,2,PFM3T7T04,PFM3T7T02,0.572653236176597
allsubs,0.99,DC_cort,SCAN,4,2,PFM3T7T04,PFM3T7T02,0.479256965944272
allsubs,0.99,cDC_cort,DMN,4,2,PFM3T7T04,PFM3T7T02,0.578015579510583
allsubs,0.99,cDC_cort,Vis,4,2,PFM3T7T04,PFM3T7T02,0.87022656312545
allsubs,0.99,cDC_cort,FP,4,2,PFM3T7T04,PFM3T7T02,0.582841579664094
allsubs,0.99,cDC_cort,DAN,4,2,PFM3T7T04,PFM3T7T02,0.589822485207101
allsubs,0.99,cDC_cort,VAN,4,2,PFM3T7T04,PFM3T7T02,0.500894881279084
allsubs,0.99,cDC_cort,Sal,4,2,PFM3T7T04,PFM3T7T02,0.347019253073533
allsubs,0.99,cDC_cort,AMN,4,2,PFM3T7T04,PFM3T7T02,0.587072736108861
allsubs,0.99,cDC_cort,SMd,4,2,PFM3T7T04,PFM3T7T02,0.752178649237473
allsubs,0.99,cDC_cort,SMl,4,2,PFM3T7T04,PFM3T7T02,0.598232848232848
allsubs,0.99,cDC_cort,Aud,4,2,PFM3T7T04,PFM3T7T02,0.606522401706797
allsubs,0.99,cDC_cort,Tpole,4,2,PFM3T7T04,PFM3T7T02,0.339066339066339
allsubs,0.99,cDC_cort,MTL,4,2,PFM3T7T04,PFM3T7T02,0.441564452672992
allsubs,0.99,cDC_cort,PMN,4,2,PFM3T7T04,PFM3T7T02,0.547486033519553
allsubs,0.99,cDC_cort,PON,4,2,PFM3T7T04,PFM3T7T02,0.572653236176597
allsubs,0.99,cDC_cort,SCAN,4,2,PFM3T7T04,PFM3T7T02,0.479256965944272
allsubs,0.99,TP_cort,DMN,4,2,PFM3T7T04,PFM3T7T02,3673.0
allsubs,0.99,TP_cort,Vis,4,2,PFM3T7T04,PFM3T7T02,5435.0
allsubs,0.99,TP_cort,FP,4,2,PFM3T7T04,PFM3T7T02,3210.0
allsubs,0.99,TP_cort,DAN,4,2,PFM3T7T04,PFM3T7T02,2492.0
allsubs,0.99,TP_cort,VAN,4,2,PFM3T7T04,PFM3T7T02,2099.0
allsubs,0.99,TP_cort,Sal,4,2,PFM3T7T04,PFM3T7T02,748.0
allsubs,0.99,TP_cort,AMN,4,2,PFM3T7T04,PFM3T7T02,3624.0
allsubs,0.99,TP_cort,SMd,4,2,PFM3T7T04,PFM3T7T02,2762.0
allsubs,0.99,TP_cort,SMl,4,2,PFM3T7T04,PFM3T7T02,1151.0
allsubs,0.99,TP_cort,Aud,4,2,PFM3T7T04,PFM3T7T02,1990.0
allsubs,0.99,TP_cort,Tpole,4,2,PFM3T7T04,PFM3T7T02,207.0
allsubs,0.99,TP_cort,MTL,4,2,PFM3T7T04,PFM3T7T02,954.0
allsubs,0.99,TP_cort,PMN,4,2,PFM3T7T04,PFM3T7T02,637.0
allsubs,0.99,TP_cort,PON,4,2,PFM3T7T04,PFM3T7T02,1336.0
allsubs,0.99,TP_cort,SCAN,4,2,PFM3T7T04,PFM3T7T02,1161.0
allsubs,0.99,TN_cort,DMN,4,2,PFM3T7T04,PFM3T7T02,50376.0
allsubs,0.99,TN_cort,Vis,4,2,PFM3T7T04,PFM3T7T02,52356.0
allsubs,0.99,TN_cort,FP,4,2,PFM3T7T04,PFM3T7T02,51607.0
allsubs,0.99,TN_cort,DAN,4,2,PFM3T7T04,PFM3T7T02,53454.0
allsubs,0.99,TN_cort,VAN,4,2,PFM3T7T04,PFM3T7T02,53130.0
allsubs,0.99,TN_cort,Sal,4,2,PFM3T7T04,PFM3T7T02,55849.0
allsubs,0.99,TN_cort,AMN,4,2,PFM3T7T04,PFM3T7T02,50690.0
allsubs,0.99,TN_cort,SMd,4,2,PFM3T7T04,PFM3T7T02,54830.0
allsubs,0.99,TN_cort,SMl,4,2,PFM3T7T04,PFM3T7T02,56715.0
allsubs,0.99,TN_cort,Aud,4,2,PFM3T7T04,PFM3T7T02,54840.0
allsubs,0.99,TN_cort,Tpole,4,2,PFM3T7T04,PFM3T7T02,58398.0
allsubs,0.99,TN_cort,MTL,4,2,PFM3T7T04,PFM3T7T02,56045.0
allsubs,0.99,TN_cort,PMN,4,2,PFM3T7T04,PFM3T7T02,57722.0
allsubs,0.99,TN_cort,PON,4,2,PFM3T7T04,PFM3T7T02,56082.0
allsubs,0.99,TN_cort,SCAN,4,2,PFM3T7T04,PFM3T7T02,55728.0
allsubs,0.99,FP_cort,DMN,4,2,PFM3T7T04,PFM3T7T02,1404.0
allsubs,0.99,FP_cort,Vis,4,2,PFM3T7T04,PFM3T7T02,691.0
allsubs,0.99,FP_cort,FP,4,2,PFM3T7T04,PFM3T7T02,1967.0
allsubs,0.99,FP_cort,DAN,4,2,PFM3T7T04,PFM3T7T02,956.0
allsubs,0.99,FP_cort,VAN,4,2,PFM3T7T04,PFM3T7T02,1177.0
allsubs,0.99,FP_cort,Sal,4,2,PFM3T7T04,PFM3T7T02,835.0
allsubs,0.99,FP_cort,AMN,4,2,PFM3T7T04,PFM3T7T02,3232.0
allsubs,0.99,FP_cort,SMd,4,2,PFM3T7T04,PFM3T7T02,427.0
allsubs,0.99,FP_cort,SMl,4,2,PFM3T7T04,PFM3T7T02,355.0
allsubs,0.99,FP_cort,Aud,4,2,PFM3T7T04,PFM3T7T02,614.0
allsubs,0.99,FP_cort,Tpole,4,2,PFM3T7T04,PFM3T7T02,354.0
allsubs,0.99,FP_cort,MTL,4,2,PFM3T7T04,PFM3T7T02,309.0
allsubs,0.99,FP_cort,PMN,4,2,PFM3T7T04,PFM3T7T02,553.0
allsubs,0.99,FP_cort,PON,4,2,PFM3T7T04,PFM3T7T02,848.0
allsubs,0.99,FP_cort,SCAN,4,2,PFM3T7T04,PFM3T7T02,224.0
allsubs,0.99,FN_cort,DMN,4,2,PFM3T7T04,PFM3T7T02,3959.0
allsubs,0.99,FN_cort,Vis,4,2,PFM3T7T04,PFM3T7T02,930.0
allsubs,0.99,FN_cort,FP,4,2,PFM3T7T04,PFM3T7T02,2628.0
allsubs,0.99,FN_cort,DAN,4,2,PFM3T7T04,PFM3T7T02,2510.0
allsubs,0.99,FN_cort,VAN,4,2,PFM3T7T04,PFM3T7T02,3006.0
allsubs,0.99,FN_cort,Sal,4,2,PFM3T7T04,PFM3T7T02,1980.0
allsubs,0.99,FN_cort,AMN,4,2,PFM3T7T04,PFM3T7T02,1866.0
allsubs,0.99,FN_cort,SMd,4,2,PFM3T7T04,PFM3T7T02,1393.0
allsubs,0.99,FN_cort,SMl,4,2,PFM3T7T04,PFM3T7T02,1191.0
allsubs,0.99,FN_cort,Aud,4,2,PFM3T7T04,PFM3T7T02,1968.0
allsubs,0.99,FN_cort,Tpole,4,2,PFM3T7T04,PFM3T7T02,453.0
allsubs,0.99,FN_cort,MTL,4,2,PFM3T7T04,PFM3T7T02,2104.0
allsubs,0.99,FN_cort,PMN,4,2,PFM3T7T04,PFM3T7T02,500.0
allsubs,0.99,FN_cort,PON,4,2,PFM3T7T04,PFM3T7T02,1146.0
allsubs,0.99,FN_cort,SCAN,4,2,PFM3T7T04,PFM3T7T02,2299.0
allsubs,0.99,TPR_cort,DMN,4,2,PFM3T7T04,PFM3T7T02,0.481263102725367
allsubs,0.99,TPR_cort,Vis,4,2,PFM3T7T04,PFM3T7T02,0.85388845247447
allsubs,0.99,TPR_cort,FP,4,2,PFM3T7T04,PFM3T7T02,0.549845837615622
allsubs,0.99,TPR_cort,DAN,4,2,PFM3T7T04,PFM3T7T02,0.498200719712115
allsubs,0.99,TPR_cort,VAN,4,2,PFM3T7T04,PFM3T7T02,0.411165523996082
allsubs,0.99,TPR_cort,Sal,4,2,PFM3T7T04,PFM3T7T02,0.274193548387097
allsubs,0.99,TPR_cort,AMN,4,2,PFM3T7T04,PFM3T7T02,0.660109289617486
allsubs,0.99,TPR_cort,SMd,4,2,PFM3T7T04,PFM3T7T02,0.6647412755716
allsubs,0.99,TPR_cort,SMl,4,2,PFM3T7T04,PFM3T7T02,0.491460290350128
allsubs,0.99,TPR_cort,Aud,4,2,PFM3T7T04,PFM3T7T02,0.50277918140475
allsubs,0.99,TPR_cort,Tpole,4,2,PFM3T7T04,PFM3T7T02,0.313636363636364
allsubs,0.99,TPR_cort,MTL,4,2,PFM3T7T04,PFM3T7T02,0.311968606932636
allsubs,0.99,TPR_cort,PMN,4,2,PFM3T7T04,PFM3T7T02,0.560246262093228
allsubs,0.99,TPR_cort,PON,4,2,PFM3T7T04,PFM3T7T02,0.538275584206285
allsubs,0.99,TPR_cort,SCAN,4,2,PFM3T7T04,PFM3T7T02,0.335549132947977
allsubs,0.99,TNR_cort,DMN,4,2,PFM3T7T04,PFM3T7T02,0.972885283893395
allsubs,0.99,TNR_cort,Vis,4,2,PFM3T7T04,PFM3T7T02,0.986973815672894
allsubs,0.99,TNR_cort,FP,4,2,PFM3T7T04,PFM3T7T02,0.963284429014074
allsubs,0.99,TNR_cort,DAN,4,2,PFM3T7T04,PFM3T7T02,0.982429700422716
allsubs,0.99,TNR_cort,VAN,4,2,PFM3T7T04,PFM3T7T02,0.978326919181689
allsubs,0.99,TNR_cort,Sal,4,2,PFM3T7T04,PFM3T7T02,0.985269211770517
allsubs,0.99,TNR_cort,AMN,4,2,PFM3T7T04,PFM3T7T02,0.940061570416528
allsubs,0.99,TNR_cort,SMd,4,2,PFM3T7T04,PFM3T7T02,0.992272472265957
allsubs,0.99,TNR_cort,SMl,4,2,PFM3T7T04,PFM3T7T02,0.993779568950412
allsubs,0.99,TNR_cort,Aud,4,2,PFM3T7T04,PFM3T7T02,0.98892775994518
allsubs,0.99,TNR_cort,Tpole,4,2,PFM3T7T04,PFM3T7T02,0.993974673202614
allsubs,0.99,TNR_cort,MTL,4,2,PFM3T7T04,PFM3T7T02,0.994516804485928
allsubs,0.99,TNR_cort,PMN,4,2,PFM3T7T04,PFM3T7T02,0.990510510510511
allsubs,0.99,TNR_cort,PON,4,2,PFM3T7T04,PFM3T7T02,0.985104514315826
allsubs,0.99,TNR_cort,SCAN,4,2,PFM3T7T04,PFM3T7T02,0.995996568487275
allsubs,0.99,FPR_cort,DMN,4,2,PFM3T7T04,PFM3T7T02,0.0271147161066049
allsubs,0.99,FPR_cort,Vis,4,2,PFM3T7T04,PFM3T7T02,0.0130261843271062
allsubs,0.99,FPR_cort,FP,4,2,PFM3T7T04,PFM3T7T02,0.036715570985926
allsubs,0.99,FPR_cort,DAN,4,2,PFM3T7T04,PFM3T7T02,0.0175702995772836
allsubs,0.99,FPR_cort,VAN,4,2,PFM3T7T04,PFM3T7T02,0.0216730808183107
allsubs,0.99,FPR_cort,Sal,4,2,PFM3T7T04,PFM3T7T02,0.0147307882294827
allsubs,0.99,FPR_cort,AMN,4,2,PFM3T7T04,PFM3T7T02,0.0599384295834724
allsubs,0.99,FPR_cort,SMd,4,2,PFM3T7T04,PFM3T7T02,0.0077275277340427
allsubs,0.99,FPR_cort,SMl,4,2,PFM3T7T04,PFM3T7T02,0.0062204310495882
allsubs,0.99,FPR_cort,Aud,4,2,PFM3T7T04,PFM3T7T02,0.0110722400548202
allsubs,0.99,FPR_cort,Tpole,4,2,PFM3T7T04,PFM3T7T02,0.0060253267973856
allsubs,0.99,FPR_cort,MTL,4,2,PFM3T7T04,PFM3T7T02,0.0054831955140717
allsubs,0.99,FPR_cort,PMN,4,2,PFM3T7T04,PFM3T7T02,0.0094894894894894
allsubs,0.99,FPR_cort,PON,4,2,PFM3T7T04,PFM3T7T02,0.0148954856841735
allsubs,0.99,FPR_cort,SCAN,4,2,PFM3T7T04,PFM3T7T02,0.0040034315127251
allsubs,0.99,FNR_cort,DMN,4,2,PFM3T7T04,PFM3T7T02,0.518736897274633
allsubs,0.99,FNR_cort,Vis,4,2,PFM3T7T04,PFM3T7T02,0.14611154752553
allsubs,0.99,FNR_cort,FP,4,2,PFM3T7T04,PFM3T7T02,0.450154162384378
allsubs,0.99,FNR_cort,DAN,4,2,PFM3T7T04,PFM3T7T02,0.501799280287885
allsubs,0.99,FNR_cort,VAN,4,2,PFM3T7T04,PFM3T7T02,0.588834476003918
allsubs,0.99,FNR_cort,Sal,4,2,PFM3T7T04,PFM3T7T02,0.725806451612903
allsubs,0.99,FNR_cort,AMN,4,2,PFM3T7T04,PFM3T7T02,0.339890710382514
allsubs,0.99,FNR_cort,SMd,4,2,PFM3T7T04,PFM3T7T02,0.3352587244284
allsubs,0.99,FNR_cort,SMl,4,2,PFM3T7T04,PFM3T7T02,0.508539709649872
allsubs,0.99,FNR_cort,Aud,4,2,PFM3T7T04,PFM3T7T02,0.49722081859525
allsubs,0.99,FNR_cort,Tpole,4,2,PFM3T7T04,PFM3T7T02,0.686363636363636
allsubs,0.99,FNR_cort,MTL,4,2,PFM3T7T04,PFM3T7T02,0.688031393067364
allsubs,0.99,FNR_cort,PMN,4,2,PFM3T7T04,PFM3T7T02,0.439753737906772
allsubs,0.99,FNR_cort,PON,4,2,PFM3T7T04,PFM3T7T02,0.461724415793715
allsubs,0.99,FNR_cort,SCAN,4,2,PFM3T7T04,PFM3T7T02,0.664450867052023
allsubs,0.99,NPV_cort,DMN,4,2,PFM3T7T04,PFM3T7T02,0.927137204380234
allsubs,0.99,NPV_cort,Vis,4,2,PFM3T7T04,PFM3T7T02,0.982547010471794
allsubs,0.99,NPV_cort,FP,4,2,PFM3T7T04,PFM3T7T02,0.951544205771181
allsubs,0.99,NPV_cort,DAN,4,2,PFM3T7T04,PFM3T7T02,0.955149739118004
allsubs,0.99,NPV_cort,VAN,4,2,PFM3T7T04,PFM3T7T02,0.946451474989312
allsubs,0.99,NPV_cort,Sal,4,2,PFM3T7T04,PFM3T7T02,0.965761123311833
allsubs,0.99,NPV_cort,AMN,4,2,PFM3T7T04,PFM3T7T02,0.964495014841312
allsubs,0.99,NPV_cort,SMd,4,2,PFM3T7T04,PFM3T7T02,0.975223662913754
allsubs,0.99,NPV_cort,SMl,4,2,PFM3T7T04,PFM3T7T02,0.979432183193451
allsubs,0.99,NPV_cort,Aud,4,2,PFM3T7T04,PFM3T7T02,0.965356991972962
allsubs,0.99,NPV_cort,Tpole,4,2,PFM3T7T04,PFM3T7T02,0.992302594688281
allsubs,0.99,NPV_cort,MTL,4,2,PFM3T7T04,PFM3T7T02,0.963817090577654
allsubs,0.99,NPV_cort,PMN,4,2,PFM3T7T04,PFM3T7T02,0.991412180962523
allsubs,0.99,NPV_cort,PON,4,2,PFM3T7T04,PFM3T7T02,0.979974837492137
allsubs,0.99,NPV_cort,SCAN,4,2,PFM3T7T04,PFM3T7T02,0.960380512520034
allsubs,0.99,PPV_cort,DMN,4,2,PFM3T7T04,PFM3T7T02,0.723458735473705
allsubs,0.99,PPV_cort,Vis,4,2,PFM3T7T04,PFM3T7T02,0.887202089454783
allsubs,0.99,PPV_cort,FP,4,2,PFM3T7T04,PFM3T7T02,0.620050222136372
allsubs,0.99,PPV_cort,DAN,4,2,PFM3T7T04,PFM3T7T02,0.722737819025522
allsubs,0.99,PPV_cort,VAN,4,2,PFM3T7T04,PFM3T7T02,0.640720390720391
allsubs,0.99,PPV_cort,Sal,4,2,PFM3T7T04,PFM3T7T02,0.472520530638029
allsubs,0.99,PPV_cort,AMN,4,2,PFM3T7T04,PFM3T7T02,0.528588098016336
allsubs,0.99,PPV_cort,SMd,4,2,PFM3T7T04,PFM3T7T02,0.866102226403261
allsubs,0.99,PPV_cort,SMl,4,2,PFM3T7T04,PFM3T7T02,0.764276228419655
allsubs,0.99,PPV_cort,Aud,4,2,PFM3T7T04,PFM3T7T02,0.7642089093702
allsubs,0.99,PPV_cort,Tpole,4,2,PFM3T7T04,PFM3T7T02,0.368983957219251
allsubs,0.99,PPV_cort,MTL,4,2,PFM3T7T04,PFM3T7T02,0.755344418052256
allsubs,0.99,PPV_cort,PMN,4,2,PFM3T7T04,PFM3T7T02,0.535294117647059
allsubs,0.99,PPV_cort,PON,4,2,PFM3T7T04,PFM3T7T02,0.611721611721612
allsubs,0.99,PPV_cort,SCAN,4,2,PFM3T7T04,PFM3T7T02,0.83826714801444
allsubs,0.99,PPVcorr_Jeffreys_cort,DMN,4,2,PFM3T7T04,PFM3T7T02,0.694257045991576
allsubs,0.99,PPVcorr_Jeffreys_cort,Vis,4,2,PFM3T7T04,PFM3T7T02,0.850757855822551
allsubs,0.99,PPVcorr_Jeffreys_cort,FP,4,2,PFM3T7T04,PFM3T7T02,0.607884321621997
allsubs,0.99,PPVcorr_Jeffreys_cort,DAN,4,2,PFM3T7T04,PFM3T7T02,0.694519021326174
allsubs,0.99,PPVcorr_Jeffreys_cort,VAN,4,2,PFM3T7T04,PFM3T7T02,0.621748316387165
allsubs,0.99,PPVcorr_Jeffreys_cort,Sal,4,2,PFM3T7T04,PFM3T7T02,0.476559974135144
allsubs,0.99,PPVcorr_Jeffreys_cort,AMN,4,2,PFM3T7T04,PFM3T7T02,0.526468602295746
allsubs,0.99,PPVcorr_Jeffreys_cort,SMd,4,2,PFM3T7T04,PFM3T7T02,0.823900679705923
allsubs,0.99,PPVcorr_Jeffreys_cort,SMl,4,2,PFM3T7T04,PFM3T7T02,0.728709343753592
allsubs,0.99,PPVcorr_Jeffreys_cort,Aud,4,2,PFM3T7T04,PFM3T7T02,0.729348623241549
allsubs,0.99,PPVcorr_Jeffreys_cort,Tpole,4,2,PFM3T7T04,PFM3T7T02,0.382775119617225
allsubs,0.99,PPVcorr_Jeffreys_cort,MTL,4,2,PFM3T7T04,PFM3T7T02,0.705571137174911
allsubs,0.99,PPVcorr_Jeffreys_cort,PMN,4,2,PFM3T7T04,PFM3T7T02,0.532216000613638
allsubs,0.99,PPVcorr_Jeffreys_cort,PON,4,2,PFM3T7T04,PFM3T7T02,0.600320697311076
allsubs,0.99,PPVcorr_Jeffreys_cort,SCAN,4,2,PFM3T7T04,PFM3T7T02,0.770652801848642
allsubs,0.99,PPVcorr_d1d2_cort,DMN,4,2,PFM3T7T04,PFM3T7T02,0.722290949534112
allsubs,0.99,PPVcorr_d1d2_cort,Vis,4,2,PFM3T7T04,PFM3T7T02,0.888348336331746
allsubs,0.99,PPVcorr_d1d2_cort,FP,4,2,PFM3T7T04,PFM3T7T02,0.625081021092291
allsubs,0.99,PPVcorr_d1d2_cort,DAN,4,2,PFM3T7T04,PFM3T7T02,0.721733566364945
allsubs,0.99,PPVcorr_d1d2_cort,VAN,4,2,PFM3T7T04,PFM3T7T02,0.640708433526677
allsubs,0.99,PPVcorr_d1d2_cort,Sal,4,2,PFM3T7T04,PFM3T7T02,0.478935783395212
allsubs,0.99,PPVcorr_d1d2_cort,AMN,4,2,PFM3T7T04,PFM3T7T02,0.538936553530888
allsubs,0.99,PPVcorr_d1d2_cort,SMd,4,2,PFM3T7T04,PFM3T7T02,0.862994195296984
allsubs,0.99,PPVcorr_d1d2_cort,SMl,4,2,PFM3T7T04,PFM3T7T02,0.756567525615143
allsubs,0.99,PPVcorr_d1d2_cort,Aud,4,2,PFM3T7T04,PFM3T7T02,0.760181443044761
allsubs,0.99,PPVcorr_d1d2_cort,Tpole,4,2,PFM3T7T04,PFM3T7T02,0.441842900302115
allsubs,0.99,PPVcorr_d1d2_cort,MTL,4,2,PFM3T7T04,PFM3T7T02,0.730059753849813
allsubs,0.99,PPVcorr_d1d2_cort,PMN,4,2,PFM3T7T04,PFM3T7T02,0.574873268490946
allsubs,0.99,PPVcorr_d1d2_cort,PON,4,2,PFM3T7T04,PFM3T7T02,0.62341074555178
allsubs,0.99,PPVcorr_d1d2_cort,SCAN,4,2,PFM3T7T04,PFM3T7T02,0.808565882728199
allsubs,0.99,PPVcorr_bayes_cort,DMN,4,2,PFM3T7T04,PFM3T7T02,0.719347571250641
allsubs,0.99,PPVcorr_bayes_cort,Vis,4,2,PFM3T7T04,PFM3T7T02,0.890857608316202
allsubs,0.99,PPVcorr_bayes_cort,FP,4,2,PFM3T7T04,PFM3T7T02,0.634262052322711
allsubs,0.99,PPVcorr_bayes_cort,DAN,4,2,PFM3T7T04,PFM3T7T02,0.720418480170852
allsubs,0.99,PPVcorr_bayes_cort,VAN,4,2,PFM3T7T04,PFM3T7T02,0.640753061080048
allsubs,0.99,PPVcorr_bayes_cort,Sal,4,2,PFM3T7T04,PFM3T7T02,0.481079981399674
allsubs,0.99,PPVcorr_bayes_cort,AMN,4,2,PFM3T7T04,PFM3T7T02,0.556306527378532
allsubs,0.99,PPVcorr_bayes_cort,SMd,4,2,PFM3T7T04,PFM3T7T02,0.859966154072548
allsubs,0.99,PPVcorr_bayes_cort,SMl,4,2,PFM3T7T04,PFM3T7T02,0.755372206144942
allsubs,0.99,PPVcorr_bayes_cort,Aud,4,2,PFM3T7T04,PFM3T7T02,0.756609226158621
allsubs,0.99,PPVcorr_bayes_cort,Tpole,4,2,PFM3T7T04,PFM3T7T02,0.395882352941176
allsubs,0.99,PPVcorr_bayes_cort,MTL,4,2,PFM3T7T04,PFM3T7T02,0.718222880937257
allsubs,0.99,PPVcorr_bayes_cort,PMN,4,2,PFM3T7T04,PFM3T7T02,0.558560724446047
allsubs,0.99,PPVcorr_bayes_cort,PON,4,2,PFM3T7T04,PFM3T7T02,0.626088086267377
allsubs,0.99,PPVcorr_bayes_cort,SCAN,4,2,PFM3T7T04,PFM3T7T02,0.789448364336113
allsubs,0.99,MCC_cort,DMN,4,2,PFM3T7T04,PFM3T7T02,0.54356885159599
allsubs,0.99,MCC_cort,Vis,4,2,PFM3T7T04,PFM3T7T02,0.855183723467296
allsubs,0.99,MCC_cort,FP,4,2,PFM3T7T04,PFM3T7T02,0.541574003434666
allsubs,0.99,MCC_cort,DAN,4,2,PFM3T7T04,PFM3T7T02,0.570800649854832
allsubs,0.99,MCC_cort,VAN,4,2,PFM3T7T04,PFM3T7T02,0.478224847263839
allsubs,0.99,MCC_cort,Sal,4,2,PFM3T7T04,PFM3T7T02,0.337220651295669
allsubs,0.99,MCC_cort,AMN,4,2,PFM3T7T04,PFM3T7T02,0.543998268298736
allsubs,0.99,MCC_cort,SMd,4,2,PFM3T7T04,PFM3T7T02,0.743480111161649
allsubs,0.99,MCC_cort,SMl,4,2,PFM3T7T04,PFM3T7T02,0.600730359655454
allsubs,0.99,MCC_cort,Aud,4,2,PFM3T7T04,PFM3T7T02,0.598942917031874
allsubs,0.99,MCC_cort,Tpole,4,2,PFM3T7T04,PFM3T7T02,0.333370260863586
allsubs,0.99,MCC_cort,MTL,4,2,PFM3T7T04,PFM3T7T02,0.469481108085121
allsubs,0.99,MCC_cort,PMN,4,2,PFM3T7T04,PFM3T7T02,0.538597308879532
allsubs,0.99,MCC_cort,PON,4,2,PFM3T7T04,PFM3T7T02,0.556490921655219
allsubs,0.99,MCC_cort,SCAN,4,2,PFM3T7T04,PFM3T7T02,0.514575746427603
allsubs,0.99,muI_cort,WholeBrainOrSingleVal,4,2,PFM3T7T04,PFM3T7T02,2.06519664961769
allsubs,0.99,VIn_cort,WholeBrainOrSingleVal,4,2,PFM3T7T04,PFM3T7T02,0.204955631795376
allsubs,0.99,MIn_cort,WholeBrainOrSingleVal,4,2,PFM3T7T04,PFM3T7T02,0.565706354206324
allsubs,0.99,DC_cort,DMN,4,3,PFM3T7T04,PFM3T7T03,0.595591182364729
allsubs,0.99,DC_cort,Vis,4,3,PFM3T7T04,PFM3T7T03,0.833333333333333
allsubs,0.99,DC_cort,FP,4,3,PFM3T7T04,PFM3T7T03,0.467979714588985
allsubs,0.99,DC_cort,DAN,4,3,PFM3T7T04,PFM3T7T03,0.464805583250249
allsubs,0.99,DC_cort,VAN,4,3,PFM3T7T04,PFM3T7T03,0.50410094637224
allsubs,0.99,DC_cort,Sal,4,3,PFM3T7T04,PFM3T7T03,0.450295857988166
allsubs,0.99,DC_cort,AMN,4,3,PFM3T7T04,PFM3T7T03,0.644864058140289
allsubs,0.99,DC_cort,SMd,4,3,PFM3T7T04,PFM3T7T03,0.753765657206279
allsubs,0.99,DC_cort,SMl,4,3,PFM3T7T04,PFM3T7T03,0.334947443014055
allsubs,0.99,DC_cort,Aud,4,3,PFM3T7T04,PFM3T7T03,0.75755068266446
allsubs,0.99,DC_cort,Tpole,4,3,PFM3T7T04,PFM3T7T03,0.114583333333333
allsubs,0.99,DC_cort,MTL,4,3,PFM3T7T04,PFM3T7T03,0.437019515079834
allsubs,0.99,DC_cort,PMN,4,3,PFM3T7T04,PFM3T7T03,0.466099207513942
allsubs,0.99,DC_cort,PON,4,3,PFM3T7T04,PFM3T7T03,0.590200948295326
allsubs,0.99,DC_cort,SCAN,4,3,PFM3T7T04,PFM3T7T03,0.60432612312812
allsubs,0.99,cDC_cort,DMN,4,3,PFM3T7T04,PFM3T7T03,0.595591182364729
allsubs,0.99,cDC_cort,Vis,4,3,PFM3T7T04,PFM3T7T03,0.833333333333333
allsubs,0.99,cDC_cort,FP,4,3,PFM3T7T04,PFM3T7T03,0.467979714588985
allsubs,0.99,cDC_cort,DAN,4,3,PFM3T7T04,PFM3T7T03,0.464805583250249
allsubs,0.99,cDC_cort,VAN,4,3,PFM3T7T04,PFM3T7T03,0.50410094637224
allsubs,0.99,cDC_cort,Sal,4,3,PFM3T7T04,PFM3T7T03,0.450295857988166
allsubs,0.99,cDC_cort,AMN,4,3,PFM3T7T04,PFM3T7T03,0.644864058140289
allsubs,0.99,cDC_cort,SMd,4,3,PFM3T7T04,PFM3T7T03,0.753765657206279
allsubs,0.99,cDC_cort,SMl,4,3,PFM3T7T04,PFM3T7T03,0.334947443014055
allsubs,0.99,cDC_cort,Aud,4,3,PFM3T7T04,PFM3T7T03,0.75755068266446
allsubs,0.99,cDC_cort,Tpole,4,3,PFM3T7T04,PFM3T7T03,0.114583333333333
allsubs,0.99,cDC_cort,MTL,4,3,PFM3T7T04,PFM3T7T03,0.437019515079834
allsubs,0.99,cDC_cort,PMN,4,3,PFM3T7T04,PFM3T7T03,0.466099207513942
allsubs,0.99,cDC_cort,PON,4,3,PFM3T7T04,PFM3T7T03,0.590200948295326
allsubs,0.99,cDC_cort,SCAN,4,3,PFM3T7T04,PFM3T7T03,0.60432612312812
allsubs,0.99,TP_cort,DMN,4,3,PFM3T7T04,PFM3T7T03,4458.0
allsubs,0.99,TP_cort,Vis,4,3,PFM3T7T04,PFM3T7T03,4845.0
allsubs,0.99,TP_cort,FP,4,3,PFM3T7T04,PFM3T7T03,1984.0
allsubs,0.99,TP_cort,DAN,4,3,PFM3T7T04,PFM3T7T03,2331.0
allsubs,0.99,TP_cort,VAN,4,3,PFM3T7T04,PFM3T7T03,1598.0
allsubs,0.99,TP_cort,Sal,4,3,PFM3T7T04,PFM3T7T03,761.0
allsubs,0.99,TP_cort,AMN,4,3,PFM3T7T04,PFM3T7T03,4969.0
allsubs,0.99,TP_cort,SMd,4,3,PFM3T7T04,PFM3T7T03,2377.0
allsubs,0.99,TP_cort,SMl,4,3,PFM3T7T04,PFM3T7T03,1418.0
allsubs,0.99,TP_cort,Aud,4,3,PFM3T7T04,PFM3T7T03,1831.0
allsubs,0.99,TP_cort,Tpole,4,3,PFM3T7T04,PFM3T7T03,44.0
allsubs,0.99,TP_cort,MTL,4,3,PFM3T7T04,PFM3T7T03,739.0
allsubs,0.99,TP_cort,PMN,4,3,PFM3T7T04,PFM3T7T03,794.0
allsubs,0.99,TP_cort,PON,4,3,PFM3T7T04,PFM3T7T03,1307.0
allsubs,0.99,TP_cort,SCAN,4,3,PFM3T7T04,PFM3T7T03,908.0
allsubs,0.99,TN_cort,DMN,4,3,PFM3T7T04,PFM3T7T03,48900.0
allsubs,0.99,TN_cort,Vis,4,3,PFM3T7T04,PFM3T7T03,52629.0
allsubs,0.99,TN_cort,FP,4,3,PFM3T7T04,PFM3T7T03,52917.0
allsubs,0.99,TN_cort,DAN,4,3,PFM3T7T04,PFM3T7T03,51713.0
allsubs,0.99,TN_cort,VAN,4,3,PFM3T7T04,PFM3T7T03,54670.0
allsubs,0.99,TN_cort,Sal,4,3,PFM3T7T04,PFM3T7T03,56793.0
allsubs,0.99,TN_cort,AMN,4,3,PFM3T7T04,PFM3T7T03,48970.0
allsubs,0.99,TN_cort,SMd,4,3,PFM3T7T04,PFM3T7T03,55482.0
allsubs,0.99,TN_cort,SMl,4,3,PFM3T7T04,PFM3T7T03,52363.0
allsubs,0.99,TN_cort,Aud,4,3,PFM3T7T04,PFM3T7T03,56409.0
allsubs,0.99,TN_cort,Tpole,4,3,PFM3T7T04,PFM3T7T03,58688.0
allsubs,0.99,TN_cort,MTL,4,3,PFM3T7T04,PFM3T7T03,56769.0
allsubs,0.99,TN_cort,PMN,4,3,PFM3T7T04,PFM3T7T03,56799.0
allsubs,0.99,TN_cort,PON,4,3,PFM3T7T04,PFM3T7T03,56290.0
allsubs,0.99,TN_cort,SCAN,4,3,PFM3T7T04,PFM3T7T03,57315.0
allsubs,0.99,FP_cort,DMN,4,3,PFM3T7T04,PFM3T7T03,619.0
allsubs,0.99,FP_cort,Vis,4,3,PFM3T7T04,PFM3T7T03,1281.0
allsubs,0.99,FP_cort,FP,4,3,PFM3T7T04,PFM3T7T03,3193.0
allsubs,0.99,FP_cort,DAN,4,3,PFM3T7T04,PFM3T7T03,1117.0
allsubs,0.99,FP_cort,VAN,4,3,PFM3T7T04,PFM3T7T03,1678.0
allsubs,0.99,FP_cort,Sal,4,3,PFM3T7T04,PFM3T7T03,822.0
allsubs,0.99,FP_cort,AMN,4,3,PFM3T7T04,PFM3T7T03,1887.0
allsubs,0.99,FP_cort,SMd,4,3,PFM3T7T04,PFM3T7T03,812.0
allsubs,0.99,FP_cort,SMl,4,3,PFM3T7T04,PFM3T7T03,88.0
allsubs,0.99,FP_cort,Aud,4,3,PFM3T7T04,PFM3T7T03,773.0
allsubs,0.99,FP_cort,Tpole,4,3,PFM3T7T04,PFM3T7T03,517.0
allsubs,0.99,FP_cort,MTL,4,3,PFM3T7T04,PFM3T7T03,524.0
allsubs,0.99,FP_cort,PMN,4,3,PFM3T7T04,PFM3T7T03,396.0
allsubs,0.99,FP_cort,PON,4,3,PFM3T7T04,PFM3T7T03,877.0
allsubs,0.99,FP_cort,SCAN,4,3,PFM3T7T04,PFM3T7T03,477.0
allsubs,0.99,FN_cort,DMN,4,3,PFM3T7T04,PFM3T7T03,5435.0
allsubs,0.99,FN_cort,Vis,4,3,PFM3T7T04,PFM3T7T03,657.0
allsubs,0.99,FN_cort,FP,4,3,PFM3T7T04,PFM3T7T03,1318.0
allsubs,0.99,FN_cort,DAN,4,3,PFM3T7T04,PFM3T7T03,4251.0
allsubs,0.99,FN_cort,VAN,4,3,PFM3T7T04,PFM3T7T03,1466.0
allsubs,0.99,FN_cort,Sal,4,3,PFM3T7T04,PFM3T7T03,1036.0
allsubs,0.99,FN_cort,AMN,4,3,PFM3T7T04,PFM3T7T03,3586.0
allsubs,0.99,FN_cort,SMd,4,3,PFM3T7T04,PFM3T7T03,741.0
allsubs,0.99,FN_cort,SMl,4,3,PFM3T7T04,PFM3T7T03,5543.0
allsubs,0.99,FN_cort,Aud,4,3,PFM3T7T04,PFM3T7T03,399.0
allsubs,0.99,FN_cort,Tpole,4,3,PFM3T7T04,PFM3T7T03,163.0
allsubs,0.99,FN_cort,MTL,4,3,PFM3T7T04,PFM3T7T03,1380.0
allsubs,0.99,FN_cort,PMN,4,3,PFM3T7T04,PFM3T7T03,1423.0
allsubs,0.99,FN_cort,PON,4,3,PFM3T7T04,PFM3T7T03,938.0
allsubs,0.99,FN_cort,SCAN,4,3,PFM3T7T04,PFM3T7T03,712.0
allsubs,0.99,TPR_cort,DMN,4,3,PFM3T7T04,PFM3T7T03,0.4506216516729
allsubs,0.99,TPR_cort,Vis,4,3,PFM3T7T04,PFM3T7T03,0.880588876772083
allsubs,0.99,TPR_cort,FP,4,3,PFM3T7T04,PFM3T7T03,0.600847970926711
allsubs,0.99,TPR_cort,DAN,4,3,PFM3T7T04,PFM3T7T03,0.354147675478578
allsubs,0.99,TPR_cort,VAN,4,3,PFM3T7T04,PFM3T7T03,0.52154046997389
allsubs,0.99,TPR_cort,Sal,4,3,PFM3T7T04,PFM3T7T03,0.423483583750696
allsubs,0.99,TPR_cort,AMN,4,3,PFM3T7T04,PFM3T7T03,0.58082992402104
allsubs,0.99,TPR_cort,SMd,4,3,PFM3T7T04,PFM3T7T03,0.762347658755613
allsubs,0.99,TPR_cort,SMl,4,3,PFM3T7T04,PFM3T7T03,0.203706364028157
allsubs,0.99,TPR_cort,Aud,4,3,PFM3T7T04,PFM3T7T03,0.821076233183856
allsubs,0.99,TPR_cort,Tpole,4,3,PFM3T7T04,PFM3T7T03,0.21256038647343
allsubs,0.99,TPR_cort,MTL,4,3,PFM3T7T04,PFM3T7T03,0.348749410099103
allsubs,0.99,TPR_cort,PMN,4,3,PFM3T7T04,PFM3T7T03,0.358141632837167
allsubs,0.99,TPR_cort,PON,4,3,PFM3T7T04,PFM3T7T03,0.582182628062361
allsubs,0.99,TPR_cort,SCAN,4,3,PFM3T7T04,PFM3T7T03,0.560493827160494
allsubs,0.99,TNR_cort,DMN,4,3,PFM3T7T04,PFM3T7T03,0.987499747571639
allsubs,0.99,TNR_cort,Vis,4,3,PFM3T7T04,PFM3T7T03,0.976238174735671
allsubs,0.99,TNR_cort,FP,4,3,PFM3T7T04,PFM3T7T03,0.943093922651934
allsubs,0.99,TNR_cort,DAN,4,3,PFM3T7T04,PFM3T7T03,0.978856710202536
allsubs,0.99,TNR_cort,VAN,4,3,PFM3T7T04,PFM3T7T03,0.970220770923547
allsubs,0.99,TNR_cort,Sal,4,3,PFM3T7T04,PFM3T7T03,0.985732882061963
allsubs,0.99,TNR_cort,AMN,4,3,PFM3T7T04,PFM3T7T03,0.962895963190908
allsubs,0.99,TNR_cort,SMd,4,3,PFM3T7T04,PFM3T7T03,0.985575727430987
allsubs,0.99,TNR_cort,SMl,4,3,PFM3T7T04,PFM3T7T03,0.998322243617853
allsubs,0.99,TNR_cort,Aud,4,3,PFM3T7T04,PFM3T7T03,0.986481759994404
allsubs,0.99,TNR_cort,Tpole,4,3,PFM3T7T04,PFM3T7T03,0.991267629423191
allsubs,0.99,TNR_cort,MTL,4,3,PFM3T7T04,PFM3T7T03,0.99085403103346
allsubs,0.99,TNR_cort,PMN,4,3,PFM3T7T04,PFM3T7T03,0.993076317859953
allsubs,0.99,TNR_cort,PON,4,3,PFM3T7T04,PFM3T7T03,0.984658981580282
allsubs,0.99,TNR_cort,SCAN,4,3,PFM3T7T04,PFM3T7T03,0.991746262458472
allsubs,0.99,FPR_cort,DMN,4,3,PFM3T7T04,PFM3T7T03,0.0125002524283608
allsubs,0.99,FPR_cort,Vis,4,3,PFM3T7T04,PFM3T7T03,0.0237618252643294
allsubs,0.99,FPR_cort,FP,4,3,PFM3T7T04,PFM3T7T03,0.0569060773480663
allsubs,0.99,FPR_cort,DAN,4,3,PFM3T7T04,PFM3T7T03,0.0211432897974636
allsubs,0.99,FPR_cort,VAN,4,3,PFM3T7T04,PFM3T7T03,0.0297792290764535
allsubs,0.99,FPR_cort,Sal,4,3,PFM3T7T04,PFM3T7T03,0.014267117938037
allsubs,0.99,FPR_cort,AMN,4,3,PFM3T7T04,PFM3T7T03,0.0371040368090922
allsubs,0.99,FPR_cort,SMd,4,3,PFM3T7T04,PFM3T7T03,0.0144242725690127
allsubs,0.99,FPR_cort,SMl,4,3,PFM3T7T04,PFM3T7T03,0.0016777563821471
allsubs,0.99,FPR_cort,Aud,4,3,PFM3T7T04,PFM3T7T03,0.0135182400055962
allsubs,0.99,FPR_cort,Tpole,4,3,PFM3T7T04,PFM3T7T03,0.0087323705768093
allsubs,0.99,FPR_cort,MTL,4,3,PFM3T7T04,PFM3T7T03,0.0091459689665404
allsubs,0.99,FPR_cort,PMN,4,3,PFM3T7T04,PFM3T7T03,0.0069236821400472
allsubs,0.99,FPR_cort,PON,4,3,PFM3T7T04,PFM3T7T03,0.0153410184197177
allsubs,0.99,FPR_cort,SCAN,4,3,PFM3T7T04,PFM3T7T03,0.0082537375415282
allsubs,0.99,FNR_cort,DMN,4,3,PFM3T7T04,PFM3T7T03,0.5493783483271
allsubs,0.99,FNR_cort,Vis,4,3,PFM3T7T04,PFM3T7T03,0.119411123227917
allsubs,0.99,FNR_cort,FP,4,3,PFM3T7T04,PFM3T7T03,0.399152029073289
allsubs,0.99,FNR_cort,DAN,4,3,PFM3T7T04,PFM3T7T03,0.645852324521422
allsubs,0.99,FNR_cort,VAN,4,3,PFM3T7T04,PFM3T7T03,0.47845953002611
allsubs,0.99,FNR_cort,Sal,4,3,PFM3T7T04,PFM3T7T03,0.576516416249304
allsubs,0.99,FNR_cort,AMN,4,3,PFM3T7T04,PFM3T7T03,0.41917007597896
allsubs,0.99,FNR_cort,SMd,4,3,PFM3T7T04,PFM3T7T03,0.237652341244387
allsubs,0.99,FNR_cort,SMl,4,3,PFM3T7T04,PFM3T7T03,0.796293635971843
allsubs,0.99,FNR_cort,Aud,4,3,PFM3T7T04,PFM3T7T03,0.178923766816143
allsubs,0.99,FNR_cort,Tpole,4,3,PFM3T7T04,PFM3T7T03,0.78743961352657
allsubs,0.99,FNR_cort,MTL,4,3,PFM3T7T04,PFM3T7T03,0.651250589900897
allsubs,0.99,FNR_cort,PMN,4,3,PFM3T7T04,PFM3T7T03,0.641858367162833
allsubs,0.99,FNR_cort,PON,4,3,PFM3T7T04,PFM3T7T03,0.417817371937639
allsubs,0.99,FNR_cort,SCAN,4,3,PFM3T7T04,PFM3T7T03,0.439506172839506
allsubs,0.99,NPV_cort,DMN,4,3,PFM3T7T04,PFM3T7T03,0.899972393484862
allsubs,0.99,NPV_cort,Vis,4,3,PFM3T7T04,PFM3T7T03,0.987670307397816
allsubs,0.99,NPV_cort,FP,4,3,PFM3T7T04,PFM3T7T03,0.975698349774131
allsubs,0.99,NPV_cort,DAN,4,3,PFM3T7T04,PFM3T7T03,0.924040454577943
allsubs,0.99,NPV_cort,VAN,4,3,PFM3T7T04,PFM3T7T03,0.973884851075958
allsubs,0.99,NPV_cort,Sal,4,3,PFM3T7T04,PFM3T7T03,0.982085113005585
allsubs,0.99,NPV_cort,AMN,4,3,PFM3T7T04,PFM3T7T03,0.931768018875105
allsubs,0.99,NPV_cort,SMd,4,3,PFM3T7T04,PFM3T7T03,0.986820340430073
allsubs,0.99,NPV_cort,SMl,4,3,PFM3T7T04,PFM3T7T03,0.90427589541671
allsubs,0.99,NPV_cort,Aud,4,3,PFM3T7T04,PFM3T7T03,0.992976341360372
allsubs,0.99,NPV_cort,Tpole,4,3,PFM3T7T04,PFM3T7T03,0.997230293452957
allsubs,0.99,NPV_cort,MTL,4,3,PFM3T7T04,PFM3T7T03,0.976267863591807
allsubs,0.99,NPV_cort,PMN,4,3,PFM3T7T04,PFM3T7T03,0.97555906701934
allsubs,0.99,NPV_cort,PON,4,3,PFM3T7T04,PFM3T7T03,0.983609421961278
allsubs,0.99,NPV_cort,SCAN,4,3,PFM3T7T04,PFM3T7T03,0.987729849897461
allsubs,0.99,PPV_cort,DMN,4,3,PFM3T7T04,PFM3T7T03,0.878077604884774
allsubs,0.99,PPV_cort,Vis,4,3,PFM3T7T04,PFM3T7T03,0.790891283055828
allsubs,0.99,PPV_cort,FP,4,3,PFM3T7T04,PFM3T7T03,0.383233532934132
allsubs,0.99,PPV_cort,DAN,4,3,PFM3T7T04,PFM3T7T03,0.676044083526682
allsubs,0.99,PPV_cort,VAN,4,3,PFM3T7T04,PFM3T7T03,0.487789987789988
allsubs,0.99,PPV_cort,Sal,4,3,PFM3T7T04,PFM3T7T03,0.480732785849653
allsubs,0.99,PPV_cort,AMN,4,3,PFM3T7T04,PFM3T7T03,0.724766627771295
allsubs,0.99,PPV_cort,SMd,4,3,PFM3T7T04,PFM3T7T03,0.745374725619316
allsubs,0.99,PPV_cort,SMl,4,3,PFM3T7T04,PFM3T7T03,0.941567065073041
allsubs,0.99,PPV_cort,Aud,4,3,PFM3T7T04,PFM3T7T03,0.703149001536098
allsubs,0.99,PPV_cort,Tpole,4,3,PFM3T7T04,PFM3T7T03,0.0784313725490196
allsubs,0.99,PPV_cort,MTL,4,3,PFM3T7T04,PFM3T7T03,0.585114806017419
allsubs,0.99,PPV_cort,PMN,4,3,PFM3T7T04,PFM3T7T03,0.667226890756302
allsubs,0.99,PPV_cort,PON,4,3,PFM3T7T04,PFM3T7T03,0.598443223443223
allsubs,0.99,PPV_cort,SCAN,4,3,PFM3T7T04,PFM3T7T03,0.655595667870036
allsubs,0.99,PPVcorr_Jeffreys_cort,DMN,4,3,PFM3T7T04,PFM3T7T03,0.816420223200303
allsubs,0.99,PPVcorr_Jeffreys_cort,Vis,4,3,PFM3T7T04,PFM3T7T03,0.766918306821246
allsubs,0.99,PPVcorr_Jeffreys_cort,FP,4,3,PFM3T7T04,PFM3T7T03,0.390234601975596
allsubs,0.99,PPVcorr_Jeffreys_cort,DAN,4,3,PFM3T7T04,PFM3T7T03,0.647825239881155
allsubs,0.99,PPVcorr_Jeffreys_cort,VAN,4,3,PFM3T7T04,PFM3T7T03,0.488834301027244
allsubs,0.99,PPVcorr_Jeffreys_cort,Sal,4,3,PFM3T7T04,PFM3T7T03,0.482696998922108
allsubs,0.99,PPVcorr_Jeffreys_cort,AMN,4,3,PFM3T7T04,PFM3T7T03,0.699831420605589
allsubs,0.99,PPVcorr_Jeffreys_cort,SMd,4,3,PFM3T7T04,PFM3T7T03,0.723520338208409
allsubs,0.99,PPVcorr_Jeffreys_cort,SMl,4,3,PFM3T7T04,PFM3T7T03,0.801984469370147
allsubs,0.99,PPVcorr_Jeffreys_cort,Aud,4,3,PFM3T7T04,PFM3T7T03,0.687124159886806
allsubs,0.99,PPVcorr_Jeffreys_cort,Tpole,4,3,PFM3T7T04,PFM3T7T03,0.0934330410864707
allsubs,0.99,PPVcorr_Jeffreys_cort,MTL,4,3,PFM3T7T04,PFM3T7T03,0.572886297376093
allsubs,0.99,PPVcorr_Jeffreys_cort,PMN,4,3,PFM3T7T04,PFM3T7T03,0.640964794219735
allsubs,0.99,PPVcorr_Jeffreys_cort,PON,4,3,PFM3T7T04,PFM3T7T03,0.589267178741956
allsubs,0.99,PPVcorr_Jeffreys_cort,SCAN,4,3,PFM3T7T04,PFM3T7T03,0.639301874595992
allsubs,0.99,PPVcorr_d1d2_cort,DMN,4,3,PFM3T7T04,PFM3T7T03,0.870957727795562
allsubs,0.99,PPVcorr_d1d2_cort,Vis,4,3,PFM3T7T04,PFM3T7T03,0.796023981118564
allsubs,0.99,PPVcorr_d1d2_cort,FP,4,3,PFM3T7T04,PFM3T7T03,0.405699842253446
allsubs,0.99,PPVcorr_d1d2_cort,DAN,4,3,PFM3T7T04,PFM3T7T03,0.67170619701999
allsubs,0.99,PPVcorr_d1d2_cort,VAN,4,3,PFM3T7T04,PFM3T7T03,0.5050100858905
allsubs,0.99,PPVcorr_d1d2_cort,Sal,4,3,PFM3T7T04,PFM3T7T03,0.504507876019283
allsubs,0.99,PPVcorr_d1d2_cort,AMN,4,3,PFM3T7T04,PFM3T7T03,0.725835887429729
allsubs,0.99,PPVcorr_d1d2_cort,SMd,4,3,PFM3T7T04,PFM3T7T03,0.753731641551848
allsubs,0.99,PPVcorr_d1d2_cort,SMl,4,3,PFM3T7T04,PFM3T7T03,0.896163548589273
allsubs,0.99,PPVcorr_d1d2_cort,Aud,4,3,PFM3T7T04,PFM3T7T03,0.720248170221231
allsubs,0.99,PPVcorr_d1d2_cort,Tpole,4,3,PFM3T7T04,PFM3T7T03,0.476607995096108
allsubs,0.99,PPVcorr_d1d2_cort,MTL,4,3,PFM3T7T04,PFM3T7T03,0.58585306935297
allsubs,0.99,PPVcorr_d1d2_cort,PMN,4,3,PFM3T7T04,PFM3T7T03,0.6569915870848
allsubs,0.99,PPVcorr_d1d2_cort,PON,4,3,PFM3T7T04,PFM3T7T03,0.614784617408976
allsubs,0.99,PPVcorr_d1d2_cort,SCAN,4,3,PFM3T7T04,PFM3T7T03,0.668905671036671
allsubs,0.99,PPVcorr_bayes_cort,DMN,4,3,PFM3T7T04,PFM3T7T03,0.845621024108817
allsubs,0.99,PPVcorr_bayes_cort,Vis,4,3,PFM3T7T04,PFM3T7T03,0.804704706268256
allsubs,0.99,PPVcorr_bayes_cort,FP,4,3,PFM3T7T04,PFM3T7T03,0.419859257734274
allsubs,0.99,PPVcorr_bayes_cort,DAN,4,3,PFM3T7T04,PFM3T7T03,0.662740530954713
allsubs,0.99,PPVcorr_bayes_cort,VAN,4,3,PFM3T7T04,PFM3T7T03,0.513760130604629
allsubs,0.99,PPVcorr_bayes_cort,Sal,4,3,PFM3T7T04,PFM3T7T03,0.502225408489411
allsubs,0.99,PPVcorr_bayes_cort,AMN,4,3,PFM3T7T04,PFM3T7T03,0.72923573218024
allsubs,0.99,PPVcorr_bayes_cort,SMd,4,3,PFM3T7T04,PFM3T7T03,0.758226486147225
allsubs,0.99,PPVcorr_bayes_cort,SMl,4,3,PFM3T7T04,PFM3T7T03,0.805261313711221
allsubs,0.99,PPVcorr_bayes_cort,Aud,4,3,PFM3T7T04,PFM3T7T03,0.722142462727775
allsubs,0.99,PPVcorr_bayes_cort,Tpole,4,3,PFM3T7T04,PFM3T7T03,0.126758102559623
allsubs,0.99,PPVcorr_bayes_cort,MTL,4,3,PFM3T7T04,PFM3T7T03,0.585897295521734
allsubs,0.99,PPVcorr_bayes_cort,PMN,4,3,PFM3T7T04,PFM3T7T03,0.655989553327956
allsubs,0.99,PPVcorr_bayes_cort,PON,4,3,PFM3T7T04,PFM3T7T03,0.616693873109152
allsubs,0.99,PPVcorr_bayes_cort,SCAN,4,3,PFM3T7T04,PFM3T7T03,0.666496250852079
allsubs,0.99,MCC_cort,DMN,4,3,PFM3T7T04,PFM3T7T03,0.583849598756321
allsubs,0.99,MCC_cort,Vis,4,3,PFM3T7T04,PFM3T7T03,0.816757388681353
allsubs,0.99,MCC_cort,FP,4,3,PFM3T7T04,PFM3T7T03,0.441857542592724
allsubs,0.99,MCC_cort,DAN,4,3,PFM3T7T04,PFM3T7T03,0.44702436507227
allsubs,0.99,MCC_cort,VAN,4,3,PFM3T7T04,PFM3T7T03,0.47648063093041
allsubs,0.99,MCC_cort,Sal,4,3,PFM3T7T04,PFM3T7T03,0.435192721543434
allsubs,0.99,MCC_cort,AMN,4,3,PFM3T7T04,PFM3T7T03,0.597473751083005
allsubs,0.99,MCC_cort,SMd,4,3,PFM3T7T04,PFM3T7T03,0.740017441111208
allsubs,0.99,MCC_cort,SMl,4,3,PFM3T7T04,PFM3T7T03,0.413381755275826
allsubs,0.99,MCC_cort,Aud,4,3,PFM3T7T04,PFM3T7T03,0.749774355996524
allsubs,0.99,MCC_cort,Tpole,4,3,PFM3T7T04,PFM3T7T03,0.124185213534526
allsubs,0.99,MCC_cort,MTL,4,3,PFM3T7T04,PFM3T7T03,0.436631980495563
allsubs,0.99,MCC_cort,PMN,4,3,PFM3T7T04,PFM3T7T03,0.475139944465677
allsubs,0.99,MCC_cort,PON,4,3,PFM3T7T04,PFM3T7T03,0.57439677786165
allsubs,0.99,MCC_cort,SCAN,4,3,PFM3T7T04,PFM3T7T03,0.596045419063086
allsubs,0.99,muI_cort,WholeBrainOrSingleVal,4,3,PFM3T7T04,PFM3T7T03,1.99905567757526
allsubs,0.99,VIn_cort,WholeBrainOrSingleVal,4,3,PFM3T7T04,PFM3T7T03,0.205879751419105
allsubs,0.99,MIn_cort,WholeBrainOrSingleVal,4,3,PFM3T7T04,PFM3T7T03,0.556582820067096
allsubs,0.99,DC_cort,DMN,4,4,PFM3T7T04,PFM3T7T04,0.878883385862224
allsubs,0.99,DC_cort,Vis,4,4,PFM3T7T04,PFM3T7T04,0.896453261196273
allsubs,0.99,DC_cort,FP,4,4,PFM3T7T04,PFM3T7T04,0.821000080521781
allsubs,0.99,DC_cort,DAN,4,4,PFM3T7T04,PFM3T7T04,0.652107779226423
allsubs,0.99,DC_cort,VAN,4,4,PFM3T7T04,PFM3T7T04,0.773613193403298
allsubs,0.99,DC_cort,Sal,4,4,PFM3T7T04,PFM3T7T04,0.756058158319871
allsubs,0.99,DC_cort,AMN,4,4,PFM3T7T04,PFM3T7T04,0.802073882047958
allsubs,0.99,DC_cort,SMd,4,4,PFM3T7T04,PFM3T7T04,0.747233748271093
allsubs,0.99,DC_cort,SMl,4,4,PFM3T7T04,PFM3T7T04,0.754309085597429
allsubs,0.99,DC_cort,Aud,4,4,PFM3T7T04,PFM3T7T04,0.817385208552401
allsubs,0.99,DC_cort,Tpole,4,4,PFM3T7T04,PFM3T7T04,0.457943925233645
allsubs,0.99,DC_cort,MTL,4,4,PFM3T7T04,PFM3T7T04,0.414489097134619
allsubs,0.99,DC_cort,PMN,4,4,PFM3T7T04,PFM3T7T04,0.741610738255034
allsubs,0.99,DC_cort,PON,4,4,PFM3T7T04,PFM3T7T04,0.804698972099853
allsubs,0.99,DC_cort,SCAN,4,4,PFM3T7T04,PFM3T7T04,0.780649436713055
allsubs,0.99,cDC_cort,DMN,4,4,PFM3T7T04,PFM3T7T04,0.878883385862224
allsubs,0.99,cDC_cort,Vis,4,4,PFM3T7T04,PFM3T7T04,0.896453261196273
allsubs,0.99,cDC_cort,FP,4,4,PFM3T7T04,PFM3T7T04,0.821000080521781
allsubs,0.99,cDC_cort,DAN,4,4,PFM3T7T04,PFM3T7T04,0.652107779226423
allsubs,0.99,cDC_cort,VAN,4,4,PFM3T7T04,PFM3T7T04,0.773613193403298
allsubs,0.99,cDC_cort,Sal,4,4,PFM3T7T04,PFM3T7T04,0.756058158319871
allsubs,0.99,cDC_cort,AMN,4,4,PFM3T7T04,PFM3T7T04,0.802073882047958
allsubs,0.99,cDC_cort,SMd,4,4,PFM3T7T04,PFM3T7T04,0.747233748271093
allsubs,0.99,cDC_cort,SMl,4,4,PFM3T7T04,PFM3T7T04,0.754309085597429
allsubs,0.99,cDC_cort,Aud,4,4,PFM3T7T04,PFM3T7T04,0.817385208552401
allsubs,0.99,cDC_cort,Tpole,4,4,PFM3T7T04,PFM3T7T04,0.457943925233645
allsubs,0.99,cDC_cort,MTL,4,4,PFM3T7T04,PFM3T7T04,0.414489097134619
allsubs,0.99,cDC_cort,PMN,4,4,PFM3T7T04,PFM3T7T04,0.741610738255034
allsubs,0.99,cDC_cort,PON,4,4,PFM3T7T04,PFM3T7T04,0.804698972099853
allsubs,0.99,cDC_cort,SCAN,4,4,PFM3T7T04,PFM3T7T04,0.780649436713055
allsubs,0.99,TP_cort,DMN,4,4,PFM3T7T04,PFM3T7T04,4880.0
allsubs,0.99,TP_cort,Vis,4,4,PFM3T7T04,PFM3T7T04,5965.0
allsubs,0.99,TP_cort,FP,4,4,PFM3T7T04,PFM3T7T04,5098.0
allsubs,0.99,TP_cort,DAN,4,4,PFM3T7T04,PFM3T7T04,3001.0
allsubs,0.99,TP_cort,VAN,4,4,PFM3T7T04,PFM3T7T04,2838.0
allsubs,0.99,TP_cort,Sal,4,4,PFM3T7T04,PFM3T7T04,1170.0
allsubs,0.99,TP_cort,AMN,4,4,PFM3T7T04,PFM3T7T04,6188.0
allsubs,0.99,TP_cort,SMd,4,4,PFM3T7T04,PFM3T7T04,2161.0
allsubs,0.99,TP_cort,SMl,4,4,PFM3T7T04,PFM3T7T04,1291.0
allsubs,0.99,TP_cort,Aud,4,4,PFM3T7T04,PFM3T7T04,2332.0
allsubs,0.99,TP_cort,Tpole,4,4,PFM3T7T04,PFM3T7T04,392.0
allsubs,0.99,TP_cort,MTL,4,4,PFM3T7T04,PFM3T7T04,1150.0
allsubs,0.99,TP_cort,PMN,4,4,PFM3T7T04,PFM3T7T04,1105.0
allsubs,0.99,TP_cort,PON,4,4,PFM3T7T04,PFM3T7T04,1918.0
allsubs,0.99,TP_cort,SCAN,4,4,PFM3T7T04,PFM3T7T04,1178.0
allsubs,0.99,TN_cort,DMN,4,4,PFM3T7T04,PFM3T7T04,53187.0
allsubs,0.99,TN_cort,Vis,4,4,PFM3T7T04,PFM3T7T04,52069.0
allsubs,0.99,TN_cort,FP,4,4,PFM3T7T04,PFM3T7T04,52091.0
allsubs,0.99,TN_cort,DAN,4,4,PFM3T7T04,PFM3T7T04,53209.0
allsubs,0.99,TN_cort,VAN,4,4,PFM3T7T04,PFM3T7T04,54913.0
allsubs,0.99,TN_cort,Sal,4,4,PFM3T7T04,PFM3T7T04,57487.0
allsubs,0.99,TN_cort,AMN,4,4,PFM3T7T04,PFM3T7T04,50170.0
allsubs,0.99,TN_cort,SMd,4,4,PFM3T7T04,PFM3T7T04,55789.0
allsubs,0.99,TN_cort,SMl,4,4,PFM3T7T04,PFM3T7T04,57280.0
allsubs,0.99,TN_cort,Aud,4,4,PFM3T7T04,PFM3T7T04,56038.0
allsubs,0.99,TN_cort,Tpole,4,4,PFM3T7T04,PFM3T7T04,58092.0
allsubs,0.99,TN_cort,MTL,4,4,PFM3T7T04,PFM3T7T04,55013.0
allsubs,0.99,TN_cort,PMN,4,4,PFM3T7T04,PFM3T7T04,57537.0
allsubs,0.99,TN_cort,PON,4,4,PFM3T7T04,PFM3T7T04,56563.0
allsubs,0.99,TN_cort,SCAN,4,4,PFM3T7T04,PFM3T7T04,57572.0
allsubs,0.99,FP_cort,DMN,4,4,PFM3T7T04,PFM3T7T04,197.0
allsubs,0.99,FP_cort,Vis,4,4,PFM3T7T04,PFM3T7T04,161.0
allsubs,0.99,FP_cort,FP,4,4,PFM3T7T04,PFM3T7T04,79.0
allsubs,0.99,FP_cort,DAN,4,4,PFM3T7T04,PFM3T7T04,447.0
allsubs,0.99,FP_cort,VAN,4,4,PFM3T7T04,PFM3T7T04,438.0
allsubs,0.99,FP_cort,Sal,4,4,PFM3T7T04,PFM3T7T04,413.0
allsubs,0.99,FP_cort,AMN,4,4,PFM3T7T04,PFM3T7T04,668.0
allsubs,0.99,FP_cort,SMd,4,4,PFM3T7T04,PFM3T7T04,1028.0
allsubs,0.99,FP_cort,SMl,4,4,PFM3T7T04,PFM3T7T04,215.0
allsubs,0.99,FP_cort,Aud,4,4,PFM3T7T04,PFM3T7T04,272.0
allsubs,0.99,FP_cort,Tpole,4,4,PFM3T7T04,PFM3T7T04,169.0
allsubs,0.99,FP_cort,MTL,4,4,PFM3T7T04,PFM3T7T04,113.0
allsubs,0.99,FP_cort,PMN,4,4,PFM3T7T04,PFM3T7T04,85.0
allsubs,0.99,FP_cort,PON,4,4,PFM3T7T04,PFM3T7T04,266.0
allsubs,0.99,FP_cort,SCAN,4,4,PFM3T7T04,PFM3T7T04,207.0
allsubs,0.99,FN_cort,DMN,4,4,PFM3T7T04,PFM3T7T04,1148.0
allsubs,0.99,FN_cort,Vis,4,4,PFM3T7T04,PFM3T7T04,1217.0
allsubs,0.99,FN_cort,FP,4,4,PFM3T7T04,PFM3T7T04,2144.0
allsubs,0.99,FN_cort,DAN,4,4,PFM3T7T04,PFM3T7T04,2755.0
allsubs,0.99,FN_cort,VAN,4,4,PFM3T7T04,PFM3T7T04,1223.0
allsubs,0.99,FN_cort,Sal,4,4,PFM3T7T04,PFM3T7T04,342.0
allsubs,0.99,FN_cort,AMN,4,4,PFM3T7T04,PFM3T7T04,2386.0
allsubs,0.99,FN_cort,SMd,4,4,PFM3T7T04,PFM3T7T04,434.0
allsubs,0.99,FN_cort,SMl,4,4,PFM3T7T04,PFM3T7T04,626.0
allsubs,0.99,FN_cort,Aud,4,4,PFM3T7T04,PFM3T7T04,770.0
allsubs,0.99,FN_cort,Tpole,4,4,PFM3T7T04,PFM3T7T04,759.0
allsubs,0.99,FN_cort,MTL,4,4,PFM3T7T04,PFM3T7T04,3136.0
allsubs,0.99,FN_cort,PMN,4,4,PFM3T7T04,PFM3T7T04,685.0
allsubs,0.99,FN_cort,PON,4,4,PFM3T7T04,PFM3T7T04,665.0
allsubs,0.99,FN_cort,SCAN,4,4,PFM3T7T04,PFM3T7T04,455.0
allsubs,0.99,TPR_cort,DMN,4,4,PFM3T7T04,PFM3T7T04,0.809555408095554
allsubs,0.99,TPR_cort,Vis,4,4,PFM3T7T04,PFM3T7T04,0.830548593706488
allsubs,0.99,TPR_cort,FP,4,4,PFM3T7T04,PFM3T7T04,0.703949185307926
allsubs,0.99,TPR_cort,DAN,4,4,PFM3T7T04,PFM3T7T04,0.521369006254343
allsubs,0.99,TPR_cort,VAN,4,4,PFM3T7T04,PFM3T7T04,0.698842649593696
allsubs,0.99,TPR_cort,Sal,4,4,PFM3T7T04,PFM3T7T04,0.773809523809524
allsubs,0.99,TPR_cort,AMN,4,4,PFM3T7T04,PFM3T7T04,0.721716818287847
allsubs,0.99,TPR_cort,SMd,4,4,PFM3T7T04,PFM3T7T04,0.832755298651252
allsubs,0.99,TPR_cort,SMl,4,4,PFM3T7T04,PFM3T7T04,0.673448095983307
allsubs,0.99,TPR_cort,Aud,4,4,PFM3T7T04,PFM3T7T04,0.75177304964539
allsubs,0.99,TPR_cort,Tpole,4,4,PFM3T7T04,PFM3T7T04,0.340573414422242
allsubs,0.99,TPR_cort,MTL,4,4,PFM3T7T04,PFM3T7T04,0.268315445636958
allsubs,0.99,TPR_cort,PMN,4,4,PFM3T7T04,PFM3T7T04,0.61731843575419
allsubs,0.99,TPR_cort,PON,4,4,PFM3T7T04,PFM3T7T04,0.742547425474255
allsubs,0.99,TPR_cort,SCAN,4,4,PFM3T7T04,PFM3T7T04,0.721371708511941
allsubs,0.99,TNR_cort,DMN,4,4,PFM3T7T04,PFM3T7T04,0.996309755732055
allsubs,0.99,TNR_cort,Vis,4,4,PFM3T7T04,PFM3T7T04,0.996917480375263
allsubs,0.99,TNR_cort,FP,4,4,PFM3T7T04,PFM3T7T04,0.998485719762315
allsubs,0.99,TNR_cort,DAN,4,4,PFM3T7T04,PFM3T7T04,0.991669151632623
allsubs,0.99,TNR_cort,VAN,4,4,PFM3T7T04,PFM3T7T04,0.992086863832632
allsubs,0.99,TNR_cort,Sal,4,4,PFM3T7T04,PFM3T7T04,0.99286701208981
allsubs,0.99,TNR_cort,AMN,4,4,PFM3T7T04,PFM3T7T04,0.986860222668083
allsubs,0.99,TNR_cort,SMd,4,4,PFM3T7T04,PFM3T7T04,0.981906823661932
allsubs,0.99,TNR_cort,SMl,4,4,PFM3T7T04,PFM3T7T04,0.996260544395165
allsubs,0.99,TNR_cort,Aud,4,4,PFM3T7T04,PFM3T7T04,0.995169596874445
allsubs,0.99,TNR_cort,Tpole,4,4,PFM3T7T04,PFM3T7T04,0.997099260225537
allsubs,0.99,TNR_cort,MTL,4,4,PFM3T7T04,PFM3T7T04,0.997950150564162
allsubs,0.99,TNR_cort,PMN,4,4,PFM3T7T04,PFM3T7T04,0.998524868973656
allsubs,0.99,TNR_cort,PON,4,4,PFM3T7T04,PFM3T7T04,0.995319291206954
allsubs,0.99,TNR_cort,SCAN,4,4,PFM3T7T04,PFM3T7T04,0.996417383478426
allsubs,0.99,FPR_cort,DMN,4,4,PFM3T7T04,PFM3T7T04,0.0036902442679454
allsubs,0.99,FPR_cort,Vis,4,4,PFM3T7T04,PFM3T7T04,0.0030825196247367
allsubs,0.99,FPR_cort,FP,4,4,PFM3T7T04,PFM3T7T04,0.0015142802376844
allsubs,0.99,FPR_cort,DAN,4,4,PFM3T7T04,PFM3T7T04,0.0083308483673773
allsubs,0.99,FPR_cort,VAN,4,4,PFM3T7T04,PFM3T7T04,0.0079131361673682
allsubs,0.99,FPR_cort,Sal,4,4,PFM3T7T04,PFM3T7T04,0.0071329879101899
allsubs,0.99,FPR_cort,AMN,4,4,PFM3T7T04,PFM3T7T04,0.0131397773319171
allsubs,0.99,FPR_cort,SMd,4,4,PFM3T7T04,PFM3T7T04,0.0180931763380678
allsubs,0.99,FPR_cort,SMl,4,4,PFM3T7T04,PFM3T7T04,0.0037394556048352
allsubs,0.99,FPR_cort,Aud,4,4,PFM3T7T04,PFM3T7T04,0.0048304031255549
allsubs,0.99,FPR_cort,Tpole,4,4,PFM3T7T04,PFM3T7T04,0.0029007397744631
allsubs,0.99,FPR_cort,MTL,4,4,PFM3T7T04,PFM3T7T04,0.0020498494358379
allsubs,0.99,FPR_cort,PMN,4,4,PFM3T7T04,PFM3T7T04,0.0014751310263441
allsubs,0.99,FPR_cort,PON,4,4,PFM3T7T04,PFM3T7T04,0.0046807087930458
allsubs,0.99,FPR_cort,SCAN,4,4,PFM3T7T04,PFM3T7T04,0.0035826165215735
allsubs,0.99,FNR_cort,DMN,4,4,PFM3T7T04,PFM3T7T04,0.190444591904446
allsubs,0.99,FNR_cort,Vis,4,4,PFM3T7T04,PFM3T7T04,0.169451406293512
allsubs,0.99,FNR_cort,FP,4,4,PFM3T7T04,PFM3T7T04,0.296050814692074
allsubs,0.99,FNR_cort,DAN,4,4,PFM3T7T04,PFM3T7T04,0.478630993745657
allsubs,0.99,FNR_cort,VAN,4,4,PFM3T7T04,PFM3T7T04,0.301157350406304
allsubs,0.99,FNR_cort,Sal,4,4,PFM3T7T04,PFM3T7T04,0.226190476190476
allsubs,0.99,FNR_cort,AMN,4,4,PFM3T7T04,PFM3T7T04,0.278283181712153
allsubs,0.99,FNR_cort,SMd,4,4,PFM3T7T04,PFM3T7T04,0.167244701348748
allsubs,0.99,FNR_cort,SMl,4,4,PFM3T7T04,PFM3T7T04,0.326551904016693
allsubs,0.99,FNR_cort,Aud,4,4,PFM3T7T04,PFM3T7T04,0.24822695035461
allsubs,0.99,FNR_cort,Tpole,4,4,PFM3T7T04,PFM3T7T04,0.659426585577758
allsubs,0.99,FNR_cort,MTL,4,4,PFM3T7T04,PFM3T7T04,0.731684554363042
allsubs,0.99,FNR_cort,PMN,4,4,PFM3T7T04,PFM3T7T04,0.38268156424581
allsubs,0.99,FNR_cort,PON,4,4,PFM3T7T04,PFM3T7T04,0.257452574525745
allsubs,0.99,FNR_cort,SCAN,4,4,PFM3T7T04,PFM3T7T04,0.278628291488059
allsubs,0.99,NPV_cort,DMN,4,4,PFM3T7T04,PFM3T7T04,0.978871813748045
allsubs,0.99,NPV_cort,Vis,4,4,PFM3T7T04,PFM3T7T04,0.977160980370078
allsubs,0.99,NPV_cort,FP,4,4,PFM3T7T04,PFM3T7T04,0.960468332257767
allsubs,0.99,NPV_cort,DAN,4,4,PFM3T7T04,PFM3T7T04,0.950771924808806
allsubs,0.99,NPV_cort,VAN,4,4,PFM3T7T04,PFM3T7T04,0.978213624055864
allsubs,0.99,NPV_cort,Sal,4,4,PFM3T7T04,PFM3T7T04,0.994086012208408
allsubs,0.99,NPV_cort,AMN,4,4,PFM3T7T04,PFM3T7T04,0.954600806758505
allsubs,0.99,NPV_cort,SMd,4,4,PFM3T7T04,PFM3T7T04,0.99228073919926
allsubs,0.99,NPV_cort,SMl,4,4,PFM3T7T04,PFM3T7T04,0.989189375885055
allsubs,0.99,NPV_cort,Aud,4,4,PFM3T7T04,PFM3T7T04,0.986445571046331
allsubs,0.99,NPV_cort,Tpole,4,4,PFM3T7T04,PFM3T7T04,0.987103022888311
allsubs,0.99,NPV_cort,MTL,4,4,PFM3T7T04,PFM3T7T04,0.946069579872397
allsubs,0.99,NPV_cort,PMN,4,4,PFM3T7T04,PFM3T7T04,0.988234687918656
allsubs,0.99,NPV_cort,PON,4,4,PFM3T7T04,PFM3T7T04,0.988379814077025
allsubs,0.99,NPV_cort,SCAN,4,4,PFM3T7T04,PFM3T7T04,0.992158822617058
allsubs,0.99,PPV_cort,DMN,4,4,PFM3T7T04,PFM3T7T04,0.961197557612763
allsubs,0.99,PPV_cort,Vis,4,4,PFM3T7T04,PFM3T7T04,0.973718576558929
allsubs,0.99,PPV_cort,FP,4,4,PFM3T7T04,PFM3T7T04,0.984740197025304
allsubs,0.99,PPV_cort,DAN,4,4,PFM3T7T04,PFM3T7T04,0.870359628770302
allsubs,0.99,PPV_cort,VAN,4,4,PFM3T7T04,PFM3T7T04,0.866300366300366
allsubs,0.99,PPV_cort,Sal,4,4,PFM3T7T04,PFM3T7T04,0.739102969046115
allsubs,0.99,PPV_cort,AMN,4,4,PFM3T7T04,PFM3T7T04,0.902567094515753
allsubs,0.99,PPV_cort,SMd,4,4,PFM3T7T04,PFM3T7T04,0.677641894010662
allsubs,0.99,PPV_cort,SMl,4,4,PFM3T7T04,PFM3T7T04,0.857237715803453
allsubs,0.99,PPV_cort,Aud,4,4,PFM3T7T04,PFM3T7T04,0.895545314900154
allsubs,0.99,PPV_cort,Tpole,4,4,PFM3T7T04,PFM3T7T04,0.698752228163993
allsubs,0.99,PPV_cort,MTL,4,4,PFM3T7T04,PFM3T7T04,0.910530482977039
allsubs,0.99,PPV_cort,PMN,4,4,PFM3T7T04,PFM3T7T04,0.928571428571429
allsubs,0.99,PPV_cort,PON,4,4,PFM3T7T04,PFM3T7T04,0.878205128205128
allsubs,0.99,PPV_cort,SCAN,4,4,PFM3T7T04,PFM3T7T04,0.850541516245487
allsubs,0.99,PPVcorr_Jeffreys_cort,DMN,4,4,PFM3T7T04,PFM3T7T04,0.912250431353217
allsubs,0.99,PPVcorr_Jeffreys_cort,Vis,4,4,PFM3T7T04,PFM3T7T04,0.924008649659566
allsubs,0.99,PPVcorr_Jeffreys_cort,FP,4,4,PFM3T7T04,PFM3T7T04,0.925252491018776
allsubs,0.99,PPVcorr_Jeffreys_cort,DAN,4,4,PFM3T7T04,PFM3T7T04,0.817377472909832
allsubs,0.99,PPVcorr_Jeffreys_cort,VAN,4,4,PFM3T7T04,PFM3T7T04,0.825900980418783
allsubs,0.99,PPVcorr_Jeffreys_cort,Sal,4,4,PFM3T7T04,PFM3T7T04,0.718256256487141
allsubs,0.99,PPVcorr_Jeffreys_cort,AMN,4,4,PFM3T7T04,PFM3T7T04,0.857818860684004
allsubs,0.99,PPVcorr_Jeffreys_cort,SMd,4,4,PFM3T7T04,PFM3T7T04,0.664274322169059
allsubs,0.99,PPVcorr_Jeffreys_cort,SMl,4,4,PFM3T7T04,PFM3T7T04,0.816899334393591
allsubs,0.99,PPVcorr_Jeffreys_cort,Aud,4,4,PFM3T7T04,PFM3T7T04,0.853441767895134
allsubs,0.99,PPVcorr_Jeffreys_cort,Tpole,4,4,PFM3T7T04,PFM3T7T04,0.664916432480402
allsubs,0.99,PPVcorr_Jeffreys_cort,MTL,4,4,PFM3T7T04,PFM3T7T04,0.806514542445023
allsubs,0.99,PPVcorr_Jeffreys_cort,PMN,4,4,PFM3T7T04,PFM3T7T04,0.872534696859021
allsubs,0.99,PPVcorr_Jeffreys_cort,PON,4,4,PFM3T7T04,PFM3T7T04,0.838205789624534
allsubs,0.99,PPVcorr_Jeffreys_cort,SCAN,4,4,PFM3T7T04,PFM3T7T04,0.813569721630175
allsubs,0.99,PPVcorr_d1d2_cort,DMN,4,4,PFM3T7T04,PFM3T7T04,0.958811051195874
allsubs,0.99,PPVcorr_d1d2_cort,Vis,4,4,PFM3T7T04,PFM3T7T04,0.971703320181509
allsubs,0.99,PPVcorr_d1d2_cort,FP,4,4,PFM3T7T04,PFM3T7T04,0.979535008982485
allsubs,0.99,PPVcorr_d1d2_cort,DAN,4,4,PFM3T7T04,PFM3T7T04,0.862609949342189
allsubs,0.99,PPVcorr_d1d2_cort,VAN,4,4,PFM3T7T04,PFM3T7T04,0.864426942779702
allsubs,0.99,PPVcorr_d1d2_cort,Sal,4,4,PFM3T7T04,PFM3T7T04,0.757242142040242
allsubs,0.99,PPVcorr_d1d2_cort,AMN,4,4,PFM3T7T04,PFM3T7T04,0.901029564160314
allsubs,0.99,PPVcorr_d1d2_cort,SMd,4,4,PFM3T7T04,PFM3T7T04,0.694343517753922
allsubs,0.99,PPVcorr_d1d2_cort,SMl,4,4,PFM3T7T04,PFM3T7T04,0.852557716484901
allsubs,0.99,PPVcorr_d1d2_cort,Aud,4,4,PFM3T7T04,PFM3T7T04,0.893325634525933
allsubs,0.99,PPVcorr_d1d2_cort,Tpole,4,4,PFM3T7T04,PFM3T7T04,0.666526020982674
allsubs,0.99,PPVcorr_d1d2_cort,MTL,4,4,PFM3T7T04,PFM3T7T04,0.865079204885852
allsubs,0.99,PPVcorr_d1d2_cort,PMN,4,4,PFM3T7T04,PFM3T7T04,0.90780824703902
allsubs,0.99,PPVcorr_d1d2_cort,PON,4,4,PFM3T7T04,PFM3T7T04,0.876609560406326
allsubs,0.99,PPVcorr_d1d2_cort,SCAN,4,4,PFM3T7T04,PFM3T7T04,0.850143490706072
allsubs,0.99,PPVcorr_bayes_cort,DMN,4,4,PFM3T7T04,PFM3T7T04,0.954446592556791
allsubs,0.99,PPVcorr_bayes_cort,Vis,4,4,PFM3T7T04,PFM3T7T04,0.966960114706835
allsubs,0.99,PPVcorr_bayes_cort,FP,4,4,PFM3T7T04,PFM3T7T04,0.967013230808108
allsubs,0.99,PPVcorr_bayes_cort,DAN,4,4,PFM3T7T04,PFM3T7T04,0.849363091415115
allsubs,0.99,PPVcorr_bayes_cort,VAN,4,4,PFM3T7T04,PFM3T7T04,0.86271748969124
allsubs,0.99,PPVcorr_bayes_cort,Sal,4,4,PFM3T7T04,PFM3T7T04,0.752982646420824
allsubs,0.99,PPVcorr_bayes_cort,AMN,4,4,PFM3T7T04,PFM3T7T04,0.896454698930782
allsubs,0.99,PPVcorr_bayes_cort,SMd,4,4,PFM3T7T04,PFM3T7T04,0.699133970931546
allsubs,0.99,PPVcorr_bayes_cort,SMl,4,4,PFM3T7T04,PFM3T7T04,0.852731072776617
allsubs,0.99,PPVcorr_bayes_cort,Aud,4,4,PFM3T7T04,PFM3T7T04,0.892250280786928
allsubs,0.99,PPVcorr_bayes_cort,Tpole,4,4,PFM3T7T04,PFM3T7T04,0.678799128399645
allsubs,0.99,PPVcorr_bayes_cort,MTL,4,4,PFM3T7T04,PFM3T7T04,0.820976797673003
allsubs,0.99,PPVcorr_bayes_cort,PMN,4,4,PFM3T7T04,PFM3T7T04,0.909800859039438
allsubs,0.99,PPVcorr_bayes_cort,PON,4,4,PFM3T7T04,PFM3T7T04,0.87621804982391
allsubs,0.99,PPVcorr_bayes_cort,SCAN,4,4,PFM3T7T04,PFM3T7T04,0.850168636936599
allsubs,0.99,MCC_cort,DMN,4,4,PFM3T7T04,PFM3T7T04,0.870384488580187
allsubs,0.99,MCC_cort,Vis,4,4,PFM3T7T04,PFM3T7T04,0.887029071618648
allsubs,0.99,MCC_cort,FP,4,4,PFM3T7T04,PFM3T7T04,0.814829714442556
allsubs,0.99,MCC_cort,DAN,4,4,PFM3T7T04,PFM3T7T04,0.649054558285425
allsubs,0.99,MCC_cort,VAN,4,4,PFM3T7T04,PFM3T7T04,0.763871481624073
allsubs,0.99,MCC_cort,Sal,4,4,PFM3T7T04,PFM3T7T04,0.749745815798781
allsubs,0.99,MCC_cort,AMN,4,4,PFM3T7T04,PFM3T7T04,0.779339139968806
allsubs,0.99,MCC_cort,SMd,4,4,PFM3T7T04,PFM3T7T04,0.738756112770941
allsubs,0.99,MCC_cort,SMl,4,4,PFM3T7T04,PFM3T7T04,0.75290074827577
allsubs,0.99,MCC_cort,Aud,4,4,PFM3T7T04,PFM3T7T04,0.811662865083306
allsubs,0.99,MCC_cort,Tpole,4,4,PFM3T7T04,PFM3T7T04,0.481242742328708
allsubs,0.99,MCC_cort,MTL,4,4,PFM3T7T04,PFM3T7T04,0.477580492106327
allsubs,0.99,MCC_cort,PMN,4,4,PFM3T7T04,PFM3T7T04,0.751404623737408
allsubs,0.99,MCC_cort,PON,4,4,PFM3T7T04,PFM3T7T04,0.799640035320336
allsubs,0.99,MCC_cort,SCAN,4,4,PFM3T7T04,PFM3T7T04,0.777741030840036
allsubs,0.99,muI_cort,WholeBrainOrSingleVal,4,4,PFM3T7T04,PFM3T7T04,2.9983808800035
allsubs,0.99,VIn_cort,WholeBrainOrSingleVal,4,4,PFM3T7T04,PFM3T7T04,0.0800818530183709
allsubs,0.99,MIn_cort,WholeBrainOrSingleVal,4,4,PFM3T7T04,PFM3T7T04,0.828771485796224
