Subject,Threshold,Metric,Network,SubjIndex_Exp,SubjIndex_Ref,SubjectID_Exp,SubjectID_Ref,Value
allsubs,0.99,DC_cort,DMN,1,1,PFM3T7T01,PFM3T7T01,0.474867843383209
allsubs,0.99,DC_cort,Vis,1,1,PFM3T7T01,PFM3T7T01,0.816510802966785
allsubs,0.99,DC_cort,FP,1,1,PFM3T7T01,PFM3T7T01,0.678604365201353
allsubs,0.99,DC_cort,DAN,1,1,PFM3T7T01,PFM3T7T01,0.229607250755287
allsubs,0.99,DC_cort,VAN,1,1,PFM3T7T01,PFM3T7T01,0.315755208333333
allsubs,0.99,DC_cort,Sal,1,1,PFM3T7T01,PFM3T7T01,0.412256267409471
allsubs,0.99,DC_cort,AMN,1,1,PFM3T7T01,PFM3T7T01,0.650203236444513
allsubs,0.99,DC_cort,SMd,1,1,PFM3T7T01,PFM3T7T01,0.0816591056383668
allsubs,0.99,DC_cort,SMl,1,1,PFM3T7T01,PFM3T7T01,0.422731804586241
allsubs,0.99,DC_cort,Aud,1,1,PFM3T7T01,PFM3T7T01,0.0565015479876161
allsubs,0.99,DC_cort,Tpole,1,1,PFM3T7T01,PFM3T7T01,0.0520446096654275
allsubs,0.99,DC_cort,MTL,1,1,PFM3T7T01,PFM3T7T01,0.0335932813437313
allsubs,0.99,DC_cort,PMN,1,1,PFM3T7T01,PFM3T7T01,0.540727902946274
allsubs,0.99,DC_cort,PON,1,1,PFM3T7T01,PFM3T7T01,0.212830957230143
allsubs,0.99,DC_cort,SCAN,1,1,PFM3T7T01,PFM3T7T01,0.285334514842712
allsubs,0.99,cDC_cort,DMN,1,1,PFM3T7T01,PFM3T7T01,0.474867843383209
allsubs,0.99,cDC_cort,Vis,1,1,PFM3T7T01,PFM3T7T01,0.816510802966785
allsubs,0.99,cDC_cort,FP,1,1,PFM3T7T01,PFM3T7T01,0.678604365201353
allsubs,0.99,cDC_cort,DAN,1,1,PFM3T7T01,PFM3T7T01,0.229607250755287
allsubs,0.99,cDC_cort,VAN,1,1,PFM3T7T01,PFM3T7T01,0.315755208333333
allsubs,0.99,cDC_cort,Sal,1,1,PFM3T7T01,PFM3T7T01,0.412256267409471
allsubs,0.99,cDC_cort,AMN,1,1,PFM3T7T01,PFM3T7T01,0.650203236444513
allsubs,0.99,cDC_cort,SMd,1,1,PFM3T7T01,PFM3T7T01,0.0816591056383668
allsubs,0.99,cDC_cort,SMl,1,1,PFM3T7T01,PFM3T7T01,0.422731804586241
allsubs,0.99,cDC_cort,Aud,1,1,PFM3T7T01,PFM3T7T01,0.0565015479876161
allsubs,0.99,cDC_cort,Tpole,1,1,PFM3T7T01,PFM3T7T01,0.0520446096654275
allsubs,0.99,cDC_cort,MTL,1,1,PFM3T7T01,PFM3T7T01,0.0335932813437313
allsubs,0.99,cDC_cort,PMN,1,1,PFM3T7T01,PFM3T7T01,0.540727902946274
allsubs,0.99,cDC_cort,PON,1,1,PFM3T7T01,PFM3T7T01,0.212830957230143
allsubs,0.99,cDC_cort,SCAN,1,1,PFM3T7T01,PFM3T7T01,0.285334514842712
allsubs,0.99,TP_cort,DMN,1,1,PFM3T7T01,PFM3T7T01,2650.0
allsubs,0.99,TP_cort,Vis,1,1,PFM3T7T01,PFM3T7T01,5064.0
allsubs,0.99,TP_cort,FP,1,1,PFM3T7T01,PFM3T7T01,4415.0
allsubs,0.99,TP_cort,DAN,1,1,PFM3T7T01,PFM3T7T01,950.0
allsubs,0.99,TP_cort,VAN,1,1,PFM3T7T01,PFM3T7T01,485.0
allsubs,0.99,TP_cort,Sal,1,1,PFM3T7T01,PFM3T7T01,444.0
allsubs,0.99,TP_cort,AMN,1,1,PFM3T7T01,PFM3T7T01,4239.0
allsubs,0.99,TP_cort,SMd,1,1,PFM3T7T01,PFM3T7T01,126.0
allsubs,0.99,TP_cort,SMl,1,1,PFM3T7T01,PFM3T7T01,636.0
allsubs,0.99,TP_cort,Aud,1,1,PFM3T7T01,PFM3T7T01,146.0
allsubs,0.99,TP_cort,Tpole,1,1,PFM3T7T01,PFM3T7T01,14.0
allsubs,0.99,TP_cort,MTL,1,1,PFM3T7T01,PFM3T7T01,56.0
allsubs,0.99,TP_cort,PMN,1,1,PFM3T7T01,PFM3T7T01,780.0
allsubs,0.99,TP_cort,PON,1,1,PFM3T7T01,PFM3T7T01,209.0
allsubs,0.99,TP_cort,SCAN,1,1,PFM3T7T01,PFM3T7T01,322.0
allsubs,0.99,TN_cort,DMN,1,1,PFM3T7T01,PFM3T7T01,50901.0
allsubs,0.99,TN_cort,Vis,1,1,PFM3T7T01,PFM3T7T01,52072.0
allsubs,0.99,TN_cort,FP,1,1,PFM3T7T01,PFM3T7T01,50815.0
allsubs,0.99,TN_cort,DAN,1,1,PFM3T7T01,PFM3T7T01,52087.0
allsubs,0.99,TN_cort,VAN,1,1,PFM3T7T01,PFM3T7T01,56825.0
allsubs,0.99,TN_cort,Sal,1,1,PFM3T7T01,PFM3T7T01,57702.0
allsubs,0.99,TN_cort,AMN,1,1,PFM3T7T01,PFM3T7T01,50612.0
allsubs,0.99,TN_cort,SMd,1,1,PFM3T7T01,PFM3T7T01,56452.0
allsubs,0.99,TN_cort,SMl,1,1,PFM3T7T01,PFM3T7T01,57039.0
allsubs,0.99,TN_cort,Aud,1,1,PFM3T7T01,PFM3T7T01,54390.0
allsubs,0.99,TN_cort,Tpole,1,1,PFM3T7T01,PFM3T7T01,58888.0
allsubs,0.99,TN_cort,MTL,1,1,PFM3T7T01,PFM3T7T01,56134.0
allsubs,0.99,TN_cort,PMN,1,1,PFM3T7T01,PFM3T7T01,57307.0
allsubs,0.99,TN_cort,PON,1,1,PFM3T7T01,PFM3T7T01,57657.0
allsubs,0.99,TN_cort,SCAN,1,1,PFM3T7T01,PFM3T7T01,57477.0
allsubs,0.99,FP_cort,DMN,1,1,PFM3T7T01,PFM3T7T01,185.0
allsubs,0.99,FP_cort,Vis,1,1,PFM3T7T01,PFM3T7T01,128.0
allsubs,0.99,FP_cort,FP,1,1,PFM3T7T01,PFM3T7T01,1202.0
allsubs,0.99,FP_cort,DAN,1,1,PFM3T7T01,PFM3T7T01,15.0
allsubs,0.99,FP_cort,VAN,1,1,PFM3T7T01,PFM3T7T01,69.0
allsubs,0.99,FP_cort,Sal,1,1,PFM3T7T01,PFM3T7T01,89.0
allsubs,0.99,FP_cort,AMN,1,1,PFM3T7T01,PFM3T7T01,3263.0
allsubs,0.99,FP_cort,SMd,1,1,PFM3T7T01,PFM3T7T01,0.0
allsubs,0.99,FP_cort,SMl,1,1,PFM3T7T01,PFM3T7T01,150.0
allsubs,0.99,FP_cort,Aud,1,1,PFM3T7T01,PFM3T7T01,8.0
allsubs,0.99,FP_cort,Tpole,1,1,PFM3T7T01,PFM3T7T01,16.0
allsubs,0.99,FP_cort,MTL,1,1,PFM3T7T01,PFM3T7T01,0.0
allsubs,0.99,FP_cort,PMN,1,1,PFM3T7T01,PFM3T7T01,231.0
allsubs,0.99,FP_cort,PON,1,1,PFM3T7T01,PFM3T7T01,13.0
allsubs,0.99,FP_cort,SCAN,1,1,PFM3T7T01,PFM3T7T01,41.0
allsubs,0.99,FN_cort,DMN,1,1,PFM3T7T01,PFM3T7T01,5676.0
allsubs,0.99,FN_cort,Vis,1,1,PFM3T7T01,PFM3T7T01,2148.0
allsubs,0.99,FN_cort,FP,1,1,PFM3T7T01,PFM3T7T01,2980.0
allsubs,0.99,FN_cort,DAN,1,1,PFM3T7T01,PFM3T7T01,6360.0
allsubs,0.99,FN_cort,VAN,1,1,PFM3T7T01,PFM3T7T01,2033.0
allsubs,0.99,FN_cort,Sal,1,1,PFM3T7T01,PFM3T7T01,1177.0
allsubs,0.99,FN_cort,AMN,1,1,PFM3T7T01,PFM3T7T01,1298.0
allsubs,0.99,FN_cort,SMd,1,1,PFM3T7T01,PFM3T7T01,2834.0
allsubs,0.99,FN_cort,SMl,1,1,PFM3T7T01,PFM3T7T01,1587.0
allsubs,0.99,FN_cort,Aud,1,1,PFM3T7T01,PFM3T7T01,4868.0
allsubs,0.99,FN_cort,Tpole,1,1,PFM3T7T01,PFM3T7T01,494.0
allsubs,0.99,FN_cort,MTL,1,1,PFM3T7T01,PFM3T7T01,3222.0
allsubs,0.99,FN_cort,PMN,1,1,PFM3T7T01,PFM3T7T01,1094.0
allsubs,0.99,FN_cort,PON,1,1,PFM3T7T01,PFM3T7T01,1533.0
allsubs,0.99,FN_cort,SCAN,1,1,PFM3T7T01,PFM3T7T01,1572.0
allsubs,0.99,TPR_cort,DMN,1,1,PFM3T7T01,PFM3T7T01,0.318280086476099
allsubs,0.99,TPR_cort,Vis,1,1,PFM3T7T01,PFM3T7T01,0.70216306156406
allsubs,0.99,TPR_cort,FP,1,1,PFM3T7T01,PFM3T7T01,0.597025016903313
allsubs,0.99,TPR_cort,DAN,1,1,PFM3T7T01,PFM3T7T01,0.129958960328317
allsubs,0.99,TPR_cort,VAN,1,1,PFM3T7T01,PFM3T7T01,0.192613185067514
allsubs,0.99,TPR_cort,Sal,1,1,PFM3T7T01,PFM3T7T01,0.273904996915484
allsubs,0.99,TPR_cort,AMN,1,1,PFM3T7T01,PFM3T7T01,0.765577027271085
allsubs,0.99,TPR_cort,SMd,1,1,PFM3T7T01,PFM3T7T01,0.0425675675675676
allsubs,0.99,TPR_cort,SMl,1,1,PFM3T7T01,PFM3T7T01,0.286099865047233
allsubs,0.99,TPR_cort,Aud,1,1,PFM3T7T01,PFM3T7T01,0.0291184682887914
allsubs,0.99,TPR_cort,Tpole,1,1,PFM3T7T01,PFM3T7T01,0.0275590551181102
allsubs,0.99,TPR_cort,MTL,1,1,PFM3T7T01,PFM3T7T01,0.0170835875533862
allsubs,0.99,TPR_cort,PMN,1,1,PFM3T7T01,PFM3T7T01,0.416221985058698
allsubs,0.99,TPR_cort,PON,1,1,PFM3T7T01,PFM3T7T01,0.119977037887486
allsubs,0.99,TPR_cort,SCAN,1,1,PFM3T7T01,PFM3T7T01,0.170010559662091
allsubs,0.99,TNR_cort,DMN,1,1,PFM3T7T01,PFM3T7T01,0.99637865560036
allsubs,0.99,TNR_cort,Vis,1,1,PFM3T7T01,PFM3T7T01,0.997547892720307
allsubs,0.99,TNR_cort,FP,1,1,PFM3T7T01,PFM3T7T01,0.976892169867543
allsubs,0.99,TNR_cort,DAN,1,1,PFM3T7T01,PFM3T7T01,0.999712103182219
allsubs,0.99,TNR_cort,VAN,1,1,PFM3T7T01,PFM3T7T01,0.998787218335853
allsubs,0.99,TNR_cort,Sal,1,1,PFM3T7T01,PFM3T7T01,0.998459967815058
allsubs,0.99,TNR_cort,AMN,1,1,PFM3T7T01,PFM3T7T01,0.939433874709977
allsubs,0.99,TNR_cort,SMd,1,1,PFM3T7T01,PFM3T7T01,1.0
allsubs,0.99,TNR_cort,SMl,1,1,PFM3T7T01,PFM3T7T01,0.997377117977233
allsubs,0.99,TNR_cort,Aud,1,1,PFM3T7T01,PFM3T7T01,0.999852935769697
allsubs,0.99,TNR_cort,Tpole,1,1,PFM3T7T01,PFM3T7T01,0.999728371587668
allsubs,0.99,TNR_cort,MTL,1,1,PFM3T7T01,PFM3T7T01,1.0
allsubs,0.99,TNR_cort,PMN,1,1,PFM3T7T01,PFM3T7T01,0.995985261913866
allsubs,0.99,TNR_cort,PON,1,1,PFM3T7T01,PFM3T7T01,0.999774579504075
allsubs,0.99,TNR_cort,SCAN,1,1,PFM3T7T01,PFM3T7T01,0.999287179665496
allsubs,0.99,FPR_cort,DMN,1,1,PFM3T7T01,PFM3T7T01,0.0036213443996398
allsubs,0.99,FPR_cort,Vis,1,1,PFM3T7T01,PFM3T7T01,0.0024521072796934
allsubs,0.99,FPR_cort,FP,1,1,PFM3T7T01,PFM3T7T01,0.0231078301324567
allsubs,0.99,FPR_cort,DAN,1,1,PFM3T7T01,PFM3T7T01,0.0002878968177805
allsubs,0.99,FPR_cort,VAN,1,1,PFM3T7T01,PFM3T7T01,0.0012127816641473
allsubs,0.99,FPR_cort,Sal,1,1,PFM3T7T01,PFM3T7T01,0.0015400321849422
allsubs,0.99,FPR_cort,AMN,1,1,PFM3T7T01,PFM3T7T01,0.0605661252900232
allsubs,0.99,FPR_cort,SMd,1,1,PFM3T7T01,PFM3T7T01,0.0
allsubs,0.99,FPR_cort,SMl,1,1,PFM3T7T01,PFM3T7T01,0.0026228820227666
allsubs,0.99,FPR_cort,Aud,1,1,PFM3T7T01,PFM3T7T01,0.0001470642303025
allsubs,0.99,FPR_cort,Tpole,1,1,PFM3T7T01,PFM3T7T01,0.0002716284123319
allsubs,0.99,FPR_cort,MTL,1,1,PFM3T7T01,PFM3T7T01,0.0
allsubs,0.99,FPR_cort,PMN,1,1,PFM3T7T01,PFM3T7T01,0.0040147380861343
allsubs,0.99,FPR_cort,PON,1,1,PFM3T7T01,PFM3T7T01,0.000225420495925
allsubs,0.99,FPR_cort,SCAN,1,1,PFM3T7T01,PFM3T7T01,0.0007128203345039
allsubs,0.99,FNR_cort,DMN,1,1,PFM3T7T01,PFM3T7T01,0.681719913523901
allsubs,0.99,FNR_cort,Vis,1,1,PFM3T7T01,PFM3T7T01,0.29783693843594
allsubs,0.99,FNR_cort,FP,1,1,PFM3T7T01,PFM3T7T01,0.402974983096687
allsubs,0.99,FNR_cort,DAN,1,1,PFM3T7T01,PFM3T7T01,0.870041039671683
allsubs,0.99,FNR_cort,VAN,1,1,PFM3T7T01,PFM3T7T01,0.807386814932486
allsubs,0.99,FNR_cort,Sal,1,1,PFM3T7T01,PFM3T7T01,0.726095003084516
allsubs,0.99,FNR_cort,AMN,1,1,PFM3T7T01,PFM3T7T01,0.234422972728915
allsubs,0.99,FNR_cort,SMd,1,1,PFM3T7T01,PFM3T7T01,0.957432432432432
allsubs,0.99,FNR_cort,SMl,1,1,PFM3T7T01,PFM3T7T01,0.713900134952766
allsubs,0.99,FNR_cort,Aud,1,1,PFM3T7T01,PFM3T7T01,0.970881531711209
allsubs,0.99,FNR_cort,Tpole,1,1,PFM3T7T01,PFM3T7T01,0.97244094488189
allsubs,0.99,FNR_cort,MTL,1,1,PFM3T7T01,PFM3T7T01,0.982916412446614
allsubs,0.99,FNR_cort,PMN,1,1,PFM3T7T01,PFM3T7T01,0.583778014941302
allsubs,0.99,FNR_cort,PON,1,1,PFM3T7T01,PFM3T7T01,0.880022962112514
allsubs,0.99,FNR_cort,SCAN,1,1,PFM3T7T01,PFM3T7T01,0.829989440337909
allsubs,0.99,NPV_cort,DMN,1,1,PFM3T7T01,PFM3T7T01,0.899676547006734
allsubs,0.99,NPV_cort,Vis,1,1,PFM3T7T01,PFM3T7T01,0.960383622279602
allsubs,0.99,NPV_cort,FP,1,1,PFM3T7T01,PFM3T7T01,0.944604517148434
allsubs,0.99,NPV_cort,DAN,1,1,PFM3T7T01,PFM3T7T01,0.891183465361781
allsubs,0.99,NPV_cort,VAN,1,1,PFM3T7T01,PFM3T7T01,0.965459240884841
allsubs,0.99,NPV_cort,Sal,1,1,PFM3T7T01,PFM3T7T01,0.98000985071078
allsubs,0.99,NPV_cort,AMN,1,1,PFM3T7T01,PFM3T7T01,0.97499518397226
allsubs,0.99,NPV_cort,SMd,1,1,PFM3T7T01,PFM3T7T01,0.952197820733394
allsubs,0.99,NPV_cort,SMl,1,1,PFM3T7T01,PFM3T7T01,0.97293009927336
allsubs,0.99,NPV_cort,Aud,1,1,PFM3T7T01,PFM3T7T01,0.917850754328529
allsubs,0.99,NPV_cort,Tpole,1,1,PFM3T7T01,PFM3T7T01,0.991680980768583
allsubs,0.99,NPV_cort,MTL,1,1,PFM3T7T01,PFM3T7T01,0.945717366399353
allsubs,0.99,NPV_cort,PMN,1,1,PFM3T7T01,PFM3T7T01,0.981267444050616
allsubs,0.99,NPV_cort,PON,1,1,PFM3T7T01,PFM3T7T01,0.97410035478966
allsubs,0.99,NPV_cort,SCAN,1,1,PFM3T7T01,PFM3T7T01,0.973378041965148
allsubs,0.99,PPV_cort,DMN,1,1,PFM3T7T01,PFM3T7T01,0.934744268077601
allsubs,0.99,PPV_cort,Vis,1,1,PFM3T7T01,PFM3T7T01,0.975346687211094
allsubs,0.99,PPV_cort,FP,1,1,PFM3T7T01,PFM3T7T01,0.786006765177141
allsubs,0.99,PPV_cort,DAN,1,1,PFM3T7T01,PFM3T7T01,0.984455958549223
allsubs,0.99,PPV_cort,VAN,1,1,PFM3T7T01,PFM3T7T01,0.875451263537906
allsubs,0.99,PPV_cort,Sal,1,1,PFM3T7T01,PFM3T7T01,0.833020637898687
allsubs,0.99,PPV_cort,AMN,1,1,PFM3T7T01,PFM3T7T01,0.565049320181285
allsubs,0.99,PPV_cort,SMd,1,1,PFM3T7T01,PFM3T7T01,1.0
allsubs,0.99,PPV_cort,SMl,1,1,PFM3T7T01,PFM3T7T01,0.809160305343511
allsubs,0.99,PPV_cort,Aud,1,1,PFM3T7T01,PFM3T7T01,0.948051948051948
allsubs,0.99,PPV_cort,Tpole,1,1,PFM3T7T01,PFM3T7T01,0.466666666666667
allsubs,0.99,PPV_cort,MTL,1,1,PFM3T7T01,PFM3T7T01,1.0
allsubs,0.99,PPV_cort,PMN,1,1,PFM3T7T01,PFM3T7T01,0.771513353115727
allsubs,0.99,PPV_cort,PON,1,1,PFM3T7T01,PFM3T7T01,0.941441441441441
allsubs,0.99,PPV_cort,SCAN,1,1,PFM3T7T01,PFM3T7T01,0.887052341597796
allsubs,0.99,PPVcorr_Jeffreys_cort,DMN,1,1,PFM3T7T01,PFM3T7T01,0.836050823426764
allsubs,0.99,PPVcorr_Jeffreys_cort,Vis,1,1,PFM3T7T01,PFM3T7T01,0.917371304877224
allsubs,0.99,PPVcorr_Jeffreys_cort,FP,1,1,PFM3T7T01,PFM3T7T01,0.752733422480925
allsubs,0.99,PPVcorr_Jeffreys_cort,DAN,1,1,PFM3T7T01,PFM3T7T01,0.77564858490566
allsubs,0.99,PPVcorr_Jeffreys_cort,VAN,1,1,PFM3T7T01,PFM3T7T01,0.758128567882849
allsubs,0.99,PPVcorr_Jeffreys_cort,Sal,1,1,PFM3T7T01,PFM3T7T01,0.755358941159545
allsubs,0.99,PPVcorr_Jeffreys_cort,AMN,1,1,PFM3T7T01,PFM3T7T01,0.560578224114602
allsubs,0.99,PPVcorr_Jeffreys_cort,SMd,1,1,PFM3T7T01,PFM3T7T01,0.649289099526066
allsubs,0.99,PPVcorr_Jeffreys_cort,SMl,1,1,PFM3T7T01,PFM3T7T01,0.740999702469503
allsubs,0.99,PPVcorr_Jeffreys_cort,Aud,1,1,PFM3T7T01,PFM3T7T01,0.605279218797681
allsubs,0.99,PPVcorr_Jeffreys_cort,Tpole,1,1,PFM3T7T01,PFM3T7T01,0.487623762376238
allsubs,0.99,PPVcorr_Jeffreys_cort,MTL,1,1,PFM3T7T01,PFM3T7T01,0.572954663887441
allsubs,0.99,PPVcorr_Jeffreys_cort,PMN,1,1,PFM3T7T01,PFM3T7T01,0.729055407209613
allsubs,0.99,PPVcorr_Jeffreys_cort,PON,1,1,PFM3T7T01,PFM3T7T01,0.747349823321555
allsubs,0.99,PPVcorr_Jeffreys_cort,SCAN,1,1,PFM3T7T01,PFM3T7T01,0.754344677769732
allsubs,0.99,PPVcorr_d1d2_cort,DMN,1,1,PFM3T7T01,PFM3T7T01,0.914356254757593
allsubs,0.99,PPVcorr_d1d2_cort,Vis,1,1,PFM3T7T01,PFM3T7T01,0.970430970319531
allsubs,0.99,PPVcorr_d1d2_cort,FP,1,1,PFM3T7T01,PFM3T7T01,0.785494355984364
allsubs,0.99,PPVcorr_d1d2_cort,DAN,1,1,PFM3T7T01,PFM3T7T01,0.90403479774038
allsubs,0.99,PPVcorr_d1d2_cort,VAN,1,1,PFM3T7T01,PFM3T7T01,0.774811585591376
allsubs,0.99,PPVcorr_d1d2_cort,Sal,1,1,PFM3T7T01,PFM3T7T01,0.75296677869524
allsubs,0.99,PPVcorr_d1d2_cort,AMN,1,1,PFM3T7T01,PFM3T7T01,0.575429242627366
allsubs,0.99,PPVcorr_d1d2_cort,SMd,1,1,PFM3T7T01,PFM3T7T01,0.57602095487558
allsubs,0.99,PPVcorr_d1d2_cort,SMl,1,1,PFM3T7T01,PFM3T7T01,0.757449407927068
allsubs,0.99,PPVcorr_d1d2_cort,Aud,1,1,PFM3T7T01,PFM3T7T01,0.586554510116771
allsubs,0.99,PPVcorr_d1d2_cort,Tpole,1,1,PFM3T7T01,PFM3T7T01,0.155767265733005
allsubs,0.99,PPVcorr_d1d2_cort,MTL,1,1,PFM3T7T01,PFM3T7T01,0.370753877422539
allsubs,0.99,PPVcorr_d1d2_cort,PMN,1,1,PFM3T7T01,PFM3T7T01,0.750403572552844
allsubs,0.99,PPVcorr_d1d2_cort,PON,1,1,PFM3T7T01,PFM3T7T01,0.688061834196486
allsubs,0.99,PPVcorr_d1d2_cort,SCAN,1,1,PFM3T7T01,PFM3T7T01,0.736348678221607
allsubs,0.99,PPVcorr_bayes_cort,DMN,1,1,PFM3T7T01,PFM3T7T01,0.85854625957015
allsubs,0.99,PPVcorr_bayes_cort,Vis,1,1,PFM3T7T01,PFM3T7T01,0.958675453759723
allsubs,0.99,PPVcorr_bayes_cort,FP,1,1,PFM3T7T01,PFM3T7T01,0.784326332929732
allsubs,0.99,PPVcorr_bayes_cort,DAN,1,1,PFM3T7T01,PFM3T7T01,0.75009387908374
allsubs,0.99,PPVcorr_bayes_cort,VAN,1,1,PFM3T7T01,PFM3T7T01,0.753708327213982
allsubs,0.99,PPVcorr_bayes_cort,Sal,1,1,PFM3T7T01,PFM3T7T01,0.766035281684416
allsubs,0.99,PPVcorr_bayes_cort,AMN,1,1,PFM3T7T01,PFM3T7T01,0.593147682795941
allsubs,0.99,PPVcorr_bayes_cort,SMd,1,1,PFM3T7T01,PFM3T7T01,0.482909090909091
allsubs,0.99,PPVcorr_bayes_cort,SMl,1,1,PFM3T7T01,PFM3T7T01,0.752435561988532
allsubs,0.99,PPVcorr_bayes_cort,Aud,1,1,PFM3T7T01,PFM3T7T01,0.380083805767809
allsubs,0.99,PPVcorr_bayes_cort,Tpole,1,1,PFM3T7T01,PFM3T7T01,0.283687943262411
allsubs,0.99,PPVcorr_bayes_cort,MTL,1,1,PFM3T7T01,PFM3T7T01,0.268447261204165
allsubs,0.99,PPVcorr_bayes_cort,PMN,1,1,PFM3T7T01,PFM3T7T01,0.751605317898164
allsubs,0.99,PPVcorr_bayes_cort,PON,1,1,PFM3T7T01,PFM3T7T01,0.711383424701709
allsubs,0.99,PPVcorr_bayes_cort,SCAN,1,1,PFM3T7T01,PFM3T7T01,0.742642249836494
allsubs,0.99,MCC_cort,DMN,1,1,PFM3T7T01,PFM3T7T01,0.512403946156595
allsubs,0.99,MCC_cort,Vis,1,1,PFM3T7T01,PFM3T7T01,0.809160520420108
allsubs,0.99,MCC_cort,FP,1,1,PFM3T7T01,PFM3T7T01,0.647541791528038
allsubs,0.99,MCC_cort,DAN,1,1,PFM3T7T01,PFM3T7T01,0.336964531294161
allsubs,0.99,MCC_cort,VAN,1,1,PFM3T7T01,PFM3T7T01,0.401186502480632
allsubs,0.99,MCC_cort,Sal,1,1,PFM3T7T01,PFM3T7T01,0.470575201593723
allsubs,0.99,MCC_cort,AMN,1,1,PFM3T7T01,PFM3T7T01,0.617039109767935
allsubs,0.99,MCC_cort,SMd,1,1,PFM3T7T01,PFM3T7T01,0.201327457322044
allsubs,0.99,MCC_cort,SMl,1,1,PFM3T7T01,PFM3T7T01,0.470855209542355
allsubs,0.99,MCC_cort,Aud,1,1,PFM3T7T01,PFM3T7T01,0.158386922016946
allsubs,0.99,MCC_cort,Tpole,1,1,PFM3T7T01,PFM3T7T01,0.111835270979934
allsubs,0.99,MCC_cort,MTL,1,1,PFM3T7T01,PFM3T7T01,0.127107220210502
allsubs,0.99,MCC_cort,PMN,1,1,PFM3T7T01,PFM3T7T01,0.55704730496947
allsubs,0.99,MCC_cort,PON,1,1,PFM3T7T01,PFM3T7T01,0.331115706193845
allsubs,0.99,MCC_cort,SCAN,1,1,PFM3T7T01,PFM3T7T01,0.381665978030496
allsubs,0.99,muI_cort,WholeBrainOrSingleVal,1,1,PFM3T7T01,PFM3T7T01,2.15327730041116
allsubs,0.99,VIn_cort,WholeBrainOrSingleVal,1,1,PFM3T7T01,PFM3T7T01,0.118129772339848
allsubs,0.99,MIn_cort,WholeBrainOrSingleVal,1,1,PFM3T7T01,PFM3T7T01,0.713157100320217
allsubs,0.99,DC_cort,DMN,1,2,PFM3T7T01,PFM3T7T02,0.378714053692558
allsubs,0.99,DC_cort,Vis,1,2,PFM3T7T01,PFM3T7T02,0.779787141991866
allsubs,0.99,DC_cort,FP,1,2,PFM3T7T01,PFM3T7T02,0.495853339153208
allsubs,0.99,DC_cort,DAN,1,2,PFM3T7T01,PFM3T7T02,0.271828389475448
allsubs,0.99,DC_cort,VAN,1,2,PFM3T7T01,PFM3T7T02,0.131118572185899
allsubs,0.99,DC_cort,Sal,1,2,PFM3T7T01,PFM3T7T02,0.209138301134621
allsubs,0.99,DC_cort,AMN,1,2,PFM3T7T01,PFM3T7T02,0.451200738916256
allsubs,0.99,DC_cort,SMd,1,2,PFM3T7T01,PFM3T7T02,0.058864751226349
allsubs,0.99,DC_cort,SMl,1,2,PFM3T7T01,PFM3T7T02,0.406649616368286
allsubs,0.99,DC_cort,Aud,1,2,PFM3T7T01,PFM3T7T02,0.0705252918287938
allsubs,0.99,DC_cort,Tpole,1,2,PFM3T7T01,PFM3T7T02,0.0579710144927536
allsubs,0.99,DC_cort,MTL,1,2,PFM3T7T01,PFM3T7T02,0.0301862556197816
allsubs,0.99,DC_cort,PMN,1,2,PFM3T7T01,PFM3T7T02,0.513035381750466
allsubs,0.99,DC_cort,PON,1,2,PFM3T7T01,PFM3T7T02,0.135355029585799
allsubs,0.99,DC_cort,SCAN,1,2,PFM3T7T01,PFM3T7T02,0.14909756735548
allsubs,0.99,cDC_cort,DMN,1,2,PFM3T7T01,PFM3T7T02,0.378714053692558
allsubs,0.99,cDC_cort,Vis,1,2,PFM3T7T01,PFM3T7T02,0.779787141991866
allsubs,0.99,cDC_cort,FP,1,2,PFM3T7T01,PFM3T7T02,0.495853339153208
allsubs,0.99,cDC_cort,DAN,1,2,PFM3T7T01,PFM3T7T02,0.271828389475448
allsubs,0.99,cDC_cort,VAN,1,2,PFM3T7T01,PFM3T7T02,0.131118572185899
allsubs,0.99,cDC_cort,Sal,1,2,PFM3T7T01,PFM3T7T02,0.209138301134621
allsubs,0.99,cDC_cort,AMN,1,2,PFM3T7T01,PFM3T7T02,0.451200738916256
allsubs,0.99,cDC_cort,SMd,1,2,PFM3T7T01,PFM3T7T02,0.058864751226349
allsubs,0.99,cDC_cort,SMl,1,2,PFM3T7T01,PFM3T7T02,0.406649616368286
allsubs,0.99,cDC_cort,Aud,1,2,PFM3T7T01,PFM3T7T02,0.0705252918287938
allsubs,0.99,cDC_cort,Tpole,1,2,PFM3T7T01,PFM3T7T02,0.0579710144927536
allsubs,0.99,cDC_cort,MTL,1,2,PFM3T7T01,PFM3T7T02,0.0301862556197816
allsubs,0.99,cDC_cort,PMN,1,2,PFM3T7T01,PFM3T7T02,0.513035381750466
allsubs,0.99,cDC_cort,PON,1,2,PFM3T7T01,PFM3T7T02,0.135355029585799
allsubs,0.99,cDC_cort,SCAN,1,2,PFM3T7T01,PFM3T7T02,0.14909756735548
allsubs,0.99,TP_cort,DMN,1,2,PFM3T7T01,PFM3T7T02,1982.0
allsubs,0.99,TP_cort,Vis,1,2,PFM3T7T01,PFM3T7T02,4506.0
allsubs,0.99,TP_cort,FP,1,2,PFM3T7T01,PFM3T7T02,2840.0
allsubs,0.99,TP_cort,DAN,1,2,PFM3T7T01,PFM3T7T02,811.0
allsubs,0.99,TP_cort,VAN,1,2,PFM3T7T01,PFM3T7T02,371.0
allsubs,0.99,TP_cort,Sal,1,2,PFM3T7T01,PFM3T7T02,341.0
allsubs,0.99,TP_cort,AMN,1,2,PFM3T7T01,PFM3T7T02,2931.0
allsubs,0.99,TP_cort,SMd,1,2,PFM3T7T01,PFM3T7T02,126.0
allsubs,0.99,TP_cort,SMl,1,2,PFM3T7T01,PFM3T7T02,636.0
allsubs,0.99,TP_cort,Aud,1,2,PFM3T7T01,PFM3T7T02,145.0
allsubs,0.99,TP_cort,Tpole,1,2,PFM3T7T01,PFM3T7T02,20.0
allsubs,0.99,TP_cort,MTL,1,2,PFM3T7T01,PFM3T7T02,47.0
allsubs,0.99,TP_cort,PMN,1,2,PFM3T7T01,PFM3T7T02,551.0
allsubs,0.99,TP_cort,PON,1,2,PFM3T7T01,PFM3T7T02,183.0
allsubs,0.99,TP_cort,SCAN,1,2,PFM3T7T01,PFM3T7T02,285.0
allsubs,0.99,TN_cort,DMN,1,2,PFM3T7T01,PFM3T7T02,50927.0
allsubs,0.99,TN_cort,Vis,1,2,PFM3T7T01,PFM3T7T02,52361.0
allsubs,0.99,TN_cort,FP,1,2,PFM3T7T01,PFM3T7T02,50797.0
allsubs,0.99,TN_cort,DAN,1,2,PFM3T7T01,PFM3T7T02,54256.0
allsubs,0.99,TN_cort,VAN,1,2,PFM3T7T01,PFM3T7T02,54124.0
allsubs,0.99,TN_cort,Sal,1,2,PFM3T7T01,PFM3T7T02,56492.0
allsubs,0.99,TN_cort,AMN,1,2,PFM3T7T01,PFM3T7T02,49351.0
allsubs,0.99,TN_cort,SMd,1,2,PFM3T7T01,PFM3T7T02,55257.0
allsubs,0.99,TN_cort,SMl,1,2,PFM3T7T01,PFM3T7T02,56920.0
allsubs,0.99,TN_cort,Aud,1,2,PFM3T7T01,PFM3T7T02,55445.0
allsubs,0.99,TN_cort,Tpole,1,2,PFM3T7T01,PFM3T7T02,58742.0
allsubs,0.99,TN_cort,MTL,1,2,PFM3T7T01,PFM3T7T02,56345.0
allsubs,0.99,TN_cort,PMN,1,2,PFM3T7T01,PFM3T7T02,57815.0
allsubs,0.99,TN_cort,PON,1,2,PFM3T7T01,PFM3T7T02,56891.0
allsubs,0.99,TN_cort,SCAN,1,2,PFM3T7T01,PFM3T7T02,55874.0
allsubs,0.99,FP_cort,DMN,1,2,PFM3T7T01,PFM3T7T02,853.0
allsubs,0.99,FP_cort,Vis,1,2,PFM3T7T01,PFM3T7T02,686.0
allsubs,0.99,FP_cort,FP,1,2,PFM3T7T01,PFM3T7T02,2777.0
allsubs,0.99,FP_cort,DAN,1,2,PFM3T7T01,PFM3T7T02,154.0
allsubs,0.99,FP_cort,VAN,1,2,PFM3T7T01,PFM3T7T02,183.0
allsubs,0.99,FP_cort,Sal,1,2,PFM3T7T01,PFM3T7T02,192.0
allsubs,0.99,FP_cort,AMN,1,2,PFM3T7T01,PFM3T7T02,4571.0
allsubs,0.99,FP_cort,SMd,1,2,PFM3T7T01,PFM3T7T02,0.0
allsubs,0.99,FP_cort,SMl,1,2,PFM3T7T01,PFM3T7T02,150.0
allsubs,0.99,FP_cort,Aud,1,2,PFM3T7T01,PFM3T7T02,9.0
allsubs,0.99,FP_cort,Tpole,1,2,PFM3T7T01,PFM3T7T02,10.0
allsubs,0.99,FP_cort,MTL,1,2,PFM3T7T01,PFM3T7T02,9.0
allsubs,0.99,FP_cort,PMN,1,2,PFM3T7T01,PFM3T7T02,460.0
allsubs,0.99,FP_cort,PON,1,2,PFM3T7T01,PFM3T7T02,39.0
allsubs,0.99,FP_cort,SCAN,1,2,PFM3T7T01,PFM3T7T02,78.0
allsubs,0.99,FN_cort,DMN,1,2,PFM3T7T01,PFM3T7T02,5650.0
allsubs,0.99,FN_cort,Vis,1,2,PFM3T7T01,PFM3T7T02,1859.0
allsubs,0.99,FN_cort,FP,1,2,PFM3T7T01,PFM3T7T02,2998.0
allsubs,0.99,FN_cort,DAN,1,2,PFM3T7T01,PFM3T7T02,4191.0
allsubs,0.99,FN_cort,VAN,1,2,PFM3T7T01,PFM3T7T02,4734.0
allsubs,0.99,FN_cort,Sal,1,2,PFM3T7T01,PFM3T7T02,2387.0
allsubs,0.99,FN_cort,AMN,1,2,PFM3T7T01,PFM3T7T02,2559.0
allsubs,0.99,FN_cort,SMd,1,2,PFM3T7T01,PFM3T7T02,4029.0
allsubs,0.99,FN_cort,SMl,1,2,PFM3T7T01,PFM3T7T02,1706.0
allsubs,0.99,FN_cort,Aud,1,2,PFM3T7T01,PFM3T7T02,3813.0
allsubs,0.99,FN_cort,Tpole,1,2,PFM3T7T01,PFM3T7T02,640.0
allsubs,0.99,FN_cort,MTL,1,2,PFM3T7T01,PFM3T7T02,3011.0
allsubs,0.99,FN_cort,PMN,1,2,PFM3T7T01,PFM3T7T02,586.0
allsubs,0.99,FN_cort,PON,1,2,PFM3T7T01,PFM3T7T02,2299.0
allsubs,0.99,FN_cort,SCAN,1,2,PFM3T7T01,PFM3T7T02,3175.0
allsubs,0.99,TPR_cort,DMN,1,2,PFM3T7T01,PFM3T7T02,0.259696016771488
allsubs,0.99,TPR_cort,Vis,1,2,PFM3T7T01,PFM3T7T02,0.707934014139827
allsubs,0.99,TPR_cort,FP,1,2,PFM3T7T01,PFM3T7T02,0.486467968482357
allsubs,0.99,TPR_cort,DAN,1,2,PFM3T7T01,PFM3T7T02,0.162135145941623
allsubs,0.99,TPR_cort,VAN,1,2,PFM3T7T01,PFM3T7T02,0.0726738491674829
allsubs,0.99,TPR_cort,Sal,1,2,PFM3T7T01,PFM3T7T02,0.125
allsubs,0.99,TPR_cort,AMN,1,2,PFM3T7T01,PFM3T7T02,0.533879781420765
allsubs,0.99,TPR_cort,SMd,1,2,PFM3T7T01,PFM3T7T02,0.0303249097472924
allsubs,0.99,TPR_cort,SMl,1,2,PFM3T7T01,PFM3T7T02,0.271562766865927
allsubs,0.99,TPR_cort,Aud,1,2,PFM3T7T01,PFM3T7T02,0.0366346639717029
allsubs,0.99,TPR_cort,Tpole,1,2,PFM3T7T01,PFM3T7T02,0.0303030303030303
allsubs,0.99,TPR_cort,MTL,1,2,PFM3T7T01,PFM3T7T02,0.0153695225637672
allsubs,0.99,TPR_cort,PMN,1,2,PFM3T7T01,PFM3T7T02,0.484608619173263
allsubs,0.99,TPR_cort,PON,1,2,PFM3T7T01,PFM3T7T02,0.0737308622078969
allsubs,0.99,TPR_cort,SCAN,1,2,PFM3T7T01,PFM3T7T02,0.0823699421965318
allsubs,0.99,TNR_cort,DMN,1,2,PFM3T7T01,PFM3T7T02,0.983526458091927
allsubs,0.99,TNR_cort,Vis,1,2,PFM3T7T01,PFM3T7T02,0.987068071709993
allsubs,0.99,TNR_cort,FP,1,2,PFM3T7T01,PFM3T7T02,0.948165154739239
allsubs,0.99,TNR_cort,DAN,1,2,PFM3T7T01,PFM3T7T02,0.997169637934203
allsubs,0.99,TNR_cort,VAN,1,2,PFM3T7T01,PFM3T7T02,0.996630268657816
allsubs,0.99,TNR_cort,Sal,1,2,PFM3T7T01,PFM3T7T02,0.996612800790347
allsubs,0.99,TNR_cort,AMN,1,2,PFM3T7T01,PFM3T7T02,0.915229405437484
allsubs,0.99,TNR_cort,SMd,1,2,PFM3T7T01,PFM3T7T02,1.0
allsubs,0.99,TNR_cort,SMl,1,2,PFM3T7T01,PFM3T7T02,0.997371648852287
allsubs,0.99,TNR_cort,Aud,1,2,PFM3T7T01,PFM3T7T02,0.999837703321672
allsubs,0.99,TNR_cort,Tpole,1,2,PFM3T7T01,PFM3T7T02,0.999829793028322
allsubs,0.99,TNR_cort,MTL,1,2,PFM3T7T01,PFM3T7T02,0.999840295276289
allsubs,0.99,TNR_cort,PMN,1,2,PFM3T7T01,PFM3T7T02,0.992106392106392
allsubs,0.99,TNR_cort,PON,1,2,PFM3T7T01,PFM3T7T02,0.999314948181978
allsubs,0.99,TNR_cort,SCAN,1,2,PFM3T7T01,PFM3T7T02,0.99860594795539
allsubs,0.99,FPR_cort,DMN,1,2,PFM3T7T01,PFM3T7T02,0.0164735419080726
allsubs,0.99,FPR_cort,Vis,1,2,PFM3T7T01,PFM3T7T02,0.012931928290007
allsubs,0.99,FPR_cort,FP,1,2,PFM3T7T01,PFM3T7T02,0.0518348452607608
allsubs,0.99,FPR_cort,DAN,1,2,PFM3T7T01,PFM3T7T02,0.0028303620657967
allsubs,0.99,FPR_cort,VAN,1,2,PFM3T7T01,PFM3T7T02,0.0033697313421842
allsubs,0.99,FPR_cort,Sal,1,2,PFM3T7T01,PFM3T7T02,0.0033871992096535
allsubs,0.99,FPR_cort,AMN,1,2,PFM3T7T01,PFM3T7T02,0.0847705945625162
allsubs,0.99,FPR_cort,SMd,1,2,PFM3T7T01,PFM3T7T02,0.0
allsubs,0.99,FPR_cort,SMl,1,2,PFM3T7T01,PFM3T7T02,0.0026283511477133
allsubs,0.99,FPR_cort,Aud,1,2,PFM3T7T01,PFM3T7T02,0.0001622966783279
allsubs,0.99,FPR_cort,Tpole,1,2,PFM3T7T01,PFM3T7T02,0.0001702069716775
allsubs,0.99,FPR_cort,MTL,1,2,PFM3T7T01,PFM3T7T02,0.0001597047237108
allsubs,0.99,FPR_cort,PMN,1,2,PFM3T7T01,PFM3T7T02,0.0078936078936078
allsubs,0.99,FPR_cort,PON,1,2,PFM3T7T01,PFM3T7T02,0.0006850518180221
allsubs,0.99,FPR_cort,SCAN,1,2,PFM3T7T01,PFM3T7T02,0.0013940520446096
allsubs,0.99,FNR_cort,DMN,1,2,PFM3T7T01,PFM3T7T02,0.740303983228512
allsubs,0.99,FNR_cort,Vis,1,2,PFM3T7T01,PFM3T7T02,0.292065985860173
allsubs,0.99,FNR_cort,FP,1,2,PFM3T7T01,PFM3T7T02,0.513532031517643
allsubs,0.99,FNR_cort,DAN,1,2,PFM3T7T01,PFM3T7T02,0.837864854058377
allsubs,0.99,FNR_cort,VAN,1,2,PFM3T7T01,PFM3T7T02,0.927326150832517
allsubs,0.99,FNR_cort,Sal,1,2,PFM3T7T01,PFM3T7T02,0.875
allsubs,0.99,FNR_cort,AMN,1,2,PFM3T7T01,PFM3T7T02,0.466120218579235
allsubs,0.99,FNR_cort,SMd,1,2,PFM3T7T01,PFM3T7T02,0.969675090252708
allsubs,0.99,FNR_cort,SMl,1,2,PFM3T7T01,PFM3T7T02,0.728437233134073
allsubs,0.99,FNR_cort,Aud,1,2,PFM3T7T01,PFM3T7T02,0.963365336028297
allsubs,0.99,FNR_cort,Tpole,1,2,PFM3T7T01,PFM3T7T02,0.96969696969697
allsubs,0.99,FNR_cort,MTL,1,2,PFM3T7T01,PFM3T7T02,0.984630477436233
allsubs,0.99,FNR_cort,PMN,1,2,PFM3T7T01,PFM3T7T02,0.515391380826737
allsubs,0.99,FNR_cort,PON,1,2,PFM3T7T01,PFM3T7T02,0.926269137792103
allsubs,0.99,FNR_cort,SCAN,1,2,PFM3T7T01,PFM3T7T02,0.917630057803468
allsubs,0.99,NPV_cort,DMN,1,2,PFM3T7T01,PFM3T7T02,0.900136097707549
allsubs,0.99,NPV_cort,Vis,1,2,PFM3T7T01,PFM3T7T02,0.965713758760605
allsubs,0.99,NPV_cort,FP,1,2,PFM3T7T01,PFM3T7T02,0.94426991356074
allsubs,0.99,NPV_cort,DAN,1,2,PFM3T7T01,PFM3T7T02,0.928294009957739
allsubs,0.99,NPV_cort,VAN,1,2,PFM3T7T01,PFM3T7T02,0.919569132488362
allsubs,0.99,NPV_cort,Sal,1,2,PFM3T7T01,PFM3T7T02,0.959459229946161
allsubs,0.99,NPV_cort,AMN,1,2,PFM3T7T01,PFM3T7T02,0.950703140050087
allsubs,0.99,NPV_cort,SMd,1,2,PFM3T7T01,PFM3T7T02,0.932041291367271
allsubs,0.99,NPV_cort,SMl,1,2,PFM3T7T01,PFM3T7T02,0.97090028315082
allsubs,0.99,NPV_cort,Aud,1,2,PFM3T7T01,PFM3T7T02,0.935654257652975
allsubs,0.99,NPV_cort,Tpole,1,2,PFM3T7T01,PFM3T7T02,0.989222323262942
allsubs,0.99,NPV_cort,MTL,1,2,PFM3T7T01,PFM3T7T02,0.949272188152841
allsubs,0.99,NPV_cort,PMN,1,2,PFM3T7T01,PFM3T7T02,0.989965925241006
allsubs,0.99,NPV_cort,PON,1,2,PFM3T7T01,PFM3T7T02,0.961158979557358
allsubs,0.99,NPV_cort,SCAN,1,2,PFM3T7T01,PFM3T7T02,0.946231096208234
allsubs,0.99,PPV_cort,DMN,1,2,PFM3T7T01,PFM3T7T02,0.699118165784832
allsubs,0.99,PPV_cort,Vis,1,2,PFM3T7T01,PFM3T7T02,0.867873651771957
allsubs,0.99,PPV_cort,FP,1,2,PFM3T7T01,PFM3T7T02,0.505607975787787
allsubs,0.99,PPV_cort,DAN,1,2,PFM3T7T01,PFM3T7T02,0.840414507772021
allsubs,0.99,PPV_cort,VAN,1,2,PFM3T7T01,PFM3T7T02,0.669675090252708
allsubs,0.99,PPV_cort,Sal,1,2,PFM3T7T01,PFM3T7T02,0.639774859287054
allsubs,0.99,PPV_cort,AMN,1,2,PFM3T7T01,PFM3T7T02,0.39069581444948
allsubs,0.99,PPV_cort,SMd,1,2,PFM3T7T01,PFM3T7T02,1.0
allsubs,0.99,PPV_cort,SMl,1,2,PFM3T7T01,PFM3T7T02,0.809160305343511
allsubs,0.99,PPV_cort,Aud,1,2,PFM3T7T01,PFM3T7T02,0.941558441558442
allsubs,0.99,PPV_cort,Tpole,1,2,PFM3T7T01,PFM3T7T02,0.666666666666667
allsubs,0.99,PPV_cort,MTL,1,2,PFM3T7T01,PFM3T7T02,0.839285714285714
allsubs,0.99,PPV_cort,PMN,1,2,PFM3T7T01,PFM3T7T02,0.545004945598417
allsubs,0.99,PPV_cort,PON,1,2,PFM3T7T01,PFM3T7T02,0.824324324324324
allsubs,0.99,PPV_cort,SCAN,1,2,PFM3T7T01,PFM3T7T02,0.785123966942149
allsubs,0.99,PPVcorr_Jeffreys_cort,DMN,1,2,PFM3T7T01,PFM3T7T02,0.656883997554333
allsubs,0.99,PPVcorr_Jeffreys_cort,Vis,1,2,PFM3T7T01,PFM3T7T02,0.827700094363902
allsubs,0.99,PPVcorr_Jeffreys_cort,FP,1,2,PFM3T7T01,PFM3T7T02,0.505079989678751
allsubs,0.99,PPVcorr_Jeffreys_cort,DAN,1,2,PFM3T7T01,PFM3T7T02,0.724201474201474
allsubs,0.99,PPVcorr_Jeffreys_cort,VAN,1,2,PFM3T7T01,PFM3T7T02,0.588304368248004
allsubs,0.99,PPVcorr_Jeffreys_cort,Sal,1,2,PFM3T7T01,PFM3T7T02,0.592454703400347
allsubs,0.99,PPVcorr_Jeffreys_cort,AMN,1,2,PFM3T7T01,PFM3T7T02,0.398149298223823
allsubs,0.99,PPVcorr_Jeffreys_cort,SMd,1,2,PFM3T7T01,PFM3T7T02,0.616343490304709
allsubs,0.99,PPVcorr_Jeffreys_cort,SMl,1,2,PFM3T7T01,PFM3T7T02,0.738188590472456
allsubs,0.99,PPVcorr_Jeffreys_cort,Aud,1,2,PFM3T7T01,PFM3T7T02,0.623681338668607
allsubs,0.99,PPVcorr_Jeffreys_cort,Tpole,1,2,PFM3T7T01,PFM3T7T02,0.552083333333333
allsubs,0.99,PPVcorr_Jeffreys_cort,MTL,1,2,PFM3T7T01,PFM3T7T02,0.552515201768933
allsubs,0.99,PPVcorr_Jeffreys_cort,PMN,1,2,PFM3T7T01,PFM3T7T02,0.540455232506446
allsubs,0.99,PPVcorr_Jeffreys_cort,PON,1,2,PFM3T7T01,PFM3T7T02,0.653126329221608
allsubs,0.99,PPVcorr_Jeffreys_cort,SCAN,1,2,PFM3T7T01,PFM3T7T02,0.645980253878702
allsubs,0.99,PPVcorr_d1d2_cort,DMN,1,2,PFM3T7T01,PFM3T7T02,0.687890404092335
allsubs,0.99,PPVcorr_d1d2_cort,Vis,1,2,PFM3T7T01,PFM3T7T02,0.866818645741333
allsubs,0.99,PPVcorr_d1d2_cort,FP,1,2,PFM3T7T01,PFM3T7T02,0.513591195698815
allsubs,0.99,PPVcorr_d1d2_cort,DAN,1,2,PFM3T7T01,PFM3T7T02,0.779354862182707
allsubs,0.99,PPVcorr_d1d2_cort,VAN,1,2,PFM3T7T01,PFM3T7T02,0.583743672944501
allsubs,0.99,PPVcorr_d1d2_cort,Sal,1,2,PFM3T7T01,PFM3T7T02,0.569460762093305
allsubs,0.99,PPVcorr_d1d2_cort,AMN,1,2,PFM3T7T01,PFM3T7T02,0.403544449786981
allsubs,0.99,PPVcorr_d1d2_cort,SMd,1,2,PFM3T7T01,PFM3T7T02,0.570627713545063
allsubs,0.99,PPVcorr_d1d2_cort,SMl,1,2,PFM3T7T01,PFM3T7T02,0.755423967219838
allsubs,0.99,PPVcorr_d1d2_cort,Aud,1,2,PFM3T7T01,PFM3T7T02,0.585846486143725
allsubs,0.99,PPVcorr_d1d2_cort,Tpole,1,2,PFM3T7T01,PFM3T7T02,0.1911866759195
allsubs,0.99,PPVcorr_d1d2_cort,MTL,1,2,PFM3T7T01,PFM3T7T02,0.314211861547242
allsubs,0.99,PPVcorr_d1d2_cort,PMN,1,2,PFM3T7T01,PFM3T7T02,0.575915652702113
allsubs,0.99,PPVcorr_d1d2_cort,PON,1,2,PFM3T7T01,PFM3T7T02,0.595803094977335
allsubs,0.99,PPVcorr_d1d2_cort,SCAN,1,2,PFM3T7T01,PFM3T7T02,0.637912348016743
allsubs,0.99,PPVcorr_bayes_cort,DMN,1,2,PFM3T7T01,PFM3T7T02,0.660197041272998
allsubs,0.99,PPVcorr_bayes_cort,Vis,1,2,PFM3T7T01,PFM3T7T02,0.864794738035836
allsubs,0.99,PPVcorr_bayes_cort,FP,1,2,PFM3T7T01,PFM3T7T02,0.528156144774023
allsubs,0.99,PPVcorr_bayes_cort,DAN,1,2,PFM3T7T01,PFM3T7T02,0.706973110763917
allsubs,0.99,PPVcorr_bayes_cort,VAN,1,2,PFM3T7T01,PFM3T7T02,0.492687442147485
allsubs,0.99,PPVcorr_bayes_cort,Sal,1,2,PFM3T7T01,PFM3T7T02,0.549149761336515
allsubs,0.99,PPVcorr_bayes_cort,AMN,1,2,PFM3T7T01,PFM3T7T02,0.425149469623915
allsubs,0.99,PPVcorr_bayes_cort,SMd,1,2,PFM3T7T01,PFM3T7T02,0.396713965646005
allsubs,0.99,PPVcorr_bayes_cort,SMl,1,2,PFM3T7T01,PFM3T7T02,0.747483685433027
allsubs,0.99,PPVcorr_bayes_cort,Aud,1,2,PFM3T7T01,PFM3T7T02,0.434117313686597
allsubs,0.99,PPVcorr_bayes_cort,Tpole,1,2,PFM3T7T01,PFM3T7T02,0.34375
allsubs,0.99,PPVcorr_bayes_cort,MTL,1,2,PFM3T7T01,PFM3T7T02,0.239637922820391
allsubs,0.99,PPVcorr_bayes_cort,PMN,1,2,PFM3T7T01,PFM3T7T02,0.563268933900922
allsubs,0.99,PPVcorr_bayes_cort,PON,1,2,PFM3T7T01,PFM3T7T02,0.560645347162201
allsubs,0.99,PPVcorr_bayes_cort,SCAN,1,2,PFM3T7T01,PFM3T7T02,0.565456238361266
allsubs,0.99,MCC_cort,DMN,1,2,PFM3T7T01,PFM3T7T02,0.381774940297383
allsubs,0.99,MCC_cort,Vis,1,2,PFM3T7T01,PFM3T7T02,0.761147153353595
allsubs,0.99,MCC_cort,FP,1,2,PFM3T7T01,PFM3T7T02,0.442189814577281
allsubs,0.99,MCC_cort,DAN,1,2,PFM3T7T01,PFM3T7T02,0.349941344057038
allsubs,0.99,MCC_cort,VAN,1,2,PFM3T7T01,PFM3T7T02,0.202081792947122
allsubs,0.99,MCC_cort,Sal,1,2,PFM3T7T01,PFM3T7T02,0.269952840178991
allsubs,0.99,MCC_cort,AMN,1,2,PFM3T7T01,PFM3T7T02,0.391567882811597
allsubs,0.99,MCC_cort,SMd,1,2,PFM3T7T01,PFM3T7T02,0.168119207830225
allsubs,0.99,MCC_cort,SMl,1,2,PFM3T7T01,PFM3T7T02,0.458023076483629
allsubs,0.99,MCC_cort,Aud,1,2,PFM3T7T01,PFM3T7T02,0.178868733321538
allsubs,0.99,MCC_cort,Tpole,1,2,PFM3T7T01,PFM3T7T02,0.140583736820901
allsubs,0.99,MCC_cort,MTL,1,2,PFM3T7T01,PFM3T7T02,0.109516309527062
allsubs,0.99,MCC_cort,PMN,1,2,PFM3T7T01,PFM3T7T02,0.505003608627208
allsubs,0.99,MCC_cort,PON,1,2,PFM3T7T01,PFM3T7T02,0.239533430818651
allsubs,0.99,MCC_cort,SCAN,1,2,PFM3T7T01,PFM3T7T02,0.243355968194161
allsubs,0.99,muI_cort,WholeBrainOrSingleVal,1,2,PFM3T7T01,PFM3T7T02,1.62359038529723
allsubs,0.99,VIn_cort,WholeBrainOrSingleVal,1,2,PFM3T7T01,PFM3T7T02,0.208369837780569
allsubs,0.99,MIn_cort,WholeBrainOrSingleVal,1,2,PFM3T7T01,PFM3T7T02,0.5152166122815
allsubs,0.99,DC_cort,DMN,1,3,PFM3T7T01,PFM3T7T03,0.358422375864236
allsubs,0.99,DC_cort,Vis,1,3,PFM3T7T01,PFM3T7T03,0.741537310641481
allsubs,0.99,DC_cort,FP,1,3,PFM3T7T01,PFM3T7T03,0.364839107523265
allsubs,0.99,DC_cort,DAN,1,3,PFM3T7T01,PFM3T7T03,0.22234000265006
allsubs,0.99,DC_cort,VAN,1,3,PFM3T7T01,PFM3T7T03,0.200663349917081
allsubs,0.99,DC_cort,Sal,1,3,PFM3T7T01,PFM3T7T03,0.302145922746781
allsubs,0.99,DC_cort,AMN,1,3,PFM3T7T01,PFM3T7T03,0.506694899420813
allsubs,0.99,DC_cort,SMd,1,3,PFM3T7T01,PFM3T7T03,0.0776818742293465
allsubs,0.99,DC_cort,SMl,1,3,PFM3T7T01,PFM3T7T03,0.191041693558797
allsubs,0.99,DC_cort,Aud,1,3,PFM3T7T01,PFM3T7T03,0.118288590604027
allsubs,0.99,DC_cort,Tpole,1,3,PFM3T7T01,PFM3T7T03,0.151898734177215
allsubs,0.99,DC_cort,MTL,1,3,PFM3T7T01,PFM3T7T03,0.0331034482758621
allsubs,0.99,DC_cort,PMN,1,3,PFM3T7T01,PFM3T7T03,0.416976456009913
allsubs,0.99,DC_cort,PON,1,3,PFM3T7T01,PFM3T7T03,0.173490068909607
allsubs,0.99,DC_cort,SCAN,1,3,PFM3T7T01,PFM3T7T03,0.244074634392335
allsubs,0.99,cDC_cort,DMN,1,3,PFM3T7T01,PFM3T7T03,0.358422375864236
allsubs,0.99,cDC_cort,Vis,1,3,PFM3T7T01,PFM3T7T03,0.741537310641481
allsubs,0.99,cDC_cort,FP,1,3,PFM3T7T01,PFM3T7T03,0.364839107523265
allsubs,0.99,cDC_cort,DAN,1,3,PFM3T7T01,PFM3T7T03,0.22234000265006
allsubs,0.99,cDC_cort,VAN,1,3,PFM3T7T01,PFM3T7T03,0.200663349917081
allsubs,0.99,cDC_cort,Sal,1,3,PFM3T7T01,PFM3T7T03,0.302145922746781
allsubs,0.99,cDC_cort,AMN,1,3,PFM3T7T01,PFM3T7T03,0.506694899420813
allsubs,0.99,cDC_cort,SMd,1,3,PFM3T7T01,PFM3T7T03,0.0776818742293465
allsubs,0.99,cDC_cort,SMl,1,3,PFM3T7T01,PFM3T7T03,0.191041693558797
allsubs,0.99,cDC_cort,Aud,1,3,PFM3T7T01,PFM3T7T03,0.118288590604027
allsubs,0.99,cDC_cort,Tpole,1,3,PFM3T7T01,PFM3T7T03,0.151898734177215
allsubs,0.99,cDC_cort,MTL,1,3,PFM3T7T01,PFM3T7T03,0.0331034482758621
allsubs,0.99,cDC_cort,PMN,1,3,PFM3T7T01,PFM3T7T03,0.416976456009913
allsubs,0.99,cDC_cort,PON,1,3,PFM3T7T01,PFM3T7T03,0.173490068909607
allsubs,0.99,cDC_cort,SCAN,1,3,PFM3T7T01,PFM3T7T03,0.244074634392335
allsubs,0.99,TP_cort,DMN,1,3,PFM3T7T01,PFM3T7T03,2281.0
allsubs,0.99,TP_cort,Vis,1,3,PFM3T7T01,PFM3T7T03,3965.0
allsubs,0.99,TP_cort,FP,1,3,PFM3T7T01,PFM3T7T03,1627.0
allsubs,0.99,TP_cort,DAN,1,3,PFM3T7T01,PFM3T7T03,839.0
allsubs,0.99,TP_cort,VAN,1,3,PFM3T7T01,PFM3T7T03,363.0
allsubs,0.99,TP_cort,Sal,1,3,PFM3T7T01,PFM3T7T03,352.0
allsubs,0.99,TP_cort,AMN,1,3,PFM3T7T01,PFM3T7T03,4068.0
allsubs,0.99,TP_cort,SMd,1,3,PFM3T7T01,PFM3T7T03,126.0
allsubs,0.99,TP_cort,SMl,1,3,PFM3T7T01,PFM3T7T03,740.0
allsubs,0.99,TP_cort,Aud,1,3,PFM3T7T01,PFM3T7T03,141.0
allsubs,0.99,TP_cort,Tpole,1,3,PFM3T7T01,PFM3T7T03,18.0
allsubs,0.99,TP_cort,MTL,1,3,PFM3T7T01,PFM3T7T03,36.0
allsubs,0.99,TP_cort,PMN,1,3,PFM3T7T01,PFM3T7T03,673.0
allsubs,0.99,TP_cort,PON,1,3,PFM3T7T01,PFM3T7T03,214.0
allsubs,0.99,TP_cort,SCAN,1,3,PFM3T7T01,PFM3T7T03,242.0
allsubs,0.99,TN_cort,DMN,1,3,PFM3T7T01,PFM3T7T03,48965.0
allsubs,0.99,TN_cort,Vis,1,3,PFM3T7T01,PFM3T7T03,52683.0
allsubs,0.99,TN_cort,FP,1,3,PFM3T7T01,PFM3T7T03,52120.0
allsubs,0.99,TN_cort,DAN,1,3,PFM3T7T01,PFM3T7T03,52704.0
allsubs,0.99,TN_cort,VAN,1,3,PFM3T7T01,PFM3T7T03,56157.0
allsubs,0.99,TN_cort,Sal,1,3,PFM3T7T01,PFM3T7T03,57434.0
allsubs,0.99,TN_cort,AMN,1,3,PFM3T7T01,PFM3T7T03,47423.0
allsubs,0.99,TN_cort,SMd,1,3,PFM3T7T01,PFM3T7T03,56294.0
allsubs,0.99,TN_cort,SMl,1,3,PFM3T7T01,PFM3T7T03,52405.0
allsubs,0.99,TN_cort,Aud,1,3,PFM3T7T01,PFM3T7T03,57169.0
allsubs,0.99,TN_cort,Tpole,1,3,PFM3T7T01,PFM3T7T03,59193.0
allsubs,0.99,TN_cort,MTL,1,3,PFM3T7T01,PFM3T7T03,57273.0
allsubs,0.99,TN_cort,PMN,1,3,PFM3T7T01,PFM3T7T03,56857.0
allsubs,0.99,TN_cort,PON,1,3,PFM3T7T01,PFM3T7T03,57159.0
allsubs,0.99,TN_cort,SCAN,1,3,PFM3T7T01,PFM3T7T03,57671.0
allsubs,0.99,FP_cort,DMN,1,3,PFM3T7T01,PFM3T7T03,554.0
allsubs,0.99,FP_cort,Vis,1,3,PFM3T7T01,PFM3T7T03,1227.0
allsubs,0.99,FP_cort,FP,1,3,PFM3T7T01,PFM3T7T03,3990.0
allsubs,0.99,FP_cort,DAN,1,3,PFM3T7T01,PFM3T7T03,126.0
allsubs,0.99,FP_cort,VAN,1,3,PFM3T7T01,PFM3T7T03,191.0
allsubs,0.99,FP_cort,Sal,1,3,PFM3T7T01,PFM3T7T03,181.0
allsubs,0.99,FP_cort,AMN,1,3,PFM3T7T01,PFM3T7T03,3434.0
allsubs,0.99,FP_cort,SMd,1,3,PFM3T7T01,PFM3T7T03,0.0
allsubs,0.99,FP_cort,SMl,1,3,PFM3T7T01,PFM3T7T03,46.0
allsubs,0.99,FP_cort,Aud,1,3,PFM3T7T01,PFM3T7T03,13.0
allsubs,0.99,FP_cort,Tpole,1,3,PFM3T7T01,PFM3T7T03,12.0
allsubs,0.99,FP_cort,MTL,1,3,PFM3T7T01,PFM3T7T03,20.0
allsubs,0.99,FP_cort,PMN,1,3,PFM3T7T01,PFM3T7T03,338.0
allsubs,0.99,FP_cort,PON,1,3,PFM3T7T01,PFM3T7T03,8.0
allsubs,0.99,FP_cort,SCAN,1,3,PFM3T7T01,PFM3T7T03,121.0
allsubs,0.99,FN_cort,DMN,1,3,PFM3T7T01,PFM3T7T03,7612.0
allsubs,0.99,FN_cort,Vis,1,3,PFM3T7T01,PFM3T7T03,1537.0
allsubs,0.99,FN_cort,FP,1,3,PFM3T7T01,PFM3T7T03,1675.0
allsubs,0.99,FN_cort,DAN,1,3,PFM3T7T01,PFM3T7T03,5743.0
allsubs,0.99,FN_cort,VAN,1,3,PFM3T7T01,PFM3T7T03,2701.0
allsubs,0.99,FN_cort,Sal,1,3,PFM3T7T01,PFM3T7T03,1445.0
allsubs,0.99,FN_cort,AMN,1,3,PFM3T7T01,PFM3T7T03,4487.0
allsubs,0.99,FN_cort,SMd,1,3,PFM3T7T01,PFM3T7T03,2992.0
allsubs,0.99,FN_cort,SMl,1,3,PFM3T7T01,PFM3T7T03,6221.0
allsubs,0.99,FN_cort,Aud,1,3,PFM3T7T01,PFM3T7T03,2089.0
allsubs,0.99,FN_cort,Tpole,1,3,PFM3T7T01,PFM3T7T03,189.0
allsubs,0.99,FN_cort,MTL,1,3,PFM3T7T01,PFM3T7T03,2083.0
allsubs,0.99,FN_cort,PMN,1,3,PFM3T7T01,PFM3T7T03,1544.0
allsubs,0.99,FN_cort,PON,1,3,PFM3T7T01,PFM3T7T03,2031.0
allsubs,0.99,FN_cort,SCAN,1,3,PFM3T7T01,PFM3T7T03,1378.0
allsubs,0.99,TPR_cort,DMN,1,3,PFM3T7T01,PFM3T7T03,0.230567067623572
allsubs,0.99,TPR_cort,Vis,1,3,PFM3T7T01,PFM3T7T03,0.720647037440931
allsubs,0.99,TPR_cort,FP,1,3,PFM3T7T01,PFM3T7T03,0.492731677771048
allsubs,0.99,TPR_cort,DAN,1,3,PFM3T7T01,PFM3T7T03,0.127468854451534
allsubs,0.99,TPR_cort,VAN,1,3,PFM3T7T01,PFM3T7T03,0.118472584856397
allsubs,0.99,TPR_cort,Sal,1,3,PFM3T7T01,PFM3T7T03,0.195882025598219
allsubs,0.99,TPR_cort,AMN,1,3,PFM3T7T01,PFM3T7T03,0.475511396843951
allsubs,0.99,TPR_cort,SMd,1,3,PFM3T7T01,PFM3T7T03,0.040410519563823
allsubs,0.99,TPR_cort,SMl,1,3,PFM3T7T01,PFM3T7T03,0.106306565148686
allsubs,0.99,TPR_cort,Aud,1,3,PFM3T7T01,PFM3T7T03,0.0632286995515695
allsubs,0.99,TPR_cort,Tpole,1,3,PFM3T7T01,PFM3T7T03,0.0869565217391304
allsubs,0.99,TPR_cort,MTL,1,3,PFM3T7T01,PFM3T7T03,0.0169891458235017
allsubs,0.99,TPR_cort,PMN,1,3,PFM3T7T01,PFM3T7T03,0.303563373928733
allsubs,0.99,TPR_cort,PON,1,3,PFM3T7T01,PFM3T7T03,0.0953229398663697
allsubs,0.99,TPR_cort,SCAN,1,3,PFM3T7T01,PFM3T7T03,0.149382716049383
allsubs,0.99,TNR_cort,DMN,1,3,PFM3T7T01,PFM3T7T03,0.988812375047961
allsubs,0.99,TNR_cort,Vis,1,3,PFM3T7T01,PFM3T7T03,0.977239844184752
allsubs,0.99,TNR_cort,FP,1,3,PFM3T7T01,PFM3T7T03,0.928889680983782
allsubs,0.99,TNR_cort,DAN,1,3,PFM3T7T01,PFM3T7T03,0.997614991482112
allsubs,0.99,TNR_cort,VAN,1,3,PFM3T7T01,PFM3T7T03,0.996610349968056
allsubs,0.99,TNR_cort,Sal,1,3,PFM3T7T01,PFM3T7T03,0.996858456999045
allsubs,0.99,TNR_cort,AMN,1,3,PFM3T7T01,PFM3T7T03,0.93247733841949
allsubs,0.99,TNR_cort,SMd,1,3,PFM3T7T01,PFM3T7T03,1.0
allsubs,0.99,TNR_cort,SMl,1,3,PFM3T7T01,PFM3T7T03,0.999122990982059
allsubs,0.99,TNR_cort,Aud,1,3,PFM3T7T01,PFM3T7T03,0.999772655730824
allsubs,0.99,TNR_cort,Tpole,1,3,PFM3T7T01,PFM3T7T03,0.999797314416012
allsubs,0.99,TNR_cort,MTL,1,3,PFM3T7T01,PFM3T7T03,0.999650917215018
allsubs,0.99,TNR_cort,PMN,1,3,PFM3T7T01,PFM3T7T03,0.994090392516828
allsubs,0.99,TNR_cort,PON,1,3,PFM3T7T01,PFM3T7T03,0.99986005912502
allsubs,0.99,TNR_cort,SCAN,1,3,PFM3T7T01,PFM3T7T03,0.997906284606866
allsubs,0.99,FPR_cort,DMN,1,3,PFM3T7T01,PFM3T7T03,0.0111876249520386
allsubs,0.99,FPR_cort,Vis,1,3,PFM3T7T01,PFM3T7T03,0.0227601558152476
allsubs,0.99,FPR_cort,FP,1,3,PFM3T7T01,PFM3T7T03,0.0711103190162181
allsubs,0.99,FPR_cort,DAN,1,3,PFM3T7T01,PFM3T7T03,0.0023850085178875
allsubs,0.99,FPR_cort,VAN,1,3,PFM3T7T01,PFM3T7T03,0.0033896500319443
allsubs,0.99,FPR_cort,Sal,1,3,PFM3T7T01,PFM3T7T03,0.0031415430009546
allsubs,0.99,FPR_cort,AMN,1,3,PFM3T7T01,PFM3T7T03,0.0675226615805101
allsubs,0.99,FPR_cort,SMd,1,3,PFM3T7T01,PFM3T7T03,0.0
allsubs,0.99,FPR_cort,SMl,1,3,PFM3T7T01,PFM3T7T03,0.0008770090179405
allsubs,0.99,FPR_cort,Aud,1,3,PFM3T7T01,PFM3T7T03,0.0002273442691756
allsubs,0.99,FPR_cort,Tpole,1,3,PFM3T7T01,PFM3T7T03,0.0002026855839878
allsubs,0.99,FPR_cort,MTL,1,3,PFM3T7T01,PFM3T7T03,0.0003490827849824
allsubs,0.99,FPR_cort,PMN,1,3,PFM3T7T01,PFM3T7T03,0.0059096074831716
allsubs,0.99,FPR_cort,PON,1,3,PFM3T7T01,PFM3T7T03,0.0001399408749803
allsubs,0.99,FPR_cort,SCAN,1,3,PFM3T7T01,PFM3T7T03,0.002093715393134
allsubs,0.99,FNR_cort,DMN,1,3,PFM3T7T01,PFM3T7T03,0.769432932376428
allsubs,0.99,FNR_cort,Vis,1,3,PFM3T7T01,PFM3T7T03,0.279352962559069
allsubs,0.99,FNR_cort,FP,1,3,PFM3T7T01,PFM3T7T03,0.507268322228952
allsubs,0.99,FNR_cort,DAN,1,3,PFM3T7T01,PFM3T7T03,0.872531145548466
allsubs,0.99,FNR_cort,VAN,1,3,PFM3T7T01,PFM3T7T03,0.881527415143603
allsubs,0.99,FNR_cort,Sal,1,3,PFM3T7T01,PFM3T7T03,0.804117974401781
allsubs,0.99,FNR_cort,AMN,1,3,PFM3T7T01,PFM3T7T03,0.524488603156049
allsubs,0.99,FNR_cort,SMd,1,3,PFM3T7T01,PFM3T7T03,0.959589480436177
allsubs,0.99,FNR_cort,SMl,1,3,PFM3T7T01,PFM3T7T03,0.893693434851314
allsubs,0.99,FNR_cort,Aud,1,3,PFM3T7T01,PFM3T7T03,0.93677130044843
allsubs,0.99,FNR_cort,Tpole,1,3,PFM3T7T01,PFM3T7T03,0.91304347826087
allsubs,0.99,FNR_cort,MTL,1,3,PFM3T7T01,PFM3T7T03,0.983010854176498
allsubs,0.99,FNR_cort,PMN,1,3,PFM3T7T01,PFM3T7T03,0.696436626071267
allsubs,0.99,FNR_cort,PON,1,3,PFM3T7T01,PFM3T7T03,0.90467706013363
allsubs,0.99,FNR_cort,SCAN,1,3,PFM3T7T01,PFM3T7T03,0.850617283950617
allsubs,0.99,NPV_cort,DMN,1,3,PFM3T7T01,PFM3T7T03,0.865457694822985
allsubs,0.99,NPV_cort,Vis,1,3,PFM3T7T01,PFM3T7T03,0.971652526742899
allsubs,0.99,NPV_cort,FP,1,3,PFM3T7T01,PFM3T7T03,0.968863277256251
allsubs,0.99,NPV_cort,DAN,1,3,PFM3T7T01,PFM3T7T03,0.90174003798313
allsubs,0.99,NPV_cort,VAN,1,3,PFM3T7T01,PFM3T7T03,0.95410989160352
allsubs,0.99,NPV_cort,Sal,1,3,PFM3T7T01,PFM3T7T03,0.975458142971178
allsubs,0.99,NPV_cort,AMN,1,3,PFM3T7T01,PFM3T7T03,0.91356193411674
allsubs,0.99,NPV_cort,SMd,1,3,PFM3T7T01,PFM3T7T03,0.949532773336032
allsubs,0.99,NPV_cort,SMl,1,3,PFM3T7T01,PFM3T7T03,0.893886671442705
allsubs,0.99,NPV_cort,Aud,1,3,PFM3T7T01,PFM3T7T03,0.964747375881738
allsubs,0.99,NPV_cort,Tpole,1,3,PFM3T7T01,PFM3T7T03,0.996817217338587
allsubs,0.99,NPV_cort,MTL,1,3,PFM3T7T01,PFM3T7T03,0.9649066648696
allsubs,0.99,NPV_cort,PMN,1,3,PFM3T7T01,PFM3T7T03,0.973562096539443
allsubs,0.99,NPV_cort,PON,1,3,PFM3T7T01,PFM3T7T03,0.96568677141409
allsubs,0.99,NPV_cort,SCAN,1,3,PFM3T7T01,PFM3T7T03,0.976663448999983
allsubs,0.99,PPV_cort,DMN,1,3,PFM3T7T01,PFM3T7T03,0.804585537918871
allsubs,0.99,PPV_cort,Vis,1,3,PFM3T7T01,PFM3T7T03,0.763674884437596
allsubs,0.99,PPV_cort,FP,1,3,PFM3T7T01,PFM3T7T03,0.289656400213637
allsubs,0.99,PPV_cort,DAN,1,3,PFM3T7T01,PFM3T7T03,0.869430051813472
allsubs,0.99,PPV_cort,VAN,1,3,PFM3T7T01,PFM3T7T03,0.655234657039711
allsubs,0.99,PPV_cort,Sal,1,3,PFM3T7T01,PFM3T7T03,0.660412757973734
allsubs,0.99,PPV_cort,AMN,1,3,PFM3T7T01,PFM3T7T03,0.542255398560384
allsubs,0.99,PPV_cort,SMd,1,3,PFM3T7T01,PFM3T7T03,1.0
allsubs,0.99,PPV_cort,SMl,1,3,PFM3T7T01,PFM3T7T03,0.94147582697201
allsubs,0.99,PPV_cort,Aud,1,3,PFM3T7T01,PFM3T7T03,0.915584415584416
allsubs,0.99,PPV_cort,Tpole,1,3,PFM3T7T01,PFM3T7T03,0.6
allsubs,0.99,PPV_cort,MTL,1,3,PFM3T7T01,PFM3T7T03,0.642857142857143
allsubs,0.99,PPV_cort,PMN,1,3,PFM3T7T01,PFM3T7T03,0.665677546983185
allsubs,0.99,PPV_cort,PON,1,3,PFM3T7T01,PFM3T7T03,0.963963963963964
allsubs,0.99,PPV_cort,SCAN,1,3,PFM3T7T01,PFM3T7T03,0.666666666666667
allsubs,0.99,PPVcorr_Jeffreys_cort,DMN,1,3,PFM3T7T01,PFM3T7T03,0.725792955573569
allsubs,0.99,PPVcorr_Jeffreys_cort,Vis,1,3,PFM3T7T01,PFM3T7T03,0.738410365365191
allsubs,0.99,PPVcorr_Jeffreys_cort,FP,1,3,PFM3T7T01,PFM3T7T03,0.301335082055421
allsubs,0.99,PPVcorr_Jeffreys_cort,DAN,1,3,PFM3T7T01,PFM3T7T03,0.719627895515032
allsubs,0.99,PPVcorr_Jeffreys_cort,VAN,1,3,PFM3T7T01,PFM3T7T03,0.599953509995351
allsubs,0.99,PPVcorr_Jeffreys_cort,Sal,1,3,PFM3T7T01,PFM3T7T03,0.619966325242037
allsubs,0.99,PPVcorr_Jeffreys_cort,AMN,1,3,PFM3T7T01,PFM3T7T03,0.537930002991325
allsubs,0.99,PPVcorr_Jeffreys_cort,SMd,1,3,PFM3T7T01,PFM3T7T03,0.643901324805847
allsubs,0.99,PPVcorr_Jeffreys_cort,SMl,1,3,PFM3T7T01,PFM3T7T03,0.734127251872343
allsubs,0.99,PPVcorr_Jeffreys_cort,Aud,1,3,PFM3T7T01,PFM3T7T03,0.669761273209549
allsubs,0.99,PPVcorr_Jeffreys_cort,Tpole,1,3,PFM3T7T01,PFM3T7T03,0.559171597633136
allsubs,0.99,PPVcorr_Jeffreys_cort,MTL,1,3,PFM3T7T01,PFM3T7T03,0.529861888764464
allsubs,0.99,PPVcorr_Jeffreys_cort,PMN,1,3,PFM3T7T01,PFM3T7T03,0.635880587328628
allsubs,0.99,PPVcorr_Jeffreys_cort,PON,1,3,PFM3T7T01,PFM3T7T03,0.730683090705487
allsubs,0.99,PPVcorr_Jeffreys_cort,SCAN,1,3,PFM3T7T01,PFM3T7T03,0.615238095238095
allsubs,0.99,PPVcorr_d1d2_cort,DMN,1,3,PFM3T7T01,PFM3T7T03,0.786838087839611
allsubs,0.99,PPVcorr_d1d2_cort,Vis,1,3,PFM3T7T01,PFM3T7T03,0.767025445910709
allsubs,0.99,PPVcorr_d1d2_cort,FP,1,3,PFM3T7T01,PFM3T7T03,0.314377234143658
allsubs,0.99,PPVcorr_d1d2_cort,DAN,1,3,PFM3T7T01,PFM3T7T03,0.8012769204545
allsubs,0.99,PPVcorr_d1d2_cort,VAN,1,3,PFM3T7T01,PFM3T7T03,0.582566320530963
allsubs,0.99,PPVcorr_d1d2_cort,Sal,1,3,PFM3T7T01,PFM3T7T03,0.602776885415405
allsubs,0.99,PPVcorr_d1d2_cort,AMN,1,3,PFM3T7T01,PFM3T7T03,0.546651507106803
allsubs,0.99,PPVcorr_d1d2_cort,SMd,1,3,PFM3T7T01,PFM3T7T03,0.575070713464239
allsubs,0.99,PPVcorr_d1d2_cort,SMl,1,3,PFM3T7T01,PFM3T7T03,0.847566495049646
allsubs,0.99,PPVcorr_d1d2_cort,Aud,1,3,PFM3T7T01,PFM3T7T03,0.581983645476128
allsubs,0.99,PPVcorr_d1d2_cort,Tpole,1,3,PFM3T7T01,PFM3T7T03,0.251853081093041
allsubs,0.99,PPVcorr_d1d2_cort,MTL,1,3,PFM3T7T01,PFM3T7T03,0.249316917305663
allsubs,0.99,PPVcorr_d1d2_cort,PMN,1,3,PFM3T7T01,PFM3T7T03,0.646674608892047
allsubs,0.99,PPVcorr_d1d2_cort,PON,1,3,PFM3T7T01,PFM3T7T03,0.694701676239597
allsubs,0.99,PPVcorr_d1d2_cort,SCAN,1,3,PFM3T7T01,PFM3T7T03,0.570921136653895
allsubs,0.99,PPVcorr_bayes_cort,DMN,1,3,PFM3T7T01,PFM3T7T03,0.727560686352514
allsubs,0.99,PPVcorr_bayes_cort,Vis,1,3,PFM3T7T01,PFM3T7T03,0.772681553007443
allsubs,0.99,PPVcorr_bayes_cort,FP,1,3,PFM3T7T01,PFM3T7T03,0.329987377012329
allsubs,0.99,PPVcorr_bayes_cort,DAN,1,3,PFM3T7T01,PFM3T7T03,0.685468303605899
allsubs,0.99,PPVcorr_bayes_cort,VAN,1,3,PFM3T7T01,PFM3T7T03,0.552386331544761
allsubs,0.99,PPVcorr_bayes_cort,Sal,1,3,PFM3T7T01,PFM3T7T03,0.607758275226417
allsubs,0.99,PPVcorr_bayes_cort,AMN,1,3,PFM3T7T01,PFM3T7T03,0.560300097720897
allsubs,0.99,PPVcorr_bayes_cort,SMd,1,3,PFM3T7T01,PFM3T7T03,0.469423824673029
allsubs,0.99,PPVcorr_bayes_cort,SMl,1,3,PFM3T7T01,PFM3T7T03,0.687018193031144
allsubs,0.99,PPVcorr_bayes_cort,Aud,1,3,PFM3T7T01,PFM3T7T03,0.55984990619137
allsubs,0.99,PPVcorr_bayes_cort,Tpole,1,3,PFM3T7T01,PFM3T7T03,0.483675937122128
allsubs,0.99,PPVcorr_bayes_cort,MTL,1,3,PFM3T7T01,PFM3T7T03,0.241178275544646
allsubs,0.99,PPVcorr_bayes_cort,PMN,1,3,PFM3T7T01,PFM3T7T03,0.644832346261745
allsubs,0.99,PPVcorr_bayes_cort,PON,1,3,PFM3T7T01,PFM3T7T03,0.672930648769575
allsubs,0.99,PPVcorr_bayes_cort,SCAN,1,3,PFM3T7T01,PFM3T7T03,0.585730337078652
allsubs,0.99,MCC_cort,DMN,1,3,PFM3T7T01,PFM3T7T03,0.383397588626664
allsubs,0.99,MCC_cort,Vis,1,3,PFM3T7T01,PFM3T7T03,0.71636258554076
allsubs,0.99,MCC_cort,FP,1,3,PFM3T7T01,PFM3T7T03,0.330147569549913
allsubs,0.99,MCC_cort,DAN,1,3,PFM3T7T01,PFM3T7T03,0.310581584613053
allsubs,0.99,MCC_cort,VAN,1,3,PFM3T7T01,PFM3T7T03,0.26481155370781
allsubs,0.99,MCC_cort,Sal,1,3,PFM3T7T01,PFM3T7T03,0.350082939198242
allsubs,0.99,MCC_cort,AMN,1,3,PFM3T7T01,PFM3T7T03,0.431240463164225
allsubs,0.99,MCC_cort,SMd,1,3,PFM3T7T01,PFM3T7T03,0.195885458146813
allsubs,0.99,MCC_cort,SMl,1,3,PFM3T7T01,PFM3T7T03,0.296769097811975
allsubs,0.99,MCC_cort,Aud,1,3,PFM3T7T01,PFM3T7T03,0.235503919204215
allsubs,0.99,MCC_cort,Tpole,1,3,PFM3T7T01,PFM3T7T03,0.227543804766379
allsubs,0.99,MCC_cort,MTL,1,3,PFM3T7T01,PFM3T7T03,0.10056454680007
allsubs,0.99,MCC_cort,PMN,1,3,PFM3T7T01,PFM3T7T03,0.436201888528498
allsubs,0.99,MCC_cort,PON,1,3,PFM3T7T01,PFM3T7T03,0.297467552865575
allsubs,0.99,MCC_cort,SCAN,1,3,PFM3T7T01,PFM3T7T03,0.307823731750185
allsubs,0.99,muI_cort,WholeBrainOrSingleVal,1,3,PFM3T7T01,PFM3T7T03,1.48421244750115
allsubs,0.99,VIn_cort,WholeBrainOrSingleVal,1,3,PFM3T7T01,PFM3T7T03,0.212692751406115
allsubs,0.99,MIn_cort,WholeBrainOrSingleVal,1,3,PFM3T7T01,PFM3T7T03,0.487651382652958
allsubs,0.99,DC_cort,DMN,1,4,PFM3T7T01,PFM3T7T04,0.389484373237053
allsubs,0.99,DC_cort,Vis,1,4,PFM3T7T01,PFM3T7T04,0.801357685469533
allsubs,0.99,DC_cort,FP,1,4,PFM3T7T01,PFM3T7T04,0.525546309977448
allsubs,0.99,DC_cort,DAN,1,4,PFM3T7T01,PFM3T7T04,0.166641868769528
allsubs,0.99,DC_cort,VAN,1,4,PFM3T7T01,PFM3T7T04,0.145178764897075
allsubs,0.99,DC_cort,Sal,1,4,PFM3T7T01,PFM3T7T04,0.224938875305623
allsubs,0.99,DC_cort,AMN,1,4,PFM3T7T01,PFM3T7T04,0.535083354068176
allsubs,0.99,DC_cort,SMd,1,4,PFM3T7T01,PFM3T7T04,0.0926130099228225
allsubs,0.99,DC_cort,SMl,1,4,PFM3T7T01,PFM3T7T04,0.517203107658158
allsubs,0.99,DC_cort,Aud,1,4,PFM3T7T01,PFM3T7T04,0.0909090909090909
allsubs,0.99,DC_cort,Tpole,1,4,PFM3T7T01,PFM3T7T04,0.044030482641829
allsubs,0.99,DC_cort,MTL,1,4,PFM3T7T01,PFM3T7T04,0.0225702441271304
allsubs,0.99,DC_cort,PMN,1,4,PFM3T7T01,PFM3T7T04,0.483398786147804
allsubs,0.99,DC_cort,PON,1,4,PFM3T7T01,PFM3T7T04,0.13475935828877
allsubs,0.99,DC_cort,SCAN,1,4,PFM3T7T01,PFM3T7T04,0.276553106212425
allsubs,0.99,cDC_cort,DMN,1,4,PFM3T7T01,PFM3T7T04,0.389484373237053
allsubs,0.99,cDC_cort,Vis,1,4,PFM3T7T01,PFM3T7T04,0.801357685469533
allsubs,0.99,cDC_cort,FP,1,4,PFM3T7T01,PFM3T7T04,0.525546309977448
allsubs,0.99,cDC_cort,DAN,1,4,PFM3T7T01,PFM3T7T04,0.166641868769528
allsubs,0.99,cDC_cort,VAN,1,4,PFM3T7T01,PFM3T7T04,0.145178764897075
allsubs,0.99,cDC_cort,Sal,1,4,PFM3T7T01,PFM3T7T04,0.224938875305623
allsubs,0.99,cDC_cort,AMN,1,4,PFM3T7T01,PFM3T7T04,0.535083354068176
allsubs,0.99,cDC_cort,SMd,1,4,PFM3T7T01,PFM3T7T04,0.0926130099228225
allsubs,0.99,cDC_cort,SMl,1,4,PFM3T7T01,PFM3T7T04,0.517203107658158
allsubs,0.99,cDC_cort,Aud,1,4,PFM3T7T01,PFM3T7T04,0.0909090909090909
allsubs,0.99,cDC_cort,Tpole,1,4,PFM3T7T01,PFM3T7T04,0.044030482641829
allsubs,0.99,cDC_cort,MTL,1,4,PFM3T7T01,PFM3T7T04,0.0225702441271304
allsubs,0.99,cDC_cort,PMN,1,4,PFM3T7T01,PFM3T7T04,0.483398786147804
allsubs,0.99,cDC_cort,PON,1,4,PFM3T7T01,PFM3T7T04,0.13475935828877
allsubs,0.99,cDC_cort,SCAN,1,4,PFM3T7T01,PFM3T7T04,0.276553106212425
allsubs,0.99,TP_cort,DMN,1,4,PFM3T7T01,PFM3T7T04,1726.0
allsubs,0.99,TP_cort,Vis,1,4,PFM3T7T01,PFM3T7T04,4958.0
allsubs,0.99,TP_cort,FP,1,4,PFM3T7T01,PFM3T7T04,3379.0
allsubs,0.99,TP_cort,DAN,1,4,PFM3T7T01,PFM3T7T04,560.0
allsubs,0.99,TP_cort,VAN,1,4,PFM3T7T01,PFM3T7T04,335.0
allsubs,0.99,TP_cort,Sal,1,4,PFM3T7T01,PFM3T7T04,230.0
allsubs,0.99,TP_cort,AMN,1,4,PFM3T7T01,PFM3T7T04,4301.0
allsubs,0.99,TP_cort,SMd,1,4,PFM3T7T01,PFM3T7T04,126.0
allsubs,0.99,TP_cort,SMl,1,4,PFM3T7T01,PFM3T7T04,699.0
allsubs,0.99,TP_cort,Aud,1,4,PFM3T7T01,PFM3T7T04,148.0
allsubs,0.99,TP_cort,Tpole,1,4,PFM3T7T01,PFM3T7T04,26.0
allsubs,0.99,TP_cort,MTL,1,4,PFM3T7T01,PFM3T7T04,49.0
allsubs,0.99,TP_cort,PMN,1,4,PFM3T7T01,PFM3T7T04,677.0
allsubs,0.99,TP_cort,PON,1,4,PFM3T7T01,PFM3T7T04,189.0
allsubs,0.99,TP_cort,SCAN,1,4,PFM3T7T01,PFM3T7T04,276.0
allsubs,0.99,TN_cort,DMN,1,4,PFM3T7T01,PFM3T7T04,52275.0
allsubs,0.99,TN_cort,Vis,1,4,PFM3T7T01,PFM3T7T04,51996.0
allsubs,0.99,TN_cort,FP,1,4,PFM3T7T01,PFM3T7T04,49932.0
allsubs,0.99,TN_cort,DAN,1,4,PFM3T7T01,PFM3T7T04,53251.0
allsubs,0.99,TN_cort,VAN,1,4,PFM3T7T01,PFM3T7T04,55132.0
allsubs,0.99,TN_cort,Sal,1,4,PFM3T7T01,PFM3T7T04,57597.0
allsubs,0.99,TN_cort,AMN,1,4,PFM3T7T01,PFM3T7T04,47637.0
allsubs,0.99,TN_cort,SMd,1,4,PFM3T7T01,PFM3T7T04,56817.0
allsubs,0.99,TN_cort,SMl,1,4,PFM3T7T01,PFM3T7T04,57408.0
allsubs,0.99,TN_cort,Aud,1,4,PFM3T7T01,PFM3T7T04,56304.0
allsubs,0.99,TN_cort,Tpole,1,4,PFM3T7T01,PFM3T7T04,58257.0
allsubs,0.99,TN_cort,MTL,1,4,PFM3T7T01,PFM3T7T04,55119.0
allsubs,0.99,TN_cort,PMN,1,4,PFM3T7T01,PFM3T7T04,57288.0
allsubs,0.99,TN_cort,PON,1,4,PFM3T7T01,PFM3T7T04,56796.0
allsubs,0.99,TN_cort,SCAN,1,4,PFM3T7T01,PFM3T7T04,57692.0
allsubs,0.99,FP_cort,DMN,1,4,PFM3T7T01,PFM3T7T04,1109.0
allsubs,0.99,FP_cort,Vis,1,4,PFM3T7T01,PFM3T7T04,234.0
allsubs,0.99,FP_cort,FP,1,4,PFM3T7T01,PFM3T7T04,2238.0
allsubs,0.99,FP_cort,DAN,1,4,PFM3T7T01,PFM3T7T04,405.0
allsubs,0.99,FP_cort,VAN,1,4,PFM3T7T01,PFM3T7T04,219.0
allsubs,0.99,FP_cort,Sal,1,4,PFM3T7T01,PFM3T7T04,303.0
allsubs,0.99,FP_cort,AMN,1,4,PFM3T7T01,PFM3T7T04,3201.0
allsubs,0.99,FP_cort,SMd,1,4,PFM3T7T01,PFM3T7T04,0.0
allsubs,0.99,FP_cort,SMl,1,4,PFM3T7T01,PFM3T7T04,87.0
allsubs,0.99,FP_cort,Aud,1,4,PFM3T7T01,PFM3T7T04,6.0
allsubs,0.99,FP_cort,Tpole,1,4,PFM3T7T01,PFM3T7T04,4.0
allsubs,0.99,FP_cort,MTL,1,4,PFM3T7T01,PFM3T7T04,7.0
allsubs,0.99,FP_cort,PMN,1,4,PFM3T7T01,PFM3T7T04,334.0
allsubs,0.99,FP_cort,PON,1,4,PFM3T7T01,PFM3T7T04,33.0
allsubs,0.99,FP_cort,SCAN,1,4,PFM3T7T01,PFM3T7T04,87.0
allsubs,0.99,FN_cort,DMN,1,4,PFM3T7T01,PFM3T7T04,4302.0
allsubs,0.99,FN_cort,Vis,1,4,PFM3T7T01,PFM3T7T04,2224.0
allsubs,0.99,FN_cort,FP,1,4,PFM3T7T01,PFM3T7T04,3863.0
allsubs,0.99,FN_cort,DAN,1,4,PFM3T7T01,PFM3T7T04,5196.0
allsubs,0.99,FN_cort,VAN,1,4,PFM3T7T01,PFM3T7T04,3726.0
allsubs,0.99,FN_cort,Sal,1,4,PFM3T7T01,PFM3T7T04,1282.0
allsubs,0.99,FN_cort,AMN,1,4,PFM3T7T01,PFM3T7T04,4273.0
allsubs,0.99,FN_cort,SMd,1,4,PFM3T7T01,PFM3T7T04,2469.0
allsubs,0.99,FN_cort,SMl,1,4,PFM3T7T01,PFM3T7T04,1218.0
allsubs,0.99,FN_cort,Aud,1,4,PFM3T7T01,PFM3T7T04,2954.0
allsubs,0.99,FN_cort,Tpole,1,4,PFM3T7T01,PFM3T7T04,1125.0
allsubs,0.99,FN_cort,MTL,1,4,PFM3T7T01,PFM3T7T04,4237.0
allsubs,0.99,FN_cort,PMN,1,4,PFM3T7T01,PFM3T7T04,1113.0
allsubs,0.99,FN_cort,PON,1,4,PFM3T7T01,PFM3T7T04,2394.0
allsubs,0.99,FN_cort,SCAN,1,4,PFM3T7T01,PFM3T7T04,1357.0
allsubs,0.99,TPR_cort,DMN,1,4,PFM3T7T01,PFM3T7T04,0.286330457863305
allsubs,0.99,TPR_cort,Vis,1,4,PFM3T7T01,PFM3T7T04,0.690336953494848
allsubs,0.99,TPR_cort,FP,1,4,PFM3T7T01,PFM3T7T04,0.466583816625242
allsubs,0.99,TPR_cort,DAN,1,4,PFM3T7T01,PFM3T7T04,0.0972897845726199
allsubs,0.99,TPR_cort,VAN,1,4,PFM3T7T01,PFM3T7T04,0.0824919970450628
allsubs,0.99,TPR_cort,Sal,1,4,PFM3T7T01,PFM3T7T04,0.152116402116402
allsubs,0.99,TPR_cort,AMN,1,4,PFM3T7T01,PFM3T7T04,0.501632843480289
allsubs,0.99,TPR_cort,SMd,1,4,PFM3T7T01,PFM3T7T04,0.0485549132947977
allsubs,0.99,TPR_cort,SMl,1,4,PFM3T7T01,PFM3T7T04,0.364632237871674
allsubs,0.99,TPR_cort,Aud,1,4,PFM3T7T01,PFM3T7T04,0.0477111540941328
allsubs,0.99,TPR_cort,Tpole,1,4,PFM3T7T01,PFM3T7T04,0.0225890529973936
allsubs,0.99,TPR_cort,MTL,1,4,PFM3T7T01,PFM3T7T04,0.0114325711619225
allsubs,0.99,TPR_cort,PMN,1,4,PFM3T7T01,PFM3T7T04,0.378212290502793
allsubs,0.99,TPR_cort,PON,1,4,PFM3T7T01,PFM3T7T04,0.0731707317073171
allsubs,0.99,TPR_cort,SCAN,1,4,PFM3T7T01,PFM3T7T04,0.169014084507042
allsubs,0.99,TNR_cort,DMN,1,4,PFM3T7T01,PFM3T7T04,0.979225985313952
allsubs,0.99,TNR_cort,Vis,1,4,PFM3T7T01,PFM3T7T04,0.995519816197588
allsubs,0.99,TNR_cort,FP,1,4,PFM3T7T01,PFM3T7T04,0.957101782633697
allsubs,0.99,TNR_cort,DAN,1,4,PFM3T7T01,PFM3T7T04,0.992451915908752
allsubs,0.99,TNR_cort,VAN,1,4,PFM3T7T01,PFM3T7T04,0.996043431916316
allsubs,0.99,TNR_cort,Sal,1,4,PFM3T7T01,PFM3T7T04,0.994766839378238
allsubs,0.99,TNR_cort,AMN,1,4,PFM3T7T01,PFM3T7T04,0.937035288563673
allsubs,0.99,TNR_cort,SMd,1,4,PFM3T7T01,PFM3T7T04,1.0
allsubs,0.99,TNR_cort,SMl,1,4,PFM3T7T01,PFM3T7T04,0.998486824941299
allsubs,0.99,TNR_cort,Aud,1,4,PFM3T7T01,PFM3T7T04,0.999893446989877
allsubs,0.99,TNR_cort,Tpole,1,4,PFM3T7T01,PFM3T7T04,0.999931343437291
allsubs,0.99,TNR_cort,MTL,1,4,PFM3T7T01,PFM3T7T04,0.999873018176541
allsubs,0.99,TNR_cort,PMN,1,4,PFM3T7T01,PFM3T7T04,0.994203602790601
allsubs,0.99,TNR_cort,PON,1,4,PFM3T7T01,PFM3T7T04,0.999419310563269
allsubs,0.99,TNR_cort,SCAN,1,4,PFM3T7T01,PFM3T7T04,0.998494262621368
allsubs,0.99,FPR_cort,DMN,1,4,PFM3T7T01,PFM3T7T04,0.0207740146860483
allsubs,0.99,FPR_cort,Vis,1,4,PFM3T7T01,PFM3T7T04,0.0044801838024124
allsubs,0.99,FPR_cort,FP,1,4,PFM3T7T01,PFM3T7T04,0.0428982173663025
allsubs,0.99,FPR_cort,DAN,1,4,PFM3T7T01,PFM3T7T04,0.0075480840912479
allsubs,0.99,FPR_cort,VAN,1,4,PFM3T7T01,PFM3T7T04,0.0039565680836841
allsubs,0.99,FPR_cort,Sal,1,4,PFM3T7T01,PFM3T7T04,0.0052331606217616
allsubs,0.99,FPR_cort,AMN,1,4,PFM3T7T01,PFM3T7T04,0.0629647114363272
allsubs,0.99,FPR_cort,SMd,1,4,PFM3T7T01,PFM3T7T04,0.0
allsubs,0.99,FPR_cort,SMl,1,4,PFM3T7T01,PFM3T7T04,0.0015131750587007
allsubs,0.99,FPR_cort,Aud,1,4,PFM3T7T01,PFM3T7T04,0.0001065530101225
allsubs,0.99,FPR_cort,Tpole,1,4,PFM3T7T01,PFM3T7T04,6.8656562709188e-05
allsubs,0.99,FPR_cort,MTL,1,4,PFM3T7T01,PFM3T7T04,0.0001269818234589
allsubs,0.99,FPR_cort,PMN,1,4,PFM3T7T01,PFM3T7T04,0.0057963972093991
allsubs,0.99,FPR_cort,PON,1,4,PFM3T7T01,PFM3T7T04,0.0005806894367312
allsubs,0.99,FPR_cort,SCAN,1,4,PFM3T7T01,PFM3T7T04,0.0015057373786323
allsubs,0.99,FNR_cort,DMN,1,4,PFM3T7T01,PFM3T7T04,0.713669542136695
allsubs,0.99,FNR_cort,Vis,1,4,PFM3T7T01,PFM3T7T04,0.309663046505152
allsubs,0.99,FNR_cort,FP,1,4,PFM3T7T01,PFM3T7T04,0.533416183374758
allsubs,0.99,FNR_cort,DAN,1,4,PFM3T7T01,PFM3T7T04,0.90271021542738
allsubs,0.99,FNR_cort,VAN,1,4,PFM3T7T01,PFM3T7T04,0.917508002954937
allsubs,0.99,FNR_cort,Sal,1,4,PFM3T7T01,PFM3T7T04,0.847883597883598
allsubs,0.99,FNR_cort,AMN,1,4,PFM3T7T01,PFM3T7T04,0.498367156519711
allsubs,0.99,FNR_cort,SMd,1,4,PFM3T7T01,PFM3T7T04,0.951445086705202
allsubs,0.99,FNR_cort,SMl,1,4,PFM3T7T01,PFM3T7T04,0.635367762128325
allsubs,0.99,FNR_cort,Aud,1,4,PFM3T7T01,PFM3T7T04,0.952288845905867
allsubs,0.99,FNR_cort,Tpole,1,4,PFM3T7T01,PFM3T7T04,0.977410947002606
allsubs,0.99,FNR_cort,MTL,1,4,PFM3T7T01,PFM3T7T04,0.988567428838077
allsubs,0.99,FNR_cort,PMN,1,4,PFM3T7T01,PFM3T7T04,0.621787709497207
allsubs,0.99,FNR_cort,PON,1,4,PFM3T7T01,PFM3T7T04,0.926829268292683
allsubs,0.99,FNR_cort,SCAN,1,4,PFM3T7T01,PFM3T7T04,0.830985915492958
allsubs,0.99,NPV_cort,DMN,1,4,PFM3T7T01,PFM3T7T04,0.923962034042102
allsubs,0.99,NPV_cort,Vis,1,4,PFM3T7T01,PFM3T7T04,0.958981925488749
allsubs,0.99,NPV_cort,FP,1,4,PFM3T7T01,PFM3T7T04,0.928190352263221
allsubs,0.99,NPV_cort,DAN,1,4,PFM3T7T01,PFM3T7T04,0.911098944342738
allsubs,0.99,NPV_cort,VAN,1,4,PFM3T7T01,PFM3T7T04,0.936695096673349
allsubs,0.99,NPV_cort,Sal,1,4,PFM3T7T01,PFM3T7T04,0.978226532379966
allsubs,0.99,NPV_cort,AMN,1,4,PFM3T7T01,PFM3T7T04,0.917684453862454
allsubs,0.99,NPV_cort,SMd,1,4,PFM3T7T01,PFM3T7T04,0.958354417569072
allsubs,0.99,NPV_cort,SMl,1,4,PFM3T7T01,PFM3T7T04,0.979224234981066
allsubs,0.99,NPV_cort,Aud,1,4,PFM3T7T01,PFM3T7T04,0.950150190691552
allsubs,0.99,NPV_cort,Tpole,1,4,PFM3T7T01,PFM3T7T04,0.98105486511064
allsubs,0.99,NPV_cort,MTL,1,4,PFM3T7T01,PFM3T7T04,0.928617157490397
allsubs,0.99,NPV_cort,PMN,1,4,PFM3T7T01,PFM3T7T04,0.980942107155699
allsubs,0.99,NPV_cort,PON,1,4,PFM3T7T01,PFM3T7T04,0.95955397871262
allsubs,0.99,NPV_cort,SCAN,1,4,PFM3T7T01,PFM3T7T04,0.97701908584396
allsubs,0.99,PPV_cort,DMN,1,4,PFM3T7T01,PFM3T7T04,0.608818342151676
allsubs,0.99,PPV_cort,Vis,1,4,PFM3T7T01,PFM3T7T04,0.954930662557781
allsubs,0.99,PPV_cort,FP,1,4,PFM3T7T01,PFM3T7T04,0.601566672601033
allsubs,0.99,PPV_cort,DAN,1,4,PFM3T7T01,PFM3T7T04,0.580310880829015
allsubs,0.99,PPV_cort,VAN,1,4,PFM3T7T01,PFM3T7T04,0.604693140794224
allsubs,0.99,PPV_cort,Sal,1,4,PFM3T7T01,PFM3T7T04,0.431519699812383
allsubs,0.99,PPV_cort,AMN,1,4,PFM3T7T01,PFM3T7T04,0.573313782991202
allsubs,0.99,PPV_cort,SMd,1,4,PFM3T7T01,PFM3T7T04,1.0
allsubs,0.99,PPV_cort,SMl,1,4,PFM3T7T01,PFM3T7T04,0.889312977099237
allsubs,0.99,PPV_cort,Aud,1,4,PFM3T7T01,PFM3T7T04,0.961038961038961
allsubs,0.99,PPV_cort,Tpole,1,4,PFM3T7T01,PFM3T7T04,0.866666666666667
allsubs,0.99,PPV_cort,MTL,1,4,PFM3T7T01,PFM3T7T04,0.875
allsubs,0.99,PPV_cort,PMN,1,4,PFM3T7T01,PFM3T7T04,0.669634025717112
allsubs,0.99,PPV_cort,PON,1,4,PFM3T7T01,PFM3T7T04,0.851351351351351
allsubs,0.99,PPV_cort,SCAN,1,4,PFM3T7T01,PFM3T7T04,0.760330578512397
allsubs,0.99,PPVcorr_Jeffreys_cort,DMN,1,4,PFM3T7T01,PFM3T7T04,0.589737622898365
allsubs,0.99,PPVcorr_Jeffreys_cort,Vis,1,4,PFM3T7T01,PFM3T7T04,0.899648066055294
allsubs,0.99,PPVcorr_Jeffreys_cort,FP,1,4,PFM3T7T01,PFM3T7T04,0.589967198637482
allsubs,0.99,PPVcorr_Jeffreys_cort,DAN,1,4,PFM3T7T01,PFM3T7T04,0.550305075944437
allsubs,0.99,PPVcorr_Jeffreys_cort,VAN,1,4,PFM3T7T01,PFM3T7T04,0.560410373919383
allsubs,0.99,PPVcorr_Jeffreys_cort,Sal,1,4,PFM3T7T01,PFM3T7T04,0.44665302543116
allsubs,0.99,PPVcorr_Jeffreys_cort,AMN,1,4,PFM3T7T01,PFM3T7T04,0.565794195755676
allsubs,0.99,PPVcorr_Jeffreys_cort,SMd,1,4,PFM3T7T01,PFM3T7T04,0.663424124513619
allsubs,0.99,PPVcorr_Jeffreys_cort,SMl,1,4,PFM3T7T01,PFM3T7T04,0.812979441546487
allsubs,0.99,PPVcorr_Jeffreys_cort,Aud,1,4,PFM3T7T01,PFM3T7T04,0.652951314088755
allsubs,0.99,PPVcorr_Jeffreys_cort,Tpole,1,4,PFM3T7T01,PFM3T7T04,0.575809786354238
allsubs,0.99,PPVcorr_Jeffreys_cort,MTL,1,4,PFM3T7T01,PFM3T7T04,0.543334709038382
allsubs,0.99,PPVcorr_Jeffreys_cort,PMN,1,4,PFM3T7T01,PFM3T7T04,0.644117647058824
allsubs,0.99,PPVcorr_Jeffreys_cort,PON,1,4,PFM3T7T01,PFM3T7T04,0.662398500936914
allsubs,0.99,PPVcorr_Jeffreys_cort,SCAN,1,4,PFM3T7T01,PFM3T7T04,0.6795553866616
allsubs,0.99,PPVcorr_d1d2_cort,DMN,1,4,PFM3T7T01,PFM3T7T04,0.604063530047788
allsubs,0.99,PPVcorr_d1d2_cort,Vis,1,4,PFM3T7T01,PFM3T7T04,0.95046133397183
allsubs,0.99,PPVcorr_d1d2_cort,FP,1,4,PFM3T7T01,PFM3T7T04,0.604592767945795
allsubs,0.99,PPVcorr_d1d2_cort,DAN,1,4,PFM3T7T01,PFM3T7T04,0.541524497807655
allsubs,0.99,PPVcorr_d1d2_cort,VAN,1,4,PFM3T7T01,PFM3T7T04,0.53304116047076
allsubs,0.99,PPVcorr_d1d2_cort,Sal,1,4,PFM3T7T01,PFM3T7T04,0.419166124213443
allsubs,0.99,PPVcorr_d1d2_cort,AMN,1,4,PFM3T7T01,PFM3T7T04,0.577271745917147
allsubs,0.99,PPVcorr_d1d2_cort,SMd,1,4,PFM3T7T01,PFM3T7T04,0.578658552112246
allsubs,0.99,PPVcorr_d1d2_cort,SMl,1,4,PFM3T7T01,PFM3T7T04,0.834838291933739
allsubs,0.99,PPVcorr_d1d2_cort,Aud,1,4,PFM3T7T01,PFM3T7T04,0.60182172159644
allsubs,0.99,PPVcorr_d1d2_cort,Tpole,1,4,PFM3T7T01,PFM3T7T04,0.222186482381732
allsubs,0.99,PPVcorr_d1d2_cort,MTL,1,4,PFM3T7T01,PFM3T7T04,0.323608787015048
allsubs,0.99,PPVcorr_d1d2_cort,PMN,1,4,PFM3T7T01,PFM3T7T04,0.660054358747639
allsubs,0.99,PPVcorr_d1d2_cort,PON,1,4,PFM3T7T01,PFM3T7T04,0.613296152864227
allsubs,0.99,PPVcorr_d1d2_cort,SCAN,1,4,PFM3T7T01,PFM3T7T04,0.643812556749794
allsubs,0.99,PPVcorr_bayes_cort,DMN,1,4,PFM3T7T01,PFM3T7T04,0.595477146681966
allsubs,0.99,PPVcorr_bayes_cort,Vis,1,4,PFM3T7T01,PFM3T7T04,0.939842582086058
allsubs,0.99,PPVcorr_bayes_cort,FP,1,4,PFM3T7T01,PFM3T7T04,0.612088426614939
allsubs,0.99,PPVcorr_bayes_cort,DAN,1,4,PFM3T7T01,PFM3T7T04,0.485524007018663
allsubs,0.99,PPVcorr_bayes_cort,VAN,1,4,PFM3T7T01,PFM3T7T04,0.479124068333223
allsubs,0.99,PPVcorr_bayes_cort,Sal,1,4,PFM3T7T01,PFM3T7T04,0.421833989501312
allsubs,0.99,PPVcorr_bayes_cort,AMN,1,4,PFM3T7T01,PFM3T7T04,0.589608785001954
allsubs,0.99,PPVcorr_bayes_cort,SMd,1,4,PFM3T7T01,PFM3T7T04,0.517234664070107
allsubs,0.99,PPVcorr_bayes_cort,SMl,1,4,PFM3T7T01,PFM3T7T04,0.836835249476129
allsubs,0.99,PPVcorr_bayes_cort,Aud,1,4,PFM3T7T01,PFM3T7T04,0.503708481135118
allsubs,0.99,PPVcorr_bayes_cort,Tpole,1,4,PFM3T7T01,PFM3T7T04,0.316205533596838
allsubs,0.99,PPVcorr_bayes_cort,MTL,1,4,PFM3T7T01,PFM3T7T04,0.192775525248802
allsubs,0.99,PPVcorr_bayes_cort,PMN,1,4,PFM3T7T01,PFM3T7T04,0.660962324103495
allsubs,0.99,PPVcorr_bayes_cort,PON,1,4,PFM3T7T01,PFM3T7T04,0.569643617776516
allsubs,0.99,PPVcorr_bayes_cort,SCAN,1,4,PFM3T7T01,PFM3T7T04,0.661169078873555
allsubs,0.99,MCC_cort,DMN,1,4,PFM3T7T01,PFM3T7T04,0.37614260819091
allsubs,0.99,MCC_cort,Vis,1,4,PFM3T7T01,PFM3T7T04,0.791715312103314
allsubs,0.99,MCC_cort,FP,1,4,PFM3T7T01,PFM3T7T04,0.473761989337731
allsubs,0.99,MCC_cort,DAN,1,4,PFM3T7T01,PFM3T7T04,0.209999888914654
allsubs,0.99,MCC_cort,VAN,1,4,PFM3T7T01,PFM3T7T04,0.206199314897408
allsubs,0.99,MCC_cort,Sal,1,4,PFM3T7T01,PFM3T7T04,0.24532601732109
allsubs,0.99,MCC_cort,AMN,1,4,PFM3T7T01,PFM3T7T04,0.464096196275592
allsubs,0.99,MCC_cort,SMd,1,4,PFM3T7T01,PFM3T7T04,0.215714662577101
allsubs,0.99,MCC_cort,SMl,1,4,PFM3T7T01,PFM3T7T04,0.561589190128151
allsubs,0.99,MCC_cort,Aud,1,4,PFM3T7T01,PFM3T7T04,0.208270967924502
allsubs,0.99,MCC_cort,Tpole,1,4,PFM3T7T01,PFM3T7T04,0.13817027524704
allsubs,0.99,MCC_cort,MTL,1,4,PFM3T7T01,PFM3T7T04,0.09531718401175
allsubs,0.99,MCC_cort,PMN,1,4,PFM3T7T01,PFM3T7T04,0.492224432224966
allsubs,0.99,MCC_cort,PON,1,4,PFM3T7T01,PFM3T7T04,0.242618326156099
allsubs,0.99,MCC_cort,SCAN,1,4,PFM3T7T01,PFM3T7T04,0.351443058733589
allsubs,0.99,muI_cort,WholeBrainOrSingleVal,1,4,PFM3T7T01,PFM3T7T04,1.63140947955669
allsubs,0.99,VIn_cort,WholeBrainOrSingleVal,1,4,PFM3T7T01,PFM3T7T04,0.193157456422579
allsubs,0.99,MIn_cort,WholeBrainOrSingleVal,1,4,PFM3T7T01,PFM3T7T04,0.535315719273458
allsubs,0.99,DC_cort,DMN,2,1,PFM3T7T02,PFM3T7T01,0.559356966199505
allsubs,0.99,DC_cort,Vis,2,1,PFM3T7T02,PFM3T7T01,0.789461191549964
allsubs,0.99,DC_cort,FP,2,1,PFM3T7T02,PFM3T7T01,0.419619047619048
allsubs,0.99,DC_cort,DAN,2,1,PFM3T7T02,PFM3T7T01,0.319536966255324
allsubs,0.99,DC_cort,VAN,2,1,PFM3T7T02,PFM3T7T01,0.370121478418196
allsubs,0.99,DC_cort,Sal,2,1,PFM3T7T02,PFM3T7T01,
allsubs,0.99,DC_cort,AMN,2,1,PFM3T7T02,PFM3T7T01,0.53448042270695
allsubs,0.99,DC_cort,SMd,2,1,PFM3T7T02,PFM3T7T01,0.459067357512953
allsubs,0.99,DC_cort,SMl,2,1,PFM3T7T02,PFM3T7T01,0.418300653594771
allsubs,0.99,DC_cort,Aud,2,1,PFM3T7T02,PFM3T7T01,0.28422293315373
allsubs,0.99,DC_cort,Tpole,2,1,PFM3T7T02,PFM3T7T01,
allsubs,0.99,DC_cort,MTL,2,1,PFM3T7T02,PFM3T7T01,0.0342384887839433
allsubs,0.99,DC_cort,PMN,2,1,PFM3T7T02,PFM3T7T01,0.219851576994434
allsubs,0.99,DC_cort,PON,2,1,PFM3T7T02,PFM3T7T01,0.444012944983819
allsubs,0.99,DC_cort,SCAN,2,1,PFM3T7T02,PFM3T7T01,0.0868696954568148
allsubs,0.99,cDC_cort,DMN,2,1,PFM3T7T02,PFM3T7T01,0.559356966199505
allsubs,0.99,cDC_cort,Vis,2,1,PFM3T7T02,PFM3T7T01,0.789461191549964
allsubs,0.99,cDC_cort,FP,2,1,PFM3T7T02,PFM3T7T01,0.419619047619048
allsubs,0.99,cDC_cort,DAN,2,1,PFM3T7T02,PFM3T7T01,0.319536966255324
allsubs,0.99,cDC_cort,VAN,2,1,PFM3T7T02,PFM3T7T01,0.370121478418196
allsubs,0.99,cDC_cort,Sal,2,1,PFM3T7T02,PFM3T7T01,
allsubs,0.99,cDC_cort,AMN,2,1,PFM3T7T02,PFM3T7T01,0.53448042270695
allsubs,0.99,cDC_cort,SMd,2,1,PFM3T7T02,PFM3T7T01,0.459067357512953
allsubs,0.99,cDC_cort,SMl,2,1,PFM3T7T02,PFM3T7T01,0.418300653594771
allsubs,0.99,cDC_cort,Aud,2,1,PFM3T7T02,PFM3T7T01,0.28422293315373
allsubs,0.99,cDC_cort,Tpole,2,1,PFM3T7T02,PFM3T7T01,
allsubs,0.99,cDC_cort,MTL,2,1,PFM3T7T02,PFM3T7T01,0.0342384887839433
allsubs,0.99,cDC_cort,PMN,2,1,PFM3T7T02,PFM3T7T01,0.219851576994434
allsubs,0.99,cDC_cort,PON,2,1,PFM3T7T02,PFM3T7T01,0.444012944983819
allsubs,0.99,cDC_cort,SCAN,2,1,PFM3T7T02,PFM3T7T01,0.0868696954568148
allsubs,0.99,TP_cort,DMN,2,1,PFM3T7T02,PFM3T7T01,4071.0
allsubs,0.99,TP_cort,Vis,2,1,PFM3T7T02,PFM3T7T01,4989.0
allsubs,0.99,TP_cort,FP,2,1,PFM3T7T02,PFM3T7T01,2203.0
allsubs,0.99,TP_cort,DAN,2,1,PFM3T7T02,PFM3T7T01,1463.0
allsubs,0.99,TP_cort,VAN,2,1,PFM3T7T02,PFM3T7T01,716.0
allsubs,0.99,TP_cort,Sal,2,1,PFM3T7T02,PFM3T7T01,
allsubs,0.99,TP_cort,AMN,2,1,PFM3T7T02,PFM3T7T01,3945.0
allsubs,0.99,TP_cort,SMd,2,1,PFM3T7T02,PFM3T7T01,886.0
allsubs,0.99,TP_cort,SMl,2,1,PFM3T7T02,PFM3T7T01,928.0
allsubs,0.99,TP_cort,Aud,2,1,PFM3T7T02,PFM3T7T01,844.0
allsubs,0.99,TP_cort,Tpole,2,1,PFM3T7T02,PFM3T7T01,
allsubs,0.99,TP_cort,MTL,2,1,PFM3T7T02,PFM3T7T01,58.0
allsubs,0.99,TP_cort,PMN,2,1,PFM3T7T02,PFM3T7T01,237.0
allsubs,0.99,TP_cort,PON,2,1,PFM3T7T02,PFM3T7T01,686.0
allsubs,0.99,TP_cort,SCAN,2,1,PFM3T7T02,PFM3T7T01,87.0
allsubs,0.99,TN_cort,DMN,2,1,PFM3T7T02,PFM3T7T01,48927.0
allsubs,0.99,TN_cort,Vis,2,1,PFM3T7T02,PFM3T7T01,51762.0
allsubs,0.99,TN_cort,FP,2,1,PFM3T7T02,PFM3T7T01,51115.0
allsubs,0.99,TN_cort,DAN,2,1,PFM3T7T02,PFM3T7T01,51718.0
allsubs,0.99,TN_cort,VAN,2,1,PFM3T7T02,PFM3T7T01,56259.0
allsubs,0.99,TN_cort,Sal,2,1,PFM3T7T02,PFM3T7T01,
allsubs,0.99,TN_cort,AMN,2,1,PFM3T7T02,PFM3T7T01,48595.0
allsubs,0.99,TN_cort,SMd,2,1,PFM3T7T02,PFM3T7T01,56438.0
allsubs,0.99,TN_cort,SMl,2,1,PFM3T7T02,PFM3T7T01,55903.0
allsubs,0.99,TN_cort,Aud,2,1,PFM3T7T02,PFM3T7T01,54317.0
allsubs,0.99,TN_cort,Tpole,2,1,PFM3T7T02,PFM3T7T01,
allsubs,0.99,TN_cort,MTL,2,1,PFM3T7T02,PFM3T7T01,56082.0
allsubs,0.99,TN_cort,PMN,2,1,PFM3T7T02,PFM3T7T01,57493.0
allsubs,0.99,TN_cort,PON,2,1,PFM3T7T02,PFM3T7T01,57008.0
allsubs,0.99,TN_cort,SCAN,2,1,PFM3T7T02,PFM3T7T01,57496.0
allsubs,0.99,FP_cort,DMN,2,1,PFM3T7T02,PFM3T7T01,2159.0
allsubs,0.99,FP_cort,Vis,2,1,PFM3T7T02,PFM3T7T01,438.0
allsubs,0.99,FP_cort,FP,2,1,PFM3T7T02,PFM3T7T01,902.0
allsubs,0.99,FP_cort,DAN,2,1,PFM3T7T02,PFM3T7T01,384.0
allsubs,0.99,FP_cort,VAN,2,1,PFM3T7T02,PFM3T7T01,635.0
allsubs,0.99,FP_cort,Sal,2,1,PFM3T7T02,PFM3T7T01,
allsubs,0.99,FP_cort,AMN,2,1,PFM3T7T02,PFM3T7T01,5280.0
allsubs,0.99,FP_cort,SMd,2,1,PFM3T7T02,PFM3T7T01,14.0
allsubs,0.99,FP_cort,SMl,2,1,PFM3T7T02,PFM3T7T01,1286.0
allsubs,0.99,FP_cort,Aud,2,1,PFM3T7T02,PFM3T7T01,81.0
allsubs,0.99,FP_cort,Tpole,2,1,PFM3T7T02,PFM3T7T01,
allsubs,0.99,FP_cort,MTL,2,1,PFM3T7T02,PFM3T7T01,52.0
allsubs,0.99,FP_cort,PMN,2,1,PFM3T7T02,PFM3T7T01,45.0
allsubs,0.99,FP_cort,PON,2,1,PFM3T7T02,PFM3T7T01,662.0
allsubs,0.99,FP_cort,SCAN,2,1,PFM3T7T02,PFM3T7T01,22.0
allsubs,0.99,FN_cort,DMN,2,1,PFM3T7T02,PFM3T7T01,4255.0
allsubs,0.99,FN_cort,Vis,2,1,PFM3T7T02,PFM3T7T01,2223.0
allsubs,0.99,FN_cort,FP,2,1,PFM3T7T02,PFM3T7T01,5192.0
allsubs,0.99,FN_cort,DAN,2,1,PFM3T7T02,PFM3T7T01,5847.0
allsubs,0.99,FN_cort,VAN,2,1,PFM3T7T02,PFM3T7T01,1802.0
allsubs,0.99,FN_cort,Sal,2,1,PFM3T7T02,PFM3T7T01,
allsubs,0.99,FN_cort,AMN,2,1,PFM3T7T02,PFM3T7T01,1592.0
allsubs,0.99,FN_cort,SMd,2,1,PFM3T7T02,PFM3T7T01,2074.0
allsubs,0.99,FN_cort,SMl,2,1,PFM3T7T02,PFM3T7T01,1295.0
allsubs,0.99,FN_cort,Aud,2,1,PFM3T7T02,PFM3T7T01,4170.0
allsubs,0.99,FN_cort,Tpole,2,1,PFM3T7T02,PFM3T7T01,
allsubs,0.99,FN_cort,MTL,2,1,PFM3T7T02,PFM3T7T01,3220.0
allsubs,0.99,FN_cort,PMN,2,1,PFM3T7T02,PFM3T7T01,1637.0
allsubs,0.99,FN_cort,PON,2,1,PFM3T7T02,PFM3T7T01,1056.0
allsubs,0.99,FN_cort,SCAN,2,1,PFM3T7T02,PFM3T7T01,1807.0
allsubs,0.99,TPR_cort,DMN,2,1,PFM3T7T02,PFM3T7T01,0.488950276243094
allsubs,0.99,TPR_cort,Vis,2,1,PFM3T7T02,PFM3T7T01,0.691763727121464
allsubs,0.99,TPR_cort,FP,2,1,PFM3T7T02,PFM3T7T01,0.29790398918188
allsubs,0.99,TPR_cort,DAN,2,1,PFM3T7T02,PFM3T7T01,0.200136798905609
allsubs,0.99,TPR_cort,VAN,2,1,PFM3T7T02,PFM3T7T01,0.284352660841938
allsubs,0.99,TPR_cort,Sal,2,1,PFM3T7T02,PFM3T7T01,
allsubs,0.99,TPR_cort,AMN,2,1,PFM3T7T02,PFM3T7T01,0.712479682138342
allsubs,0.99,TPR_cort,SMd,2,1,PFM3T7T02,PFM3T7T01,0.299324324324324
allsubs,0.99,TPR_cort,SMl,2,1,PFM3T7T02,PFM3T7T01,0.417453891138102
allsubs,0.99,TPR_cort,Aud,2,1,PFM3T7T02,PFM3T7T01,0.168328679696849
allsubs,0.99,TPR_cort,Tpole,2,1,PFM3T7T02,PFM3T7T01,
allsubs,0.99,TPR_cort,MTL,2,1,PFM3T7T02,PFM3T7T01,0.0176937156802929
allsubs,0.99,TPR_cort,PMN,2,1,PFM3T7T02,PFM3T7T01,0.126467449306297
allsubs,0.99,TPR_cort,PON,2,1,PFM3T7T02,PFM3T7T01,0.393800229621125
allsubs,0.99,TPR_cort,SCAN,2,1,PFM3T7T02,PFM3T7T01,0.045934530095037
allsubs,0.99,TNR_cort,DMN,2,1,PFM3T7T02,PFM3T7T01,0.957737932114474
allsubs,0.99,TNR_cort,Vis,2,1,PFM3T7T02,PFM3T7T01,0.991609195402299
allsubs,0.99,TNR_cort,FP,2,1,PFM3T7T02,PFM3T7T01,0.982659515158506
allsubs,0.99,TNR_cort,DAN,2,1,PFM3T7T02,PFM3T7T01,0.992629841464819
allsubs,0.99,TNR_cort,VAN,2,1,PFM3T7T02,PFM3T7T01,0.988838893380673
allsubs,0.99,TNR_cort,Sal,2,1,PFM3T7T02,PFM3T7T01,
allsubs,0.99,TNR_cort,AMN,2,1,PFM3T7T02,PFM3T7T01,0.90199535962877
allsubs,0.99,TNR_cort,SMd,2,1,PFM3T7T02,PFM3T7T01,0.99975200170056
allsubs,0.99,TNR_cort,SMl,2,1,PFM3T7T02,PFM3T7T01,0.977513158124814
allsubs,0.99,TNR_cort,Aud,2,1,PFM3T7T02,PFM3T7T01,0.998510974668186
allsubs,0.99,TNR_cort,Tpole,2,1,PFM3T7T02,PFM3T7T01,
allsubs,0.99,TNR_cort,MTL,2,1,PFM3T7T02,PFM3T7T01,0.999073645206114
allsubs,0.99,TNR_cort,PMN,2,1,PFM3T7T02,PFM3T7T01,0.999217908165039
allsubs,0.99,TNR_cort,PON,2,1,PFM3T7T02,PFM3T7T01,0.988520894745968
allsubs,0.99,TNR_cort,SCAN,2,1,PFM3T7T02,PFM3T7T01,0.999617511040022
allsubs,0.99,FPR_cort,DMN,2,1,PFM3T7T02,PFM3T7T01,0.0422620678855264
allsubs,0.99,FPR_cort,Vis,2,1,PFM3T7T02,PFM3T7T01,0.0083908045977011
allsubs,0.99,FPR_cort,FP,2,1,PFM3T7T02,PFM3T7T01,0.0173404848414941
allsubs,0.99,FPR_cort,DAN,2,1,PFM3T7T02,PFM3T7T01,0.0073701585351809
allsubs,0.99,FPR_cort,VAN,2,1,PFM3T7T02,PFM3T7T01,0.0111611066193272
allsubs,0.99,FPR_cort,Sal,2,1,PFM3T7T02,PFM3T7T01,
allsubs,0.99,FPR_cort,AMN,2,1,PFM3T7T02,PFM3T7T01,0.0980046403712297
allsubs,0.99,FPR_cort,SMd,2,1,PFM3T7T02,PFM3T7T01,0.0002479982994402
allsubs,0.99,FPR_cort,SMl,2,1,PFM3T7T02,PFM3T7T01,0.0224868418751858
allsubs,0.99,FPR_cort,Aud,2,1,PFM3T7T02,PFM3T7T01,0.0014890253318136
allsubs,0.99,FPR_cort,Tpole,2,1,PFM3T7T02,PFM3T7T01,
allsubs,0.99,FPR_cort,MTL,2,1,PFM3T7T02,PFM3T7T01,0.000926354793886
allsubs,0.99,FPR_cort,PMN,2,1,PFM3T7T02,PFM3T7T01,0.0007820918349612
allsubs,0.99,FPR_cort,PON,2,1,PFM3T7T02,PFM3T7T01,0.0114791052540316
allsubs,0.99,FPR_cort,SCAN,2,1,PFM3T7T02,PFM3T7T01,0.0003824889599777
allsubs,0.99,FNR_cort,DMN,2,1,PFM3T7T02,PFM3T7T01,0.511049723756906
allsubs,0.99,FNR_cort,Vis,2,1,PFM3T7T02,PFM3T7T01,0.308236272878536
allsubs,0.99,FNR_cort,FP,2,1,PFM3T7T02,PFM3T7T01,0.70209601081812
allsubs,0.99,FNR_cort,DAN,2,1,PFM3T7T02,PFM3T7T01,0.799863201094391
allsubs,0.99,FNR_cort,VAN,2,1,PFM3T7T02,PFM3T7T01,0.715647339158062
allsubs,0.99,FNR_cort,Sal,2,1,PFM3T7T02,PFM3T7T01,
allsubs,0.99,FNR_cort,AMN,2,1,PFM3T7T02,PFM3T7T01,0.287520317861658
allsubs,0.99,FNR_cort,SMd,2,1,PFM3T7T02,PFM3T7T01,0.700675675675676
allsubs,0.99,FNR_cort,SMl,2,1,PFM3T7T02,PFM3T7T01,0.582546108861898
allsubs,0.99,FNR_cort,Aud,2,1,PFM3T7T02,PFM3T7T01,0.831671320303151
allsubs,0.99,FNR_cort,Tpole,2,1,PFM3T7T02,PFM3T7T01,
allsubs,0.99,FNR_cort,MTL,2,1,PFM3T7T02,PFM3T7T01,0.982306284319707
allsubs,0.99,FNR_cort,PMN,2,1,PFM3T7T02,PFM3T7T01,0.873532550693703
allsubs,0.99,FNR_cort,PON,2,1,PFM3T7T02,PFM3T7T01,0.606199770378875
allsubs,0.99,FNR_cort,SCAN,2,1,PFM3T7T02,PFM3T7T01,0.954065469904963
allsubs,0.99,NPV_cort,DMN,2,1,PFM3T7T02,PFM3T7T01,0.919991726524012
allsubs,0.99,NPV_cort,Vis,2,1,PFM3T7T02,PFM3T7T01,0.958821894970825
allsubs,0.99,NPV_cort,FP,2,1,PFM3T7T02,PFM3T7T01,0.907791216012219
allsubs,0.99,NPV_cort,DAN,2,1,PFM3T7T02,PFM3T7T01,0.898427864153566
allsubs,0.99,NPV_cort,VAN,2,1,PFM3T7T02,PFM3T7T01,0.968963676133721
allsubs,0.99,NPV_cort,Sal,2,1,PFM3T7T02,PFM3T7T01,
allsubs,0.99,NPV_cort,AMN,2,1,PFM3T7T02,PFM3T7T01,0.968278637894275
allsubs,0.99,NPV_cort,SMd,2,1,PFM3T7T02,PFM3T7T01,0.964554279464042
allsubs,0.99,NPV_cort,SMl,2,1,PFM3T7T02,PFM3T7T01,0.977359348228959
allsubs,0.99,NPV_cort,Aud,2,1,PFM3T7T02,PFM3T7T01,0.928702104741224
allsubs,0.99,NPV_cort,Tpole,2,1,PFM3T7T02,PFM3T7T01,
allsubs,0.99,NPV_cort,MTL,2,1,PFM3T7T02,PFM3T7T01,0.945701662675795
allsubs,0.99,NPV_cort,PMN,2,1,PFM3T7T02,PFM3T7T01,0.972315237612041
allsubs,0.99,NPV_cort,PON,2,1,PFM3T7T02,PFM3T7T01,0.981813171672637
allsubs,0.99,NPV_cort,SCAN,2,1,PFM3T7T02,PFM3T7T01,0.96952936613662
allsubs,0.99,PPV_cort,DMN,2,1,PFM3T7T02,PFM3T7T01,0.653451043338684
allsubs,0.99,PPV_cort,Vis,2,1,PFM3T7T02,PFM3T7T01,0.919292426755113
allsubs,0.99,PPV_cort,FP,2,1,PFM3T7T02,PFM3T7T01,0.709500805152979
allsubs,0.99,PPV_cort,DAN,2,1,PFM3T7T02,PFM3T7T01,0.792095289658906
allsubs,0.99,PPV_cort,VAN,2,1,PFM3T7T02,PFM3T7T01,0.529977794226499
allsubs,0.99,PPV_cort,Sal,2,1,PFM3T7T02,PFM3T7T01,
allsubs,0.99,PPV_cort,AMN,2,1,PFM3T7T02,PFM3T7T01,0.427642276422764
allsubs,0.99,PPV_cort,SMd,2,1,PFM3T7T02,PFM3T7T01,0.984444444444444
allsubs,0.99,PPV_cort,SMl,2,1,PFM3T7T02,PFM3T7T01,0.419150858175248
allsubs,0.99,PPV_cort,Aud,2,1,PFM3T7T02,PFM3T7T01,0.912432432432432
allsubs,0.99,PPV_cort,Tpole,2,1,PFM3T7T02,PFM3T7T01,
allsubs,0.99,PPV_cort,MTL,2,1,PFM3T7T02,PFM3T7T01,0.527272727272727
allsubs,0.99,PPV_cort,PMN,2,1,PFM3T7T02,PFM3T7T01,0.840425531914894
allsubs,0.99,PPV_cort,PON,2,1,PFM3T7T02,PFM3T7T01,0.508902077151335
allsubs,0.99,PPV_cort,SCAN,2,1,PFM3T7T02,PFM3T7T01,0.798165137614679
allsubs,0.99,PPVcorr_Jeffreys_cort,DMN,2,1,PFM3T7T02,PFM3T7T01,0.635360915243678
allsubs,0.99,PPVcorr_Jeffreys_cort,Vis,2,1,PFM3T7T02,PFM3T7T01,0.870108324387626
allsubs,0.99,PPVcorr_Jeffreys_cort,FP,2,1,PFM3T7T02,PFM3T7T01,0.66920275718559
allsubs,0.99,PPVcorr_Jeffreys_cort,DAN,2,1,PFM3T7T02,PFM3T7T01,0.709270752521334
allsubs,0.99,PPVcorr_Jeffreys_cort,VAN,2,1,PFM3T7T02,PFM3T7T01,0.525268280509109
allsubs,0.99,PPVcorr_Jeffreys_cort,Sal,2,1,PFM3T7T02,PFM3T7T01,
allsubs,0.99,PPVcorr_Jeffreys_cort,AMN,2,1,PFM3T7T02,PFM3T7T01,0.431739392761819
allsubs,0.99,PPVcorr_Jeffreys_cort,SMd,2,1,PFM3T7T02,PFM3T7T01,0.864548494983278
allsubs,0.99,PPVcorr_Jeffreys_cort,SMl,2,1,PFM3T7T02,PFM3T7T01,0.426527931699709
allsubs,0.99,PPVcorr_Jeffreys_cort,Aud,2,1,PFM3T7T02,PFM3T7T01,0.767456533931576
allsubs,0.99,PPVcorr_Jeffreys_cort,Tpole,2,1,PFM3T7T02,PFM3T7T01,
allsubs,0.99,PPVcorr_Jeffreys_cort,MTL,2,1,PFM3T7T02,PFM3T7T01,0.506852444038374
allsubs,0.99,PPVcorr_Jeffreys_cort,PMN,2,1,PFM3T7T02,PFM3T7T01,0.704516403919898
allsubs,0.99,PPVcorr_Jeffreys_cort,PON,2,1,PFM3T7T02,PFM3T7T01,0.507883326763894
allsubs,0.99,PPVcorr_Jeffreys_cort,SCAN,2,1,PFM3T7T02,PFM3T7T01,0.608914209115281
allsubs,0.99,PPVcorr_d1d2_cort,DMN,2,1,PFM3T7T02,PFM3T7T01,0.654924316339462
allsubs,0.99,PPVcorr_d1d2_cort,Vis,2,1,PFM3T7T02,PFM3T7T01,0.916199273521458
allsubs,0.99,PPVcorr_d1d2_cort,FP,2,1,PFM3T7T02,PFM3T7T01,0.700401693579103
allsubs,0.99,PPVcorr_d1d2_cort,DAN,2,1,PFM3T7T02,PFM3T7T01,0.76425398247738
allsubs,0.99,PPVcorr_d1d2_cort,VAN,2,1,PFM3T7T02,PFM3T7T01,0.530408879757208
allsubs,0.99,PPVcorr_d1d2_cort,Sal,2,1,PFM3T7T02,PFM3T7T01,
allsubs,0.99,PPVcorr_d1d2_cort,AMN,2,1,PFM3T7T02,PFM3T7T01,0.440929280033786
allsubs,0.99,PPVcorr_d1d2_cort,SMd,2,1,PFM3T7T02,PFM3T7T01,0.915989415989416
allsubs,0.99,PPVcorr_d1d2_cort,SMl,2,1,PFM3T7T02,PFM3T7T01,0.444101573088728
allsubs,0.99,PPVcorr_d1d2_cort,Aud,2,1,PFM3T7T02,PFM3T7T01,0.841080257928871
allsubs,0.99,PPVcorr_d1d2_cort,Tpole,2,1,PFM3T7T02,PFM3T7T01,
allsubs,0.99,PPVcorr_d1d2_cort,MTL,2,1,PFM3T7T02,PFM3T7T01,0.293154998568657
allsubs,0.99,PPVcorr_d1d2_cort,PMN,2,1,PFM3T7T02,PFM3T7T01,0.659394322751072
allsubs,0.99,PPVcorr_d1d2_cort,PON,2,1,PFM3T7T02,PFM3T7T01,0.527178964232825
allsubs,0.99,PPVcorr_d1d2_cort,SCAN,2,1,PFM3T7T02,PFM3T7T01,0.444071503997586
allsubs,0.99,PPVcorr_bayes_cort,DMN,2,1,PFM3T7T02,PFM3T7T01,0.659365456651573
allsubs,0.99,PPVcorr_bayes_cort,Vis,2,1,PFM3T7T02,PFM3T7T01,0.908829423349342
allsubs,0.99,PPVcorr_bayes_cort,FP,2,1,PFM3T7T02,PFM3T7T01,0.678630511400417
allsubs,0.99,PPVcorr_bayes_cort,DAN,2,1,PFM3T7T02,PFM3T7T01,0.702891348543031
allsubs,0.99,PPVcorr_bayes_cort,VAN,2,1,PFM3T7T02,PFM3T7T01,0.530516273090196
allsubs,0.99,PPVcorr_bayes_cort,Sal,2,1,PFM3T7T02,PFM3T7T01,
allsubs,0.99,PPVcorr_bayes_cort,AMN,2,1,PFM3T7T02,PFM3T7T01,0.463729302261953
allsubs,0.99,PPVcorr_bayes_cort,SMd,2,1,PFM3T7T02,PFM3T7T01,0.887988560533842
allsubs,0.99,PPVcorr_bayes_cort,SMl,2,1,PFM3T7T02,PFM3T7T01,0.446746770414634
allsubs,0.99,PPVcorr_bayes_cort,Aud,2,1,PFM3T7T02,PFM3T7T01,0.75698988697204
allsubs,0.99,PPVcorr_bayes_cort,Tpole,2,1,PFM3T7T02,PFM3T7T01,
allsubs,0.99,PPVcorr_bayes_cort,MTL,2,1,PFM3T7T02,PFM3T7T01,0.232811931611495
allsubs,0.99,PPVcorr_bayes_cort,PMN,2,1,PFM3T7T02,PFM3T7T01,0.66790549508893
allsubs,0.99,PPVcorr_bayes_cort,PON,2,1,PFM3T7T02,PFM3T7T01,0.524963442657197
allsubs,0.99,PPVcorr_bayes_cort,SCAN,2,1,PFM3T7T02,PFM3T7T01,0.454079140205178
allsubs,0.99,MCC_cort,DMN,2,1,PFM3T7T02,PFM3T7T01,0.506112757659366
allsubs,0.99,MCC_cort,Vis,2,1,PFM3T7T02,PFM3T7T01,0.774648017068285
allsubs,0.99,MCC_cort,FP,2,1,PFM3T7T02,PFM3T7T01,0.416160561153345
allsubs,0.99,MCC_cort,DAN,2,1,PFM3T7T02,PFM3T7T01,0.364842196652775
allsubs,0.99,MCC_cort,VAN,2,1,PFM3T7T02,PFM3T7T01,0.369197231508882
allsubs,0.99,MCC_cort,Sal,2,1,PFM3T7T02,PFM3T7T01,
allsubs,0.99,MCC_cort,AMN,2,1,PFM3T7T02,PFM3T7T01,0.4932377929168
allsubs,0.99,MCC_cort,SMd,2,1,PFM3T7T02,PFM3T7T01,0.532750459172823
allsubs,0.99,MCC_cort,SMl,2,1,PFM3T7T02,PFM3T7T01,0.395737875652684
allsubs,0.99,MCC_cort,Aud,2,1,PFM3T7T02,PFM3T7T01,0.374612593830676
allsubs,0.99,MCC_cort,Tpole,2,1,PFM3T7T02,PFM3T7T01,
allsubs,0.99,MCC_cort,MTL,2,1,PFM3T7T02,PFM3T7T01,0.0890535360684514
allsubs,0.99,MCC_cort,PMN,2,1,PFM3T7T02,PFM3T7T01,0.319608532660693
allsubs,0.99,MCC_cort,PON,2,1,PFM3T7T02,PFM3T7T01,0.433140630366697
allsubs,0.99,MCC_cort,SCAN,2,1,PFM3T7T02,PFM3T7T01,0.187002811781101
allsubs,0.99,muI_cort,WholeBrainOrSingleVal,2,1,PFM3T7T02,PFM3T7T01,1.62127263823117
allsubs,0.99,VIn_cort,WholeBrainOrSingleVal,2,1,PFM3T7T02,PFM3T7T01,0.210138084026227
allsubs,0.99,MIn_cort,WholeBrainOrSingleVal,2,1,PFM3T7T02,PFM3T7T01,0.50685160389865
allsubs,0.99,DC_cort,DMN,2,2,PFM3T7T02,PFM3T7T02,0.784446688789496
allsubs,0.99,DC_cort,Vis,2,2,PFM3T7T02,PFM3T7T02,0.87483039348711
allsubs,0.99,DC_cort,FP,2,2,PFM3T7T02,PFM3T7T02,0.646986469864699
allsubs,0.99,DC_cort,DAN,2,2,PFM3T7T02,PFM3T7T02,0.528836326471018
allsubs,0.99,DC_cort,VAN,2,2,PFM3T7T02,PFM3T7T02,0.406443618339529
allsubs,0.99,DC_cort,Sal,2,2,PFM3T7T02,PFM3T7T02,
allsubs,0.99,DC_cort,AMN,2,2,PFM3T7T02,PFM3T7T02,0.662861026163779
allsubs,0.99,DC_cort,SMd,2,2,PFM3T7T02,PFM3T7T02,0.356083086053412
allsubs,0.99,DC_cort,SMl,2,2,PFM3T7T02,PFM3T7T02,0.515364354697103
allsubs,0.99,DC_cort,Aud,2,2,PFM3T7T02,PFM3T7T02,0.353880810976858
allsubs,0.99,DC_cort,Tpole,2,2,PFM3T7T02,PFM3T7T02,
allsubs,0.99,DC_cort,MTL,2,2,PFM3T7T02,PFM3T7T02,0.0366161616161616
allsubs,0.99,DC_cort,PMN,2,2,PFM3T7T02,PFM3T7T02,0.363636363636364
allsubs,0.99,DC_cort,PON,2,2,PFM3T7T02,PFM3T7T02,0.630809399477807
allsubs,0.99,DC_cort,SCAN,2,2,PFM3T7T02,PFM3T7T02,0.0509946763799384
allsubs,0.99,cDC_cort,DMN,2,2,PFM3T7T02,PFM3T7T02,0.784446688789496
allsubs,0.99,cDC_cort,Vis,2,2,PFM3T7T02,PFM3T7T02,0.87483039348711
allsubs,0.99,cDC_cort,FP,2,2,PFM3T7T02,PFM3T7T02,0.646986469864699
allsubs,0.99,cDC_cort,DAN,2,2,PFM3T7T02,PFM3T7T02,0.528836326471018
allsubs,0.99,cDC_cort,VAN,2,2,PFM3T7T02,PFM3T7T02,0.406443618339529
allsubs,0.99,cDC_cort,Sal,2,2,PFM3T7T02,PFM3T7T02,
allsubs,0.99,cDC_cort,AMN,2,2,PFM3T7T02,PFM3T7T02,0.662861026163779
allsubs,0.99,cDC_cort,SMd,2,2,PFM3T7T02,PFM3T7T02,0.356083086053412
allsubs,0.99,cDC_cort,SMl,2,2,PFM3T7T02,PFM3T7T02,0.515364354697103
allsubs,0.99,cDC_cort,Aud,2,2,PFM3T7T02,PFM3T7T02,0.353880810976858
allsubs,0.99,cDC_cort,Tpole,2,2,PFM3T7T02,PFM3T7T02,
allsubs,0.99,cDC_cort,MTL,2,2,PFM3T7T02,PFM3T7T02,0.0366161616161616
allsubs,0.99,cDC_cort,PMN,2,2,PFM3T7T02,PFM3T7T02,0.363636363636364
allsubs,0.99,cDC_cort,PON,2,2,PFM3T7T02,PFM3T7T02,0.630809399477807
allsubs,0.99,cDC_cort,SCAN,2,2,PFM3T7T02,PFM3T7T02,0.0509946763799384
allsubs,0.99,TP_cort,DMN,2,2,PFM3T7T02,PFM3T7T02,5437.0
allsubs,0.99,TP_cort,Vis,2,2,PFM3T7T02,PFM3T7T02,5158.0
allsubs,0.99,TP_cort,FP,2,2,PFM3T7T02,PFM3T7T02,2893.0
allsubs,0.99,TP_cort,DAN,2,2,PFM3T7T02,PFM3T7T02,1811.0
allsubs,0.99,TP_cort,VAN,2,2,PFM3T7T02,PFM3T7T02,1312.0
allsubs,0.99,TP_cort,Sal,2,2,PFM3T7T02,PFM3T7T02,
allsubs,0.99,TP_cort,AMN,2,2,PFM3T7T02,PFM3T7T02,4877.0
allsubs,0.99,TP_cort,SMd,2,2,PFM3T7T02,PFM3T7T02,900.0
allsubs,0.99,TP_cort,SMl,2,2,PFM3T7T02,PFM3T7T02,1174.0
allsubs,0.99,TP_cort,Aud,2,2,PFM3T7T02,PFM3T7T02,864.0
allsubs,0.99,TP_cort,Tpole,2,2,PFM3T7T02,PFM3T7T02,
allsubs,0.99,TP_cort,MTL,2,2,PFM3T7T02,PFM3T7T02,58.0
allsubs,0.99,TP_cort,PMN,2,2,PFM3T7T02,PFM3T7T02,258.0
allsubs,0.99,TP_cort,PON,2,2,PFM3T7T02,PFM3T7T02,1208.0
allsubs,0.99,TP_cort,SCAN,2,2,PFM3T7T02,PFM3T7T02,91.0
allsubs,0.99,TN_cort,DMN,2,2,PFM3T7T02,PFM3T7T02,50987.0
allsubs,0.99,TN_cort,Vis,2,2,PFM3T7T02,PFM3T7T02,52778.0
allsubs,0.99,TN_cort,FP,2,2,PFM3T7T02,PFM3T7T02,53362.0
allsubs,0.99,TN_cort,DAN,2,2,PFM3T7T02,PFM3T7T02,54374.0
allsubs,0.99,TN_cort,VAN,2,2,PFM3T7T02,PFM3T7T02,54268.0
allsubs,0.99,TN_cort,Sal,2,2,PFM3T7T02,PFM3T7T02,
allsubs,0.99,TN_cort,AMN,2,2,PFM3T7T02,PFM3T7T02,49574.0
allsubs,0.99,TN_cort,SMd,2,2,PFM3T7T02,PFM3T7T02,55257.0
allsubs,0.99,TN_cort,SMl,2,2,PFM3T7T02,PFM3T7T02,56030.0
allsubs,0.99,TN_cort,Aud,2,2,PFM3T7T02,PFM3T7T02,55393.0
allsubs,0.99,TN_cort,Tpole,2,2,PFM3T7T02,PFM3T7T02,
allsubs,0.99,TN_cort,MTL,2,2,PFM3T7T02,PFM3T7T02,56302.0
allsubs,0.99,TN_cort,PMN,2,2,PFM3T7T02,PFM3T7T02,58251.0
allsubs,0.99,TN_cort,PON,2,2,PFM3T7T02,PFM3T7T02,56790.0
allsubs,0.99,TN_cort,SCAN,2,2,PFM3T7T02,PFM3T7T02,55934.0
allsubs,0.99,FP_cort,DMN,2,2,PFM3T7T02,PFM3T7T02,793.0
allsubs,0.99,FP_cort,Vis,2,2,PFM3T7T02,PFM3T7T02,269.0
allsubs,0.99,FP_cort,FP,2,2,PFM3T7T02,PFM3T7T02,212.0
allsubs,0.99,FP_cort,DAN,2,2,PFM3T7T02,PFM3T7T02,36.0
allsubs,0.99,FP_cort,VAN,2,2,PFM3T7T02,PFM3T7T02,39.0
allsubs,0.99,FP_cort,Sal,2,2,PFM3T7T02,PFM3T7T02,
allsubs,0.99,FP_cort,AMN,2,2,PFM3T7T02,PFM3T7T02,4348.0
allsubs,0.99,FP_cort,SMd,2,2,PFM3T7T02,PFM3T7T02,0.0
allsubs,0.99,FP_cort,SMl,2,2,PFM3T7T02,PFM3T7T02,1040.0
allsubs,0.99,FP_cort,Aud,2,2,PFM3T7T02,PFM3T7T02,61.0
allsubs,0.99,FP_cort,Tpole,2,2,PFM3T7T02,PFM3T7T02,
allsubs,0.99,FP_cort,MTL,2,2,PFM3T7T02,PFM3T7T02,52.0
allsubs,0.99,FP_cort,PMN,2,2,PFM3T7T02,PFM3T7T02,24.0
allsubs,0.99,FP_cort,PON,2,2,PFM3T7T02,PFM3T7T02,140.0
allsubs,0.99,FP_cort,SCAN,2,2,PFM3T7T02,PFM3T7T02,18.0
allsubs,0.99,FN_cort,DMN,2,2,PFM3T7T02,PFM3T7T02,2195.0
allsubs,0.99,FN_cort,Vis,2,2,PFM3T7T02,PFM3T7T02,1207.0
allsubs,0.99,FN_cort,FP,2,2,PFM3T7T02,PFM3T7T02,2945.0
allsubs,0.99,FN_cort,DAN,2,2,PFM3T7T02,PFM3T7T02,3191.0
allsubs,0.99,FN_cort,VAN,2,2,PFM3T7T02,PFM3T7T02,3793.0
allsubs,0.99,FN_cort,Sal,2,2,PFM3T7T02,PFM3T7T02,
allsubs,0.99,FN_cort,AMN,2,2,PFM3T7T02,PFM3T7T02,613.0
allsubs,0.99,FN_cort,SMd,2,2,PFM3T7T02,PFM3T7T02,3255.0
allsubs,0.99,FN_cort,SMl,2,2,PFM3T7T02,PFM3T7T02,1168.0
allsubs,0.99,FN_cort,Aud,2,2,PFM3T7T02,PFM3T7T02,3094.0
allsubs,0.99,FN_cort,Tpole,2,2,PFM3T7T02,PFM3T7T02,
allsubs,0.99,FN_cort,MTL,2,2,PFM3T7T02,PFM3T7T02,3000.0
allsubs,0.99,FN_cort,PMN,2,2,PFM3T7T02,PFM3T7T02,879.0
allsubs,0.99,FN_cort,PON,2,2,PFM3T7T02,PFM3T7T02,1274.0
allsubs,0.99,FN_cort,SCAN,2,2,PFM3T7T02,PFM3T7T02,3369.0
allsubs,0.99,TPR_cort,DMN,2,2,PFM3T7T02,PFM3T7T02,0.712395178197065
allsubs,0.99,TPR_cort,Vis,2,2,PFM3T7T02,PFM3T7T02,0.810369206598586
allsubs,0.99,TPR_cort,FP,2,2,PFM3T7T02,PFM3T7T02,0.495546420006852
allsubs,0.99,TPR_cort,DAN,2,2,PFM3T7T02,PFM3T7T02,0.362055177928828
allsubs,0.99,TPR_cort,VAN,2,2,PFM3T7T02,PFM3T7T02,0.257002938295788
allsubs,0.99,TPR_cort,Sal,2,2,PFM3T7T02,PFM3T7T02,
allsubs,0.99,TPR_cort,AMN,2,2,PFM3T7T02,PFM3T7T02,0.888342440801457
allsubs,0.99,TPR_cort,SMd,2,2,PFM3T7T02,PFM3T7T02,0.216606498194946
allsubs,0.99,TPR_cort,SMl,2,2,PFM3T7T02,PFM3T7T02,0.501280956447481
allsubs,0.99,TPR_cort,Aud,2,2,PFM3T7T02,PFM3T7T02,0.218292066700354
allsubs,0.99,TPR_cort,Tpole,2,2,PFM3T7T02,PFM3T7T02,
allsubs,0.99,TPR_cort,MTL,2,2,PFM3T7T02,PFM3T7T02,0.0189666448659254
allsubs,0.99,TPR_cort,PMN,2,2,PFM3T7T02,PFM3T7T02,0.226912928759894
allsubs,0.99,TPR_cort,PON,2,2,PFM3T7T02,PFM3T7T02,0.486704270749396
allsubs,0.99,TPR_cort,SCAN,2,2,PFM3T7T02,PFM3T7T02,0.0263005780346821
allsubs,0.99,TNR_cort,DMN,2,2,PFM3T7T02,PFM3T7T02,0.984685206643492
allsubs,0.99,TNR_cort,Vis,2,2,PFM3T7T02,PFM3T7T02,0.994929025204064
allsubs,0.99,TNR_cort,FP,2,2,PFM3T7T02,PFM3T7T02,0.996042856609549
allsubs,0.99,TNR_cort,DAN,2,2,PFM3T7T02,PFM3T7T02,0.999338356919684
allsubs,0.99,TNR_cort,VAN,2,2,PFM3T7T02,PFM3T7T02,0.999281860533633
allsubs,0.99,TNR_cort,Sal,2,2,PFM3T7T02,PFM3T7T02,
allsubs,0.99,TNR_cort,AMN,2,2,PFM3T7T02,PFM3T7T02,0.919365008716294
allsubs,0.99,TNR_cort,SMd,2,2,PFM3T7T02,PFM3T7T02,1.0
allsubs,0.99,TNR_cort,SMl,2,2,PFM3T7T02,PFM3T7T02,0.981776765375854
allsubs,0.99,TNR_cort,Aud,2,2,PFM3T7T02,PFM3T7T02,0.998899989180221
allsubs,0.99,TNR_cort,Tpole,2,2,PFM3T7T02,PFM3T7T02,
allsubs,0.99,TNR_cort,MTL,2,2,PFM3T7T02,PFM3T7T02,0.999077261596337
allsubs,0.99,TNR_cort,PMN,2,2,PFM3T7T02,PFM3T7T02,0.99958815958816
allsubs,0.99,TNR_cort,PON,2,2,PFM3T7T02,PFM3T7T02,0.997540839627613
allsubs,0.99,TNR_cort,SCAN,2,2,PFM3T7T02,PFM3T7T02,0.999678295682013
allsubs,0.99,FPR_cort,DMN,2,2,PFM3T7T02,PFM3T7T02,0.0153147933565083
allsubs,0.99,FPR_cort,Vis,2,2,PFM3T7T02,PFM3T7T02,0.0050709747959356
allsubs,0.99,FPR_cort,FP,2,2,PFM3T7T02,PFM3T7T02,0.0039571433904505
allsubs,0.99,FPR_cort,DAN,2,2,PFM3T7T02,PFM3T7T02,0.0006616430803161
allsubs,0.99,FPR_cort,VAN,2,2,PFM3T7T02,PFM3T7T02,0.0007181394663671
allsubs,0.99,FPR_cort,Sal,2,2,PFM3T7T02,PFM3T7T02,
allsubs,0.99,FPR_cort,AMN,2,2,PFM3T7T02,PFM3T7T02,0.0806349912837061
allsubs,0.99,FPR_cort,SMd,2,2,PFM3T7T02,PFM3T7T02,0.0
allsubs,0.99,FPR_cort,SMl,2,2,PFM3T7T02,PFM3T7T02,0.0182232346241458
allsubs,0.99,FPR_cort,Aud,2,2,PFM3T7T02,PFM3T7T02,0.0011000108197785
allsubs,0.99,FPR_cort,Tpole,2,2,PFM3T7T02,PFM3T7T02,
allsubs,0.99,FPR_cort,MTL,2,2,PFM3T7T02,PFM3T7T02,0.0009227384036625
allsubs,0.99,FPR_cort,PMN,2,2,PFM3T7T02,PFM3T7T02,0.0004118404118404
allsubs,0.99,FPR_cort,PON,2,2,PFM3T7T02,PFM3T7T02,0.0024591603723871
allsubs,0.99,FPR_cort,SCAN,2,2,PFM3T7T02,PFM3T7T02,0.0003217043179868
allsubs,0.99,FNR_cort,DMN,2,2,PFM3T7T02,PFM3T7T02,0.287604821802935
allsubs,0.99,FNR_cort,Vis,2,2,PFM3T7T02,PFM3T7T02,0.189630793401414
allsubs,0.99,FNR_cort,FP,2,2,PFM3T7T02,PFM3T7T02,0.504453579993148
allsubs,0.99,FNR_cort,DAN,2,2,PFM3T7T02,PFM3T7T02,0.637944822071172
allsubs,0.99,FNR_cort,VAN,2,2,PFM3T7T02,PFM3T7T02,0.742997061704212
allsubs,0.99,FNR_cort,Sal,2,2,PFM3T7T02,PFM3T7T02,
allsubs,0.99,FNR_cort,AMN,2,2,PFM3T7T02,PFM3T7T02,0.111657559198543
allsubs,0.99,FNR_cort,SMd,2,2,PFM3T7T02,PFM3T7T02,0.783393501805054
allsubs,0.99,FNR_cort,SMl,2,2,PFM3T7T02,PFM3T7T02,0.498719043552519
allsubs,0.99,FNR_cort,Aud,2,2,PFM3T7T02,PFM3T7T02,0.781707933299646
allsubs,0.99,FNR_cort,Tpole,2,2,PFM3T7T02,PFM3T7T02,
allsubs,0.99,FNR_cort,MTL,2,2,PFM3T7T02,PFM3T7T02,0.981033355134075
allsubs,0.99,FNR_cort,PMN,2,2,PFM3T7T02,PFM3T7T02,0.773087071240106
allsubs,0.99,FNR_cort,PON,2,2,PFM3T7T02,PFM3T7T02,0.513295729250604
allsubs,0.99,FNR_cort,SCAN,2,2,PFM3T7T02,PFM3T7T02,0.973699421965318
allsubs,0.99,NPV_cort,DMN,2,2,PFM3T7T02,PFM3T7T02,0.958726636832011
allsubs,0.99,NPV_cort,Vis,2,2,PFM3T7T02,PFM3T7T02,0.977641937575252
allsubs,0.99,NPV_cort,FP,2,2,PFM3T7T02,PFM3T7T02,0.947697444367485
allsubs,0.99,NPV_cort,DAN,2,2,PFM3T7T02,PFM3T7T02,0.944567011204725
allsubs,0.99,NPV_cort,VAN,2,2,PFM3T7T02,PFM3T7T02,0.934672155147173
allsubs,0.99,NPV_cort,Sal,2,2,PFM3T7T02,PFM3T7T02,
allsubs,0.99,NPV_cort,AMN,2,2,PFM3T7T02,PFM3T7T02,0.987785681550999
allsubs,0.99,NPV_cort,SMd,2,2,PFM3T7T02,PFM3T7T02,0.944370385561936
allsubs,0.99,NPV_cort,SMl,2,2,PFM3T7T02,PFM3T7T02,0.979579705584111
allsubs,0.99,NPV_cort,Aud,2,2,PFM3T7T02,PFM3T7T02,0.947099355412314
allsubs,0.99,NPV_cort,Tpole,2,2,PFM3T7T02,PFM3T7T02,
allsubs,0.99,NPV_cort,MTL,2,2,PFM3T7T02,PFM3T7T02,0.949411486965027
allsubs,0.99,NPV_cort,PMN,2,2,PFM3T7T02,PFM3T7T02,0.985134449518011
allsubs,0.99,NPV_cort,PON,2,2,PFM3T7T02,PFM3T7T02,0.978058693855057
allsubs,0.99,NPV_cort,SCAN,2,2,PFM3T7T02,PFM3T7T02,0.943190057838558
allsubs,0.99,PPV_cort,DMN,2,2,PFM3T7T02,PFM3T7T02,0.872712680577849
allsubs,0.99,PPV_cort,Vis,2,2,PFM3T7T02,PFM3T7T02,0.950433020084761
allsubs,0.99,PPV_cort,FP,2,2,PFM3T7T02,PFM3T7T02,0.931723027375201
allsubs,0.99,PPV_cort,DAN,2,2,PFM3T7T02,PFM3T7T02,0.980508933405522
allsubs,0.99,PPV_cort,VAN,2,2,PFM3T7T02,PFM3T7T02,0.971132494448557
allsubs,0.99,PPV_cort,Sal,2,2,PFM3T7T02,PFM3T7T02,
allsubs,0.99,PPV_cort,AMN,2,2,PFM3T7T02,PFM3T7T02,0.528672086720867
allsubs,0.99,PPV_cort,SMd,2,2,PFM3T7T02,PFM3T7T02,1.0
allsubs,0.99,PPV_cort,SMl,2,2,PFM3T7T02,PFM3T7T02,0.530261969286359
allsubs,0.99,PPV_cort,Aud,2,2,PFM3T7T02,PFM3T7T02,0.934054054054054
allsubs,0.99,PPV_cort,Tpole,2,2,PFM3T7T02,PFM3T7T02,
allsubs,0.99,PPV_cort,MTL,2,2,PFM3T7T02,PFM3T7T02,0.527272727272727
allsubs,0.99,PPV_cort,PMN,2,2,PFM3T7T02,PFM3T7T02,0.914893617021277
allsubs,0.99,PPV_cort,PON,2,2,PFM3T7T02,PFM3T7T02,0.896142433234421
allsubs,0.99,PPV_cort,SCAN,2,2,PFM3T7T02,PFM3T7T02,0.834862385321101
allsubs,0.99,PPVcorr_Jeffreys_cort,DMN,2,2,PFM3T7T02,PFM3T7T02,0.832036835783332
allsubs,0.99,PPVcorr_Jeffreys_cort,Vis,2,2,PFM3T7T02,PFM3T7T02,0.903149995876969
allsubs,0.99,PPVcorr_Jeffreys_cort,FP,2,2,PFM3T7T02,PFM3T7T02,0.863397310778573
allsubs,0.99,PPVcorr_Jeffreys_cort,DAN,2,2,PFM3T7T02,PFM3T7T02,0.878110088616224
allsubs,0.99,PPVcorr_Jeffreys_cort,VAN,2,2,PFM3T7T02,PFM3T7T02,0.841928552242815
allsubs,0.99,PPVcorr_Jeffreys_cort,Sal,2,2,PFM3T7T02,PFM3T7T02,
allsubs,0.99,PPVcorr_Jeffreys_cort,AMN,2,2,PFM3T7T02,PFM3T7T02,0.527061591978719
allsubs,0.99,PPVcorr_Jeffreys_cort,SMd,2,2,PFM3T7T02,PFM3T7T02,0.842075256556442
allsubs,0.99,PPVcorr_Jeffreys_cort,SMl,2,2,PFM3T7T02,PFM3T7T02,0.527367045176048
allsubs,0.99,PPVcorr_Jeffreys_cort,Aud,2,2,PFM3T7T02,PFM3T7T02,0.803982434887947
allsubs,0.99,PPVcorr_Jeffreys_cort,Tpole,2,2,PFM3T7T02,PFM3T7T02,
allsubs,0.99,PPVcorr_Jeffreys_cort,MTL,2,2,PFM3T7T02,PFM3T7T02,0.507215007215007
allsubs,0.99,PPVcorr_Jeffreys_cort,PMN,2,2,PFM3T7T02,PFM3T7T02,0.795678544351782
allsubs,0.99,PPVcorr_Jeffreys_cort,PON,2,2,PFM3T7T02,PFM3T7T02,0.834544543290315
allsubs,0.99,PPVcorr_Jeffreys_cort,SCAN,2,2,PFM3T7T02,PFM3T7T02,0.58021978021978
allsubs,0.99,PPVcorr_d1d2_cort,DMN,2,2,PFM3T7T02,PFM3T7T02,0.871762751387718
allsubs,0.99,PPVcorr_d1d2_cort,Vis,2,2,PFM3T7T02,PFM3T7T02,0.948582336811638
allsubs,0.99,PPVcorr_d1d2_cort,FP,2,2,PFM3T7T02,PFM3T7T02,0.919116039491729
allsubs,0.99,PPVcorr_d1d2_cort,DAN,2,2,PFM3T7T02,PFM3T7T02,0.948883588248479
allsubs,0.99,PPVcorr_d1d2_cort,VAN,2,2,PFM3T7T02,PFM3T7T02,0.922151687833729
allsubs,0.99,PPVcorr_d1d2_cort,Sal,2,2,PFM3T7T02,PFM3T7T02,
allsubs,0.99,PPVcorr_d1d2_cort,AMN,2,2,PFM3T7T02,PFM3T7T02,0.541017884075193
allsubs,0.99,PPVcorr_d1d2_cort,SMd,2,2,PFM3T7T02,PFM3T7T02,0.921239410409085
allsubs,0.99,PPVcorr_d1d2_cort,SMl,2,2,PFM3T7T02,PFM3T7T02,0.548179086749063
allsubs,0.99,PPVcorr_d1d2_cort,Aud,2,2,PFM3T7T02,PFM3T7T02,0.865370749595903
allsubs,0.99,PPVcorr_d1d2_cort,Tpole,2,2,PFM3T7T02,PFM3T7T02,
allsubs,0.99,PPVcorr_d1d2_cort,MTL,2,2,PFM3T7T02,PFM3T7T02,0.294299157830134
allsubs,0.99,PPVcorr_d1d2_cort,PMN,2,2,PFM3T7T02,PFM3T7T02,0.739692195347107
allsubs,0.99,PPVcorr_d1d2_cort,PON,2,2,PFM3T7T02,PFM3T7T02,0.871505203232772
allsubs,0.99,PPVcorr_d1d2_cort,SCAN,2,2,PFM3T7T02,PFM3T7T02,0.450715661987338
allsubs,0.99,PPVcorr_bayes_cort,DMN,2,2,PFM3T7T02,PFM3T7T02,0.869400840819042
allsubs,0.99,PPVcorr_bayes_cort,Vis,2,2,PFM3T7T02,PFM3T7T02,0.944938003045464
allsubs,0.99,PPVcorr_bayes_cort,FP,2,2,PFM3T7T02,PFM3T7T02,0.897245357426646
allsubs,0.99,PPVcorr_bayes_cort,DAN,2,2,PFM3T7T02,PFM3T7T02,0.907416233735284
allsubs,0.99,PPVcorr_bayes_cort,VAN,2,2,PFM3T7T02,PFM3T7T02,0.858640535075439
allsubs,0.99,PPVcorr_bayes_cort,Sal,2,2,PFM3T7T02,PFM3T7T02,
allsubs,0.99,PPVcorr_bayes_cort,AMN,2,2,PFM3T7T02,PFM3T7T02,0.561944108204831
allsubs,0.99,PPVcorr_bayes_cort,SMd,2,2,PFM3T7T02,PFM3T7T02,0.852762119503946
allsubs,0.99,PPVcorr_bayes_cort,SMl,2,2,PFM3T7T02,PFM3T7T02,0.551091291111016
allsubs,0.99,PPVcorr_bayes_cort,Aud,2,2,PFM3T7T02,PFM3T7T02,0.81034789572026
allsubs,0.99,PPVcorr_bayes_cort,Tpole,2,2,PFM3T7T02,PFM3T7T02,
allsubs,0.99,PPVcorr_bayes_cort,MTL,2,2,PFM3T7T02,PFM3T7T02,0.24251610458507
allsubs,0.99,PPVcorr_bayes_cort,PMN,2,2,PFM3T7T02,PFM3T7T02,0.802118581727233
allsubs,0.99,PPVcorr_bayes_cort,PON,2,2,PFM3T7T02,PFM3T7T02,0.866132645441586
allsubs,0.99,PPVcorr_bayes_cort,SCAN,2,2,PFM3T7T02,PFM3T7T02,0.342579505300353
allsubs,0.99,MCC_cort,DMN,2,2,PFM3T7T02,PFM3T7T02,0.761301542985193
allsubs,0.99,MCC_cort,Vis,2,2,PFM3T7T02,PFM3T7T02,0.864509758408735
allsubs,0.99,MCC_cort,FP,2,2,PFM3T7T02,PFM3T7T02,0.657505645257622
allsubs,0.99,MCC_cort,DAN,2,2,PFM3T7T02,PFM3T7T02,0.578201059862418
allsubs,0.99,MCC_cort,VAN,2,2,PFM3T7T02,PFM3T7T02,0.481813202808304
allsubs,0.99,MCC_cort,Sal,2,2,PFM3T7T02,PFM3T7T02,
allsubs,0.99,MCC_cort,AMN,2,2,PFM3T7T02,PFM3T7T02,0.64586901674759
allsubs,0.99,MCC_cort,SMd,2,2,PFM3T7T02,PFM3T7T02,0.452279517793567
allsubs,0.99,MCC_cort,SMl,2,2,PFM3T7T02,PFM3T7T02,0.496269037875146
allsubs,0.99,MCC_cort,Aud,2,2,PFM3T7T02,PFM3T7T02,0.437469450988499
allsubs,0.99,MCC_cort,Tpole,2,2,PFM3T7T02,PFM3T7T02,
allsubs,0.99,MCC_cort,MTL,2,2,PFM3T7T02,PFM3T7T02,0.0927428993171084
allsubs,0.99,MCC_cort,PMN,2,2,PFM3T7T02,PFM3T7T02,0.451505632982517
allsubs,0.99,MCC_cort,PON,2,2,PFM3T7T02,PFM3T7T02,0.650636320288953
allsubs,0.99,MCC_cort,SCAN,2,2,PFM3T7T02,PFM3T7T02,0.14217217085566
allsubs,0.99,muI_cort,WholeBrainOrSingleVal,2,2,PFM3T7T02,PFM3T7T02,2.36651686400057
allsubs,0.99,VIn_cort,WholeBrainOrSingleVal,2,2,PFM3T7T02,PFM3T7T02,0.113991586230882
allsubs,0.99,MIn_cort,WholeBrainOrSingleVal,2,2,PFM3T7T02,PFM3T7T02,0.734437781328918
allsubs,0.99,DC_cort,DMN,2,3,PFM3T7T02,PFM3T7T03,0.603237610866464
allsubs,0.99,DC_cort,Vis,2,3,PFM3T7T02,PFM3T7T03,0.815079147222985
allsubs,0.99,DC_cort,FP,2,3,PFM3T7T02,PFM3T7T03,0.420477602622132
allsubs,0.99,DC_cort,DAN,2,3,PFM3T7T02,PFM3T7T03,0.350219480365405
allsubs,0.99,DC_cort,VAN,2,3,PFM3T7T02,PFM3T7T03,0.386409966024915
allsubs,0.99,DC_cort,Sal,2,3,PFM3T7T02,PFM3T7T03,
allsubs,0.99,DC_cort,AMN,2,3,PFM3T7T02,PFM3T7T03,0.621709786276715
allsubs,0.99,DC_cort,SMd,2,3,PFM3T7T02,PFM3T7T03,0.44449975111996
allsubs,0.99,DC_cort,SMl,2,3,PFM3T7T02,PFM3T7T03,0.316512261580381
allsubs,0.99,DC_cort,Aud,2,3,PFM3T7T02,PFM3T7T03,0.503328050713154
allsubs,0.99,DC_cort,Tpole,2,3,PFM3T7T02,PFM3T7T03,
allsubs,0.99,DC_cort,MTL,2,3,PFM3T7T02,PFM3T7T03,0.0296096904441454
allsubs,0.99,DC_cort,PMN,2,3,PFM3T7T02,PFM3T7T03,0.173669467787115
allsubs,0.99,DC_cort,PON,2,3,PFM3T7T02,PFM3T7T03,0.469802393543
allsubs,0.99,DC_cort,SCAN,2,3,PFM3T7T02,PFM3T7T03,0.0728744939271255
allsubs,0.99,cDC_cort,DMN,2,3,PFM3T7T02,PFM3T7T03,0.603237610866464
allsubs,0.99,cDC_cort,Vis,2,3,PFM3T7T02,PFM3T7T03,0.815079147222985
allsubs,0.99,cDC_cort,FP,2,3,PFM3T7T02,PFM3T7T03,0.420477602622132
allsubs,0.99,cDC_cort,DAN,2,3,PFM3T7T02,PFM3T7T03,0.350219480365405
allsubs,0.99,cDC_cort,VAN,2,3,PFM3T7T02,PFM3T7T03,0.386409966024915
allsubs,0.99,cDC_cort,Sal,2,3,PFM3T7T02,PFM3T7T03,
allsubs,0.99,cDC_cort,AMN,2,3,PFM3T7T02,PFM3T7T03,0.621709786276715
allsubs,0.99,cDC_cort,SMd,2,3,PFM3T7T02,PFM3T7T03,0.44449975111996
allsubs,0.99,cDC_cort,SMl,2,3,PFM3T7T02,PFM3T7T03,0.316512261580381
allsubs,0.99,cDC_cort,Aud,2,3,PFM3T7T02,PFM3T7T03,0.503328050713154
allsubs,0.99,cDC_cort,Tpole,2,3,PFM3T7T02,PFM3T7T03,
allsubs,0.99,cDC_cort,MTL,2,3,PFM3T7T02,PFM3T7T03,0.0296096904441454
allsubs,0.99,cDC_cort,PMN,2,3,PFM3T7T02,PFM3T7T03,0.173669467787115
allsubs,0.99,cDC_cort,PON,2,3,PFM3T7T02,PFM3T7T03,0.469802393543
allsubs,0.99,cDC_cort,SCAN,2,3,PFM3T7T02,PFM3T7T03,0.0728744939271255
allsubs,0.99,TP_cort,DMN,2,3,PFM3T7T02,PFM3T7T03,4863.0
allsubs,0.99,TP_cort,Vis,2,3,PFM3T7T02,PFM3T7T03,4454.0
allsubs,0.99,TP_cort,FP,2,3,PFM3T7T02,PFM3T7T03,1347.0
allsubs,0.99,TP_cort,DAN,2,3,PFM3T7T02,PFM3T7T03,1476.0
allsubs,0.99,TP_cort,VAN,2,3,PFM3T7T02,PFM3T7T03,853.0
allsubs,0.99,TP_cort,Sal,2,3,PFM3T7T02,PFM3T7T03,
allsubs,0.99,TP_cort,AMN,2,3,PFM3T7T02,PFM3T7T03,5527.0
allsubs,0.99,TP_cort,SMd,2,3,PFM3T7T02,PFM3T7T03,893.0
allsubs,0.99,TP_cort,SMl,2,3,PFM3T7T02,PFM3T7T03,1452.0
allsubs,0.99,TP_cort,Aud,2,3,PFM3T7T02,PFM3T7T03,794.0
allsubs,0.99,TP_cort,Tpole,2,3,PFM3T7T02,PFM3T7T03,
allsubs,0.99,TP_cort,MTL,2,3,PFM3T7T02,PFM3T7T03,33.0
allsubs,0.99,TP_cort,PMN,2,3,PFM3T7T02,PFM3T7T03,217.0
allsubs,0.99,TP_cort,PON,2,3,PFM3T7T02,PFM3T7T03,844.0
allsubs,0.99,TP_cort,SCAN,2,3,PFM3T7T02,PFM3T7T03,63.0
allsubs,0.99,TN_cort,DMN,2,3,PFM3T7T02,PFM3T7T03,48152.0
allsubs,0.99,TN_cort,Vis,2,3,PFM3T7T02,PFM3T7T03,52937.0
allsubs,0.99,TN_cort,FP,2,3,PFM3T7T02,PFM3T7T03,54352.0
allsubs,0.99,TN_cort,DAN,2,3,PFM3T7T02,PFM3T7T03,52459.0
allsubs,0.99,TN_cort,VAN,2,3,PFM3T7T02,PFM3T7T03,55850.0
allsubs,0.99,TN_cort,Sal,2,3,PFM3T7T02,PFM3T7T03,
allsubs,0.99,TN_cort,AMN,2,3,PFM3T7T02,PFM3T7T03,47159.0
allsubs,0.99,TN_cort,SMd,2,3,PFM3T7T02,PFM3T7T03,56287.0
allsubs,0.99,TN_cort,SMl,2,3,PFM3T7T02,PFM3T7T03,51689.0
allsubs,0.99,TN_cort,Aud,2,3,PFM3T7T02,PFM3T7T03,57051.0
allsubs,0.99,TN_cort,Tpole,2,3,PFM3T7T02,PFM3T7T03,
allsubs,0.99,TN_cort,MTL,2,3,PFM3T7T02,PFM3T7T03,57216.0
allsubs,0.99,TN_cort,PMN,2,3,PFM3T7T02,PFM3T7T03,57130.0
allsubs,0.99,TN_cort,PON,2,3,PFM3T7T02,PFM3T7T03,56663.0
allsubs,0.99,TN_cort,SCAN,2,3,PFM3T7T02,PFM3T7T03,57746.0
allsubs,0.99,FP_cort,DMN,2,3,PFM3T7T02,PFM3T7T03,1367.0
allsubs,0.99,FP_cort,Vis,2,3,PFM3T7T02,PFM3T7T03,973.0
allsubs,0.99,FP_cort,FP,2,3,PFM3T7T02,PFM3T7T03,1758.0
allsubs,0.99,FP_cort,DAN,2,3,PFM3T7T02,PFM3T7T03,371.0
allsubs,0.99,FP_cort,VAN,2,3,PFM3T7T02,PFM3T7T03,498.0
allsubs,0.99,FP_cort,Sal,2,3,PFM3T7T02,PFM3T7T03,
allsubs,0.99,FP_cort,AMN,2,3,PFM3T7T02,PFM3T7T03,3698.0
allsubs,0.99,FP_cort,SMd,2,3,PFM3T7T02,PFM3T7T03,7.0
allsubs,0.99,FP_cort,SMl,2,3,PFM3T7T02,PFM3T7T03,762.0
allsubs,0.99,FP_cort,Aud,2,3,PFM3T7T02,PFM3T7T03,131.0
allsubs,0.99,FP_cort,Tpole,2,3,PFM3T7T02,PFM3T7T03,
allsubs,0.99,FP_cort,MTL,2,3,PFM3T7T02,PFM3T7T03,77.0
allsubs,0.99,FP_cort,PMN,2,3,PFM3T7T02,PFM3T7T03,65.0
allsubs,0.99,FP_cort,PON,2,3,PFM3T7T02,PFM3T7T03,504.0
allsubs,0.99,FP_cort,SCAN,2,3,PFM3T7T02,PFM3T7T03,46.0
allsubs,0.99,FN_cort,DMN,2,3,PFM3T7T02,PFM3T7T03,5030.0
allsubs,0.99,FN_cort,Vis,2,3,PFM3T7T02,PFM3T7T03,1048.0
allsubs,0.99,FN_cort,FP,2,3,PFM3T7T02,PFM3T7T03,1955.0
allsubs,0.99,FN_cort,DAN,2,3,PFM3T7T02,PFM3T7T03,5106.0
allsubs,0.99,FN_cort,VAN,2,3,PFM3T7T02,PFM3T7T03,2211.0
allsubs,0.99,FN_cort,Sal,2,3,PFM3T7T02,PFM3T7T03,
allsubs,0.99,FN_cort,AMN,2,3,PFM3T7T02,PFM3T7T03,3028.0
allsubs,0.99,FN_cort,SMd,2,3,PFM3T7T02,PFM3T7T03,2225.0
allsubs,0.99,FN_cort,SMl,2,3,PFM3T7T02,PFM3T7T03,5509.0
allsubs,0.99,FN_cort,Aud,2,3,PFM3T7T02,PFM3T7T03,1436.0
allsubs,0.99,FN_cort,Tpole,2,3,PFM3T7T02,PFM3T7T03,
allsubs,0.99,FN_cort,MTL,2,3,PFM3T7T02,PFM3T7T03,2086.0
allsubs,0.99,FN_cort,PMN,2,3,PFM3T7T02,PFM3T7T03,2000.0
allsubs,0.99,FN_cort,PON,2,3,PFM3T7T02,PFM3T7T03,1401.0
allsubs,0.99,FN_cort,SCAN,2,3,PFM3T7T02,PFM3T7T03,1557.0
allsubs,0.99,TPR_cort,DMN,2,3,PFM3T7T02,PFM3T7T03,0.491559688668756
allsubs,0.99,TPR_cort,Vis,2,3,PFM3T7T02,PFM3T7T03,0.80952380952381
allsubs,0.99,TPR_cort,FP,2,3,PFM3T7T02,PFM3T7T03,0.407934585099939
allsubs,0.99,TPR_cort,DAN,2,3,PFM3T7T02,PFM3T7T03,0.224247948951686
allsubs,0.99,TPR_cort,VAN,2,3,PFM3T7T02,PFM3T7T03,0.278394255874674
allsubs,0.99,TPR_cort,Sal,2,3,PFM3T7T02,PFM3T7T03,
allsubs,0.99,TPR_cort,AMN,2,3,PFM3T7T02,PFM3T7T03,0.646054938632379
allsubs,0.99,TPR_cort,SMd,2,3,PFM3T7T02,PFM3T7T03,0.286401539448364
allsubs,0.99,TPR_cort,SMl,2,3,PFM3T7T02,PFM3T7T03,0.208590719724178
allsubs,0.99,TPR_cort,Aud,2,3,PFM3T7T02,PFM3T7T03,0.356053811659193
allsubs,0.99,TPR_cort,Tpole,2,3,PFM3T7T02,PFM3T7T03,
allsubs,0.99,TPR_cort,MTL,2,3,PFM3T7T02,PFM3T7T03,0.0155733836715432
allsubs,0.99,TPR_cort,PMN,2,3,PFM3T7T02,PFM3T7T03,0.0978800180423996
allsubs,0.99,TPR_cort,PON,2,3,PFM3T7T02,PFM3T7T03,0.375946547884187
allsubs,0.99,TPR_cort,SCAN,2,3,PFM3T7T02,PFM3T7T03,0.0388888888888889
allsubs,0.99,TNR_cort,DMN,2,3,PFM3T7T02,PFM3T7T03,0.9723944344595
allsubs,0.99,TNR_cort,Vis,2,3,PFM3T7T02,PFM3T7T03,0.981951400482285
allsubs,0.99,TNR_cort,FP,2,3,PFM3T7T02,PFM3T7T03,0.968668686508644
allsubs,0.99,TNR_cort,DAN,2,3,PFM3T7T02,PFM3T7T03,0.992977474919553
allsubs,0.99,TNR_cort,VAN,2,3,PFM3T7T02,PFM3T7T03,0.991162064314616
allsubs,0.99,TNR_cort,Sal,2,3,PFM3T7T02,PFM3T7T03,
allsubs,0.99,TNR_cort,AMN,2,3,PFM3T7T02,PFM3T7T03,0.927286312602002
allsubs,0.99,TNR_cort,SMd,2,3,PFM3T7T02,PFM3T7T03,0.999875652822681
allsubs,0.99,TNR_cort,SMl,2,3,PFM3T7T02,PFM3T7T03,0.98547215496368
allsubs,0.99,TNR_cort,Aud,2,3,PFM3T7T02,PFM3T7T03,0.997709069287538
allsubs,0.99,TNR_cort,Tpole,2,3,PFM3T7T02,PFM3T7T03,
allsubs,0.99,TNR_cort,MTL,2,3,PFM3T7T02,PFM3T7T03,0.998656031277818
allsubs,0.99,TNR_cort,PMN,2,3,PFM3T7T02,PFM3T7T03,0.998863537022467
allsubs,0.99,TNR_cort,PON,2,3,PFM3T7T02,PFM3T7T03,0.99118372487624
allsubs,0.99,TNR_cort,SCAN,2,3,PFM3T7T02,PFM3T7T03,0.999204042081949
allsubs,0.99,FPR_cort,DMN,2,3,PFM3T7T02,PFM3T7T03,0.0276055655404996
allsubs,0.99,FPR_cort,Vis,2,3,PFM3T7T02,PFM3T7T03,0.0180485995177147
allsubs,0.99,FPR_cort,FP,2,3,PFM3T7T02,PFM3T7T03,0.0313313134913563
allsubs,0.99,FPR_cort,DAN,2,3,PFM3T7T02,PFM3T7T03,0.0070225250804467
allsubs,0.99,FPR_cort,VAN,2,3,PFM3T7T02,PFM3T7T03,0.0088379356853836
allsubs,0.99,FPR_cort,Sal,2,3,PFM3T7T02,PFM3T7T03,
allsubs,0.99,FPR_cort,AMN,2,3,PFM3T7T02,PFM3T7T03,0.0727136873979983
allsubs,0.99,FPR_cort,SMd,2,3,PFM3T7T02,PFM3T7T03,0.000124347177319
allsubs,0.99,FPR_cort,SMl,2,3,PFM3T7T02,PFM3T7T03,0.0145278450363196
allsubs,0.99,FPR_cort,Aud,2,3,PFM3T7T02,PFM3T7T03,0.0022909307124619
allsubs,0.99,FPR_cort,Tpole,2,3,PFM3T7T02,PFM3T7T03,
allsubs,0.99,FPR_cort,MTL,2,3,PFM3T7T02,PFM3T7T03,0.0013439687221824
allsubs,0.99,FPR_cort,PMN,2,3,PFM3T7T02,PFM3T7T03,0.001136462977533
allsubs,0.99,FPR_cort,PON,2,3,PFM3T7T02,PFM3T7T03,0.0088162751237602
allsubs,0.99,FPR_cort,SCAN,2,3,PFM3T7T02,PFM3T7T03,0.0007959579180509
allsubs,0.99,FNR_cort,DMN,2,3,PFM3T7T02,PFM3T7T03,0.508440311331244
allsubs,0.99,FNR_cort,Vis,2,3,PFM3T7T02,PFM3T7T03,0.19047619047619
allsubs,0.99,FNR_cort,FP,2,3,PFM3T7T02,PFM3T7T03,0.592065414900061
allsubs,0.99,FNR_cort,DAN,2,3,PFM3T7T02,PFM3T7T03,0.775752051048314
allsubs,0.99,FNR_cort,VAN,2,3,PFM3T7T02,PFM3T7T03,0.721605744125326
allsubs,0.99,FNR_cort,Sal,2,3,PFM3T7T02,PFM3T7T03,
allsubs,0.99,FNR_cort,AMN,2,3,PFM3T7T02,PFM3T7T03,0.353945061367621
allsubs,0.99,FNR_cort,SMd,2,3,PFM3T7T02,PFM3T7T03,0.713598460551636
allsubs,0.99,FNR_cort,SMl,2,3,PFM3T7T02,PFM3T7T03,0.791409280275822
allsubs,0.99,FNR_cort,Aud,2,3,PFM3T7T02,PFM3T7T03,0.643946188340807
allsubs,0.99,FNR_cort,Tpole,2,3,PFM3T7T02,PFM3T7T03,
allsubs,0.99,FNR_cort,MTL,2,3,PFM3T7T02,PFM3T7T03,0.984426616328457
allsubs,0.99,FNR_cort,PMN,2,3,PFM3T7T02,PFM3T7T03,0.9021199819576
allsubs,0.99,FNR_cort,PON,2,3,PFM3T7T02,PFM3T7T03,0.624053452115813
allsubs,0.99,FNR_cort,SCAN,2,3,PFM3T7T02,PFM3T7T03,0.961111111111111
allsubs,0.99,NPV_cort,DMN,2,3,PFM3T7T02,PFM3T7T03,0.905419126772216
allsubs,0.99,NPV_cort,Vis,2,3,PFM3T7T02,PFM3T7T03,0.980587200148189
allsubs,0.99,NPV_cort,FP,2,3,PFM3T7T02,PFM3T7T03,0.965279627754986
allsubs,0.99,NPV_cort,DAN,2,3,PFM3T7T02,PFM3T7T03,0.911300269260836
allsubs,0.99,NPV_cort,VAN,2,3,PFM3T7T02,PFM3T7T03,0.961919360672396
allsubs,0.99,NPV_cort,Sal,2,3,PFM3T7T02,PFM3T7T03,
allsubs,0.99,NPV_cort,AMN,2,3,PFM3T7T02,PFM3T7T03,0.939665650467252
allsubs,0.99,NPV_cort,SMd,2,3,PFM3T7T02,PFM3T7T03,0.961973612250479
allsubs,0.99,NPV_cort,SMl,2,3,PFM3T7T02,PFM3T7T03,0.903685443546977
allsubs,0.99,NPV_cort,Aud,2,3,PFM3T7T02,PFM3T7T03,0.975447535349736
allsubs,0.99,NPV_cort,Tpole,2,3,PFM3T7T02,PFM3T7T03,
allsubs,0.99,NPV_cort,MTL,2,3,PFM3T7T02,PFM3T7T03,0.964824120603015
allsubs,0.99,NPV_cort,PMN,2,3,PFM3T7T02,PFM3T7T03,0.966176221883984
allsubs,0.99,NPV_cort,PON,2,3,PFM3T7T02,PFM3T7T03,0.975871452190686
allsubs,0.99,NPV_cort,SCAN,2,3,PFM3T7T02,PFM3T7T03,0.973745004468577
allsubs,0.99,PPV_cort,DMN,2,3,PFM3T7T02,PFM3T7T03,0.780577849117175
allsubs,0.99,PPV_cort,Vis,2,3,PFM3T7T02,PFM3T7T03,0.820711258522204
allsubs,0.99,PPV_cort,FP,2,3,PFM3T7T02,PFM3T7T03,0.433816425120773
allsubs,0.99,PPV_cort,DAN,2,3,PFM3T7T02,PFM3T7T03,0.799133730373579
allsubs,0.99,PPV_cort,VAN,2,3,PFM3T7T02,PFM3T7T03,0.631384159881569
allsubs,0.99,PPV_cort,Sal,2,3,PFM3T7T02,PFM3T7T03,
allsubs,0.99,PPV_cort,AMN,2,3,PFM3T7T02,PFM3T7T03,0.599132791327913
allsubs,0.99,PPV_cort,SMd,2,3,PFM3T7T02,PFM3T7T03,0.992222222222222
allsubs,0.99,PPV_cort,SMl,2,3,PFM3T7T02,PFM3T7T03,0.655826558265583
allsubs,0.99,PPV_cort,Aud,2,3,PFM3T7T02,PFM3T7T03,0.858378378378378
allsubs,0.99,PPV_cort,Tpole,2,3,PFM3T7T02,PFM3T7T03,
allsubs,0.99,PPV_cort,MTL,2,3,PFM3T7T02,PFM3T7T03,0.3
allsubs,0.99,PPV_cort,PMN,2,3,PFM3T7T02,PFM3T7T03,0.769503546099291
allsubs,0.99,PPV_cort,PON,2,3,PFM3T7T02,PFM3T7T03,0.626112759643917
allsubs,0.99,PPV_cort,SCAN,2,3,PFM3T7T02,PFM3T7T03,0.577981651376147
allsubs,0.99,PPVcorr_Jeffreys_cort,DMN,2,3,PFM3T7T02,PFM3T7T03,0.74212873824332
allsubs,0.99,PPVcorr_Jeffreys_cort,Vis,2,3,PFM3T7T02,PFM3T7T03,0.791189854781503
allsubs,0.99,PPVcorr_Jeffreys_cort,FP,2,3,PFM3T7T02,PFM3T7T03,0.440178155565906
allsubs,0.99,PPVcorr_Jeffreys_cort,DAN,2,3,PFM3T7T02,PFM3T7T03,0.720541274149769
allsubs,0.99,PPVcorr_Jeffreys_cort,VAN,2,3,PFM3T7T02,PFM3T7T03,0.607095450705925
allsubs,0.99,PPVcorr_Jeffreys_cort,Sal,2,3,PFM3T7T02,PFM3T7T03,
allsubs,0.99,PPVcorr_Jeffreys_cort,AMN,2,3,PFM3T7T02,PFM3T7T03,0.590719706363772
allsubs,0.99,PPVcorr_Jeffreys_cort,SMd,2,3,PFM3T7T02,PFM3T7T03,0.865571876547285
allsubs,0.99,PPVcorr_Jeffreys_cort,SMl,2,3,PFM3T7T02,PFM3T7T03,0.618552627057489
allsubs,0.99,PPVcorr_Jeffreys_cort,Aud,2,3,PFM3T7T02,PFM3T7T03,0.788763066202091
allsubs,0.99,PPVcorr_Jeffreys_cort,Tpole,2,3,PFM3T7T02,PFM3T7T03,
allsubs,0.99,PPVcorr_Jeffreys_cort,MTL,2,3,PFM3T7T02,PFM3T7T03,0.431655793724759
allsubs,0.99,PPVcorr_Jeffreys_cort,PMN,2,3,PFM3T7T02,PFM3T7T03,0.6508834623784
allsubs,0.99,PPVcorr_Jeffreys_cort,PON,2,3,PFM3T7T02,PFM3T7T03,0.608108108108108
allsubs,0.99,PPVcorr_Jeffreys_cort,SCAN,2,3,PFM3T7T02,PFM3T7T03,0.531365313653137
allsubs,0.99,PPVcorr_d1d2_cort,DMN,2,3,PFM3T7T02,PFM3T7T03,0.778150974549461
allsubs,0.99,PPVcorr_d1d2_cort,Vis,2,3,PFM3T7T02,PFM3T7T03,0.823649938372627
allsubs,0.99,PPVcorr_d1d2_cort,FP,2,3,PFM3T7T02,PFM3T7T03,0.449636281608568
allsubs,0.99,PPVcorr_d1d2_cort,DAN,2,3,PFM3T7T02,PFM3T7T03,0.772362104476336
allsubs,0.99,PPVcorr_d1d2_cort,VAN,2,3,PFM3T7T02,PFM3T7T03,0.618176783261046
allsubs,0.99,PPVcorr_d1d2_cort,Sal,2,3,PFM3T7T02,PFM3T7T03,
allsubs,0.99,PPVcorr_d1d2_cort,AMN,2,3,PFM3T7T02,PFM3T7T03,0.604260312822394
allsubs,0.99,PPVcorr_d1d2_cort,SMd,2,3,PFM3T7T02,PFM3T7T03,0.921443213617684
allsubs,0.99,PPVcorr_d1d2_cort,SMl,2,3,PFM3T7T02,PFM3T7T03,0.641168801309859
allsubs,0.99,PPVcorr_d1d2_cort,Aud,2,3,PFM3T7T02,PFM3T7T03,0.814795146810724
allsubs,0.99,PPVcorr_d1d2_cort,Tpole,2,3,PFM3T7T02,PFM3T7T03,
allsubs,0.99,PPVcorr_d1d2_cort,MTL,2,3,PFM3T7T02,PFM3T7T03,0.183370274362627
allsubs,0.99,PPVcorr_d1d2_cort,PMN,2,3,PFM3T7T02,PFM3T7T03,0.601096323095567
allsubs,0.99,PPVcorr_d1d2_cort,PON,2,3,PFM3T7T02,PFM3T7T03,0.624254343291818
allsubs,0.99,PPVcorr_d1d2_cort,SCAN,2,3,PFM3T7T02,PFM3T7T03,0.334420928865373
allsubs,0.99,PPVcorr_bayes_cort,DMN,2,3,PFM3T7T02,PFM3T7T03,0.769442358731126
allsubs,0.99,PPVcorr_bayes_cort,Vis,2,3,PFM3T7T02,PFM3T7T03,0.828645824200873
allsubs,0.99,PPVcorr_bayes_cort,FP,2,3,PFM3T7T02,PFM3T7T03,0.459402036012351
allsubs,0.99,PPVcorr_bayes_cort,DAN,2,3,PFM3T7T02,PFM3T7T03,0.720614579027146
allsubs,0.99,PPVcorr_bayes_cort,VAN,2,3,PFM3T7T02,PFM3T7T03,0.61191203826734
allsubs,0.99,PPVcorr_bayes_cort,Sal,2,3,PFM3T7T02,PFM3T7T03,
allsubs,0.99,PPVcorr_bayes_cort,AMN,2,3,PFM3T7T02,PFM3T7T03,0.620354784410203
allsubs,0.99,PPVcorr_bayes_cort,SMd,2,3,PFM3T7T02,PFM3T7T03,0.887974264358028
allsubs,0.99,PPVcorr_bayes_cort,SMl,2,3,PFM3T7T02,PFM3T7T03,0.609898363278126
allsubs,0.99,PPVcorr_bayes_cort,Aud,2,3,PFM3T7T02,PFM3T7T03,0.810361445783133
allsubs,0.99,PPVcorr_bayes_cort,Tpole,2,3,PFM3T7T02,PFM3T7T03,
allsubs,0.99,PPVcorr_bayes_cort,MTL,2,3,PFM3T7T02,PFM3T7T03,0.17976492279327
allsubs,0.99,PPVcorr_bayes_cort,PMN,2,3,PFM3T7T02,PFM3T7T03,0.588041132410816
allsubs,0.99,PPVcorr_bayes_cort,PON,2,3,PFM3T7T02,PFM3T7T03,0.624054747647562
allsubs,0.99,PPVcorr_bayes_cort,SCAN,2,3,PFM3T7T02,PFM3T7T03,0.360994764397906
allsubs,0.99,MCC_cort,DMN,2,3,PFM3T7T02,PFM3T7T03,0.564155231667134
allsubs,0.99,MCC_cort,Vis,2,3,PFM3T7T02,PFM3T7T03,0.796371688254743
allsubs,0.99,MCC_cort,FP,2,3,PFM3T7T02,PFM3T7T03,0.387686573405738
allsubs,0.99,MCC_cort,DAN,2,3,PFM3T7T02,PFM3T7T03,0.392841350551499
allsubs,0.99,MCC_cort,VAN,2,3,PFM3T7T02,PFM3T7T03,0.399910882267384
allsubs,0.99,MCC_cort,Sal,2,3,PFM3T7T02,PFM3T7T03,
allsubs,0.99,MCC_cort,AMN,2,3,PFM3T7T02,PFM3T7T03,0.555801558815712
allsubs,0.99,MCC_cort,SMd,2,3,PFM3T7T02,PFM3T7T03,0.522651417648103
allsubs,0.99,MCC_cort,SMl,2,3,PFM3T7T02,PFM3T7T03,0.329515564873806
allsubs,0.99,MCC_cort,Aud,2,3,PFM3T7T02,PFM3T7T03,0.543117535574481
allsubs,0.99,MCC_cort,Tpole,2,3,PFM3T7T02,PFM3T7T03,
allsubs,0.99,MCC_cort,MTL,2,3,PFM3T7T02,PFM3T7T03,0.0613864178842507
allsubs,0.99,MCC_cort,PMN,2,3,PFM3T7T02,PFM3T7T03,0.266781326452955
allsubs,0.99,MCC_cort,PON,2,3,PFM3T7T02,PFM3T7T03,0.470113420238466
allsubs,0.99,MCC_cort,SCAN,2,3,PFM3T7T02,PFM3T7T03,0.14497201597503
allsubs,0.99,muI_cort,WholeBrainOrSingleVal,2,3,PFM3T7T02,PFM3T7T03,1.69928037858748
allsubs,0.99,VIn_cort,WholeBrainOrSingleVal,2,3,PFM3T7T02,PFM3T7T03,0.193812648436852
allsubs,0.99,MIn_cort,WholeBrainOrSingleVal,2,3,PFM3T7T02,PFM3T7T03,0.538740809215975
allsubs,0.99,DC_cort,DMN,2,4,PFM3T7T02,PFM3T7T04,0.558492413117964
allsubs,0.99,DC_cort,Vis,2,4,PFM3T7T02,PFM3T7T04,0.789594733920216
allsubs,0.99,DC_cort,FP,2,4,PFM3T7T02,PFM3T7T04,0.47047453368126
allsubs,0.99,DC_cort,DAN,2,4,PFM3T7T02,PFM3T7T04,0.303038274365382
allsubs,0.99,DC_cort,VAN,2,4,PFM3T7T02,PFM3T7T04,0.315225424981523
allsubs,0.99,DC_cort,Sal,2,4,PFM3T7T02,PFM3T7T04,
allsubs,0.99,DC_cort,AMN,2,4,PFM3T7T02,PFM3T7T04,0.619922467554357
allsubs,0.99,DC_cort,SMd,2,4,PFM3T7T02,PFM3T7T04,0.50414878397711
allsubs,0.99,DC_cort,SMl,2,4,PFM3T7T02,PFM3T7T04,0.517550229968531
allsubs,0.99,DC_cort,Aud,2,4,PFM3T7T02,PFM3T7T04,0.410727588775764
allsubs,0.99,DC_cort,Tpole,2,4,PFM3T7T02,PFM3T7T04,
allsubs,0.99,DC_cort,MTL,2,4,PFM3T7T02,PFM3T7T04,0.0291173794358508
allsubs,0.99,DC_cort,PMN,2,4,PFM3T7T02,PFM3T7T04,0.204633204633205
allsubs,0.99,DC_cort,PON,2,4,PFM3T7T02,PFM3T7T04,0.429916051895192
allsubs,0.99,DC_cort,SCAN,2,4,PFM3T7T02,PFM3T7T04,0.107921928817451
allsubs,0.99,cDC_cort,DMN,2,4,PFM3T7T02,PFM3T7T04,0.558492413117964
allsubs,0.99,cDC_cort,Vis,2,4,PFM3T7T02,PFM3T7T04,0.789594733920216
allsubs,0.99,cDC_cort,FP,2,4,PFM3T7T02,PFM3T7T04,0.47047453368126
allsubs,0.99,cDC_cort,DAN,2,4,PFM3T7T02,PFM3T7T04,0.303038274365382
allsubs,0.99,cDC_cort,VAN,2,4,PFM3T7T02,PFM3T7T04,0.315225424981523
allsubs,0.99,cDC_cort,Sal,2,4,PFM3T7T02,PFM3T7T04,
allsubs,0.99,cDC_cort,AMN,2,4,PFM3T7T02,PFM3T7T04,0.619922467554357
allsubs,0.99,cDC_cort,SMd,2,4,PFM3T7T02,PFM3T7T04,0.50414878397711
allsubs,0.99,cDC_cort,SMl,2,4,PFM3T7T02,PFM3T7T04,0.517550229968531
allsubs,0.99,cDC_cort,Aud,2,4,PFM3T7T02,PFM3T7T04,0.410727588775764
allsubs,0.99,cDC_cort,Tpole,2,4,PFM3T7T02,PFM3T7T04,
allsubs,0.99,cDC_cort,MTL,2,4,PFM3T7T02,PFM3T7T04,0.0291173794358508
allsubs,0.99,cDC_cort,PMN,2,4,PFM3T7T02,PFM3T7T04,0.204633204633205
allsubs,0.99,cDC_cort,PON,2,4,PFM3T7T02,PFM3T7T04,0.429916051895192
allsubs,0.99,cDC_cort,SCAN,2,4,PFM3T7T02,PFM3T7T04,0.107921928817451
allsubs,0.99,TP_cort,DMN,2,4,PFM3T7T02,PFM3T7T04,3423.0
allsubs,0.99,TP_cort,Vis,2,4,PFM3T7T02,PFM3T7T04,4978.0
allsubs,0.99,TP_cort,FP,2,4,PFM3T7T02,PFM3T7T04,2434.0
allsubs,0.99,TP_cort,DAN,2,4,PFM3T7T02,PFM3T7T04,1152.0
allsubs,0.99,TP_cort,VAN,2,4,PFM3T7T02,PFM3T7T04,853.0
allsubs,0.99,TP_cort,Sal,2,4,PFM3T7T02,PFM3T7T04,
allsubs,0.99,TP_cort,AMN,2,4,PFM3T7T02,PFM3T7T04,5517.0
allsubs,0.99,TP_cort,SMd,2,4,PFM3T7T02,PFM3T7T04,881.0
allsubs,0.99,TP_cort,SMl,2,4,PFM3T7T02,PFM3T7T04,1069.0
allsubs,0.99,TP_cort,Aud,2,4,PFM3T7T02,PFM3T7T04,827.0
allsubs,0.99,TP_cort,Tpole,2,4,PFM3T7T02,PFM3T7T04,
allsubs,0.99,TP_cort,MTL,2,4,PFM3T7T02,PFM3T7T04,64.0
allsubs,0.99,TP_cort,PMN,2,4,PFM3T7T02,PFM3T7T04,212.0
allsubs,0.99,TP_cort,PON,2,4,PFM3T7T02,PFM3T7T04,845.0
allsubs,0.99,TP_cort,SCAN,2,4,PFM3T7T02,PFM3T7T04,94.0
allsubs,0.99,TN_cort,DMN,2,4,PFM3T7T02,PFM3T7T04,50577.0
allsubs,0.99,TN_cort,Vis,2,4,PFM3T7T02,PFM3T7T04,51781.0
allsubs,0.99,TN_cort,FP,2,4,PFM3T7T02,PFM3T7T04,51499.0
allsubs,0.99,TN_cort,DAN,2,4,PFM3T7T02,PFM3T7T04,52961.0
allsubs,0.99,TN_cort,VAN,2,4,PFM3T7T02,PFM3T7T04,54853.0
allsubs,0.99,TN_cort,Sal,2,4,PFM3T7T02,PFM3T7T04,
allsubs,0.99,TN_cort,AMN,2,4,PFM3T7T02,PFM3T7T04,47130.0
allsubs,0.99,TN_cort,SMd,2,4,PFM3T7T02,PFM3T7T04,56798.0
allsubs,0.99,TN_cort,SMl,2,4,PFM3T7T02,PFM3T7T04,56350.0
allsubs,0.99,TN_cort,Aud,2,4,PFM3T7T02,PFM3T7T04,56212.0
allsubs,0.99,TN_cort,Tpole,2,4,PFM3T7T02,PFM3T7T04,
allsubs,0.99,TN_cort,MTL,2,4,PFM3T7T02,PFM3T7T04,55080.0
allsubs,0.99,TN_cort,PMN,2,4,PFM3T7T02,PFM3T7T04,57552.0
allsubs,0.99,TN_cort,PON,2,4,PFM3T7T02,PFM3T7T04,56326.0
allsubs,0.99,TN_cort,SCAN,2,4,PFM3T7T02,PFM3T7T04,57764.0
allsubs,0.99,FP_cort,DMN,2,4,PFM3T7T02,PFM3T7T04,2807.0
allsubs,0.99,FP_cort,Vis,2,4,PFM3T7T02,PFM3T7T04,449.0
allsubs,0.99,FP_cort,FP,2,4,PFM3T7T02,PFM3T7T04,671.0
allsubs,0.99,FP_cort,DAN,2,4,PFM3T7T02,PFM3T7T04,695.0
allsubs,0.99,FP_cort,VAN,2,4,PFM3T7T02,PFM3T7T04,498.0
allsubs,0.99,FP_cort,Sal,2,4,PFM3T7T02,PFM3T7T04,
allsubs,0.99,FP_cort,AMN,2,4,PFM3T7T02,PFM3T7T04,3708.0
allsubs,0.99,FP_cort,SMd,2,4,PFM3T7T02,PFM3T7T04,19.0
allsubs,0.99,FP_cort,SMl,2,4,PFM3T7T02,PFM3T7T04,1145.0
allsubs,0.99,FP_cort,Aud,2,4,PFM3T7T02,PFM3T7T04,98.0
allsubs,0.99,FP_cort,Tpole,2,4,PFM3T7T02,PFM3T7T04,
allsubs,0.99,FP_cort,MTL,2,4,PFM3T7T02,PFM3T7T04,46.0
allsubs,0.99,FP_cort,PMN,2,4,PFM3T7T02,PFM3T7T04,70.0
allsubs,0.99,FP_cort,PON,2,4,PFM3T7T02,PFM3T7T04,503.0
allsubs,0.99,FP_cort,SCAN,2,4,PFM3T7T02,PFM3T7T04,15.0
allsubs,0.99,FN_cort,DMN,2,4,PFM3T7T02,PFM3T7T04,2605.0
allsubs,0.99,FN_cort,Vis,2,4,PFM3T7T02,PFM3T7T04,2204.0
allsubs,0.99,FN_cort,FP,2,4,PFM3T7T02,PFM3T7T04,4808.0
allsubs,0.99,FN_cort,DAN,2,4,PFM3T7T02,PFM3T7T04,4604.0
allsubs,0.99,FN_cort,VAN,2,4,PFM3T7T02,PFM3T7T04,3208.0
allsubs,0.99,FN_cort,Sal,2,4,PFM3T7T02,PFM3T7T04,
allsubs,0.99,FN_cort,AMN,2,4,PFM3T7T02,PFM3T7T04,3057.0
allsubs,0.99,FN_cort,SMd,2,4,PFM3T7T02,PFM3T7T04,1714.0
allsubs,0.99,FN_cort,SMl,2,4,PFM3T7T02,PFM3T7T04,848.0
allsubs,0.99,FN_cort,Aud,2,4,PFM3T7T02,PFM3T7T04,2275.0
allsubs,0.99,FN_cort,Tpole,2,4,PFM3T7T02,PFM3T7T04,
allsubs,0.99,FN_cort,MTL,2,4,PFM3T7T02,PFM3T7T04,4222.0
allsubs,0.99,FN_cort,PMN,2,4,PFM3T7T02,PFM3T7T04,1578.0
allsubs,0.99,FN_cort,PON,2,4,PFM3T7T02,PFM3T7T04,1738.0
allsubs,0.99,FN_cort,SCAN,2,4,PFM3T7T02,PFM3T7T04,1539.0
allsubs,0.99,TPR_cort,DMN,2,4,PFM3T7T02,PFM3T7T04,0.5678500331785
allsubs,0.99,TPR_cort,Vis,2,4,PFM3T7T02,PFM3T7T04,0.693121693121693
allsubs,0.99,TPR_cort,FP,2,4,PFM3T7T02,PFM3T7T04,0.336095001380834
allsubs,0.99,TPR_cort,DAN,2,4,PFM3T7T02,PFM3T7T04,0.200138985406532
allsubs,0.99,TPR_cort,VAN,2,4,PFM3T7T02,PFM3T7T04,0.210046786505787
allsubs,0.99,TPR_cort,Sal,2,4,PFM3T7T02,PFM3T7T04,
allsubs,0.99,TPR_cort,AMN,2,4,PFM3T7T02,PFM3T7T04,0.643456962911127
allsubs,0.99,TPR_cort,SMd,2,4,PFM3T7T02,PFM3T7T04,0.339499036608863
allsubs,0.99,TPR_cort,SMl,2,4,PFM3T7T02,PFM3T7T04,0.557642149191445
allsubs,0.99,TPR_cort,Aud,2,4,PFM3T7T02,PFM3T7T04,0.266602192134107
allsubs,0.99,TPR_cort,Tpole,2,4,PFM3T7T02,PFM3T7T04,
allsubs,0.99,TPR_cort,MTL,2,4,PFM3T7T02,PFM3T7T04,0.0149323378441437
allsubs,0.99,TPR_cort,PMN,2,4,PFM3T7T02,PFM3T7T04,0.118435754189944
allsubs,0.99,TPR_cort,PON,2,4,PFM3T7T02,PFM3T7T04,0.327138985675571
allsubs,0.99,TPR_cort,SCAN,2,4,PFM3T7T02,PFM3T7T04,0.0575627679118187
allsubs,0.99,TNR_cort,DMN,2,4,PFM3T7T02,PFM3T7T04,0.947418702232879
allsubs,0.99,TNR_cort,Vis,2,4,PFM3T7T02,PFM3T7T04,0.991403408003063
allsubs,0.99,TNR_cort,FP,2,4,PFM3T7T02,PFM3T7T04,0.987138202031819
allsubs,0.99,TNR_cort,DAN,2,4,PFM3T7T02,PFM3T7T04,0.987047114954525
allsubs,0.99,TNR_cort,VAN,2,4,PFM3T7T02,PFM3T7T04,0.991002872576828
allsubs,0.99,TNR_cort,Sal,2,4,PFM3T7T02,PFM3T7T04,
allsubs,0.99,TNR_cort,AMN,2,4,PFM3T7T02,PFM3T7T04,0.927062433612652
allsubs,0.99,TNR_cort,SMd,2,4,PFM3T7T02,PFM3T7T04,0.999665593044335
allsubs,0.99,TNR_cort,SMl,2,4,PFM3T7T02,PFM3T7T04,0.980085224802157
allsubs,0.99,TNR_cort,Aud,2,4,PFM3T7T02,PFM3T7T04,0.998259634167999
allsubs,0.99,TNR_cort,Tpole,2,4,PFM3T7T02,PFM3T7T04,
allsubs,0.99,TNR_cort,MTL,2,4,PFM3T7T02,PFM3T7T04,0.99916554801727
allsubs,0.99,TNR_cort,PMN,2,4,PFM3T7T02,PFM3T7T04,0.998785186213599
allsubs,0.99,TNR_cort,PON,2,4,PFM3T7T02,PFM3T7T04,0.991148885252248
allsubs,0.99,TNR_cort,SCAN,2,4,PFM3T7T02,PFM3T7T04,0.999740390107132
allsubs,0.99,FPR_cort,DMN,2,4,PFM3T7T02,PFM3T7T04,0.0525812977671212
allsubs,0.99,FPR_cort,Vis,2,4,PFM3T7T02,PFM3T7T04,0.0085965919969366
allsubs,0.99,FPR_cort,FP,2,4,PFM3T7T02,PFM3T7T04,0.0128617979681809
allsubs,0.99,FPR_cort,DAN,2,4,PFM3T7T02,PFM3T7T04,0.0129528850454749
allsubs,0.99,FPR_cort,VAN,2,4,PFM3T7T02,PFM3T7T04,0.0089971274231721
allsubs,0.99,FPR_cort,Sal,2,4,PFM3T7T02,PFM3T7T04,
allsubs,0.99,FPR_cort,AMN,2,4,PFM3T7T02,PFM3T7T04,0.0729375663873481
allsubs,0.99,FPR_cort,SMd,2,4,PFM3T7T02,PFM3T7T04,0.0003344069556646
allsubs,0.99,FPR_cort,SMl,2,4,PFM3T7T02,PFM3T7T04,0.0199147751978433
allsubs,0.99,FPR_cort,Aud,2,4,PFM3T7T02,PFM3T7T04,0.0017403658320014
allsubs,0.99,FPR_cort,Tpole,2,4,PFM3T7T02,PFM3T7T04,
allsubs,0.99,FPR_cort,MTL,2,4,PFM3T7T02,PFM3T7T04,0.0008344519827304
allsubs,0.99,FPR_cort,PMN,2,4,PFM3T7T02,PFM3T7T04,0.001214813786401
allsubs,0.99,FPR_cort,PON,2,4,PFM3T7T02,PFM3T7T04,0.008851114747752
allsubs,0.99,FPR_cort,SCAN,2,4,PFM3T7T02,PFM3T7T04,0.0002596098928676
allsubs,0.99,FNR_cort,DMN,2,4,PFM3T7T02,PFM3T7T04,0.4321499668215
allsubs,0.99,FNR_cort,Vis,2,4,PFM3T7T02,PFM3T7T04,0.306878306878307
allsubs,0.99,FNR_cort,FP,2,4,PFM3T7T02,PFM3T7T04,0.663904998619166
allsubs,0.99,FNR_cort,DAN,2,4,PFM3T7T02,PFM3T7T04,0.799861014593468
allsubs,0.99,FNR_cort,VAN,2,4,PFM3T7T02,PFM3T7T04,0.789953213494213
allsubs,0.99,FNR_cort,Sal,2,4,PFM3T7T02,PFM3T7T04,
allsubs,0.99,FNR_cort,AMN,2,4,PFM3T7T02,PFM3T7T04,0.356543037088873
allsubs,0.99,FNR_cort,SMd,2,4,PFM3T7T02,PFM3T7T04,0.660500963391137
allsubs,0.99,FNR_cort,SMl,2,4,PFM3T7T02,PFM3T7T04,0.442357850808555
allsubs,0.99,FNR_cort,Aud,2,4,PFM3T7T02,PFM3T7T04,0.733397807865893
allsubs,0.99,FNR_cort,Tpole,2,4,PFM3T7T02,PFM3T7T04,
allsubs,0.99,FNR_cort,MTL,2,4,PFM3T7T02,PFM3T7T04,0.985067662155856
allsubs,0.99,FNR_cort,PMN,2,4,PFM3T7T02,PFM3T7T04,0.881564245810056
allsubs,0.99,FNR_cort,PON,2,4,PFM3T7T02,PFM3T7T04,0.672861014324429
allsubs,0.99,FNR_cort,SCAN,2,4,PFM3T7T02,PFM3T7T04,0.942437232088181
allsubs,0.99,NPV_cort,DMN,2,4,PFM3T7T02,PFM3T7T04,0.951017261479448
allsubs,0.99,NPV_cort,Vis,2,4,PFM3T7T02,PFM3T7T04,0.959173844586459
allsubs,0.99,NPV_cort,FP,2,4,PFM3T7T02,PFM3T7T04,0.914610971992825
allsubs,0.99,NPV_cort,DAN,2,4,PFM3T7T02,PFM3T7T04,0.920020846000174
allsubs,0.99,NPV_cort,VAN,2,4,PFM3T7T02,PFM3T7T04,0.944747765281342
allsubs,0.99,NPV_cort,Sal,2,4,PFM3T7T02,PFM3T7T04,
allsubs,0.99,NPV_cort,AMN,2,4,PFM3T7T02,PFM3T7T04,0.939087811584673
allsubs,0.99,NPV_cort,SMd,2,4,PFM3T7T02,PFM3T7T04,0.970706863549357
allsubs,0.99,NPV_cort,SMl,2,4,PFM3T7T02,PFM3T7T04,0.985174306793944
allsubs,0.99,NPV_cort,Aud,2,4,PFM3T7T02,PFM3T7T04,0.961102467214937
allsubs,0.99,NPV_cort,Tpole,2,4,PFM3T7T02,PFM3T7T04,
allsubs,0.99,NPV_cort,MTL,2,4,PFM3T7T02,PFM3T7T04,0.928805099322114
allsubs,0.99,NPV_cort,PMN,2,4,PFM3T7T02,PFM3T7T04,0.973313039066464
allsubs,0.99,NPV_cort,PON,2,4,PFM3T7T02,PFM3T7T04,0.970067511711215
allsubs,0.99,NPV_cort,SCAN,2,4,PFM3T7T02,PFM3T7T04,0.974048530428477
allsubs,0.99,PPV_cort,DMN,2,4,PFM3T7T02,PFM3T7T04,0.549438202247191
allsubs,0.99,PPV_cort,Vis,2,4,PFM3T7T02,PFM3T7T04,0.917265524230698
allsubs,0.99,PPV_cort,FP,2,4,PFM3T7T02,PFM3T7T04,0.78389694041868
allsubs,0.99,PPV_cort,DAN,2,4,PFM3T7T02,PFM3T7T04,0.623714131023281
allsubs,0.99,PPV_cort,VAN,2,4,PFM3T7T02,PFM3T7T04,0.631384159881569
allsubs,0.99,PPV_cort,Sal,2,4,PFM3T7T02,PFM3T7T04,
allsubs,0.99,PPV_cort,AMN,2,4,PFM3T7T02,PFM3T7T04,0.598048780487805
allsubs,0.99,PPV_cort,SMd,2,4,PFM3T7T02,PFM3T7T04,0.978888888888889
allsubs,0.99,PPV_cort,SMl,2,4,PFM3T7T02,PFM3T7T04,0.482836495031617
allsubs,0.99,PPV_cort,Aud,2,4,PFM3T7T02,PFM3T7T04,0.894054054054054
allsubs,0.99,PPV_cort,Tpole,2,4,PFM3T7T02,PFM3T7T04,
allsubs,0.99,PPV_cort,MTL,2,4,PFM3T7T02,PFM3T7T04,0.581818181818182
allsubs,0.99,PPV_cort,PMN,2,4,PFM3T7T02,PFM3T7T04,0.75177304964539
allsubs,0.99,PPV_cort,PON,2,4,PFM3T7T02,PFM3T7T04,0.626854599406528
allsubs,0.99,PPV_cort,SCAN,2,4,PFM3T7T02,PFM3T7T04,0.862385321100917
allsubs,0.99,PPVcorr_Jeffreys_cort,DMN,2,4,PFM3T7T02,PFM3T7T04,0.545076688912305
allsubs,0.99,PPVcorr_Jeffreys_cort,Vis,2,4,PFM3T7T02,PFM3T7T04,0.868498991082471
allsubs,0.99,PPVcorr_Jeffreys_cort,FP,2,4,PFM3T7T02,PFM3T7T04,0.730204742504962
allsubs,0.99,PPVcorr_Jeffreys_cort,DAN,2,4,PFM3T7T02,PFM3T7T04,0.594320151902914
allsubs,0.99,PPVcorr_Jeffreys_cort,VAN,2,4,PFM3T7T02,PFM3T7T04,0.60101872403392
allsubs,0.99,PPVcorr_Jeffreys_cort,Sal,2,4,PFM3T7T02,PFM3T7T04,
allsubs,0.99,PPVcorr_Jeffreys_cort,AMN,2,4,PFM3T7T02,PFM3T7T04,0.58971078314687
allsubs,0.99,PPVcorr_Jeffreys_cort,SMd,2,4,PFM3T7T02,PFM3T7T04,0.871711944803795
allsubs,0.99,PPVcorr_Jeffreys_cort,SMl,2,4,PFM3T7T02,PFM3T7T04,0.484204181735046
allsubs,0.99,PPVcorr_Jeffreys_cort,Aud,2,4,PFM3T7T02,PFM3T7T04,0.795093911917099
allsubs,0.99,PPVcorr_Jeffreys_cort,Tpole,2,4,PFM3T7T02,PFM3T7T04,
allsubs,0.99,PPVcorr_Jeffreys_cort,MTL,2,4,PFM3T7T02,PFM3T7T04,0.516709988860007
allsubs,0.99,PPVcorr_Jeffreys_cort,PMN,2,4,PFM3T7T02,PFM3T7T04,0.654013015184382
allsubs,0.99,PPVcorr_Jeffreys_cort,PON,2,4,PFM3T7T02,PFM3T7T04,0.606455830168711
allsubs,0.99,PPVcorr_Jeffreys_cort,SCAN,2,4,PFM3T7T02,PFM3T7T04,0.64506059493206
allsubs,0.99,PPVcorr_d1d2_cort,DMN,2,4,PFM3T7T02,PFM3T7T04,0.557076453725085
allsubs,0.99,PPVcorr_d1d2_cort,Vis,2,4,PFM3T7T02,PFM3T7T04,0.914266264430976
allsubs,0.99,PPVcorr_d1d2_cort,FP,2,4,PFM3T7T02,PFM3T7T04,0.772730784914987
allsubs,0.99,PPVcorr_d1d2_cort,DAN,2,4,PFM3T7T02,PFM3T7T04,0.608104854072458
allsubs,0.99,PPVcorr_d1d2_cort,VAN,2,4,PFM3T7T02,PFM3T7T04,0.610721534477998
allsubs,0.99,PPVcorr_d1d2_cort,Sal,2,4,PFM3T7T02,PFM3T7T04,
allsubs,0.99,PPVcorr_d1d2_cort,AMN,2,4,PFM3T7T02,PFM3T7T04,0.603162419277648
allsubs,0.99,PPVcorr_d1d2_cort,SMd,2,4,PFM3T7T02,PFM3T7T04,0.915266814110745
allsubs,0.99,PPVcorr_d1d2_cort,SMl,2,4,PFM3T7T02,PFM3T7T04,0.511876007665866
allsubs,0.99,PPVcorr_d1d2_cort,Aud,2,4,PFM3T7T02,PFM3T7T04,0.835594026616796
allsubs,0.99,PPVcorr_d1d2_cort,Tpole,2,4,PFM3T7T02,PFM3T7T04,
allsubs,0.99,PPVcorr_d1d2_cort,MTL,2,4,PFM3T7T02,PFM3T7T04,0.317850689890816
allsubs,0.99,PPVcorr_d1d2_cort,PMN,2,4,PFM3T7T02,PFM3T7T04,0.595963942412883
allsubs,0.99,PPVcorr_d1d2_cort,PON,2,4,PFM3T7T02,PFM3T7T04,0.61952200070162
allsubs,0.99,PPVcorr_d1d2_cort,SCAN,2,4,PFM3T7T02,PFM3T7T04,0.481784912372787
allsubs,0.99,PPVcorr_bayes_cort,DMN,2,4,PFM3T7T02,PFM3T7T04,0.571765354234278
allsubs,0.99,PPVcorr_bayes_cort,Vis,2,4,PFM3T7T02,PFM3T7T04,0.907164210053395
allsubs,0.99,PPVcorr_bayes_cort,FP,2,4,PFM3T7T02,PFM3T7T04,0.746734523225974
allsubs,0.99,PPVcorr_bayes_cort,DAN,2,4,PFM3T7T02,PFM3T7T04,0.582849517745107
allsubs,0.99,PPVcorr_bayes_cort,VAN,2,4,PFM3T7T02,PFM3T7T04,0.592296067650558
allsubs,0.99,PPVcorr_bayes_cort,Sal,2,4,PFM3T7T02,PFM3T7T04,
allsubs,0.99,PPVcorr_bayes_cort,AMN,2,4,PFM3T7T02,PFM3T7T04,0.619257977979637
allsubs,0.99,PPVcorr_bayes_cort,SMd,2,4,PFM3T7T02,PFM3T7T04,0.898860053359204
allsubs,0.99,PPVcorr_bayes_cort,SMl,2,4,PFM3T7T02,PFM3T7T04,0.510721163208343
allsubs,0.99,PPVcorr_bayes_cort,Aud,2,4,PFM3T7T02,PFM3T7T04,0.808204606419388
allsubs,0.99,PPVcorr_bayes_cort,Tpole,2,4,PFM3T7T02,PFM3T7T04,
allsubs,0.99,PPVcorr_bayes_cort,MTL,2,4,PFM3T7T02,PFM3T7T04,0.215185982170304
allsubs,0.99,PPVcorr_bayes_cort,PMN,2,4,PFM3T7T02,PFM3T7T04,0.608322147651007
allsubs,0.99,PPVcorr_bayes_cort,PON,2,4,PFM3T7T02,PFM3T7T04,0.617596319723979
allsubs,0.99,PPVcorr_bayes_cort,SCAN,2,4,PFM3T7T02,PFM3T7T04,0.521523610748761
allsubs,0.99,MCC_cort,DMN,2,4,PFM3T7T02,PFM3T7T04,0.507808087690754
allsubs,0.99,MCC_cort,Vis,2,4,PFM3T7T02,PFM3T7T04,0.774561003129697
allsubs,0.99,MCC_cort,FP,2,4,PFM3T7T02,PFM3T7T04,0.475164129683476
allsubs,0.99,MCC_cort,DAN,2,4,PFM3T7T02,PFM3T7T04,0.319029199257575
allsubs,0.99,MCC_cort,VAN,2,4,PFM3T7T02,PFM3T7T04,0.3403397231306
allsubs,0.99,MCC_cort,Sal,2,4,PFM3T7T02,PFM3T7T04,
allsubs,0.99,MCC_cort,AMN,2,4,PFM3T7T02,PFM3T7T04,0.553576412394919
allsubs,0.99,MCC_cort,SMd,2,4,PFM3T7T02,PFM3T7T04,0.567511490364705
allsubs,0.99,MCC_cort,SMl,2,4,PFM3T7T02,PFM3T7T04,0.501659465640088
allsubs,0.99,MCC_cort,Aud,2,4,PFM3T7T02,PFM3T7T04,0.475918394262567
allsubs,0.99,MCC_cort,Tpole,2,4,PFM3T7T02,PFM3T7T04,
allsubs,0.99,MCC_cort,MTL,2,4,PFM3T7T02,PFM3T7T04,0.0848452045533289
allsubs,0.99,MCC_cort,PMN,2,4,PFM3T7T02,PFM3T7T04,0.291539488221288
allsubs,0.99,MCC_cort,PON,2,4,PFM3T7T02,PFM3T7T04,0.435881942568634
allsubs,0.99,MCC_cort,SCAN,2,4,PFM3T7T02,PFM3T7T04,0.218929900120081
allsubs,0.99,muI_cort,WholeBrainOrSingleVal,2,4,PFM3T7T02,PFM3T7T04,1.73864462245924
allsubs,0.99,VIn_cort,WholeBrainOrSingleVal,2,4,PFM3T7T02,PFM3T7T04,0.196024088639846
allsubs,0.99,MIn_cort,WholeBrainOrSingleVal,2,4,PFM3T7T02,PFM3T7T04,0.541611002492422
allsubs,0.99,DC_cort,DMN,3,1,PFM3T7T03,PFM3T7T01,0.60290202342918
allsubs,0.99,DC_cort,Vis,3,1,PFM3T7T03,PFM3T7T01,0.615108593012276
allsubs,0.99,DC_cort,FP,3,1,PFM3T7T03,PFM3T7T01,0.394714647174585
allsubs,0.99,DC_cort,DAN,3,1,PFM3T7T03,PFM3T7T01,0.36698887174072
allsubs,0.99,DC_cort,VAN,3,1,PFM3T7T03,PFM3T7T01,0.264912817375344
allsubs,0.99,DC_cort,Sal,3,1,PFM3T7T03,PFM3T7T01,0.106801573917931
allsubs,0.99,DC_cort,AMN,3,1,PFM3T7T03,PFM3T7T01,0.464837484170536
allsubs,0.99,DC_cort,SMd,3,1,PFM3T7T03,PFM3T7T01,0.486473659231134
allsubs,0.99,DC_cort,SMl,3,1,PFM3T7T03,PFM3T7T01,0.53317393903168
allsubs,0.99,DC_cort,Aud,3,1,PFM3T7T03,PFM3T7T01,0.175438596491228
allsubs,0.99,DC_cort,Tpole,3,1,PFM3T7T03,PFM3T7T01,
allsubs,0.99,DC_cort,MTL,3,1,PFM3T7T03,PFM3T7T01,0.0406334030475052
allsubs,0.99,DC_cort,PMN,3,1,PFM3T7T03,PFM3T7T01,0.299130434782609
allsubs,0.99,DC_cort,PON,3,1,PFM3T7T03,PFM3T7T01,0.394725999175937
allsubs,0.99,DC_cort,SCAN,3,1,PFM3T7T03,PFM3T7T01,0.251129177958446
allsubs,0.99,cDC_cort,DMN,3,1,PFM3T7T03,PFM3T7T01,0.60290202342918
allsubs,0.99,cDC_cort,Vis,3,1,PFM3T7T03,PFM3T7T01,0.615108593012276
allsubs,0.99,cDC_cort,FP,3,1,PFM3T7T03,PFM3T7T01,0.394714647174585
allsubs,0.99,cDC_cort,DAN,3,1,PFM3T7T03,PFM3T7T01,0.36698887174072
allsubs,0.99,cDC_cort,VAN,3,1,PFM3T7T03,PFM3T7T01,0.264912817375344
allsubs,0.99,cDC_cort,Sal,3,1,PFM3T7T03,PFM3T7T01,0.106801573917931
allsubs,0.99,cDC_cort,AMN,3,1,PFM3T7T03,PFM3T7T01,0.464837484170536
allsubs,0.99,cDC_cort,SMd,3,1,PFM3T7T03,PFM3T7T01,0.486473659231134
allsubs,0.99,cDC_cort,SMl,3,1,PFM3T7T03,PFM3T7T01,0.53317393903168
allsubs,0.99,cDC_cort,Aud,3,1,PFM3T7T03,PFM3T7T01,0.175438596491228
allsubs,0.99,cDC_cort,Tpole,3,1,PFM3T7T03,PFM3T7T01,
allsubs,0.99,cDC_cort,MTL,3,1,PFM3T7T03,PFM3T7T01,0.0406334030475052
allsubs,0.99,cDC_cort,PMN,3,1,PFM3T7T03,PFM3T7T01,0.299130434782609
allsubs,0.99,cDC_cort,PON,3,1,PFM3T7T03,PFM3T7T01,0.394725999175937
allsubs,0.99,cDC_cort,SCAN,3,1,PFM3T7T03,PFM3T7T01,0.251129177958446
allsubs,0.99,TP_cort,DMN,3,1,PFM3T7T03,PFM3T7T01,4529.0
allsubs,0.99,TP_cort,Vis,3,1,PFM3T7T03,PFM3T7T01,3257.0
allsubs,0.99,TP_cort,FP,3,1,PFM3T7T03,PFM3T7T01,2106.0
allsubs,0.99,TP_cort,DAN,3,1,PFM3T7T03,PFM3T7T01,2259.0
allsubs,0.99,TP_cort,VAN,3,1,PFM3T7T03,PFM3T7T01,433.0
allsubs,0.99,TP_cort,Sal,3,1,PFM3T7T03,PFM3T7T01,95.0
allsubs,0.99,TP_cort,AMN,3,1,PFM3T7T03,PFM3T7T01,2753.0
allsubs,0.99,TP_cort,SMd,3,1,PFM3T7T03,PFM3T7T01,1025.0
allsubs,0.99,TP_cort,SMl,3,1,PFM3T7T03,PFM3T7T01,892.0
allsubs,0.99,TP_cort,Aud,3,1,PFM3T7T03,PFM3T7T01,490.0
allsubs,0.99,TP_cort,Tpole,3,1,PFM3T7T03,PFM3T7T01,
allsubs,0.99,TP_cort,MTL,3,1,PFM3T7T03,PFM3T7T01,68.0
allsubs,0.99,TP_cort,PMN,3,1,PFM3T7T03,PFM3T7T01,344.0
allsubs,0.99,TP_cort,PON,3,1,PFM3T7T03,PFM3T7T01,479.0
allsubs,0.99,TP_cort,SCAN,3,1,PFM3T7T03,PFM3T7T01,278.0
allsubs,0.99,TN_cort,DMN,3,1,PFM3T7T03,PFM3T7T01,48917.0
allsubs,0.99,TN_cort,Vis,3,1,PFM3T7T03,PFM3T7T01,52079.0
allsubs,0.99,TN_cort,FP,3,1,PFM3T7T03,PFM3T7T01,50847.0
allsubs,0.99,TN_cort,DAN,3,1,PFM3T7T03,PFM3T7T01,49360.0
allsubs,0.99,TN_cort,VAN,3,1,PFM3T7T03,PFM3T7T01,56576.0
allsubs,0.99,TN_cort,Sal,3,1,PFM3T7T03,PFM3T7T01,57728.0
allsubs,0.99,TN_cort,AMN,3,1,PFM3T7T03,PFM3T7T01,50320.0
allsubs,0.99,TN_cort,SMd,3,1,PFM3T7T03,PFM3T7T01,56223.0
allsubs,0.99,TN_cort,SMl,3,1,PFM3T7T03,PFM3T7T01,56958.0
allsubs,0.99,TN_cort,Aud,3,1,PFM3T7T03,PFM3T7T01,54316.0
allsubs,0.99,TN_cort,Tpole,3,1,PFM3T7T03,PFM3T7T01,
allsubs,0.99,TN_cort,MTL,3,1,PFM3T7T03,PFM3T7T01,56133.0
allsubs,0.99,TN_cort,PMN,3,1,PFM3T7T03,PFM3T7T01,57456.0
allsubs,0.99,TN_cort,PON,3,1,PFM3T7T03,PFM3T7T01,57464.0
allsubs,0.99,TN_cort,SCAN,3,1,PFM3T7T03,PFM3T7T01,57476.0
allsubs,0.99,FP_cort,DMN,3,1,PFM3T7T03,PFM3T7T01,2169.0
allsubs,0.99,FP_cort,Vis,3,1,PFM3T7T03,PFM3T7T01,121.0
allsubs,0.99,FP_cort,FP,3,1,PFM3T7T03,PFM3T7T01,1170.0
allsubs,0.99,FP_cort,DAN,3,1,PFM3T7T03,PFM3T7T01,2742.0
allsubs,0.99,FP_cort,VAN,3,1,PFM3T7T03,PFM3T7T01,318.0
allsubs,0.99,FP_cort,Sal,3,1,PFM3T7T03,PFM3T7T01,63.0
allsubs,0.99,FP_cort,AMN,3,1,PFM3T7T03,PFM3T7T01,3555.0
allsubs,0.99,FP_cort,SMd,3,1,PFM3T7T03,PFM3T7T01,229.0
allsubs,0.99,FP_cort,SMl,3,1,PFM3T7T03,PFM3T7T01,231.0
allsubs,0.99,FP_cort,Aud,3,1,PFM3T7T03,PFM3T7T01,82.0
allsubs,0.99,FP_cort,Tpole,3,1,PFM3T7T03,PFM3T7T01,
allsubs,0.99,FP_cort,MTL,3,1,PFM3T7T03,PFM3T7T01,1.0
allsubs,0.99,FP_cort,PMN,3,1,PFM3T7T03,PFM3T7T01,82.0
allsubs,0.99,FP_cort,PON,3,1,PFM3T7T03,PFM3T7T01,206.0
allsubs,0.99,FP_cort,SCAN,3,1,PFM3T7T03,PFM3T7T01,42.0
allsubs,0.99,FN_cort,DMN,3,1,PFM3T7T03,PFM3T7T01,3797.0
allsubs,0.99,FN_cort,Vis,3,1,PFM3T7T03,PFM3T7T01,3955.0
allsubs,0.99,FN_cort,FP,3,1,PFM3T7T03,PFM3T7T01,5289.0
allsubs,0.99,FN_cort,DAN,3,1,PFM3T7T03,PFM3T7T01,5051.0
allsubs,0.99,FN_cort,VAN,3,1,PFM3T7T03,PFM3T7T01,2085.0
allsubs,0.99,FN_cort,Sal,3,1,PFM3T7T03,PFM3T7T01,1526.0
allsubs,0.99,FN_cort,AMN,3,1,PFM3T7T03,PFM3T7T01,2784.0
allsubs,0.99,FN_cort,SMd,3,1,PFM3T7T03,PFM3T7T01,1935.0
allsubs,0.99,FN_cort,SMl,3,1,PFM3T7T03,PFM3T7T01,1331.0
allsubs,0.99,FN_cort,Aud,3,1,PFM3T7T03,PFM3T7T01,4524.0
allsubs,0.99,FN_cort,Tpole,3,1,PFM3T7T03,PFM3T7T01,
allsubs,0.99,FN_cort,MTL,3,1,PFM3T7T03,PFM3T7T01,3210.0
allsubs,0.99,FN_cort,PMN,3,1,PFM3T7T03,PFM3T7T01,1530.0
allsubs,0.99,FN_cort,PON,3,1,PFM3T7T03,PFM3T7T01,1263.0
allsubs,0.99,FN_cort,SCAN,3,1,PFM3T7T03,PFM3T7T01,1616.0
allsubs,0.99,TPR_cort,DMN,3,1,PFM3T7T03,PFM3T7T01,0.543958683641605
allsubs,0.99,TPR_cort,Vis,3,1,PFM3T7T03,PFM3T7T01,0.451608430393788
allsubs,0.99,TPR_cort,FP,3,1,PFM3T7T03,PFM3T7T01,0.284787018255578
allsubs,0.99,TPR_cort,DAN,3,1,PFM3T7T03,PFM3T7T01,0.309028727770178
allsubs,0.99,TPR_cort,VAN,3,1,PFM3T7T03,PFM3T7T01,0.171961874503574
allsubs,0.99,TPR_cort,Sal,3,1,PFM3T7T03,PFM3T7T01,0.0586057988895743
allsubs,0.99,TPR_cort,AMN,3,1,PFM3T7T03,PFM3T7T01,0.497200650171573
allsubs,0.99,TPR_cort,SMd,3,1,PFM3T7T03,PFM3T7T01,0.346283783783784
allsubs,0.99,TPR_cort,SMl,3,1,PFM3T7T03,PFM3T7T01,0.401259559154296
allsubs,0.99,TPR_cort,Aud,3,1,PFM3T7T03,PFM3T7T01,0.0977263661747108
allsubs,0.99,TPR_cort,Tpole,3,1,PFM3T7T03,PFM3T7T01,
allsubs,0.99,TPR_cort,MTL,3,1,PFM3T7T03,PFM3T7T01,0.0207443563148261
allsubs,0.99,TPR_cort,PMN,3,1,PFM3T7T03,PFM3T7T01,0.183564567769477
allsubs,0.99,TPR_cort,PON,3,1,PFM3T7T03,PFM3T7T01,0.274971297359357
allsubs,0.99,TPR_cort,SCAN,3,1,PFM3T7T03,PFM3T7T01,0.146779303062302
allsubs,0.99,TNR_cort,DMN,3,1,PFM3T7T03,PFM3T7T01,0.957542183768547
allsubs,0.99,TNR_cort,Vis,3,1,PFM3T7T03,PFM3T7T01,0.997681992337165
allsubs,0.99,TNR_cort,FP,3,1,PFM3T7T03,PFM3T7T01,0.977507353365246
allsubs,0.99,TNR_cort,DAN,3,1,PFM3T7T03,PFM3T7T01,0.947372461709723
allsubs,0.99,TNR_cort,VAN,3,1,PFM3T7T03,PFM3T7T01,0.994410658417408
allsubs,0.99,TNR_cort,Sal,3,1,PFM3T7T03,PFM3T7T01,0.99890986485785
allsubs,0.99,TNR_cort,AMN,3,1,PFM3T7T03,PFM3T7T01,0.934013921113689
allsubs,0.99,TNR_cort,SMd,3,1,PFM3T7T03,PFM3T7T01,0.995943456387728
allsubs,0.99,TNR_cort,SMl,3,1,PFM3T7T03,PFM3T7T01,0.995960761684939
allsubs,0.99,TNR_cort,Aud,3,1,PFM3T7T03,PFM3T7T01,0.998492591639399
allsubs,0.99,TNR_cort,Tpole,3,1,PFM3T7T03,PFM3T7T01,
allsubs,0.99,TNR_cort,MTL,3,1,PFM3T7T03,PFM3T7T01,0.999982185484733
allsubs,0.99,TNR_cort,PMN,3,1,PFM3T7T03,PFM3T7T01,0.998574854878515
allsubs,0.99,TNR_cort,PON,3,1,PFM3T7T03,PFM3T7T01,0.996427952141495
allsubs,0.99,TNR_cort,SCAN,3,1,PFM3T7T03,PFM3T7T01,0.999269793803679
allsubs,0.99,FPR_cort,DMN,3,1,PFM3T7T03,PFM3T7T01,0.0424578162314528
allsubs,0.99,FPR_cort,Vis,3,1,PFM3T7T03,PFM3T7T01,0.0023180076628352
allsubs,0.99,FPR_cort,FP,3,1,PFM3T7T03,PFM3T7T01,0.022492646634754
allsubs,0.99,FPR_cort,DAN,3,1,PFM3T7T03,PFM3T7T01,0.0526275382902768
allsubs,0.99,FPR_cort,VAN,3,1,PFM3T7T03,PFM3T7T01,0.0055893415825921
allsubs,0.99,FPR_cort,Sal,3,1,PFM3T7T03,PFM3T7T01,0.0010901351421501
allsubs,0.99,FPR_cort,AMN,3,1,PFM3T7T03,PFM3T7T01,0.0659860788863109
allsubs,0.99,FPR_cort,SMd,3,1,PFM3T7T03,PFM3T7T01,0.0040565436122723
allsubs,0.99,FPR_cort,SMl,3,1,PFM3T7T03,PFM3T7T01,0.0040392383150605
allsubs,0.99,FPR_cort,Aud,3,1,PFM3T7T03,PFM3T7T01,0.0015074083606014
allsubs,0.99,FPR_cort,Tpole,3,1,PFM3T7T03,PFM3T7T01,
allsubs,0.99,FPR_cort,MTL,3,1,PFM3T7T03,PFM3T7T01,1.78145152670396e-05
allsubs,0.99,FPR_cort,PMN,3,1,PFM3T7T03,PFM3T7T01,0.0014251451214849
allsubs,0.99,FPR_cort,PON,3,1,PFM3T7T03,PFM3T7T01,0.0035720478585052
allsubs,0.99,FPR_cort,SCAN,3,1,PFM3T7T03,PFM3T7T01,0.0007302061963211
allsubs,0.99,FNR_cort,DMN,3,1,PFM3T7T03,PFM3T7T01,0.456041316358395
allsubs,0.99,FNR_cort,Vis,3,1,PFM3T7T03,PFM3T7T01,0.548391569606212
allsubs,0.99,FNR_cort,FP,3,1,PFM3T7T03,PFM3T7T01,0.715212981744422
allsubs,0.99,FNR_cort,DAN,3,1,PFM3T7T03,PFM3T7T01,0.690971272229822
allsubs,0.99,FNR_cort,VAN,3,1,PFM3T7T03,PFM3T7T01,0.828038125496426
allsubs,0.99,FNR_cort,Sal,3,1,PFM3T7T03,PFM3T7T01,0.941394201110426
allsubs,0.99,FNR_cort,AMN,3,1,PFM3T7T03,PFM3T7T01,0.502799349828427
allsubs,0.99,FNR_cort,SMd,3,1,PFM3T7T03,PFM3T7T01,0.653716216216216
allsubs,0.99,FNR_cort,SMl,3,1,PFM3T7T03,PFM3T7T01,0.598740440845704
allsubs,0.99,FNR_cort,Aud,3,1,PFM3T7T03,PFM3T7T01,0.902273633825289
allsubs,0.99,FNR_cort,Tpole,3,1,PFM3T7T03,PFM3T7T01,
allsubs,0.99,FNR_cort,MTL,3,1,PFM3T7T03,PFM3T7T01,0.979255643685174
allsubs,0.99,FNR_cort,PMN,3,1,PFM3T7T03,PFM3T7T01,0.816435432230523
allsubs,0.99,FNR_cort,PON,3,1,PFM3T7T03,PFM3T7T01,0.725028702640643
allsubs,0.99,FNR_cort,SCAN,3,1,PFM3T7T03,PFM3T7T01,0.853220696937698
allsubs,0.99,NPV_cort,DMN,3,1,PFM3T7T03,PFM3T7T01,0.927969799294305
allsubs,0.99,NPV_cort,Vis,3,1,PFM3T7T03,PFM3T7T01,0.929417853446122
allsubs,0.99,NPV_cort,FP,3,1,PFM3T7T03,PFM3T7T01,0.905782385634887
allsubs,0.99,NPV_cort,DAN,3,1,PFM3T7T03,PFM3T7T01,0.907169506166033
allsubs,0.99,NPV_cort,VAN,3,1,PFM3T7T03,PFM3T7T01,0.96445679412216
allsubs,0.99,NPV_cort,Sal,3,1,PFM3T7T03,PFM3T7T01,0.974246464373713
allsubs,0.99,NPV_cort,AMN,3,1,PFM3T7T03,PFM3T7T01,0.947574570653811
allsubs,0.99,NPV_cort,SMd,3,1,PFM3T7T03,PFM3T7T01,0.966728567007119
allsubs,0.99,NPV_cort,SMl,3,1,PFM3T7T03,PFM3T7T01,0.97716550292508
allsubs,0.99,NPV_cort,Aud,3,1,PFM3T7T03,PFM3T7T01,0.923113528212101
allsubs,0.99,NPV_cort,Tpole,3,1,PFM3T7T03,PFM3T7T01,
allsubs,0.99,NPV_cort,MTL,3,1,PFM3T7T03,PFM3T7T01,0.945907689196704
allsubs,0.99,NPV_cort,PMN,3,1,PFM3T7T03,PFM3T7T01,0.974061641745499
allsubs,0.99,NPV_cort,PON,3,1,PFM3T7T03,PFM3T7T01,0.978493708175115
allsubs,0.99,NPV_cort,SCAN,3,1,PFM3T7T03,PFM3T7T01,0.97265281256346
allsubs,0.99,PPV_cort,DMN,3,1,PFM3T7T03,PFM3T7T01,0.676171991639295
allsubs,0.99,PPV_cort,Vis,3,1,PFM3T7T03,PFM3T7T01,0.964179988158674
allsubs,0.99,PPV_cort,FP,3,1,PFM3T7T03,PFM3T7T01,0.642857142857143
allsubs,0.99,PPV_cort,DAN,3,1,PFM3T7T03,PFM3T7T01,0.451709658068386
allsubs,0.99,PPV_cort,VAN,3,1,PFM3T7T03,PFM3T7T01,0.576564580559254
allsubs,0.99,PPV_cort,Sal,3,1,PFM3T7T03,PFM3T7T01,0.60126582278481
allsubs,0.99,PPV_cort,AMN,3,1,PFM3T7T03,PFM3T7T01,0.436429930247305
allsubs,0.99,PPV_cort,SMd,3,1,PFM3T7T03,PFM3T7T01,0.817384370015949
allsubs,0.99,PPV_cort,SMl,3,1,PFM3T7T03,PFM3T7T01,0.794300979519145
allsubs,0.99,PPV_cort,Aud,3,1,PFM3T7T03,PFM3T7T01,0.856643356643357
allsubs,0.99,PPV_cort,Tpole,3,1,PFM3T7T03,PFM3T7T01,
allsubs,0.99,PPV_cort,MTL,3,1,PFM3T7T03,PFM3T7T01,0.985507246376812
allsubs,0.99,PPV_cort,PMN,3,1,PFM3T7T03,PFM3T7T01,0.807511737089202
allsubs,0.99,PPV_cort,PON,3,1,PFM3T7T03,PFM3T7T01,0.699270072992701
allsubs,0.99,PPV_cort,SCAN,3,1,PFM3T7T03,PFM3T7T01,0.86875
allsubs,0.99,PPVcorr_Jeffreys_cort,DMN,3,1,PFM3T7T03,PFM3T7T01,0.656694021724697
allsubs,0.99,PPVcorr_Jeffreys_cort,Vis,3,1,PFM3T7T03,PFM3T7T01,0.882513661202186
allsubs,0.99,PPVcorr_Jeffreys_cort,FP,3,1,PFM3T7T03,PFM3T7T01,0.616548375046694
allsubs,0.99,PPVcorr_Jeffreys_cort,DAN,3,1,PFM3T7T03,PFM3T7T01,0.457868108862526
allsubs,0.99,PPVcorr_Jeffreys_cort,VAN,3,1,PFM3T7T03,PFM3T7T01,0.557339449541284
allsubs,0.99,PPVcorr_Jeffreys_cort,Sal,3,1,PFM3T7T03,PFM3T7T01,0.549984379881287
allsubs,0.99,PPVcorr_Jeffreys_cort,AMN,3,1,PFM3T7T03,PFM3T7T01,0.441559671801449
allsubs,0.99,PPVcorr_Jeffreys_cort,SMd,3,1,PFM3T7T03,PFM3T7T01,0.756774193548387
allsubs,0.99,PPVcorr_Jeffreys_cort,SMl,3,1,PFM3T7T03,PFM3T7T01,0.745670110755965
allsubs,0.99,PPVcorr_Jeffreys_cort,Aud,3,1,PFM3T7T03,PFM3T7T01,0.690050307434321
allsubs,0.99,PPVcorr_Jeffreys_cort,Tpole,3,1,PFM3T7T03,PFM3T7T01,
allsubs,0.99,PPVcorr_Jeffreys_cort,MTL,3,1,PFM3T7T03,PFM3T7T01,0.584425403225806
allsubs,0.99,PPVcorr_Jeffreys_cort,PMN,3,1,PFM3T7T03,PFM3T7T01,0.713563743071405
allsubs,0.99,PPVcorr_Jeffreys_cort,PON,3,1,PFM3T7T03,PFM3T7T01,0.658868715083799
allsubs,0.99,PPVcorr_Jeffreys_cort,SCAN,3,1,PFM3T7T03,PFM3T7T01,0.731645072634472
allsubs,0.99,PPVcorr_d1d2_cort,DMN,3,1,PFM3T7T03,PFM3T7T01,0.678033062682453
allsubs,0.99,PPVcorr_d1d2_cort,Vis,3,1,PFM3T7T03,PFM3T7T01,0.949795516622435
allsubs,0.99,PPVcorr_d1d2_cort,FP,3,1,PFM3T7T03,PFM3T7T01,0.636896713899839
allsubs,0.99,PPVcorr_d1d2_cort,DAN,3,1,PFM3T7T03,PFM3T7T01,0.456274624205202
allsubs,0.99,PPVcorr_d1d2_cort,VAN,3,1,PFM3T7T03,PFM3T7T01,0.543808988428852
allsubs,0.99,PPVcorr_d1d2_cort,Sal,3,1,PFM3T7T03,PFM3T7T01,0.406359342509867
allsubs,0.99,PPVcorr_d1d2_cort,AMN,3,1,PFM3T7T03,PFM3T7T01,0.447405914784871
allsubs,0.99,PPVcorr_d1d2_cort,SMd,3,1,PFM3T7T03,PFM3T7T01,0.788092151191782
allsubs,0.99,PPVcorr_d1d2_cort,SMl,3,1,PFM3T7T03,PFM3T7T01,0.770438986060761
allsubs,0.99,PPVcorr_d1d2_cort,Aud,3,1,PFM3T7T03,PFM3T7T01,0.745777202732794
allsubs,0.99,PPVcorr_d1d2_cort,Tpole,3,1,PFM3T7T03,PFM3T7T01,
allsubs,0.99,PPVcorr_d1d2_cort,MTL,3,1,PFM3T7T03,PFM3T7T01,0.415323188457811
allsubs,0.99,PPVcorr_d1d2_cort,PMN,3,1,PFM3T7T03,PFM3T7T01,0.696835149524402
allsubs,0.99,PPVcorr_d1d2_cort,PON,3,1,PFM3T7T03,PFM3T7T01,0.660079666260594
allsubs,0.99,PPVcorr_d1d2_cort,SCAN,3,1,PFM3T7T03,PFM3T7T01,0.701651922435394
allsubs,0.99,PPVcorr_bayes_cort,DMN,3,1,PFM3T7T03,PFM3T7T01,0.683653535339339
allsubs,0.99,PPVcorr_bayes_cort,Vis,3,1,PFM3T7T03,PFM3T7T01,0.916247727029629
allsubs,0.99,PPVcorr_bayes_cort,FP,3,1,PFM3T7T03,PFM3T7T01,0.62255432919723
allsubs,0.99,PPVcorr_bayes_cort,DAN,3,1,PFM3T7T03,PFM3T7T01,0.467545412203074
allsubs,0.99,PPVcorr_bayes_cort,VAN,3,1,PFM3T7T03,PFM3T7T01,0.536564528989634
allsubs,0.99,PPVcorr_bayes_cort,Sal,3,1,PFM3T7T03,PFM3T7T01,0.430743595084357
allsubs,0.99,PPVcorr_bayes_cort,AMN,3,1,PFM3T7T03,PFM3T7T01,0.465983889702924
allsubs,0.99,PPVcorr_bayes_cort,SMd,3,1,PFM3T7T03,PFM3T7T01,0.775623663578047
allsubs,0.99,PPVcorr_bayes_cort,SMl,3,1,PFM3T7T03,PFM3T7T01,0.768044367080921
allsubs,0.99,PPVcorr_bayes_cort,Aud,3,1,PFM3T7T03,PFM3T7T01,0.630205171785844
allsubs,0.99,PPVcorr_bayes_cort,Tpole,3,1,PFM3T7T03,PFM3T7T01,
allsubs,0.99,PPVcorr_bayes_cort,MTL,3,1,PFM3T7T03,PFM3T7T01,0.307610089781958
allsubs,0.99,PPVcorr_bayes_cort,PMN,3,1,PFM3T7T03,PFM3T7T01,0.702515844056078
allsubs,0.99,PPVcorr_bayes_cort,PON,3,1,PFM3T7T03,PFM3T7T01,0.66453240201785
allsubs,0.99,PPVcorr_bayes_cort,SCAN,3,1,PFM3T7T03,PFM3T7T01,0.708443589126774
allsubs,0.99,MCC_cort,DMN,3,1,PFM3T7T03,PFM3T7T01,0.550434039819417
allsubs,0.99,MCC_cort,Vis,3,1,PFM3T7T03,PFM3T7T01,0.633628402145994
allsubs,0.99,MCC_cort,FP,3,1,PFM3T7T03,PFM3T7T01,0.379348204651297
allsubs,0.99,MCC_cort,DAN,3,1,PFM3T7T03,PFM3T7T01,0.303343113634145
allsubs,0.99,MCC_cort,VAN,3,1,PFM3T7T03,PFM3T7T01,0.300018493546879
allsubs,0.99,MCC_cort,Sal,3,1,PFM3T7T03,PFM3T7T01,0.181936723040514
allsubs,0.99,MCC_cort,AMN,3,1,PFM3T7T03,PFM3T7T01,0.406925467656776
allsubs,0.99,MCC_cort,SMd,3,1,PFM3T7T03,PFM3T7T01,0.518020083027852
allsubs,0.99,MCC_cort,SMl,3,1,PFM3T7T03,PFM3T7T01,0.553572184699712
allsubs,0.99,MCC_cort,Aud,3,1,PFM3T7T03,PFM3T7T01,0.273911290035969
allsubs,0.99,MCC_cort,Tpole,3,1,PFM3T7T03,PFM3T7T01,
allsubs,0.99,MCC_cort,MTL,3,1,PFM3T7T03,PFM3T7T01,0.138942472249842
allsubs,0.99,MCC_cort,PMN,3,1,PFM3T7T03,PFM3T7T01,0.377300045027817
allsubs,0.99,MCC_cort,PON,3,1,PFM3T7T03,PFM3T7T01,0.428887609459407
allsubs,0.99,MCC_cort,SCAN,3,1,PFM3T7T03,PFM3T7T01,0.350551167271469
allsubs,0.99,muI_cort,WholeBrainOrSingleVal,3,1,PFM3T7T03,PFM3T7T01,1.55545486147913
allsubs,0.99,VIn_cort,WholeBrainOrSingleVal,3,1,PFM3T7T03,PFM3T7T01,0.223892115062822
allsubs,0.99,MIn_cort,WholeBrainOrSingleVal,3,1,PFM3T7T03,PFM3T7T01,0.48298635316644
allsubs,0.99,DC_cort,DMN,3,2,PFM3T7T03,PFM3T7T02,0.639078855547802
allsubs,0.99,DC_cort,Vis,3,2,PFM3T7T03,PFM3T7T02,0.673919737247254
allsubs,0.99,DC_cort,FP,3,2,PFM3T7T03,PFM3T7T02,0.473557164801404
allsubs,0.99,DC_cort,DAN,3,2,PFM3T7T03,PFM3T7T02,0.412476257122863
allsubs,0.99,DC_cort,VAN,3,2,PFM3T7T03,PFM3T7T02,0.17042349726776
allsubs,0.99,DC_cort,Sal,3,2,PFM3T7T03,PFM3T7T02,0.0741510741510742
allsubs,0.99,DC_cort,AMN,3,2,PFM3T7T03,PFM3T7T02,0.496524834717749
allsubs,0.99,DC_cort,SMd,3,2,PFM3T7T03,PFM3T7T02,0.443335182103901
allsubs,0.99,DC_cort,SMl,3,2,PFM3T7T03,PFM3T7T02,0.583549783549784
allsubs,0.99,DC_cort,Aud,3,2,PFM3T7T03,PFM3T7T02,0.208388520971302
allsubs,0.99,DC_cort,Tpole,3,2,PFM3T7T03,PFM3T7T02,
allsubs,0.99,DC_cort,MTL,3,2,PFM3T7T03,PFM3T7T02,0.0441317556763671
allsubs,0.99,DC_cort,PMN,3,2,PFM3T7T03,PFM3T7T02,0.37108125399872
allsubs,0.99,DC_cort,PON,3,2,PFM3T7T03,PFM3T7T02,0.312598673823808
allsubs,0.99,DC_cort,SCAN,3,2,PFM3T7T03,PFM3T7T02,0.157142857142857
allsubs,0.99,cDC_cort,DMN,3,2,PFM3T7T03,PFM3T7T02,0.639078855547802
allsubs,0.99,cDC_cort,Vis,3,2,PFM3T7T03,PFM3T7T02,0.673919737247254
allsubs,0.99,cDC_cort,FP,3,2,PFM3T7T03,PFM3T7T02,0.473557164801404
allsubs,0.99,cDC_cort,DAN,3,2,PFM3T7T03,PFM3T7T02,0.412476257122863
allsubs,0.99,cDC_cort,VAN,3,2,PFM3T7T03,PFM3T7T02,0.17042349726776
allsubs,0.99,cDC_cort,Sal,3,2,PFM3T7T03,PFM3T7T02,0.0741510741510742
allsubs,0.99,cDC_cort,AMN,3,2,PFM3T7T03,PFM3T7T02,0.496524834717749
allsubs,0.99,cDC_cort,SMd,3,2,PFM3T7T03,PFM3T7T02,0.443335182103901
allsubs,0.99,cDC_cort,SMl,3,2,PFM3T7T03,PFM3T7T02,0.583549783549784
allsubs,0.99,cDC_cort,Aud,3,2,PFM3T7T03,PFM3T7T02,0.208388520971302
allsubs,0.99,cDC_cort,Tpole,3,2,PFM3T7T03,PFM3T7T02,
allsubs,0.99,cDC_cort,MTL,3,2,PFM3T7T03,PFM3T7T02,0.0441317556763671
allsubs,0.99,cDC_cort,PMN,3,2,PFM3T7T03,PFM3T7T02,0.37108125399872
allsubs,0.99,cDC_cort,PON,3,2,PFM3T7T03,PFM3T7T02,0.312598673823808
allsubs,0.99,cDC_cort,SCAN,3,2,PFM3T7T03,PFM3T7T02,0.157142857142857
allsubs,0.99,TP_cort,DMN,3,2,PFM3T7T03,PFM3T7T02,4579.0
allsubs,0.99,TP_cort,Vis,3,2,PFM3T7T03,PFM3T7T02,3283.0
allsubs,0.99,TP_cort,FP,3,2,PFM3T7T03,PFM3T7T02,2158.0
allsubs,0.99,TP_cort,DAN,3,2,PFM3T7T03,PFM3T7T02,2063.0
allsubs,0.99,TP_cort,VAN,3,2,PFM3T7T03,PFM3T7T02,499.0
allsubs,0.99,TP_cort,Sal,3,2,PFM3T7T03,PFM3T7T02,107.0
allsubs,0.99,TP_cort,AMN,3,2,PFM3T7T03,PFM3T7T02,2929.0
allsubs,0.99,TP_cort,SMd,3,2,PFM3T7T03,PFM3T7T02,1199.0
allsubs,0.99,TP_cort,SMl,3,2,PFM3T7T03,PFM3T7T02,1011.0
allsubs,0.99,TP_cort,Aud,3,2,PFM3T7T03,PFM3T7T02,472.0
allsubs,0.99,TP_cort,Tpole,3,2,PFM3T7T03,PFM3T7T02,
allsubs,0.99,TP_cort,MTL,3,2,PFM3T7T03,PFM3T7T02,69.0
allsubs,0.99,TP_cort,PMN,3,2,PFM3T7T03,PFM3T7T02,290.0
allsubs,0.99,TP_cort,PON,3,2,PFM3T7T03,PFM3T7T02,495.0
allsubs,0.99,TP_cort,SCAN,3,2,PFM3T7T03,PFM3T7T02,297.0
allsubs,0.99,TN_cort,DMN,3,2,PFM3T7T03,PFM3T7T02,49661.0
allsubs,0.99,TN_cort,Vis,3,2,PFM3T7T03,PFM3T7T02,52952.0
allsubs,0.99,TN_cort,FP,3,2,PFM3T7T03,PFM3T7T02,52456.0
allsubs,0.99,TN_cort,DAN,3,2,PFM3T7T03,PFM3T7T02,51472.0
allsubs,0.99,TN_cort,VAN,3,2,PFM3T7T03,PFM3T7T02,54055.0
allsubs,0.99,TN_cort,Sal,3,2,PFM3T7T03,PFM3T7T02,56633.0
allsubs,0.99,TN_cort,AMN,3,2,PFM3T7T03,PFM3T7T02,50543.0
allsubs,0.99,TN_cort,SMd,3,2,PFM3T7T03,PFM3T7T02,55202.0
allsubs,0.99,TN_cort,SMl,3,2,PFM3T7T03,PFM3T7T02,56958.0
allsubs,0.99,TN_cort,Aud,3,2,PFM3T7T03,PFM3T7T02,55354.0
allsubs,0.99,TN_cort,Tpole,3,2,PFM3T7T03,PFM3T7T02,
allsubs,0.99,TN_cort,MTL,3,2,PFM3T7T03,PFM3T7T02,56354.0
allsubs,0.99,TN_cort,PMN,3,2,PFM3T7T03,PFM3T7T02,58139.0
allsubs,0.99,TN_cort,PON,3,2,PFM3T7T03,PFM3T7T02,56740.0
allsubs,0.99,TN_cort,SCAN,3,2,PFM3T7T03,PFM3T7T02,55929.0
allsubs,0.99,FP_cort,DMN,3,2,PFM3T7T03,PFM3T7T02,2119.0
allsubs,0.99,FP_cort,Vis,3,2,PFM3T7T03,PFM3T7T02,95.0
allsubs,0.99,FP_cort,FP,3,2,PFM3T7T03,PFM3T7T02,1118.0
allsubs,0.99,FP_cort,DAN,3,2,PFM3T7T03,PFM3T7T02,2938.0
allsubs,0.99,FP_cort,VAN,3,2,PFM3T7T03,PFM3T7T02,252.0
allsubs,0.99,FP_cort,Sal,3,2,PFM3T7T03,PFM3T7T02,51.0
allsubs,0.99,FP_cort,AMN,3,2,PFM3T7T03,PFM3T7T02,3379.0
allsubs,0.99,FP_cort,SMd,3,2,PFM3T7T03,PFM3T7T02,55.0
allsubs,0.99,FP_cort,SMl,3,2,PFM3T7T03,PFM3T7T02,112.0
allsubs,0.99,FP_cort,Aud,3,2,PFM3T7T03,PFM3T7T02,100.0
allsubs,0.99,FP_cort,Tpole,3,2,PFM3T7T03,PFM3T7T02,
allsubs,0.99,FP_cort,MTL,3,2,PFM3T7T03,PFM3T7T02,0.0
allsubs,0.99,FP_cort,PMN,3,2,PFM3T7T03,PFM3T7T02,136.0
allsubs,0.99,FP_cort,PON,3,2,PFM3T7T03,PFM3T7T02,190.0
allsubs,0.99,FP_cort,SCAN,3,2,PFM3T7T03,PFM3T7T02,23.0
allsubs,0.99,FN_cort,DMN,3,2,PFM3T7T03,PFM3T7T02,3053.0
allsubs,0.99,FN_cort,Vis,3,2,PFM3T7T03,PFM3T7T02,3082.0
allsubs,0.99,FN_cort,FP,3,2,PFM3T7T03,PFM3T7T02,3680.0
allsubs,0.99,FN_cort,DAN,3,2,PFM3T7T03,PFM3T7T02,2939.0
allsubs,0.99,FN_cort,VAN,3,2,PFM3T7T03,PFM3T7T02,4606.0
allsubs,0.99,FN_cort,Sal,3,2,PFM3T7T03,PFM3T7T02,2621.0
allsubs,0.99,FN_cort,AMN,3,2,PFM3T7T03,PFM3T7T02,2561.0
allsubs,0.99,FN_cort,SMd,3,2,PFM3T7T03,PFM3T7T02,2956.0
allsubs,0.99,FN_cort,SMl,3,2,PFM3T7T03,PFM3T7T02,1331.0
allsubs,0.99,FN_cort,Aud,3,2,PFM3T7T03,PFM3T7T02,3486.0
allsubs,0.99,FN_cort,Tpole,3,2,PFM3T7T03,PFM3T7T02,
allsubs,0.99,FN_cort,MTL,3,2,PFM3T7T03,PFM3T7T02,2989.0
allsubs,0.99,FN_cort,PMN,3,2,PFM3T7T03,PFM3T7T02,847.0
allsubs,0.99,FN_cort,PON,3,2,PFM3T7T03,PFM3T7T02,1987.0
allsubs,0.99,FN_cort,SCAN,3,2,PFM3T7T03,PFM3T7T02,3163.0
allsubs,0.99,TPR_cort,DMN,3,2,PFM3T7T03,PFM3T7T02,0.599973794549266
allsubs,0.99,TPR_cort,Vis,3,2,PFM3T7T03,PFM3T7T02,0.515789473684211
allsubs,0.99,TPR_cort,FP,3,2,PFM3T7T03,PFM3T7T02,0.369647139431312
allsubs,0.99,TPR_cort,DAN,3,2,PFM3T7T03,PFM3T7T02,0.412435025989604
allsubs,0.99,TPR_cort,VAN,3,2,PFM3T7T03,PFM3T7T02,0.0977473065621939
allsubs,0.99,TPR_cort,Sal,3,2,PFM3T7T03,PFM3T7T02,0.0392228739002933
allsubs,0.99,TPR_cort,AMN,3,2,PFM3T7T03,PFM3T7T02,0.533515482695811
allsubs,0.99,TPR_cort,SMd,3,2,PFM3T7T03,PFM3T7T02,0.288567990373045
allsubs,0.99,TPR_cort,SMl,3,2,PFM3T7T03,PFM3T7T02,0.431682322801025
allsubs,0.99,TPR_cort,Aud,3,2,PFM3T7T03,PFM3T7T02,0.119252147549267
allsubs,0.99,TPR_cort,Tpole,3,2,PFM3T7T03,PFM3T7T02,
allsubs,0.99,TPR_cort,MTL,3,2,PFM3T7T03,PFM3T7T02,0.0225637671680837
allsubs,0.99,TPR_cort,PMN,3,2,PFM3T7T03,PFM3T7T02,0.255057167985928
allsubs,0.99,TPR_cort,PON,3,2,PFM3T7T03,PFM3T7T02,0.199435938759065
allsubs,0.99,TPR_cort,SCAN,3,2,PFM3T7T03,PFM3T7T02,0.0858381502890173
allsubs,0.99,TNR_cort,DMN,3,2,PFM3T7T03,PFM3T7T02,0.95907686365392
allsubs,0.99,TNR_cort,Vis,3,2,PFM3T7T03,PFM3T7T02,0.998209135295116
allsubs,0.99,TNR_cort,FP,3,2,PFM3T7T03,PFM3T7T02,0.979131668346586
allsubs,0.99,TNR_cort,DAN,3,2,PFM3T7T03,PFM3T7T02,0.946002573056423
allsubs,0.99,TNR_cort,VAN,3,2,PFM3T7T03,PFM3T7T02,0.99535971421732
allsubs,0.99,TNR_cort,Sal,3,2,PFM3T7T03,PFM3T7T02,0.999100275209936
allsubs,0.99,TNR_cort,AMN,3,2,PFM3T7T03,PFM3T7T02,0.937335410407626
allsubs,0.99,TNR_cort,SMd,3,2,PFM3T7T03,PFM3T7T02,0.999004650994444
allsubs,0.99,TNR_cort,SMl,3,2,PFM3T7T03,PFM3T7T02,0.998037497809707
allsubs,0.99,TNR_cort,Aud,3,2,PFM3T7T03,PFM3T7T02,0.998196703574133
allsubs,0.99,TNR_cort,Tpole,3,2,PFM3T7T03,PFM3T7T02,
allsubs,0.99,TNR_cort,MTL,3,2,PFM3T7T03,PFM3T7T02,1.0
allsubs,0.99,TNR_cort,PMN,3,2,PFM3T7T03,PFM3T7T02,0.997666237666238
allsubs,0.99,TNR_cort,PON,3,2,PFM3T7T03,PFM3T7T02,0.996662568066046
allsubs,0.99,TNR_cort,SCAN,3,2,PFM3T7T03,PFM3T7T02,0.999588933371461
allsubs,0.99,FPR_cort,DMN,3,2,PFM3T7T03,PFM3T7T02,0.0409231363460796
allsubs,0.99,FPR_cort,Vis,3,2,PFM3T7T03,PFM3T7T02,0.0017908647048843
allsubs,0.99,FPR_cort,FP,3,2,PFM3T7T03,PFM3T7T02,0.020868331653414
allsubs,0.99,FPR_cort,DAN,3,2,PFM3T7T03,PFM3T7T02,0.0539974269435766
allsubs,0.99,FPR_cort,VAN,3,2,PFM3T7T03,PFM3T7T02,0.0046402857826799
allsubs,0.99,FPR_cort,Sal,3,2,PFM3T7T03,PFM3T7T02,0.0008997247900642
allsubs,0.99,FPR_cort,AMN,3,2,PFM3T7T03,PFM3T7T02,0.0626645895923742
allsubs,0.99,FPR_cort,SMd,3,2,PFM3T7T03,PFM3T7T02,0.0009953490055558
allsubs,0.99,FPR_cort,SMl,3,2,PFM3T7T03,PFM3T7T02,0.0019625021902926
allsubs,0.99,FPR_cort,Aud,3,2,PFM3T7T03,PFM3T7T02,0.0018032964258664
allsubs,0.99,FPR_cort,Tpole,3,2,PFM3T7T03,PFM3T7T02,
allsubs,0.99,FPR_cort,MTL,3,2,PFM3T7T03,PFM3T7T02,0.0
allsubs,0.99,FPR_cort,PMN,3,2,PFM3T7T03,PFM3T7T02,0.0023337623337623
allsubs,0.99,FPR_cort,PON,3,2,PFM3T7T03,PFM3T7T02,0.0033374319339539
allsubs,0.99,FPR_cort,SCAN,3,2,PFM3T7T03,PFM3T7T02,0.0004110666285387
allsubs,0.99,FNR_cort,DMN,3,2,PFM3T7T03,PFM3T7T02,0.400026205450734
allsubs,0.99,FNR_cort,Vis,3,2,PFM3T7T03,PFM3T7T02,0.484210526315789
allsubs,0.99,FNR_cort,FP,3,2,PFM3T7T03,PFM3T7T02,0.630352860568688
allsubs,0.99,FNR_cort,DAN,3,2,PFM3T7T03,PFM3T7T02,0.587564974010396
allsubs,0.99,FNR_cort,VAN,3,2,PFM3T7T03,PFM3T7T02,0.902252693437806
allsubs,0.99,FNR_cort,Sal,3,2,PFM3T7T03,PFM3T7T02,0.960777126099707
allsubs,0.99,FNR_cort,AMN,3,2,PFM3T7T03,PFM3T7T02,0.466484517304189
allsubs,0.99,FNR_cort,SMd,3,2,PFM3T7T03,PFM3T7T02,0.711432009626956
allsubs,0.99,FNR_cort,SMl,3,2,PFM3T7T03,PFM3T7T02,0.568317677198975
allsubs,0.99,FNR_cort,Aud,3,2,PFM3T7T03,PFM3T7T02,0.880747852450733
allsubs,0.99,FNR_cort,Tpole,3,2,PFM3T7T03,PFM3T7T02,
allsubs,0.99,FNR_cort,MTL,3,2,PFM3T7T03,PFM3T7T02,0.977436232831916
allsubs,0.99,FNR_cort,PMN,3,2,PFM3T7T03,PFM3T7T02,0.744942832014072
allsubs,0.99,FNR_cort,PON,3,2,PFM3T7T03,PFM3T7T02,0.800564061240935
allsubs,0.99,FNR_cort,SCAN,3,2,PFM3T7T03,PFM3T7T02,0.914161849710983
allsubs,0.99,NPV_cort,DMN,3,2,PFM3T7T03,PFM3T7T02,0.942083696930607
allsubs,0.99,NPV_cort,Vis,3,2,PFM3T7T03,PFM3T7T02,0.944997679980012
allsubs,0.99,NPV_cort,FP,3,2,PFM3T7T03,PFM3T7T02,0.93444491948126
allsubs,0.99,NPV_cort,DAN,3,2,PFM3T7T03,PFM3T7T02,0.945985186818842
allsubs,0.99,NPV_cort,VAN,3,2,PFM3T7T03,PFM3T7T02,0.921481052147082
allsubs,0.99,NPV_cort,Sal,3,2,PFM3T7T03,PFM3T7T02,0.955766699294562
allsubs,0.99,NPV_cort,AMN,3,2,PFM3T7T03,PFM3T7T02,0.951773877673998
allsubs,0.99,NPV_cort,SMd,3,2,PFM3T7T03,PFM3T7T02,0.949172942673407
allsubs,0.99,NPV_cort,SMl,3,2,PFM3T7T03,PFM3T7T02,0.97716550292508
allsubs,0.99,NPV_cort,Aud,3,2,PFM3T7T03,PFM3T7T02,0.94075458871516
allsubs,0.99,NPV_cort,Tpole,3,2,PFM3T7T03,PFM3T7T02,
allsubs,0.99,NPV_cort,MTL,3,2,PFM3T7T03,PFM3T7T02,0.94963180156042
allsubs,0.99,NPV_cort,PMN,3,2,PFM3T7T03,PFM3T7T02,0.985640660495711
allsubs,0.99,NPV_cort,PON,3,2,PFM3T7T03,PFM3T7T02,0.966165477548657
allsubs,0.99,NPV_cort,SCAN,3,2,PFM3T7T03,PFM3T7T02,0.946473295877615
allsubs,0.99,PPV_cort,DMN,3,2,PFM3T7T03,PFM3T7T02,0.683636906539265
allsubs,0.99,PPV_cort,Vis,3,2,PFM3T7T03,PFM3T7T02,0.971876850207223
allsubs,0.99,PPV_cort,FP,3,2,PFM3T7T03,PFM3T7T02,0.658730158730159
allsubs,0.99,PPV_cort,DAN,3,2,PFM3T7T03,PFM3T7T02,0.4125174965007
allsubs,0.99,PPV_cort,VAN,3,2,PFM3T7T03,PFM3T7T02,0.664447403462051
allsubs,0.99,PPV_cort,Sal,3,2,PFM3T7T03,PFM3T7T02,0.677215189873418
allsubs,0.99,PPV_cort,AMN,3,2,PFM3T7T03,PFM3T7T02,0.4643310082435
allsubs,0.99,PPV_cort,SMd,3,2,PFM3T7T03,PFM3T7T02,0.956140350877193
allsubs,0.99,PPV_cort,SMl,3,2,PFM3T7T03,PFM3T7T02,0.90026714158504
allsubs,0.99,PPV_cort,Aud,3,2,PFM3T7T03,PFM3T7T02,0.825174825174825
allsubs,0.99,PPV_cort,Tpole,3,2,PFM3T7T03,PFM3T7T02,
allsubs,0.99,PPV_cort,MTL,3,2,PFM3T7T03,PFM3T7T02,1.0
allsubs,0.99,PPV_cort,PMN,3,2,PFM3T7T03,PFM3T7T02,0.68075117370892
allsubs,0.99,PPV_cort,PON,3,2,PFM3T7T03,PFM3T7T02,0.722627737226277
allsubs,0.99,PPV_cort,SCAN,3,2,PFM3T7T03,PFM3T7T02,0.928125
allsubs,0.99,PPVcorr_Jeffreys_cort,DMN,3,2,PFM3T7T03,PFM3T7T02,0.664852838685466
allsubs,0.99,PPVcorr_Jeffreys_cort,Vis,3,2,PFM3T7T03,PFM3T7T02,0.897060655125171
allsubs,0.99,PPVcorr_Jeffreys_cort,FP,3,2,PFM3T7T03,PFM3T7T02,0.634722006321571
allsubs,0.99,PPVcorr_Jeffreys_cort,DAN,3,2,PFM3T7T03,PFM3T7T02,0.420471897040646
allsubs,0.99,PPVcorr_Jeffreys_cort,VAN,3,2,PFM3T7T03,PFM3T7T02,0.597899326198969
allsubs,0.99,PPVcorr_Jeffreys_cort,Sal,3,2,PFM3T7T03,PFM3T7T02,0.564995357474466
allsubs,0.99,PPVcorr_Jeffreys_cort,AMN,3,2,PFM3T7T03,PFM3T7T02,0.467186816392008
allsubs,0.99,PPVcorr_Jeffreys_cort,SMd,3,2,PFM3T7T03,PFM3T7T02,0.84261755016472
allsubs,0.99,PPVcorr_Jeffreys_cort,SMl,3,2,PFM3T7T03,PFM3T7T02,0.831196581196581
allsubs,0.99,PPVcorr_Jeffreys_cort,Aud,3,2,PFM3T7T03,PFM3T7T02,0.692188468691878
allsubs,0.99,PPVcorr_Jeffreys_cort,Tpole,3,2,PFM3T7T03,PFM3T7T02,
allsubs,0.99,PPVcorr_Jeffreys_cort,MTL,3,2,PFM3T7T03,PFM3T7T02,0.59204909284952
allsubs,0.99,PPVcorr_Jeffreys_cort,PMN,3,2,PFM3T7T03,PFM3T7T02,0.642671854734111
allsubs,0.99,PPVcorr_Jeffreys_cort,PON,3,2,PFM3T7T03,PFM3T7T02,0.663416202314616
allsubs,0.99,PPVcorr_Jeffreys_cort,SCAN,3,2,PFM3T7T03,PFM3T7T02,0.705705705705706
allsubs,0.99,PPVcorr_d1d2_cort,DMN,3,2,PFM3T7T03,PFM3T7T02,0.686463017283032
allsubs,0.99,PPVcorr_d1d2_cort,Vis,3,2,PFM3T7T03,PFM3T7T02,0.959060501489466
allsubs,0.99,PPVcorr_d1d2_cort,FP,3,2,PFM3T7T03,PFM3T7T02,0.65579363574583
allsubs,0.99,PPVcorr_d1d2_cort,DAN,3,2,PFM3T7T03,PFM3T7T02,0.424045473931164
allsubs,0.99,PPVcorr_d1d2_cort,VAN,3,2,PFM3T7T03,PFM3T7T02,0.603534116878877
allsubs,0.99,PPVcorr_d1d2_cort,Sal,3,2,PFM3T7T03,PFM3T7T02,0.437420034194228
allsubs,0.99,PPVcorr_d1d2_cort,AMN,3,2,PFM3T7T03,PFM3T7T02,0.475019475401878
allsubs,0.99,PPVcorr_d1d2_cort,SMd,3,2,PFM3T7T03,PFM3T7T02,0.907513288129271
allsubs,0.99,PPVcorr_d1d2_cort,SMl,3,2,PFM3T7T03,PFM3T7T02,0.865564109218979
allsubs,0.99,PPVcorr_d1d2_cort,Aud,3,2,PFM3T7T03,PFM3T7T02,0.723553853350222
allsubs,0.99,PPVcorr_d1d2_cort,Tpole,3,2,PFM3T7T03,PFM3T7T02,
allsubs,0.99,PPVcorr_d1d2_cort,MTL,3,2,PFM3T7T03,PFM3T7T02,0.422096333628285
allsubs,0.99,PPVcorr_d1d2_cort,PMN,3,2,PFM3T7T03,PFM3T7T02,0.622328308291569
allsubs,0.99,PPVcorr_d1d2_cort,PON,3,2,PFM3T7T03,PFM3T7T02,0.665519988189776
allsubs,0.99,PPVcorr_d1d2_cort,SCAN,3,2,PFM3T7T03,PFM3T7T02,0.728618895280985
allsubs,0.99,PPVcorr_bayes_cort,DMN,3,2,PFM3T7T03,PFM3T7T02,0.694065474677287
allsubs,0.99,PPVcorr_bayes_cort,Vis,3,2,PFM3T7T03,PFM3T7T02,0.933775103117182
allsubs,0.99,PPVcorr_bayes_cort,FP,3,2,PFM3T7T03,PFM3T7T02,0.65070469892684
allsubs,0.99,PPVcorr_bayes_cort,DAN,3,2,PFM3T7T03,PFM3T7T02,0.440499990479998
allsubs,0.99,PPVcorr_bayes_cort,VAN,3,2,PFM3T7T03,PFM3T7T02,0.533184413005709
allsubs,0.99,PPVcorr_bayes_cort,Sal,3,2,PFM3T7T03,PFM3T7T02,0.390656736628301
allsubs,0.99,PPVcorr_bayes_cort,AMN,3,2,PFM3T7T03,PFM3T7T02,0.492883724462672
allsubs,0.99,PPVcorr_bayes_cort,SMd,3,2,PFM3T7T03,PFM3T7T02,0.862895231584345
allsubs,0.99,PPVcorr_bayes_cort,SMl,3,2,PFM3T7T03,PFM3T7T02,0.860244944001289
allsubs,0.99,PPVcorr_bayes_cort,Aud,3,2,PFM3T7T03,PFM3T7T02,0.650019457776625
allsubs,0.99,PPVcorr_bayes_cort,Tpole,3,2,PFM3T7T03,PFM3T7T02,
allsubs,0.99,PPVcorr_bayes_cort,MTL,3,2,PFM3T7T03,PFM3T7T02,0.327276805742485
allsubs,0.99,PPVcorr_bayes_cort,PMN,3,2,PFM3T7T03,PFM3T7T02,0.644414591298956
allsubs,0.99,PPVcorr_bayes_cort,PON,3,2,PFM3T7T03,PFM3T7T02,0.653931613381064
allsubs,0.99,PPVcorr_bayes_cort,SCAN,3,2,PFM3T7T03,PFM3T7T02,0.634615384615385
allsubs,0.99,MCC_cort,DMN,3,2,PFM3T7T03,PFM3T7T02,0.591446967378418
allsubs,0.99,MCC_cort,Vis,3,2,PFM3T7T03,PFM3T7T02,0.686492704349298
allsubs,0.99,MCC_cort,FP,3,2,PFM3T7T03,PFM3T7T02,0.454848212684342
allsubs,0.99,MCC_cort,DAN,3,2,PFM3T7T03,PFM3T7T02,0.358470139705687
allsubs,0.99,MCC_cort,VAN,3,2,PFM3T7T03,PFM3T7T02,0.233568090482643
allsubs,0.99,MCC_cort,Sal,3,2,PFM3T7T03,PFM3T7T02,0.155749347743928
allsubs,0.99,MCC_cort,AMN,3,2,PFM3T7T03,PFM3T7T02,0.442632304694266
allsubs,0.99,MCC_cort,SMd,3,2,PFM3T7T03,PFM3T7T02,0.51023850804447
allsubs,0.99,MCC_cort,SMl,3,2,PFM3T7T03,PFM3T7T02,0.614044134079049
allsubs,0.99,MCC_cort,Aud,3,2,PFM3T7T03,PFM3T7T02,0.299929207819109
allsubs,0.99,MCC_cort,Tpole,3,2,PFM3T7T03,PFM3T7T02,
allsubs,0.99,MCC_cort,MTL,3,2,PFM3T7T03,PFM3T7T02,0.146380568607371
allsubs,0.99,MCC_cort,PMN,3,2,PFM3T7T03,PFM3T7T02,0.410381302984173
allsubs,0.99,MCC_cort,PON,3,2,PFM3T7T03,PFM3T7T02,0.36752050409281
allsubs,0.99,MCC_cort,SCAN,3,2,PFM3T7T03,PFM3T7T02,0.273339316219327
allsubs,0.99,muI_cort,WholeBrainOrSingleVal,3,2,PFM3T7T03,PFM3T7T02,1.75455522921768
allsubs,0.99,VIn_cort,WholeBrainOrSingleVal,3,2,PFM3T7T03,PFM3T7T02,0.205846878612464
allsubs,0.99,MIn_cort,WholeBrainOrSingleVal,3,2,PFM3T7T03,PFM3T7T02,0.534046787743396
allsubs,0.99,DC_cort,DMN,3,3,PFM3T7T03,PFM3T7T03,0.727623410282683
allsubs,0.99,DC_cort,Vis,3,3,PFM3T7T03,PFM3T7T03,0.740990990990991
allsubs,0.99,DC_cort,FP,3,3,PFM3T7T03,PFM3T7T03,0.709030100334448
allsubs,0.99,DC_cort,DAN,3,3,PFM3T7T03,PFM3T7T03,0.575498575498576
allsubs,0.99,DC_cort,VAN,3,3,PFM3T7T03,PFM3T7T03,0.296199213630406
allsubs,0.99,DC_cort,Sal,3,3,PFM3T7T03,PFM3T7T03,0.148337595907928
allsubs,0.99,DC_cort,AMN,3,3,PFM3T7T03,PFM3T7T03,0.696629213483146
allsubs,0.99,DC_cort,SMd,3,3,PFM3T7T03,PFM3T7T03,0.548490393412626
allsubs,0.99,DC_cort,SMl,3,3,PFM3T7T03,PFM3T7T03,0.269915883226126
allsubs,0.99,DC_cort,Aud,3,3,PFM3T7T03,PFM3T7T03,0.34332619557459
allsubs,0.99,DC_cort,Tpole,3,3,PFM3T7T03,PFM3T7T03,
allsubs,0.99,DC_cort,MTL,3,3,PFM3T7T03,PFM3T7T03,0.0557586837294333
allsubs,0.99,DC_cort,PMN,3,3,PFM3T7T03,PFM3T7T03,0.308740068104427
allsubs,0.99,DC_cort,PON,3,3,PFM3T7T03,PFM3T7T03,0.410921501706485
allsubs,0.99,DC_cort,SCAN,3,3,PFM3T7T03,PFM3T7T03,0.272164948453608
allsubs,0.99,cDC_cort,DMN,3,3,PFM3T7T03,PFM3T7T03,0.727623410282683
allsubs,0.99,cDC_cort,Vis,3,3,PFM3T7T03,PFM3T7T03,0.740990990990991
allsubs,0.99,cDC_cort,FP,3,3,PFM3T7T03,PFM3T7T03,0.709030100334448
allsubs,0.99,cDC_cort,DAN,3,3,PFM3T7T03,PFM3T7T03,0.575498575498576
allsubs,0.99,cDC_cort,VAN,3,3,PFM3T7T03,PFM3T7T03,0.296199213630406
allsubs,0.99,cDC_cort,Sal,3,3,PFM3T7T03,PFM3T7T03,0.148337595907928
allsubs,0.99,cDC_cort,AMN,3,3,PFM3T7T03,PFM3T7T03,0.696629213483146
allsubs,0.99,cDC_cort,SMd,3,3,PFM3T7T03,PFM3T7T03,0.548490393412626
allsubs,0.99,cDC_cort,SMl,3,3,PFM3T7T03,PFM3T7T03,0.269915883226126
allsubs,0.99,cDC_cort,Aud,3,3,PFM3T7T03,PFM3T7T03,0.34332619557459
allsubs,0.99,cDC_cort,Tpole,3,3,PFM3T7T03,PFM3T7T03,
allsubs,0.99,cDC_cort,MTL,3,3,PFM3T7T03,PFM3T7T03,0.0557586837294333
allsubs,0.99,cDC_cort,PMN,3,3,PFM3T7T03,PFM3T7T03,0.308740068104427
allsubs,0.99,cDC_cort,PON,3,3,PFM3T7T03,PFM3T7T03,0.410921501706485
allsubs,0.99,cDC_cort,SCAN,3,3,PFM3T7T03,PFM3T7T03,0.272164948453608
allsubs,0.99,TP_cort,DMN,3,3,PFM3T7T03,PFM3T7T03,6036.0
allsubs,0.99,TP_cort,Vis,3,3,PFM3T7T03,PFM3T7T03,3290.0
allsubs,0.99,TP_cort,FP,3,3,PFM3T7T03,PFM3T7T03,2332.0
allsubs,0.99,TP_cort,DAN,3,3,PFM3T7T03,PFM3T7T03,3333.0
allsubs,0.99,TP_cort,VAN,3,3,PFM3T7T03,PFM3T7T03,565.0
allsubs,0.99,TP_cort,Sal,3,3,PFM3T7T03,PFM3T7T03,145.0
allsubs,0.99,TP_cort,AMN,3,3,PFM3T7T03,PFM3T7T03,5177.0
allsubs,0.99,TP_cort,SMd,3,3,PFM3T7T03,PFM3T7T03,1199.0
allsubs,0.99,TP_cort,SMl,3,3,PFM3T7T03,PFM3T7T03,1091.0
allsubs,0.99,TP_cort,Aud,3,3,PFM3T7T03,PFM3T7T03,481.0
allsubs,0.99,TP_cort,Tpole,3,3,PFM3T7T03,PFM3T7T03,
allsubs,0.99,TP_cort,MTL,3,3,PFM3T7T03,PFM3T7T03,61.0
allsubs,0.99,TP_cort,PMN,3,3,PFM3T7T03,PFM3T7T03,408.0
allsubs,0.99,TP_cort,PON,3,3,PFM3T7T03,PFM3T7T03,602.0
allsubs,0.99,TP_cort,SCAN,3,3,PFM3T7T03,PFM3T7T03,264.0
allsubs,0.99,TN_cort,DMN,3,3,PFM3T7T03,PFM3T7T03,48857.0
allsubs,0.99,TN_cort,Vis,3,3,PFM3T7T03,PFM3T7T03,53822.0
allsubs,0.99,TN_cort,FP,3,3,PFM3T7T03,PFM3T7T03,55166.0
allsubs,0.99,TN_cort,DAN,3,3,PFM3T7T03,PFM3T7T03,51162.0
allsubs,0.99,TN_cort,VAN,3,3,PFM3T7T03,PFM3T7T03,56162.0
allsubs,0.99,TN_cort,Sal,3,3,PFM3T7T03,PFM3T7T03,57602.0
allsubs,0.99,TN_cort,AMN,3,3,PFM3T7T03,PFM3T7T03,49726.0
allsubs,0.99,TN_cort,SMd,3,3,PFM3T7T03,PFM3T7T03,56239.0
allsubs,0.99,TN_cort,SMl,3,3,PFM3T7T03,PFM3T7T03,52419.0
allsubs,0.99,TN_cort,Aud,3,3,PFM3T7T03,PFM3T7T03,57091.0
allsubs,0.99,TN_cort,Tpole,3,3,PFM3T7T03,PFM3T7T03,
allsubs,0.99,TN_cort,MTL,3,3,PFM3T7T03,PFM3T7T03,57285.0
allsubs,0.99,TN_cort,PMN,3,3,PFM3T7T03,PFM3T7T03,57177.0
allsubs,0.99,TN_cort,PON,3,3,PFM3T7T03,PFM3T7T03,57084.0
allsubs,0.99,TN_cort,SCAN,3,3,PFM3T7T03,PFM3T7T03,57736.0
allsubs,0.99,FP_cort,DMN,3,3,PFM3T7T03,PFM3T7T03,662.0
allsubs,0.99,FP_cort,Vis,3,3,PFM3T7T03,PFM3T7T03,88.0
allsubs,0.99,FP_cort,FP,3,3,PFM3T7T03,PFM3T7T03,944.0
allsubs,0.99,FP_cort,DAN,3,3,PFM3T7T03,PFM3T7T03,1668.0
allsubs,0.99,FP_cort,VAN,3,3,PFM3T7T03,PFM3T7T03,186.0
allsubs,0.99,FP_cort,Sal,3,3,PFM3T7T03,PFM3T7T03,13.0
allsubs,0.99,FP_cort,AMN,3,3,PFM3T7T03,PFM3T7T03,1131.0
allsubs,0.99,FP_cort,SMd,3,3,PFM3T7T03,PFM3T7T03,55.0
allsubs,0.99,FP_cort,SMl,3,3,PFM3T7T03,PFM3T7T03,32.0
allsubs,0.99,FP_cort,Aud,3,3,PFM3T7T03,PFM3T7T03,91.0
allsubs,0.99,FP_cort,Tpole,3,3,PFM3T7T03,PFM3T7T03,
allsubs,0.99,FP_cort,MTL,3,3,PFM3T7T03,PFM3T7T03,8.0
allsubs,0.99,FP_cort,PMN,3,3,PFM3T7T03,PFM3T7T03,18.0
allsubs,0.99,FP_cort,PON,3,3,PFM3T7T03,PFM3T7T03,83.0
allsubs,0.99,FP_cort,SCAN,3,3,PFM3T7T03,PFM3T7T03,56.0
allsubs,0.99,FN_cort,DMN,3,3,PFM3T7T03,PFM3T7T03,3857.0
allsubs,0.99,FN_cort,Vis,3,3,PFM3T7T03,PFM3T7T03,2212.0
allsubs,0.99,FN_cort,FP,3,3,PFM3T7T03,PFM3T7T03,970.0
allsubs,0.99,FN_cort,DAN,3,3,PFM3T7T03,PFM3T7T03,3249.0
allsubs,0.99,FN_cort,VAN,3,3,PFM3T7T03,PFM3T7T03,2499.0
allsubs,0.99,FN_cort,Sal,3,3,PFM3T7T03,PFM3T7T03,1652.0
allsubs,0.99,FN_cort,AMN,3,3,PFM3T7T03,PFM3T7T03,3378.0
allsubs,0.99,FN_cort,SMd,3,3,PFM3T7T03,PFM3T7T03,1919.0
allsubs,0.99,FN_cort,SMl,3,3,PFM3T7T03,PFM3T7T03,5870.0
allsubs,0.99,FN_cort,Aud,3,3,PFM3T7T03,PFM3T7T03,1749.0
allsubs,0.99,FN_cort,Tpole,3,3,PFM3T7T03,PFM3T7T03,
allsubs,0.99,FN_cort,MTL,3,3,PFM3T7T03,PFM3T7T03,2058.0
allsubs,0.99,FN_cort,PMN,3,3,PFM3T7T03,PFM3T7T03,1809.0
allsubs,0.99,FN_cort,PON,3,3,PFM3T7T03,PFM3T7T03,1643.0
allsubs,0.99,FN_cort,SCAN,3,3,PFM3T7T03,PFM3T7T03,1356.0
allsubs,0.99,TPR_cort,DMN,3,3,PFM3T7T03,PFM3T7T03,0.610128373597493
allsubs,0.99,TPR_cort,Vis,3,3,PFM3T7T03,PFM3T7T03,0.597964376590331
allsubs,0.99,TPR_cort,FP,3,3,PFM3T7T03,PFM3T7T03,0.706238643246517
allsubs,0.99,TPR_cort,DAN,3,3,PFM3T7T03,PFM3T7T03,0.506381039197812
allsubs,0.99,TPR_cort,VAN,3,3,PFM3T7T03,PFM3T7T03,0.184399477806789
allsubs,0.99,TPR_cort,Sal,3,3,PFM3T7T03,PFM3T7T03,0.0806900389538119
allsubs,0.99,TPR_cort,AMN,3,3,PFM3T7T03,PFM3T7T03,0.605143191116306
allsubs,0.99,TPR_cort,SMd,3,3,PFM3T7T03,PFM3T7T03,0.384541372674792
allsubs,0.99,TPR_cort,SMl,3,3,PFM3T7T03,PFM3T7T03,0.156730354834076
allsubs,0.99,TPR_cort,Aud,3,3,PFM3T7T03,PFM3T7T03,0.215695067264574
allsubs,0.99,TPR_cort,Tpole,3,3,PFM3T7T03,PFM3T7T03,
allsubs,0.99,TPR_cort,MTL,3,3,PFM3T7T03,PFM3T7T03,0.0287871637564889
allsubs,0.99,TPR_cort,PMN,3,3,PFM3T7T03,PFM3T7T03,0.18403247631935
allsubs,0.99,TPR_cort,PON,3,3,PFM3T7T03,PFM3T7T03,0.26815144766147
allsubs,0.99,TPR_cort,SCAN,3,3,PFM3T7T03,PFM3T7T03,0.162962962962963
allsubs,0.99,TNR_cort,DMN,3,3,PFM3T7T03,PFM3T7T03,0.98663139401038
allsubs,0.99,TNR_cort,Vis,3,3,PFM3T7T03,PFM3T7T03,0.998367649786681
allsubs,0.99,TNR_cort,FP,3,3,PFM3T7T03,PFM3T7T03,0.983175904473356
allsubs,0.99,TNR_cort,DAN,3,3,PFM3T7T03,PFM3T7T03,0.968427030096536
allsubs,0.99,TNR_cort,VAN,3,3,PFM3T7T03,PFM3T7T03,0.996699084262086
allsubs,0.99,TNR_cort,Sal,3,3,PFM3T7T03,PFM3T7T03,0.999774364314849
allsubs,0.99,TNR_cort,AMN,3,3,PFM3T7T03,PFM3T7T03,0.977761173486442
allsubs,0.99,TNR_cort,SMd,3,3,PFM3T7T03,PFM3T7T03,0.999022986463922
allsubs,0.99,TNR_cort,SMl,3,3,PFM3T7T03,PFM3T7T03,0.999389906770128
allsubs,0.99,TNR_cort,Aud,3,3,PFM3T7T03,PFM3T7T03,0.998408590115771
allsubs,0.99,TNR_cort,Tpole,3,3,PFM3T7T03,PFM3T7T03,
allsubs,0.99,TNR_cort,MTL,3,3,PFM3T7T03,PFM3T7T03,0.999860366886007
allsubs,0.99,TNR_cort,PMN,3,3,PFM3T7T03,PFM3T7T03,0.999685287175452
allsubs,0.99,TNR_cort,PON,3,3,PFM3T7T03,PFM3T7T03,0.998548113422079
allsubs,0.99,TNR_cort,SCAN,3,3,PFM3T7T03,PFM3T7T03,0.999031007751938
allsubs,0.99,FPR_cort,DMN,3,3,PFM3T7T03,PFM3T7T03,0.0133686059896201
allsubs,0.99,FPR_cort,Vis,3,3,PFM3T7T03,PFM3T7T03,0.0016323502133184
allsubs,0.99,FPR_cort,FP,3,3,PFM3T7T03,PFM3T7T03,0.0168240955266441
allsubs,0.99,FPR_cort,DAN,3,3,PFM3T7T03,PFM3T7T03,0.0315729699034639
allsubs,0.99,FPR_cort,VAN,3,3,PFM3T7T03,PFM3T7T03,0.0033009157379143
allsubs,0.99,FPR_cort,Sal,3,3,PFM3T7T03,PFM3T7T03,0.0002256356851514
allsubs,0.99,FPR_cort,AMN,3,3,PFM3T7T03,PFM3T7T03,0.0222388265135576
allsubs,0.99,FPR_cort,SMd,3,3,PFM3T7T03,PFM3T7T03,0.0009770135360784
allsubs,0.99,FPR_cort,SMl,3,3,PFM3T7T03,PFM3T7T03,0.0006100932298716
allsubs,0.99,FPR_cort,Aud,3,3,PFM3T7T03,PFM3T7T03,0.0015914098842293
allsubs,0.99,FPR_cort,Tpole,3,3,PFM3T7T03,PFM3T7T03,
allsubs,0.99,FPR_cort,MTL,3,3,PFM3T7T03,PFM3T7T03,0.0001396331139929
allsubs,0.99,FPR_cort,PMN,3,3,PFM3T7T03,PFM3T7T03,0.0003147128245476
allsubs,0.99,FPR_cort,PON,3,3,PFM3T7T03,PFM3T7T03,0.0014518865779208
allsubs,0.99,FPR_cort,SCAN,3,3,PFM3T7T03,PFM3T7T03,0.000968992248062
allsubs,0.99,FNR_cort,DMN,3,3,PFM3T7T03,PFM3T7T03,0.389871626402507
allsubs,0.99,FNR_cort,Vis,3,3,PFM3T7T03,PFM3T7T03,0.402035623409669
allsubs,0.99,FNR_cort,FP,3,3,PFM3T7T03,PFM3T7T03,0.293761356753483
allsubs,0.99,FNR_cort,DAN,3,3,PFM3T7T03,PFM3T7T03,0.493618960802188
allsubs,0.99,FNR_cort,VAN,3,3,PFM3T7T03,PFM3T7T03,0.815600522193211
allsubs,0.99,FNR_cort,Sal,3,3,PFM3T7T03,PFM3T7T03,0.919309961046188
allsubs,0.99,FNR_cort,AMN,3,3,PFM3T7T03,PFM3T7T03,0.394856808883694
allsubs,0.99,FNR_cort,SMd,3,3,PFM3T7T03,PFM3T7T03,0.615458627325209
allsubs,0.99,FNR_cort,SMl,3,3,PFM3T7T03,PFM3T7T03,0.843269645165924
allsubs,0.99,FNR_cort,Aud,3,3,PFM3T7T03,PFM3T7T03,0.784304932735426
allsubs,0.99,FNR_cort,Tpole,3,3,PFM3T7T03,PFM3T7T03,
allsubs,0.99,FNR_cort,MTL,3,3,PFM3T7T03,PFM3T7T03,0.971212836243511
allsubs,0.99,FNR_cort,PMN,3,3,PFM3T7T03,PFM3T7T03,0.81596752368065
allsubs,0.99,FNR_cort,PON,3,3,PFM3T7T03,PFM3T7T03,0.73184855233853
allsubs,0.99,FNR_cort,SCAN,3,3,PFM3T7T03,PFM3T7T03,0.837037037037037
allsubs,0.99,NPV_cort,DMN,3,3,PFM3T7T03,PFM3T7T03,0.926831581742991
allsubs,0.99,NPV_cort,Vis,3,3,PFM3T7T03,PFM3T7T03,0.960523967591105
allsubs,0.99,NPV_cort,FP,3,3,PFM3T7T03,PFM3T7T03,0.982720535841528
allsubs,0.99,NPV_cort,DAN,3,3,PFM3T7T03,PFM3T7T03,0.940287809450295
allsubs,0.99,NPV_cort,VAN,3,3,PFM3T7T03,PFM3T7T03,0.957399294250013
allsubs,0.99,NPV_cort,Sal,3,3,PFM3T7T03,PFM3T7T03,0.972120025652277
allsubs,0.99,NPV_cort,AMN,3,3,PFM3T7T03,PFM3T7T03,0.936388972582103
allsubs,0.99,NPV_cort,SMd,3,3,PFM3T7T03,PFM3T7T03,0.967003679631349
allsubs,0.99,NPV_cort,SMl,3,3,PFM3T7T03,PFM3T7T03,0.899294892689873
allsubs,0.99,NPV_cort,Aud,3,3,PFM3T7T03,PFM3T7T03,0.970275322909585
allsubs,0.99,NPV_cort,Tpole,3,3,PFM3T7T03,PFM3T7T03,
allsubs,0.99,NPV_cort,MTL,3,3,PFM3T7T03,PFM3T7T03,0.965320256812092
allsubs,0.99,NPV_cort,PMN,3,3,PFM3T7T03,PFM3T7T03,0.969331705828502
allsubs,0.99,NPV_cort,PON,3,3,PFM3T7T03,PFM3T7T03,0.97202308989051
allsubs,0.99,NPV_cort,SCAN,3,3,PFM3T7T03,PFM3T7T03,0.977052731334191
allsubs,0.99,PPV_cort,DMN,3,3,PFM3T7T03,PFM3T7T03,0.901164526724395
allsubs,0.99,PPV_cort,Vis,3,3,PFM3T7T03,PFM3T7T03,0.973949082297217
allsubs,0.99,PPV_cort,FP,3,3,PFM3T7T03,PFM3T7T03,0.711843711843712
allsubs,0.99,PPV_cort,DAN,3,3,PFM3T7T03,PFM3T7T03,0.666466706658668
allsubs,0.99,PPV_cort,VAN,3,3,PFM3T7T03,PFM3T7T03,0.752330226364847
allsubs,0.99,PPV_cort,Sal,3,3,PFM3T7T03,PFM3T7T03,0.917721518987342
allsubs,0.99,PPV_cort,AMN,3,3,PFM3T7T03,PFM3T7T03,0.820703868103995
allsubs,0.99,PPV_cort,SMd,3,3,PFM3T7T03,PFM3T7T03,0.956140350877193
allsubs,0.99,PPV_cort,SMl,3,3,PFM3T7T03,PFM3T7T03,0.971504897595726
allsubs,0.99,PPV_cort,Aud,3,3,PFM3T7T03,PFM3T7T03,0.840909090909091
allsubs,0.99,PPV_cort,Tpole,3,3,PFM3T7T03,PFM3T7T03,
allsubs,0.99,PPV_cort,MTL,3,3,PFM3T7T03,PFM3T7T03,0.884057971014493
allsubs,0.99,PPV_cort,PMN,3,3,PFM3T7T03,PFM3T7T03,0.957746478873239
allsubs,0.99,PPV_cort,PON,3,3,PFM3T7T03,PFM3T7T03,0.878832116788321
allsubs,0.99,PPV_cort,SCAN,3,3,PFM3T7T03,PFM3T7T03,0.825
allsubs,0.99,PPVcorr_Jeffreys_cort,DMN,3,3,PFM3T7T03,PFM3T7T03,0.849537548944363
allsubs,0.99,PPVcorr_Jeffreys_cort,Vis,3,3,PFM3T7T03,PFM3T7T03,0.907565806221679
allsubs,0.99,PPVcorr_Jeffreys_cort,FP,3,3,PFM3T7T03,PFM3T7T03,0.692446342410293
allsubs,0.99,PPVcorr_Jeffreys_cort,DAN,3,3,PFM3T7T03,PFM3T7T03,0.647105597964376
allsubs,0.99,PPVcorr_Jeffreys_cort,VAN,3,3,PFM3T7T03,PFM3T7T03,0.679213164365425
allsubs,0.99,PPVcorr_Jeffreys_cort,Sal,3,3,PFM3T7T03,PFM3T7T03,0.695439739413681
allsubs,0.99,PPVcorr_Jeffreys_cort,AMN,3,3,PFM3T7T03,PFM3T7T03,0.78240385286522
allsubs,0.99,PPVcorr_Jeffreys_cort,SMd,3,3,PFM3T7T03,PFM3T7T03,0.865308468514497
allsubs,0.99,PPVcorr_Jeffreys_cort,SMl,3,3,PFM3T7T03,PFM3T7T03,0.791078005607168
allsubs,0.99,PPVcorr_Jeffreys_cort,Aud,3,3,PFM3T7T03,PFM3T7T03,0.745283018867924
allsubs,0.99,PPVcorr_Jeffreys_cort,Tpole,3,3,PFM3T7T03,PFM3T7T03,
allsubs,0.99,PPVcorr_Jeffreys_cort,MTL,3,3,PFM3T7T03,PFM3T7T03,0.594339622641509
allsubs,0.99,PPVcorr_Jeffreys_cort,PMN,3,3,PFM3T7T03,PFM3T7T03,0.801065308012969
allsubs,0.99,PPVcorr_Jeffreys_cort,PON,3,3,PFM3T7T03,PFM3T7T03,0.785321605277625
allsubs,0.99,PPVcorr_Jeffreys_cort,SCAN,3,3,PFM3T7T03,PFM3T7T03,0.715767634854772
allsubs,0.99,PPVcorr_d1d2_cort,DMN,3,3,PFM3T7T03,PFM3T7T03,0.897809153916907
allsubs,0.99,PPVcorr_d1d2_cort,Vis,3,3,PFM3T7T03,PFM3T7T03,0.963465322234074
allsubs,0.99,PPVcorr_d1d2_cort,FP,3,3,PFM3T7T03,PFM3T7T03,0.720080722068462
allsubs,0.99,PPVcorr_d1d2_cort,DAN,3,3,PFM3T7T03,PFM3T7T03,0.668263415387177
allsubs,0.99,PPVcorr_d1d2_cort,VAN,3,3,PFM3T7T03,PFM3T7T03,0.692500520967406
allsubs,0.99,PPVcorr_d1d2_cort,Sal,3,3,PFM3T7T03,PFM3T7T03,0.595723675022506
allsubs,0.99,PPVcorr_d1d2_cort,AMN,3,3,PFM3T7T03,PFM3T7T03,0.819353199889949
allsubs,0.99,PPVcorr_d1d2_cort,SMd,3,3,PFM3T7T03,PFM3T7T03,0.914921098537477
allsubs,0.99,PPVcorr_d1d2_cort,SMl,3,3,PFM3T7T03,PFM3T7T03,0.904928708781794
allsubs,0.99,PPVcorr_d1d2_cort,Aud,3,3,PFM3T7T03,PFM3T7T03,0.753566455000366
allsubs,0.99,PPVcorr_d1d2_cort,Tpole,3,3,PFM3T7T03,PFM3T7T03,
allsubs,0.99,PPVcorr_d1d2_cort,MTL,3,3,PFM3T7T03,PFM3T7T03,0.380919134997085
allsubs,0.99,PPVcorr_d1d2_cort,PMN,3,3,PFM3T7T03,PFM3T7T03,0.811603710845725
allsubs,0.99,PPVcorr_d1d2_cort,PON,3,3,PFM3T7T03,PFM3T7T03,0.805359095983724
allsubs,0.99,PPVcorr_d1d2_cort,SCAN,3,3,PFM3T7T03,PFM3T7T03,0.675185478431718
allsubs,0.99,PPVcorr_bayes_cort,DMN,3,3,PFM3T7T03,PFM3T7T03,0.885697802923412
allsubs,0.99,PPVcorr_bayes_cort,Vis,3,3,PFM3T7T03,PFM3T7T03,0.946717385950029
allsubs,0.99,PPVcorr_bayes_cort,FP,3,3,PFM3T7T03,PFM3T7T03,0.725225879550275
allsubs,0.99,PPVcorr_bayes_cort,DAN,3,3,PFM3T7T03,PFM3T7T03,0.672197107538782
allsubs,0.99,PPVcorr_bayes_cort,VAN,3,3,PFM3T7T03,PFM3T7T03,0.666206363234644
allsubs,0.99,PPVcorr_bayes_cort,Sal,3,3,PFM3T7T03,PFM3T7T03,0.616435603777376
allsubs,0.99,PPVcorr_bayes_cort,AMN,3,3,PFM3T7T03,PFM3T7T03,0.815363491297733
allsubs,0.99,PPVcorr_bayes_cort,SMd,3,3,PFM3T7T03,PFM3T7T03,0.894606279679637
allsubs,0.99,PPVcorr_bayes_cort,SMl,3,3,PFM3T7T03,PFM3T7T03,0.779627050711593
allsubs,0.99,PPVcorr_bayes_cort,Aud,3,3,PFM3T7T03,PFM3T7T03,0.745215485756026
allsubs,0.99,PPVcorr_bayes_cort,Tpole,3,3,PFM3T7T03,PFM3T7T03,
allsubs,0.99,PPVcorr_bayes_cort,MTL,3,3,PFM3T7T03,PFM3T7T03,0.369138959931799
allsubs,0.99,PPVcorr_bayes_cort,PMN,3,3,PFM3T7T03,PFM3T7T03,0.799107557869294
allsubs,0.99,PPVcorr_bayes_cort,PON,3,3,PFM3T7T03,PFM3T7T03,0.797682430316317
allsubs,0.99,PPVcorr_bayes_cort,SCAN,3,3,PFM3T7T03,PFM3T7T03,0.697761194029851
allsubs,0.99,MCC_cort,DMN,3,3,PFM3T7T03,PFM3T7T03,0.702932973525371
allsubs,0.99,MCC_cort,Vis,3,3,PFM3T7T03,PFM3T7T03,0.746495952724869
allsubs,0.99,MCC_cort,FP,3,3,PFM3T7T03,PFM3T7T03,0.691984607256775
allsubs,0.99,MCC_cort,DAN,3,3,PFM3T7T03,PFM3T7T03,0.536741968108814
allsubs,0.99,MCC_cort,VAN,3,3,PFM3T7T03,PFM3T7T03,0.35851219733948
allsubs,0.99,MCC_cort,Sal,3,3,PFM3T7T03,PFM3T7T03,0.26758282622973
allsubs,0.99,MCC_cort,AMN,3,3,PFM3T7T03,PFM3T7T03,0.664313722005966
allsubs,0.99,MCC_cort,SMd,3,3,PFM3T7T03,PFM3T7T03,0.595050542773248
allsubs,0.99,MCC_cort,SMl,3,3,PFM3T7T03,PFM3T7T03,0.368713291141333
allsubs,0.99,MCC_cort,Aud,3,3,PFM3T7T03,PFM3T7T03,0.416746385477438
allsubs,0.99,MCC_cort,Tpole,3,3,PFM3T7T03,PFM3T7T03,
allsubs,0.99,MCC_cort,MTL,3,3,PFM3T7T03,PFM3T7T03,0.155989066311492
allsubs,0.99,MCC_cort,PMN,3,3,PFM3T7T03,PFM3T7T03,0.412699322362208
allsubs,0.99,MCC_cort,PON,3,3,PFM3T7T03,PFM3T7T03,0.476364052135441
allsubs,0.99,MCC_cort,SCAN,3,3,PFM3T7T03,PFM3T7T03,0.36045486079613
allsubs,0.99,muI_cort,WholeBrainOrSingleVal,3,3,PFM3T7T03,PFM3T7T03,2.24538430524602
allsubs,0.99,VIn_cort,WholeBrainOrSingleVal,3,3,PFM3T7T03,PFM3T7T03,0.119668251797201
allsubs,0.99,MIn_cort,WholeBrainOrSingleVal,3,3,PFM3T7T03,PFM3T7T03,0.716155091644265
allsubs,0.99,DC_cort,DMN,3,4,PFM3T7T03,PFM3T7T04,0.63004871915763
allsubs,0.99,DC_cort,Vis,3,4,PFM3T7T03,PFM3T7T04,0.622727272727273
allsubs,0.99,DC_cort,FP,3,4,PFM3T7T03,PFM3T7T04,0.448184065411675
allsubs,0.99,DC_cort,DAN,3,4,PFM3T7T03,PFM3T7T04,0.330389513804964
allsubs,0.99,DC_cort,VAN,3,4,PFM3T7T03,PFM3T7T04,0.187863674147963
allsubs,0.99,DC_cort,Sal,3,4,PFM3T7T03,PFM3T7T04,0.0323353293413174
allsubs,0.99,DC_cort,AMN,3,4,PFM3T7T03,PFM3T7T04,0.534336782690499
allsubs,0.99,DC_cort,SMd,3,4,PFM3T7T03,PFM3T7T04,0.576773187840998
allsubs,0.99,DC_cort,SMl,3,4,PFM3T7T03,PFM3T7T04,0.694078947368421
allsubs,0.99,DC_cort,Aud,3,4,PFM3T7T03,PFM3T7T04,0.267827980402831
allsubs,0.99,DC_cort,Tpole,3,4,PFM3T7T03,PFM3T7T04,
allsubs,0.99,DC_cort,MTL,3,4,PFM3T7T03,PFM3T7T04,0.0316877152698048
allsubs,0.99,DC_cort,PMN,3,4,PFM3T7T03,PFM3T7T04,0.315884476534296
allsubs,0.99,DC_cort,PON,3,4,PFM3T7T03,PFM3T7T04,0.328029375764994
allsubs,0.99,DC_cort,SCAN,3,4,PFM3T7T03,PFM3T7T04,0.306195596518177
allsubs,0.99,cDC_cort,DMN,3,4,PFM3T7T03,PFM3T7T04,0.63004871915763
allsubs,0.99,cDC_cort,Vis,3,4,PFM3T7T03,PFM3T7T04,0.622727272727273
allsubs,0.99,cDC_cort,FP,3,4,PFM3T7T03,PFM3T7T04,0.448184065411675
allsubs,0.99,cDC_cort,DAN,3,4,PFM3T7T03,PFM3T7T04,0.330389513804964
allsubs,0.99,cDC_cort,VAN,3,4,PFM3T7T03,PFM3T7T04,0.187863674147963
allsubs,0.99,cDC_cort,Sal,3,4,PFM3T7T03,PFM3T7T04,0.0323353293413174
allsubs,0.99,cDC_cort,AMN,3,4,PFM3T7T03,PFM3T7T04,0.534336782690499
allsubs,0.99,cDC_cort,SMd,3,4,PFM3T7T03,PFM3T7T04,0.576773187840998
allsubs,0.99,cDC_cort,SMl,3,4,PFM3T7T03,PFM3T7T04,0.694078947368421
allsubs,0.99,cDC_cort,Aud,3,4,PFM3T7T03,PFM3T7T04,0.267827980402831
allsubs,0.99,cDC_cort,Tpole,3,4,PFM3T7T03,PFM3T7T04,
allsubs,0.99,cDC_cort,MTL,3,4,PFM3T7T03,PFM3T7T04,0.0316877152698048
allsubs,0.99,cDC_cort,PMN,3,4,PFM3T7T03,PFM3T7T04,0.315884476534296
allsubs,0.99,cDC_cort,PON,3,4,PFM3T7T03,PFM3T7T04,0.328029375764994
allsubs,0.99,cDC_cort,SCAN,3,4,PFM3T7T03,PFM3T7T04,0.306195596518177
allsubs,0.99,TP_cort,DMN,3,4,PFM3T7T03,PFM3T7T04,4009.0
allsubs,0.99,TP_cort,Vis,3,4,PFM3T7T03,PFM3T7T04,3288.0
allsubs,0.99,TP_cort,FP,3,4,PFM3T7T03,PFM3T7T04,2357.0
allsubs,0.99,TP_cort,DAN,3,4,PFM3T7T03,PFM3T7T04,1777.0
allsubs,0.99,TP_cort,VAN,3,4,PFM3T7T03,PFM3T7T04,452.0
allsubs,0.99,TP_cort,Sal,3,4,PFM3T7T03,PFM3T7T04,27.0
allsubs,0.99,TP_cort,AMN,3,4,PFM3T7T03,PFM3T7T04,3976.0
allsubs,0.99,TP_cort,SMd,3,4,PFM3T7T03,PFM3T7T04,1110.0
allsubs,0.99,TP_cort,SMl,3,4,PFM3T7T03,PFM3T7T04,1055.0
allsubs,0.99,TP_cort,Aud,3,4,PFM3T7T03,PFM3T7T04,492.0
allsubs,0.99,TP_cort,Tpole,3,4,PFM3T7T03,PFM3T7T04,
allsubs,0.99,TP_cort,MTL,3,4,PFM3T7T03,PFM3T7T04,69.0
allsubs,0.99,TP_cort,PMN,3,4,PFM3T7T03,PFM3T7T04,350.0
allsubs,0.99,TP_cort,PON,3,4,PFM3T7T03,PFM3T7T04,536.0
allsubs,0.99,TP_cort,SCAN,3,4,PFM3T7T03,PFM3T7T04,299.0
allsubs,0.99,TN_cort,DMN,3,4,PFM3T7T03,PFM3T7T04,50695.0
allsubs,0.99,TN_cort,Vis,3,4,PFM3T7T03,PFM3T7T04,52140.0
allsubs,0.99,TN_cort,FP,3,4,PFM3T7T03,PFM3T7T04,51251.0
allsubs,0.99,TN_cort,DAN,3,4,PFM3T7T03,PFM3T7T04,50432.0
allsubs,0.99,TN_cort,VAN,3,4,PFM3T7T03,PFM3T7T04,55052.0
allsubs,0.99,TN_cort,Sal,3,4,PFM3T7T03,PFM3T7T04,57769.0
allsubs,0.99,TN_cort,AMN,3,4,PFM3T7T03,PFM3T7T04,48506.0
allsubs,0.99,TN_cort,SMd,3,4,PFM3T7T03,PFM3T7T04,56673.0
allsubs,0.99,TN_cort,SMl,3,4,PFM3T7T03,PFM3T7T04,57427.0
allsubs,0.99,TN_cort,Aud,3,4,PFM3T7T03,PFM3T7T04,56230.0
allsubs,0.99,TN_cort,Tpole,3,4,PFM3T7T03,PFM3T7T04,
allsubs,0.99,TN_cort,MTL,3,4,PFM3T7T03,PFM3T7T04,55126.0
allsubs,0.99,TN_cort,PMN,3,4,PFM3T7T03,PFM3T7T04,57546.0
allsubs,0.99,TN_cort,PON,3,4,PFM3T7T03,PFM3T7T04,56680.0
allsubs,0.99,TN_cort,SCAN,3,4,PFM3T7T03,PFM3T7T04,57758.0
allsubs,0.99,FP_cort,DMN,3,4,PFM3T7T03,PFM3T7T04,2689.0
allsubs,0.99,FP_cort,Vis,3,4,PFM3T7T03,PFM3T7T04,90.0
allsubs,0.99,FP_cort,FP,3,4,PFM3T7T03,PFM3T7T04,919.0
allsubs,0.99,FP_cort,DAN,3,4,PFM3T7T03,PFM3T7T04,3224.0
allsubs,0.99,FP_cort,VAN,3,4,PFM3T7T03,PFM3T7T04,299.0
allsubs,0.99,FP_cort,Sal,3,4,PFM3T7T03,PFM3T7T04,131.0
allsubs,0.99,FP_cort,AMN,3,4,PFM3T7T03,PFM3T7T04,2332.0
allsubs,0.99,FP_cort,SMd,3,4,PFM3T7T03,PFM3T7T04,144.0
allsubs,0.99,FP_cort,SMl,3,4,PFM3T7T03,PFM3T7T04,68.0
allsubs,0.99,FP_cort,Aud,3,4,PFM3T7T03,PFM3T7T04,80.0
allsubs,0.99,FP_cort,Tpole,3,4,PFM3T7T03,PFM3T7T04,
allsubs,0.99,FP_cort,MTL,3,4,PFM3T7T03,PFM3T7T04,0.0
allsubs,0.99,FP_cort,PMN,3,4,PFM3T7T03,PFM3T7T04,76.0
allsubs,0.99,FP_cort,PON,3,4,PFM3T7T03,PFM3T7T04,149.0
allsubs,0.99,FP_cort,SCAN,3,4,PFM3T7T03,PFM3T7T04,21.0
allsubs,0.99,FN_cort,DMN,3,4,PFM3T7T03,PFM3T7T04,2019.0
allsubs,0.99,FN_cort,Vis,3,4,PFM3T7T03,PFM3T7T04,3894.0
allsubs,0.99,FN_cort,FP,3,4,PFM3T7T03,PFM3T7T04,4885.0
allsubs,0.99,FN_cort,DAN,3,4,PFM3T7T03,PFM3T7T04,3979.0
allsubs,0.99,FN_cort,VAN,3,4,PFM3T7T03,PFM3T7T04,3609.0
allsubs,0.99,FN_cort,Sal,3,4,PFM3T7T03,PFM3T7T04,1485.0
allsubs,0.99,FN_cort,AMN,3,4,PFM3T7T03,PFM3T7T04,4598.0
allsubs,0.99,FN_cort,SMd,3,4,PFM3T7T03,PFM3T7T04,1485.0
allsubs,0.99,FN_cort,SMl,3,4,PFM3T7T03,PFM3T7T04,862.0
allsubs,0.99,FN_cort,Aud,3,4,PFM3T7T03,PFM3T7T04,2610.0
allsubs,0.99,FN_cort,Tpole,3,4,PFM3T7T03,PFM3T7T04,
allsubs,0.99,FN_cort,MTL,3,4,PFM3T7T03,PFM3T7T04,4217.0
allsubs,0.99,FN_cort,PMN,3,4,PFM3T7T03,PFM3T7T04,1440.0
allsubs,0.99,FN_cort,PON,3,4,PFM3T7T03,PFM3T7T04,2047.0
allsubs,0.99,FN_cort,SCAN,3,4,PFM3T7T03,PFM3T7T04,1334.0
allsubs,0.99,TPR_cort,DMN,3,4,PFM3T7T03,PFM3T7T04,0.66506303915063
allsubs,0.99,TPR_cort,Vis,3,4,PFM3T7T03,PFM3T7T04,0.4578111946533
allsubs,0.99,TPR_cort,FP,3,4,PFM3T7T03,PFM3T7T04,0.325462579397956
allsubs,0.99,TPR_cort,DAN,3,4,PFM3T7T03,PFM3T7T04,0.308721334259903
allsubs,0.99,TPR_cort,VAN,3,4,PFM3T7T03,PFM3T7T04,0.11130263481901
allsubs,0.99,TPR_cort,Sal,3,4,PFM3T7T03,PFM3T7T04,0.0178571428571429
allsubs,0.99,TPR_cort,AMN,3,4,PFM3T7T03,PFM3T7T04,0.463727548402146
allsubs,0.99,TPR_cort,SMd,3,4,PFM3T7T03,PFM3T7T04,0.427745664739884
allsubs,0.99,TPR_cort,SMl,3,4,PFM3T7T03,PFM3T7T04,0.550339071465832
allsubs,0.99,TPR_cort,Aud,3,4,PFM3T7T03,PFM3T7T04,0.158607350096712
allsubs,0.99,TPR_cort,Tpole,3,4,PFM3T7T03,PFM3T7T04,
allsubs,0.99,TPR_cort,MTL,3,4,PFM3T7T03,PFM3T7T04,0.0160989267382175
allsubs,0.99,TPR_cort,PMN,3,4,PFM3T7T03,PFM3T7T04,0.195530726256983
allsubs,0.99,TPR_cort,PON,3,4,PFM3T7T03,PFM3T7T04,0.207510646535037
allsubs,0.99,TPR_cort,SCAN,3,4,PFM3T7T03,PFM3T7T04,0.183098591549296
allsubs,0.99,TNR_cort,DMN,3,4,PFM3T7T03,PFM3T7T04,0.949629102352765
allsubs,0.99,TNR_cort,Vis,3,4,PFM3T7T03,PFM3T7T04,0.998276852383688
allsubs,0.99,TNR_cort,FP,3,4,PFM3T7T03,PFM3T7T04,0.982384512171746
allsubs,0.99,TNR_cort,DAN,3,4,PFM3T7T03,PFM3T7T04,0.939913523184732
allsubs,0.99,TNR_cort,VAN,3,4,PFM3T7T03,PFM3T7T04,0.994598110241911
allsubs,0.99,TNR_cort,Sal,3,4,PFM3T7T03,PFM3T7T04,0.997737478411054
allsubs,0.99,TNR_cort,AMN,3,4,PFM3T7T03,PFM3T7T04,0.954128801290373
allsubs,0.99,TNR_cort,SMd,3,4,PFM3T7T03,PFM3T7T04,0.997465547283384
allsubs,0.99,TNR_cort,SMl,3,4,PFM3T7T03,PFM3T7T04,0.998817288459866
allsubs,0.99,TNR_cort,Aud,3,4,PFM3T7T03,PFM3T7T04,0.998579293198366
allsubs,0.99,TNR_cort,Tpole,3,4,PFM3T7T03,PFM3T7T04,
allsubs,0.99,TNR_cort,MTL,3,4,PFM3T7T03,PFM3T7T04,1.0
allsubs,0.99,TNR_cort,PMN,3,4,PFM3T7T03,PFM3T7T04,0.998681059317622
allsubs,0.99,TNR_cort,PON,3,4,PFM3T7T03,PFM3T7T04,0.99737809920991
allsubs,0.99,TNR_cort,SCAN,3,4,PFM3T7T03,PFM3T7T04,0.999636546149985
allsubs,0.99,FPR_cort,DMN,3,4,PFM3T7T03,PFM3T7T04,0.0503708976472351
allsubs,0.99,FPR_cort,Vis,3,4,PFM3T7T03,PFM3T7T04,0.0017231476163124
allsubs,0.99,FPR_cort,FP,3,4,PFM3T7T03,PFM3T7T04,0.0176154878282538
allsubs,0.99,FPR_cort,DAN,3,4,PFM3T7T03,PFM3T7T04,0.0600864768152676
allsubs,0.99,FPR_cort,VAN,3,4,PFM3T7T03,PFM3T7T04,0.0054018897580892
allsubs,0.99,FPR_cort,Sal,3,4,PFM3T7T03,PFM3T7T04,0.0022625215889464
allsubs,0.99,FPR_cort,AMN,3,4,PFM3T7T03,PFM3T7T04,0.0458711987096267
allsubs,0.99,FPR_cort,SMd,3,4,PFM3T7T03,PFM3T7T04,0.0025344527166165
allsubs,0.99,FPR_cort,SMl,3,4,PFM3T7T03,PFM3T7T04,0.0011827115401339
allsubs,0.99,FPR_cort,Aud,3,4,PFM3T7T03,PFM3T7T04,0.0014207068016338
allsubs,0.99,FPR_cort,Tpole,3,4,PFM3T7T03,PFM3T7T04,
allsubs,0.99,FPR_cort,MTL,3,4,PFM3T7T03,PFM3T7T04,0.0
allsubs,0.99,FPR_cort,PMN,3,4,PFM3T7T03,PFM3T7T04,0.0013189406823782
allsubs,0.99,FPR_cort,PON,3,4,PFM3T7T03,PFM3T7T04,0.0026219007900895
allsubs,0.99,FPR_cort,SCAN,3,4,PFM3T7T03,PFM3T7T04,0.0003634538500147
allsubs,0.99,FNR_cort,DMN,3,4,PFM3T7T03,PFM3T7T04,0.33493696084937
allsubs,0.99,FNR_cort,Vis,3,4,PFM3T7T03,PFM3T7T04,0.5421888053467
allsubs,0.99,FNR_cort,FP,3,4,PFM3T7T03,PFM3T7T04,0.674537420602044
allsubs,0.99,FNR_cort,DAN,3,4,PFM3T7T03,PFM3T7T04,0.691278665740097
allsubs,0.99,FNR_cort,VAN,3,4,PFM3T7T03,PFM3T7T04,0.88869736518099
allsubs,0.99,FNR_cort,Sal,3,4,PFM3T7T03,PFM3T7T04,0.982142857142857
allsubs,0.99,FNR_cort,AMN,3,4,PFM3T7T03,PFM3T7T04,0.536272451597854
allsubs,0.99,FNR_cort,SMd,3,4,PFM3T7T03,PFM3T7T04,0.572254335260116
allsubs,0.99,FNR_cort,SMl,3,4,PFM3T7T03,PFM3T7T04,0.449660928534168
allsubs,0.99,FNR_cort,Aud,3,4,PFM3T7T03,PFM3T7T04,0.841392649903288
allsubs,0.99,FNR_cort,Tpole,3,4,PFM3T7T03,PFM3T7T04,
allsubs,0.99,FNR_cort,MTL,3,4,PFM3T7T03,PFM3T7T04,0.983901073261783
allsubs,0.99,FNR_cort,PMN,3,4,PFM3T7T03,PFM3T7T04,0.804469273743017
allsubs,0.99,FNR_cort,PON,3,4,PFM3T7T03,PFM3T7T04,0.792489353464963
allsubs,0.99,FNR_cort,SCAN,3,4,PFM3T7T03,PFM3T7T04,0.816901408450704
allsubs,0.99,NPV_cort,DMN,3,4,PFM3T7T03,PFM3T7T04,0.961698979398262
allsubs,0.99,NPV_cort,Vis,3,4,PFM3T7T03,PFM3T7T04,0.930506478209658
allsubs,0.99,NPV_cort,FP,3,4,PFM3T7T03,PFM3T7T04,0.912979193387488
allsubs,0.99,NPV_cort,DAN,3,4,PFM3T7T03,PFM3T7T04,0.926871404679201
allsubs,0.99,NPV_cort,VAN,3,4,PFM3T7T03,PFM3T7T04,0.938477011984112
allsubs,0.99,NPV_cort,Sal,3,4,PFM3T7T03,PFM3T7T04,0.974938400783069
allsubs,0.99,NPV_cort,AMN,3,4,PFM3T7T03,PFM3T7T04,0.913415185296776
allsubs,0.99,NPV_cort,SMd,3,4,PFM3T7T03,PFM3T7T04,0.974466109563603
allsubs,0.99,NPV_cort,SMl,3,4,PFM3T7T03,PFM3T7T04,0.985211617972516
allsubs,0.99,NPV_cort,Aud,3,4,PFM3T7T03,PFM3T7T04,0.955642420122366
allsubs,0.99,NPV_cort,Tpole,3,4,PFM3T7T03,PFM3T7T04,
allsubs,0.99,NPV_cort,MTL,3,4,PFM3T7T03,PFM3T7T04,0.928938543720405
allsubs,0.99,NPV_cort,PMN,3,4,PFM3T7T03,PFM3T7T04,0.975587427525175
allsubs,0.99,NPV_cort,PON,3,4,PFM3T7T03,PFM3T7T04,0.965143800977404
allsubs,0.99,NPV_cort,SCAN,3,4,PFM3T7T03,PFM3T7T04,0.977425032153253
allsubs,0.99,PPV_cort,DMN,3,4,PFM3T7T03,PFM3T7T04,0.598536876679606
allsubs,0.99,PPV_cort,Vis,3,4,PFM3T7T03,PFM3T7T04,0.97335701598579
allsubs,0.99,PPV_cort,FP,3,4,PFM3T7T03,PFM3T7T04,0.719474969474969
allsubs,0.99,PPV_cort,DAN,3,4,PFM3T7T03,PFM3T7T04,0.355328934213157
allsubs,0.99,PPV_cort,VAN,3,4,PFM3T7T03,PFM3T7T04,0.601864181091877
allsubs,0.99,PPV_cort,Sal,3,4,PFM3T7T03,PFM3T7T04,0.170886075949367
allsubs,0.99,PPV_cort,AMN,3,4,PFM3T7T03,PFM3T7T04,0.630310716550412
allsubs,0.99,PPV_cort,SMd,3,4,PFM3T7T03,PFM3T7T04,0.885167464114832
allsubs,0.99,PPV_cort,SMl,3,4,PFM3T7T03,PFM3T7T04,0.939447907390917
allsubs,0.99,PPV_cort,Aud,3,4,PFM3T7T03,PFM3T7T04,0.86013986013986
allsubs,0.99,PPV_cort,Tpole,3,4,PFM3T7T03,PFM3T7T04,
allsubs,0.99,PPV_cort,MTL,3,4,PFM3T7T03,PFM3T7T04,1.0
allsubs,0.99,PPV_cort,PMN,3,4,PFM3T7T03,PFM3T7T04,0.821596244131455
allsubs,0.99,PPV_cort,PON,3,4,PFM3T7T03,PFM3T7T04,0.782481751824817
allsubs,0.99,PPV_cort,SCAN,3,4,PFM3T7T03,PFM3T7T04,0.934375
allsubs,0.99,PPVcorr_Jeffreys_cort,DMN,3,4,PFM3T7T03,PFM3T7T04,0.590401051939514
allsubs,0.99,PPVcorr_Jeffreys_cort,Vis,3,4,PFM3T7T03,PFM3T7T04,0.890361798740296
allsubs,0.99,PPVcorr_Jeffreys_cort,FP,3,4,PFM3T7T03,PFM3T7T04,0.679741012949353
allsubs,0.99,PPVcorr_Jeffreys_cort,DAN,3,4,PFM3T7T03,PFM3T7T04,0.370261449628806
allsubs,0.99,PPVcorr_Jeffreys_cort,VAN,3,4,PFM3T7T03,PFM3T7T04,0.566113559761473
allsubs,0.99,PPVcorr_Jeffreys_cort,Sal,3,4,PFM3T7T03,PFM3T7T04,0.331824062095731
allsubs,0.99,PPVcorr_Jeffreys_cort,AMN,3,4,PFM3T7T03,PFM3T7T04,0.614717950149329
allsubs,0.99,PPVcorr_Jeffreys_cort,SMd,3,4,PFM3T7T03,PFM3T7T04,0.819127849355798
allsubs,0.99,PPVcorr_Jeffreys_cort,SMl,3,4,PFM3T7T03,PFM3T7T04,0.875370807028219
allsubs,0.99,PPVcorr_Jeffreys_cort,Aud,3,4,PFM3T7T03,PFM3T7T04,0.733507141237815
allsubs,0.99,PPVcorr_Jeffreys_cort,Tpole,3,4,PFM3T7T03,PFM3T7T04,
allsubs,0.99,PPVcorr_Jeffreys_cort,MTL,3,4,PFM3T7T03,PFM3T7T04,0.569332797427653
allsubs,0.99,PPVcorr_Jeffreys_cort,PMN,3,4,PFM3T7T03,PFM3T7T04,0.726446280991736
allsubs,0.99,PPVcorr_Jeffreys_cort,PON,3,4,PFM3T7T03,PFM3T7T04,0.705130923354182
allsubs,0.99,PPVcorr_Jeffreys_cort,SCAN,3,4,PFM3T7T03,PFM3T7T04,0.787606041795986
allsubs,0.99,PPVcorr_d1d2_cort,DMN,3,4,PFM3T7T03,PFM3T7T04,0.606061891103272
allsubs,0.99,PPVcorr_d1d2_cort,Vis,3,4,PFM3T7T03,PFM3T7T04,0.958762360533892
allsubs,0.99,PPVcorr_d1d2_cort,FP,3,4,PFM3T7T03,PFM3T7T04,0.711500184370169
allsubs,0.99,PPVcorr_d1d2_cort,DAN,3,4,PFM3T7T03,PFM3T7T04,0.365422040818995
allsubs,0.99,PPVcorr_d1d2_cort,VAN,3,4,PFM3T7T03,PFM3T7T04,0.552808664347573
allsubs,0.99,PPVcorr_d1d2_cort,Sal,3,4,PFM3T7T03,PFM3T7T04,0.146524075095504
allsubs,0.99,PPVcorr_d1d2_cort,AMN,3,4,PFM3T7T03,PFM3T7T04,0.63193497612026
allsubs,0.99,PPVcorr_d1d2_cort,SMd,3,4,PFM3T7T03,PFM3T7T04,0.855220442377834
allsubs,0.99,PPVcorr_d1d2_cort,SMl,3,4,PFM3T7T03,PFM3T7T04,0.910196990463722
allsubs,0.99,PPVcorr_d1d2_cort,Aud,3,4,PFM3T7T03,PFM3T7T04,0.759197201058034
allsubs,0.99,PPVcorr_d1d2_cort,Tpole,3,4,PFM3T7T03,PFM3T7T04,
allsubs,0.99,PPVcorr_d1d2_cort,MTL,3,4,PFM3T7T03,PFM3T7T04,0.418293486316599
allsubs,0.99,PPVcorr_d1d2_cort,PMN,3,4,PFM3T7T03,PFM3T7T04,0.710244559168054
allsubs,0.99,PPVcorr_d1d2_cort,PON,3,4,PFM3T7T03,PFM3T7T04,0.71630986120839
allsubs,0.99,PPVcorr_d1d2_cort,SCAN,3,4,PFM3T7T03,PFM3T7T04,0.757947353645783
allsubs,0.99,PPVcorr_bayes_cort,DMN,3,4,PFM3T7T03,PFM3T7T04,0.620593108965202
allsubs,0.99,PPVcorr_bayes_cort,Vis,3,4,PFM3T7T03,PFM3T7T04,0.924908375912897
allsubs,0.99,PPVcorr_bayes_cort,FP,3,4,PFM3T7T03,PFM3T7T04,0.692836140804045
allsubs,0.99,PPVcorr_bayes_cort,DAN,3,4,PFM3T7T03,PFM3T7T04,0.383294264433438
allsubs,0.99,PPVcorr_bayes_cort,VAN,3,4,PFM3T7T03,PFM3T7T04,0.513114496623214
allsubs,0.99,PPVcorr_bayes_cort,Sal,3,4,PFM3T7T03,PFM3T7T04,0.150895140664962
allsubs,0.99,PPVcorr_bayes_cort,AMN,3,4,PFM3T7T03,PFM3T7T04,0.636997788562863
allsubs,0.99,PPVcorr_bayes_cort,SMd,3,4,PFM3T7T03,PFM3T7T04,0.847228741650117
allsubs,0.99,PPVcorr_bayes_cort,SMl,3,4,PFM3T7T03,PFM3T7T04,0.911300569742181
allsubs,0.99,PPVcorr_bayes_cort,Aud,3,4,PFM3T7T03,PFM3T7T04,0.715698393077874
allsubs,0.99,PPVcorr_bayes_cort,Tpole,3,4,PFM3T7T03,PFM3T7T04,
allsubs,0.99,PPVcorr_bayes_cort,MTL,3,4,PFM3T7T03,PFM3T7T04,0.256595145972564
allsubs,0.99,PPVcorr_bayes_cort,PMN,3,4,PFM3T7T03,PFM3T7T04,0.719845111326234
allsubs,0.99,PPVcorr_bayes_cort,PON,3,4,PFM3T7T03,PFM3T7T04,0.700177881371527
allsubs,0.99,PPVcorr_bayes_cort,SCAN,3,4,PFM3T7T03,PFM3T7T04,0.783558922140817
allsubs,0.99,MCC_cort,DMN,3,4,PFM3T7T03,PFM3T7T04,0.586832666200078
allsubs,0.99,MCC_cort,Vis,3,4,PFM3T7T03,PFM3T7T04,0.642060227592108
allsubs,0.99,MCC_cort,FP,3,4,PFM3T7T03,PFM3T7T04,0.441247294142818
allsubs,0.99,MCC_cort,DAN,3,4,PFM3T7T03,PFM3T7T04,0.264886468192185
allsubs,0.99,MCC_cort,VAN,3,4,PFM3T7T03,PFM3T7T04,0.239212321868783
allsubs,0.99,MCC_cort,Sal,3,4,PFM3T7T03,PFM3T7T04,0.0476872885187999
allsubs,0.99,MCC_cort,AMN,3,4,PFM3T7T03,PFM3T7T04,0.476654298815335
allsubs,0.99,MCC_cort,SMd,3,4,PFM3T7T03,PFM3T7T04,0.604587325172882
allsubs,0.99,MCC_cort,SMl,3,4,PFM3T7T03,PFM3T7T04,0.712588702632316
allsubs,0.99,MCC_cort,Aud,3,4,PFM3T7T03,PFM3T7T04,0.358092276227823
allsubs,0.99,MCC_cort,Tpole,3,4,PFM3T7T03,PFM3T7T04,
allsubs,0.99,MCC_cort,MTL,3,4,PFM3T7T03,PFM3T7T04,0.122290283995341
allsubs,0.99,MCC_cort,PMN,3,4,PFM3T7T03,PFM3T7T04,0.393474858540357
allsubs,0.99,MCC_cort,PON,3,4,PFM3T7T03,PFM3T7T04,0.391382245126832
allsubs,0.99,MCC_cort,SCAN,3,4,PFM3T7T03,PFM3T7T04,0.408188564795406
allsubs,0.99,muI_cort,WholeBrainOrSingleVal,3,4,PFM3T7T03,PFM3T7T04,1.7755691638971
allsubs,0.99,VIn_cort,WholeBrainOrSingleVal,3,4,PFM3T7T03,PFM3T7T04,0.19561356421856
allsubs,0.99,MIn_cort,WholeBrainOrSingleVal,3,4,PFM3T7T03,PFM3T7T04,0.549659576732003
allsubs,0.99,DC_cort,DMN,4,1,PFM3T7T04,PFM3T7T01,0.392930833408092
allsubs,0.99,DC_cort,Vis,4,1,PFM3T7T04,PFM3T7T01,0.602416570771001
allsubs,0.99,DC_cort,FP,4,1,PFM3T7T04,PFM3T7T01,0.48638063022966
allsubs,0.99,DC_cort,DAN,4,1,PFM3T7T04,PFM3T7T01,0.221642764015645
allsubs,0.99,DC_cort,VAN,4,1,PFM3T7T04,PFM3T7T01,0.159151193633952
allsubs,0.99,DC_cort,Sal,4,1,PFM3T7T04,PFM3T7T01,
allsubs,0.99,DC_cort,AMN,4,1,PFM3T7T04,PFM3T7T01,0.518529178959488
allsubs,0.99,DC_cort,SMd,4,1,PFM3T7T04,PFM3T7T01,0.329891152665364
allsubs,0.99,DC_cort,SMl,4,1,PFM3T7T04,PFM3T7T01,0.473223480947477
allsubs,0.99,DC_cort,Aud,4,1,PFM3T7T04,PFM3T7T01,0.260231923601637
allsubs,0.99,DC_cort,Tpole,4,1,PFM3T7T04,PFM3T7T01,0.0
allsubs,0.99,DC_cort,MTL,4,1,PFM3T7T04,PFM3T7T01,0.0329736211031175
allsubs,0.99,DC_cort,PMN,4,1,PFM3T7T04,PFM3T7T01,0.49346314325452
allsubs,0.99,DC_cort,PON,4,1,PFM3T7T04,PFM3T7T01,0.421009771986971
allsubs,0.99,DC_cort,SCAN,4,1,PFM3T7T04,PFM3T7T01,0.353539303871725
allsubs,0.99,cDC_cort,DMN,4,1,PFM3T7T04,PFM3T7T01,0.392930833408092
allsubs,0.99,cDC_cort,Vis,4,1,PFM3T7T04,PFM3T7T01,0.602416570771001
allsubs,0.99,cDC_cort,FP,4,1,PFM3T7T04,PFM3T7T01,0.48638063022966
allsubs,0.99,cDC_cort,DAN,4,1,PFM3T7T04,PFM3T7T01,0.221642764015645
allsubs,0.99,cDC_cort,VAN,4,1,PFM3T7T04,PFM3T7T01,0.159151193633952
allsubs,0.99,cDC_cort,Sal,4,1,PFM3T7T04,PFM3T7T01,
allsubs,0.99,cDC_cort,AMN,4,1,PFM3T7T04,PFM3T7T01,0.518529178959488
allsubs,0.99,cDC_cort,SMd,4,1,PFM3T7T04,PFM3T7T01,0.329891152665364
allsubs,0.99,cDC_cort,SMl,4,1,PFM3T7T04,PFM3T7T01,0.473223480947477
allsubs,0.99,cDC_cort,Aud,4,1,PFM3T7T04,PFM3T7T01,0.260231923601637
allsubs,0.99,cDC_cort,Tpole,4,1,PFM3T7T04,PFM3T7T01,0.0
allsubs,0.99,cDC_cort,MTL,4,1,PFM3T7T04,PFM3T7T01,0.0329736211031175
allsubs,0.99,cDC_cort,PMN,4,1,PFM3T7T04,PFM3T7T01,0.49346314325452
allsubs,0.99,cDC_cort,PON,4,1,PFM3T7T04,PFM3T7T01,0.421009771986971
allsubs,0.99,cDC_cort,SCAN,4,1,PFM3T7T04,PFM3T7T01,0.353539303871725
allsubs,0.99,TP_cort,DMN,4,1,PFM3T7T04,PFM3T7T01,2190.0
allsubs,0.99,TP_cort,Vis,4,1,PFM3T7T04,PFM3T7T01,3141.0
allsubs,0.99,TP_cort,FP,4,1,PFM3T7T04,PFM3T7T01,2732.0
allsubs,0.99,TP_cort,DAN,4,1,PFM3T7T04,PFM3T7T01,935.0
allsubs,0.99,TP_cort,VAN,4,1,PFM3T7T04,PFM3T7T01,270.0
allsubs,0.99,TP_cort,Sal,4,1,PFM3T7T04,PFM3T7T01,
allsubs,0.99,TP_cort,AMN,4,1,PFM3T7T04,PFM3T7T01,3603.0
allsubs,0.99,TP_cort,SMd,4,1,PFM3T7T04,PFM3T7T01,591.0
allsubs,0.99,TP_cort,SMl,4,1,PFM3T7T04,PFM3T7T01,919.0
allsubs,0.99,TP_cort,Aud,4,1,PFM3T7T04,PFM3T7T01,763.0
allsubs,0.99,TP_cort,Tpole,4,1,PFM3T7T04,PFM3T7T01,0.0
allsubs,0.99,TP_cort,MTL,4,1,PFM3T7T04,PFM3T7T01,55.0
allsubs,0.99,TP_cort,PMN,4,1,PFM3T7T04,PFM3T7T01,887.0
allsubs,0.99,TP_cort,PON,4,1,PFM3T7T04,PFM3T7T01,517.0
allsubs,0.99,TP_cort,SCAN,4,1,PFM3T7T04,PFM3T7T01,452.0
allsubs,0.99,TN_cort,DMN,4,1,PFM3T7T04,PFM3T7T01,50455.0
allsubs,0.99,TN_cort,Vis,4,1,PFM3T7T04,PFM3T7T01,52125.0
allsubs,0.99,TN_cort,FP,4,1,PFM3T7T04,PFM3T7T01,50910.0
allsubs,0.99,TN_cort,DAN,4,1,PFM3T7T04,PFM3T7T01,51910.0
allsubs,0.99,TN_cort,VAN,4,1,PFM3T7T04,PFM3T7T01,56289.0
allsubs,0.99,TN_cort,Sal,4,1,PFM3T7T04,PFM3T7T01,
allsubs,0.99,TN_cort,AMN,4,1,PFM3T7T04,PFM3T7T01,49118.0
allsubs,0.99,TN_cort,SMd,4,1,PFM3T7T04,PFM3T7T01,56420.0
allsubs,0.99,TN_cort,SMl,4,1,PFM3T7T04,PFM3T7T01,56447.0
allsubs,0.99,TN_cort,Aud,4,1,PFM3T7T04,PFM3T7T01,54311.0
allsubs,0.99,TN_cort,Tpole,4,1,PFM3T7T04,PFM3T7T01,58892.0
allsubs,0.99,TN_cort,MTL,4,1,PFM3T7T04,PFM3T7T01,56131.0
allsubs,0.99,TN_cort,PMN,4,1,PFM3T7T04,PFM3T7T01,56704.0
allsubs,0.99,TN_cort,PON,4,1,PFM3T7T04,PFM3T7T01,57473.0
allsubs,0.99,TN_cort,SCAN,4,1,PFM3T7T04,PFM3T7T01,57307.0
allsubs,0.99,FP_cort,DMN,4,1,PFM3T7T04,PFM3T7T01,631.0
allsubs,0.99,FP_cort,Vis,4,1,PFM3T7T04,PFM3T7T01,75.0
allsubs,0.99,FP_cort,FP,4,1,PFM3T7T04,PFM3T7T01,1107.0
allsubs,0.99,FP_cort,DAN,4,1,PFM3T7T04,PFM3T7T01,192.0
allsubs,0.99,FP_cort,VAN,4,1,PFM3T7T04,PFM3T7T01,605.0
allsubs,0.99,FP_cort,Sal,4,1,PFM3T7T04,PFM3T7T01,
allsubs,0.99,FP_cort,AMN,4,1,PFM3T7T04,PFM3T7T01,4757.0
allsubs,0.99,FP_cort,SMd,4,1,PFM3T7T04,PFM3T7T01,32.0
allsubs,0.99,FP_cort,SMl,4,1,PFM3T7T04,PFM3T7T01,742.0
allsubs,0.99,FP_cort,Aud,4,1,PFM3T7T04,PFM3T7T01,87.0
allsubs,0.99,FP_cort,Tpole,4,1,PFM3T7T04,PFM3T7T01,12.0
allsubs,0.99,FP_cort,MTL,4,1,PFM3T7T04,PFM3T7T01,3.0
allsubs,0.99,FP_cort,PMN,4,1,PFM3T7T04,PFM3T7T01,834.0
allsubs,0.99,FP_cort,PON,4,1,PFM3T7T04,PFM3T7T01,197.0
allsubs,0.99,FP_cort,SCAN,4,1,PFM3T7T04,PFM3T7T01,211.0
allsubs,0.99,FN_cort,DMN,4,1,PFM3T7T04,PFM3T7T01,6136.0
allsubs,0.99,FN_cort,Vis,4,1,PFM3T7T04,PFM3T7T01,4071.0
allsubs,0.99,FN_cort,FP,4,1,PFM3T7T04,PFM3T7T01,4663.0
allsubs,0.99,FN_cort,DAN,4,1,PFM3T7T04,PFM3T7T01,6375.0
allsubs,0.99,FN_cort,VAN,4,1,PFM3T7T04,PFM3T7T01,2248.0
allsubs,0.99,FN_cort,Sal,4,1,PFM3T7T04,PFM3T7T01,
allsubs,0.99,FN_cort,AMN,4,1,PFM3T7T04,PFM3T7T01,1934.0
allsubs,0.99,FN_cort,SMd,4,1,PFM3T7T04,PFM3T7T01,2369.0
allsubs,0.99,FN_cort,SMl,4,1,PFM3T7T04,PFM3T7T01,1304.0
allsubs,0.99,FN_cort,Aud,4,1,PFM3T7T04,PFM3T7T01,4251.0
allsubs,0.99,FN_cort,Tpole,4,1,PFM3T7T04,PFM3T7T01,508.0
allsubs,0.99,FN_cort,MTL,4,1,PFM3T7T04,PFM3T7T01,3223.0
allsubs,0.99,FN_cort,PMN,4,1,PFM3T7T04,PFM3T7T01,987.0
allsubs,0.99,FN_cort,PON,4,1,PFM3T7T04,PFM3T7T01,1225.0
allsubs,0.99,FN_cort,SCAN,4,1,PFM3T7T04,PFM3T7T01,1442.0
allsubs,0.99,TPR_cort,DMN,4,1,PFM3T7T04,PFM3T7T01,0.263031467691569
allsubs,0.99,TPR_cort,Vis,4,1,PFM3T7T04,PFM3T7T01,0.435524126455907
allsubs,0.99,TPR_cort,FP,4,1,PFM3T7T04,PFM3T7T01,0.369438810006761
allsubs,0.99,TPR_cort,DAN,4,1,PFM3T7T04,PFM3T7T01,0.127906976744186
allsubs,0.99,TPR_cort,VAN,4,1,PFM3T7T04,PFM3T7T01,0.107227958697379
allsubs,0.99,TPR_cort,Sal,4,1,PFM3T7T04,PFM3T7T01,
allsubs,0.99,TPR_cort,AMN,4,1,PFM3T7T04,PFM3T7T01,0.650713382698212
allsubs,0.99,TPR_cort,SMd,4,1,PFM3T7T04,PFM3T7T01,0.199662162162162
allsubs,0.99,TPR_cort,SMl,4,1,PFM3T7T04,PFM3T7T01,0.41340530814215
allsubs,0.99,TPR_cort,Aud,4,1,PFM3T7T04,PFM3T7T01,0.152173913043478
allsubs,0.99,TPR_cort,Tpole,4,1,PFM3T7T04,PFM3T7T01,0.0
allsubs,0.99,TPR_cort,MTL,4,1,PFM3T7T04,PFM3T7T01,0.0167785234899329
allsubs,0.99,TPR_cort,PMN,4,1,PFM3T7T04,PFM3T7T01,0.473319103521878
allsubs,0.99,TPR_cort,PON,4,1,PFM3T7T04,PFM3T7T01,0.296785304247991
allsubs,0.99,TPR_cort,SCAN,4,1,PFM3T7T04,PFM3T7T01,0.238648363252376
allsubs,0.99,TNR_cort,DMN,4,1,PFM3T7T04,PFM3T7T01,0.987648279372039
allsubs,0.99,TNR_cort,Vis,4,1,PFM3T7T04,PFM3T7T01,0.998563218390805
allsubs,0.99,TNR_cort,FP,4,1,PFM3T7T04,PFM3T7T01,0.978718495876348
allsubs,0.99,TNR_cort,DAN,4,1,PFM3T7T04,PFM3T7T01,0.996314920732409
allsubs,0.99,TNR_cort,VAN,4,1,PFM3T7T04,PFM3T7T01,0.989366189756389
allsubs,0.99,TNR_cort,Sal,4,1,PFM3T7T04,PFM3T7T01,
allsubs,0.99,TNR_cort,AMN,4,1,PFM3T7T04,PFM3T7T01,0.911703016241299
allsubs,0.99,TNR_cort,SMd,4,1,PFM3T7T04,PFM3T7T01,0.999433146744137
allsubs,0.99,TNR_cort,SMl,4,1,PFM3T7T04,PFM3T7T01,0.987025476927381
allsubs,0.99,TNR_cort,Aud,4,1,PFM3T7T04,PFM3T7T01,0.998400676495459
allsubs,0.99,TNR_cort,Tpole,4,1,PFM3T7T04,PFM3T7T01,0.999796278690751
allsubs,0.99,TNR_cort,MTL,4,1,PFM3T7T04,PFM3T7T01,0.999946556454199
allsubs,0.99,TNR_cort,PMN,4,1,PFM3T7T04,PFM3T7T01,0.985505231325385
allsubs,0.99,TNR_cort,PON,4,1,PFM3T7T04,PFM3T7T01,0.996584012484827
allsubs,0.99,TNR_cort,SCAN,4,1,PFM3T7T04,PFM3T7T01,0.996331583156577
allsubs,0.99,FPR_cort,DMN,4,1,PFM3T7T04,PFM3T7T01,0.0123517206279607
allsubs,0.99,FPR_cort,Vis,4,1,PFM3T7T04,PFM3T7T01,0.0014367816091954
allsubs,0.99,FPR_cort,FP,4,1,PFM3T7T04,PFM3T7T01,0.0212815041236519
allsubs,0.99,FPR_cort,DAN,4,1,PFM3T7T04,PFM3T7T01,0.0036850792675905
allsubs,0.99,FPR_cort,VAN,4,1,PFM3T7T04,PFM3T7T01,0.0106338102436109
allsubs,0.99,FPR_cort,Sal,4,1,PFM3T7T04,PFM3T7T01,
allsubs,0.99,FPR_cort,AMN,4,1,PFM3T7T04,PFM3T7T01,0.0882969837587007
allsubs,0.99,FPR_cort,SMd,4,1,PFM3T7T04,PFM3T7T01,0.0005668532558633
allsubs,0.99,FPR_cort,SMl,4,1,PFM3T7T04,PFM3T7T01,0.0129745230726189
allsubs,0.99,FPR_cort,Aud,4,1,PFM3T7T04,PFM3T7T01,0.0015993235045406
allsubs,0.99,FPR_cort,Tpole,4,1,PFM3T7T04,PFM3T7T01,0.0002037213092489
allsubs,0.99,FPR_cort,MTL,4,1,PFM3T7T04,PFM3T7T01,5.34435458011188e-05
allsubs,0.99,FPR_cort,PMN,4,1,PFM3T7T04,PFM3T7T01,0.014494768674615
allsubs,0.99,FPR_cort,PON,4,1,PFM3T7T04,PFM3T7T01,0.0034159875151725
allsubs,0.99,FPR_cort,SCAN,4,1,PFM3T7T04,PFM3T7T01,0.0036684168434229
allsubs,0.99,FNR_cort,DMN,4,1,PFM3T7T04,PFM3T7T01,0.736968532308431
allsubs,0.99,FNR_cort,Vis,4,1,PFM3T7T04,PFM3T7T01,0.564475873544093
allsubs,0.99,FNR_cort,FP,4,1,PFM3T7T04,PFM3T7T01,0.630561189993239
allsubs,0.99,FNR_cort,DAN,4,1,PFM3T7T04,PFM3T7T01,0.872093023255814
allsubs,0.99,FNR_cort,VAN,4,1,PFM3T7T04,PFM3T7T01,0.892772041302621
allsubs,0.99,FNR_cort,Sal,4,1,PFM3T7T04,PFM3T7T01,
allsubs,0.99,FNR_cort,AMN,4,1,PFM3T7T04,PFM3T7T01,0.349286617301788
allsubs,0.99,FNR_cort,SMd,4,1,PFM3T7T04,PFM3T7T01,0.800337837837838
allsubs,0.99,FNR_cort,SMl,4,1,PFM3T7T04,PFM3T7T01,0.58659469185785
allsubs,0.99,FNR_cort,Aud,4,1,PFM3T7T04,PFM3T7T01,0.847826086956522
allsubs,0.99,FNR_cort,Tpole,4,1,PFM3T7T04,PFM3T7T01,1.0
allsubs,0.99,FNR_cort,MTL,4,1,PFM3T7T04,PFM3T7T01,0.983221476510067
allsubs,0.99,FNR_cort,PMN,4,1,PFM3T7T04,PFM3T7T01,0.526680896478122
allsubs,0.99,FNR_cort,PON,4,1,PFM3T7T04,PFM3T7T01,0.703214695752009
allsubs,0.99,FNR_cort,SCAN,4,1,PFM3T7T04,PFM3T7T01,0.761351636747624
allsubs,0.99,NPV_cort,DMN,4,1,PFM3T7T04,PFM3T7T01,0.891572864943189
allsubs,0.99,NPV_cort,Vis,4,1,PFM3T7T04,PFM3T7T01,0.92755712150331
allsubs,0.99,NPV_cort,FP,4,1,PFM3T7T04,PFM3T7T01,0.916092347003041
allsubs,0.99,NPV_cort,DAN,4,1,PFM3T7T04,PFM3T7T01,0.890623659603672
allsubs,0.99,NPV_cort,VAN,4,1,PFM3T7T04,PFM3T7T01,0.961596938688351
allsubs,0.99,NPV_cort,Sal,4,1,PFM3T7T04,PFM3T7T01,
allsubs,0.99,NPV_cort,AMN,4,1,PFM3T7T04,PFM3T7T01,0.962117057118232
allsubs,0.99,NPV_cort,SMd,4,1,PFM3T7T04,PFM3T7T01,0.959703345864022
allsubs,0.99,NPV_cort,SMl,4,1,PFM3T7T04,PFM3T7T01,0.977420304410313
allsubs,0.99,NPV_cort,Aud,4,1,PFM3T7T04,PFM3T7T01,0.927410266042826
allsubs,0.99,NPV_cort,Tpole,4,1,PFM3T7T04,PFM3T7T01,0.991447811447811
allsubs,0.99,NPV_cort,MTL,4,1,PFM3T7T04,PFM3T7T01,0.945698689220609
allsubs,0.99,NPV_cort,PMN,4,1,PFM3T7T04,PFM3T7T01,0.982891612209877
allsubs,0.99,NPV_cort,PON,4,1,PFM3T7T04,PFM3T7T01,0.979130464411053
allsubs,0.99,NPV_cort,SCAN,4,1,PFM3T7T04,PFM3T7T01,0.975454901360023
allsubs,0.99,PPV_cort,DMN,4,1,PFM3T7T04,PFM3T7T01,0.776320453739809
allsubs,0.99,PPV_cort,Vis,4,1,PFM3T7T04,PFM3T7T01,0.976679104477612
allsubs,0.99,PPV_cort,FP,4,1,PFM3T7T04,PFM3T7T01,0.711643657202396
allsubs,0.99,PPV_cort,DAN,4,1,PFM3T7T04,PFM3T7T01,0.82963620230701
allsubs,0.99,PPV_cort,VAN,4,1,PFM3T7T04,PFM3T7T01,0.308571428571429
allsubs,0.99,PPV_cort,Sal,4,1,PFM3T7T04,PFM3T7T01,
allsubs,0.99,PPV_cort,AMN,4,1,PFM3T7T04,PFM3T7T01,0.430980861244019
allsubs,0.99,PPV_cort,SMd,4,1,PFM3T7T04,PFM3T7T01,0.948635634028893
allsubs,0.99,PPV_cort,SMl,4,1,PFM3T7T04,PFM3T7T01,0.553281155930163
allsubs,0.99,PPV_cort,Aud,4,1,PFM3T7T04,PFM3T7T01,0.897647058823529
allsubs,0.99,PPV_cort,Tpole,4,1,PFM3T7T04,PFM3T7T01,0.0
allsubs,0.99,PPV_cort,MTL,4,1,PFM3T7T04,PFM3T7T01,0.948275862068966
allsubs,0.99,PPV_cort,PMN,4,1,PFM3T7T04,PFM3T7T01,0.515398024404416
allsubs,0.99,PPV_cort,PON,4,1,PFM3T7T04,PFM3T7T01,0.724089635854342
allsubs,0.99,PPV_cort,SCAN,4,1,PFM3T7T04,PFM3T7T01,0.681749622926094
allsubs,0.99,PPVcorr_Jeffreys_cort,DMN,4,1,PFM3T7T04,PFM3T7T01,0.713351215239764
allsubs,0.99,PPVcorr_Jeffreys_cort,Vis,4,1,PFM3T7T04,PFM3T7T01,0.889362999085645
allsubs,0.99,PPVcorr_Jeffreys_cort,FP,4,1,PFM3T7T04,PFM3T7T01,0.677459866768592
allsubs,0.99,PPVcorr_Jeffreys_cort,DAN,4,1,PFM3T7T04,PFM3T7T01,0.69994617868676
allsubs,0.99,PPVcorr_Jeffreys_cort,VAN,4,1,PFM3T7T04,PFM3T7T01,0.351348952786652
allsubs,0.99,PPVcorr_Jeffreys_cort,Sal,4,1,PFM3T7T04,PFM3T7T01,
allsubs,0.99,PPVcorr_Jeffreys_cort,AMN,4,1,PFM3T7T04,PFM3T7T01,0.43526818268508
allsubs,0.99,PPVcorr_Jeffreys_cort,SMd,4,1,PFM3T7T04,PFM3T7T01,0.804134929270947
allsubs,0.99,PPVcorr_Jeffreys_cort,SMl,4,1,PFM3T7T04,PFM3T7T01,0.546991982158976
allsubs,0.99,PPVcorr_Jeffreys_cort,Aud,4,1,PFM3T7T04,PFM3T7T01,0.750110996004144
allsubs,0.99,PPVcorr_Jeffreys_cort,Tpole,4,1,PFM3T7T04,PFM3T7T01,0.404458598726115
allsubs,0.99,PPVcorr_Jeffreys_cort,MTL,4,1,PFM3T7T04,PFM3T7T01,0.56739243131156
allsubs,0.99,PPVcorr_Jeffreys_cort,PMN,4,1,PFM3T7T04,PFM3T7T01,0.513885977782435
allsubs,0.99,PPVcorr_Jeffreys_cort,PON,4,1,PFM3T7T04,PFM3T7T01,0.680139608196352
allsubs,0.99,PPVcorr_Jeffreys_cort,SCAN,4,1,PFM3T7T04,PFM3T7T01,0.641365556076959
allsubs,0.99,PPVcorr_d1d2_cort,DMN,4,1,PFM3T7T04,PFM3T7T01,0.761253188226584
allsubs,0.99,PPVcorr_d1d2_cort,Vis,4,1,PFM3T7T04,PFM3T7T01,0.960534322004779
allsubs,0.99,PPVcorr_d1d2_cort,FP,4,1,PFM3T7T04,PFM3T7T01,0.706703922598271
allsubs,0.99,PPVcorr_d1d2_cort,DAN,4,1,PFM3T7T04,PFM3T7T01,0.774362570571748
allsubs,0.99,PPVcorr_d1d2_cort,VAN,4,1,PFM3T7T04,PFM3T7T01,0.312755944087814
allsubs,0.99,PPVcorr_d1d2_cort,Sal,4,1,PFM3T7T04,PFM3T7T01,
allsubs,0.99,PPVcorr_d1d2_cort,AMN,4,1,PFM3T7T04,PFM3T7T01,0.443740017435329
allsubs,0.99,PPVcorr_d1d2_cort,SMd,4,1,PFM3T7T04,PFM3T7T01,0.846059802896819
allsubs,0.99,PPVcorr_d1d2_cort,SMl,4,1,PFM3T7T04,PFM3T7T01,0.564255873100488
allsubs,0.99,PPVcorr_d1d2_cort,Aud,4,1,PFM3T7T04,PFM3T7T01,0.820665123983026
allsubs,0.99,PPVcorr_d1d2_cort,Tpole,4,1,PFM3T7T04,PFM3T7T01,0.0253292453487562
allsubs,0.99,PPVcorr_d1d2_cort,MTL,4,1,PFM3T7T04,PFM3T7T01,0.360184726842951
allsubs,0.99,PPVcorr_d1d2_cort,PMN,4,1,PFM3T7T04,PFM3T7T01,0.537505842852741
allsubs,0.99,PPVcorr_d1d2_cort,PON,4,1,PFM3T7T04,PFM3T7T01,0.685260577715481
allsubs,0.99,PPVcorr_d1d2_cort,SCAN,4,1,PFM3T7T04,PFM3T7T01,0.638095916009222
allsubs,0.99,PPVcorr_bayes_cort,DMN,4,1,PFM3T7T04,PFM3T7T01,0.719991971095945
allsubs,0.99,PPVcorr_bayes_cort,Vis,4,1,PFM3T7T04,PFM3T7T01,0.92304897137746
allsubs,0.99,PPVcorr_bayes_cort,FP,4,1,PFM3T7T04,PFM3T7T01,0.694684957539046
allsubs,0.99,PPVcorr_bayes_cort,DAN,4,1,PFM3T7T04,PFM3T7T01,0.66411114830934
allsubs,0.99,PPVcorr_bayes_cort,VAN,4,1,PFM3T7T04,PFM3T7T01,0.313654057291147
allsubs,0.99,PPVcorr_bayes_cort,Sal,4,1,PFM3T7T04,PFM3T7T01,
allsubs,0.99,PPVcorr_bayes_cort,AMN,4,1,PFM3T7T04,PFM3T7T01,0.465567241848377
allsubs,0.99,PPVcorr_bayes_cort,SMd,4,1,PFM3T7T04,PFM3T7T01,0.806541450777202
allsubs,0.99,PPVcorr_bayes_cort,SMl,4,1,PFM3T7T04,PFM3T7T01,0.565406198009193
allsubs,0.99,PPVcorr_bayes_cort,Aud,4,1,PFM3T7T04,PFM3T7T01,0.7315966234002
allsubs,0.99,PPVcorr_bayes_cort,Tpole,4,1,PFM3T7T04,PFM3T7T01,0.0286458333333333
allsubs,0.99,PPVcorr_bayes_cort,MTL,4,1,PFM3T7T04,PFM3T7T01,0.262000897263347
allsubs,0.99,PPVcorr_bayes_cort,PMN,4,1,PFM3T7T04,PFM3T7T01,0.536184391694663
allsubs,0.99,PPVcorr_bayes_cort,PON,4,1,PFM3T7T04,PFM3T7T01,0.689689564892158
allsubs,0.99,PPVcorr_bayes_cort,SCAN,4,1,PFM3T7T04,PFM3T7T01,0.640108079609859
allsubs,0.99,MCC_cort,DMN,4,1,PFM3T7T04,PFM3T7T01,0.409178846218774
allsubs,0.99,MCC_cort,Vis,4,1,PFM3T7T04,PFM3T7T01,0.626512172627371
allsubs,0.99,MCC_cort,FP,4,1,PFM3T7T04,PFM3T7T01,0.467494252403164
allsubs,0.99,MCC_cort,DAN,4,1,PFM3T7T04,PFM3T7T01,0.299118783634153
allsubs,0.99,MCC_cort,VAN,4,1,PFM3T7T04,PFM3T7T01,0.16154467919001
allsubs,0.99,MCC_cort,Sal,4,1,PFM3T7T04,PFM3T7T01,
allsubs,0.99,MCC_cort,AMN,4,1,PFM3T7T04,PFM3T7T01,0.470196464975988
allsubs,0.99,MCC_cort,SMd,4,1,PFM3T7T04,PFM3T7T01,0.425259955548853
allsubs,0.99,MCC_cort,SMl,4,1,PFM3T7T04,PFM3T7T01,0.460987204162636
allsubs,0.99,MCC_cort,Aud,4,1,PFM3T7T04,PFM3T7T01,0.352466548821084
allsubs,0.99,MCC_cort,Tpole,4,1,PFM3T7T04,PFM3T7T01,-0.0013199481235244
allsubs,0.99,MCC_cort,MTL,4,1,PFM3T7T04,PFM3T7T01,0.122277536114928
allsubs,0.99,MCC_cort,PMN,4,1,PFM3T7T04,PFM3T7T01,0.478149988059016
allsubs,0.99,MCC_cort,PON,4,1,PFM3T7T04,PFM3T7T01,0.454206120971132
allsubs,0.99,MCC_cort,SCAN,4,1,PFM3T7T04,PFM3T7T01,0.39297567850501
allsubs,0.99,muI_cort,WholeBrainOrSingleVal,4,1,PFM3T7T04,PFM3T7T01,1.705789429312
allsubs,0.99,VIn_cort,WholeBrainOrSingleVal,4,1,PFM3T7T04,PFM3T7T01,0.213792859132011
allsubs,0.99,MIn_cort,WholeBrainOrSingleVal,4,1,PFM3T7T04,PFM3T7T01,0.520577280896043
allsubs,0.99,DC_cort,DMN,4,2,PFM3T7T04,PFM3T7T02,0.419783794126088
allsubs,0.99,DC_cort,Vis,4,2,PFM3T7T04,PFM3T7T02,0.613297150610583
allsubs,0.99,DC_cort,FP,4,2,PFM3T7T04,PFM3T7T02,0.521029244600599
allsubs,0.99,DC_cort,DAN,4,2,PFM3T7T04,PFM3T7T02,0.293359438733888
allsubs,0.99,DC_cort,VAN,4,2,PFM3T7T04,PFM3T7T02,0.18561872909699
allsubs,0.99,DC_cort,Sal,4,2,PFM3T7T04,PFM3T7T02,
allsubs,0.99,DC_cort,AMN,4,2,PFM3T7T04,PFM3T7T02,0.495451263537906
allsubs,0.99,DC_cort,SMd,4,2,PFM3T7T04,PFM3T7T02,0.260778568438677
allsubs,0.99,DC_cort,SMl,4,2,PFM3T7T04,PFM3T7T02,0.541094179365476
allsubs,0.99,DC_cort,Aud,4,2,PFM3T7T04,PFM3T7T02,0.312811980033278
allsubs,0.99,DC_cort,Tpole,4,2,PFM3T7T04,PFM3T7T02,0.0297619047619048
allsubs,0.99,DC_cort,MTL,4,2,PFM3T7T04,PFM3T7T02,0.0353016688061617
allsubs,0.99,DC_cort,PMN,4,2,PFM3T7T04,PFM3T7T02,0.447865640307908
allsubs,0.99,DC_cort,PON,4,2,PFM3T7T04,PFM3T7T02,0.372340425531915
allsubs,0.99,DC_cort,SCAN,4,2,PFM3T7T04,PFM3T7T02,0.281833616298812
allsubs,0.99,cDC_cort,DMN,4,2,PFM3T7T04,PFM3T7T02,0.419783794126088
allsubs,0.99,cDC_cort,Vis,4,2,PFM3T7T04,PFM3T7T02,0.613297150610583
allsubs,0.99,cDC_cort,FP,4,2,PFM3T7T04,PFM3T7T02,0.521029244600599
allsubs,0.99,cDC_cort,DAN,4,2,PFM3T7T04,PFM3T7T02,0.293359438733888
allsubs,0.99,cDC_cort,VAN,4,2,PFM3T7T04,PFM3T7T02,0.18561872909699
allsubs,0.99,cDC_cort,Sal,4,2,PFM3T7T04,PFM3T7T02,
allsubs,0.99,cDC_cort,AMN,4,2,PFM3T7T04,PFM3T7T02,0.495451263537906
allsubs,0.99,cDC_cort,SMd,4,2,PFM3T7T04,PFM3T7T02,0.260778568438677
allsubs,0.99,cDC_cort,SMl,4,2,PFM3T7T04,PFM3T7T02,0.541094179365476
allsubs,0.99,cDC_cort,Aud,4,2,PFM3T7T04,PFM3T7T02,0.312811980033278
allsubs,0.99,cDC_cort,Tpole,4,2,PFM3T7T04,PFM3T7T02,0.0297619047619048
allsubs,0.99,cDC_cort,MTL,4,2,PFM3T7T04,PFM3T7T02,0.0353016688061617
allsubs,0.99,cDC_cort,PMN,4,2,PFM3T7T04,PFM3T7T02,0.447865640307908
allsubs,0.99,cDC_cort,PON,4,2,PFM3T7T04,PFM3T7T02,0.372340425531915
allsubs,0.99,cDC_cort,SCAN,4,2,PFM3T7T04,PFM3T7T02,0.281833616298812
allsubs,0.99,TP_cort,DMN,4,2,PFM3T7T04,PFM3T7T02,2194.0
allsubs,0.99,TP_cort,Vis,4,2,PFM3T7T04,PFM3T7T02,2938.0
allsubs,0.99,TP_cort,FP,4,2,PFM3T7T04,PFM3T7T02,2521.0
allsubs,0.99,TP_cort,DAN,4,2,PFM3T7T04,PFM3T7T02,899.0
allsubs,0.99,TP_cort,VAN,4,2,PFM3T7T04,PFM3T7T02,555.0
allsubs,0.99,TP_cort,Sal,4,2,PFM3T7T04,PFM3T7T02,
allsubs,0.99,TP_cort,AMN,4,2,PFM3T7T04,PFM3T7T02,3431.0
allsubs,0.99,TP_cort,SMd,4,2,PFM3T7T04,PFM3T7T02,623.0
allsubs,0.99,TP_cort,SMl,4,2,PFM3T7T04,PFM3T7T02,1083.0
allsubs,0.99,TP_cort,Aud,4,2,PFM3T7T04,PFM3T7T02,752.0
allsubs,0.99,TP_cort,Tpole,4,2,PFM3T7T04,PFM3T7T02,10.0
allsubs,0.99,TP_cort,MTL,4,2,PFM3T7T04,PFM3T7T02,55.0
allsubs,0.99,TP_cort,PMN,4,2,PFM3T7T04,PFM3T7T02,640.0
allsubs,0.99,TP_cort,PON,4,2,PFM3T7T04,PFM3T7T02,595.0
allsubs,0.99,TP_cort,SCAN,4,2,PFM3T7T04,PFM3T7T02,581.0
allsubs,0.99,TN_cort,DMN,4,2,PFM3T7T04,PFM3T7T02,51153.0
allsubs,0.99,TN_cort,Vis,4,2,PFM3T7T04,PFM3T7T02,52769.0
allsubs,0.99,TN_cort,FP,4,2,PFM3T7T04,PFM3T7T02,52256.0
allsubs,0.99,TN_cort,DAN,4,2,PFM3T7T04,PFM3T7T02,54182.0
allsubs,0.99,TN_cort,VAN,4,2,PFM3T7T04,PFM3T7T02,53987.0
allsubs,0.99,TN_cort,Sal,4,2,PFM3T7T04,PFM3T7T02,
allsubs,0.99,TN_cort,AMN,4,2,PFM3T7T04,PFM3T7T02,48993.0
allsubs,0.99,TN_cort,SMd,4,2,PFM3T7T04,PFM3T7T02,55257.0
allsubs,0.99,TN_cort,SMl,4,2,PFM3T7T04,PFM3T7T02,56492.0
allsubs,0.99,TN_cort,Aud,4,2,PFM3T7T04,PFM3T7T02,55356.0
allsubs,0.99,TN_cort,Tpole,4,2,PFM3T7T04,PFM3T7T02,58750.0
allsubs,0.99,TN_cort,MTL,4,2,PFM3T7T04,PFM3T7T02,56351.0
allsubs,0.99,TN_cort,PMN,4,2,PFM3T7T04,PFM3T7T02,57194.0
allsubs,0.99,TN_cort,PON,4,2,PFM3T7T04,PFM3T7T02,56811.0
allsubs,0.99,TN_cort,SCAN,4,2,PFM3T7T04,PFM3T7T02,55870.0
allsubs,0.99,FP_cort,DMN,4,2,PFM3T7T04,PFM3T7T02,627.0
allsubs,0.99,FP_cort,Vis,4,2,PFM3T7T04,PFM3T7T02,278.0
allsubs,0.99,FP_cort,FP,4,2,PFM3T7T04,PFM3T7T02,1318.0
allsubs,0.99,FP_cort,DAN,4,2,PFM3T7T04,PFM3T7T02,228.0
allsubs,0.99,FP_cort,VAN,4,2,PFM3T7T04,PFM3T7T02,320.0
allsubs,0.99,FP_cort,Sal,4,2,PFM3T7T04,PFM3T7T02,
allsubs,0.99,FP_cort,AMN,4,2,PFM3T7T04,PFM3T7T02,4929.0
allsubs,0.99,FP_cort,SMd,4,2,PFM3T7T04,PFM3T7T02,0.0
allsubs,0.99,FP_cort,SMl,4,2,PFM3T7T04,PFM3T7T02,578.0
allsubs,0.99,FP_cort,Aud,4,2,PFM3T7T04,PFM3T7T02,98.0
allsubs,0.99,FP_cort,Tpole,4,2,PFM3T7T04,PFM3T7T02,2.0
allsubs,0.99,FP_cort,MTL,4,2,PFM3T7T04,PFM3T7T02,3.0
allsubs,0.99,FP_cort,PMN,4,2,PFM3T7T04,PFM3T7T02,1081.0
allsubs,0.99,FP_cort,PON,4,2,PFM3T7T04,PFM3T7T02,119.0
allsubs,0.99,FP_cort,SCAN,4,2,PFM3T7T04,PFM3T7T02,82.0
allsubs,0.99,FN_cort,DMN,4,2,PFM3T7T04,PFM3T7T02,5438.0
allsubs,0.99,FN_cort,Vis,4,2,PFM3T7T04,PFM3T7T02,3427.0
allsubs,0.99,FN_cort,FP,4,2,PFM3T7T04,PFM3T7T02,3317.0
allsubs,0.99,FN_cort,DAN,4,2,PFM3T7T04,PFM3T7T02,4103.0
allsubs,0.99,FN_cort,VAN,4,2,PFM3T7T04,PFM3T7T02,4550.0
allsubs,0.99,FN_cort,Sal,4,2,PFM3T7T04,PFM3T7T02,
allsubs,0.99,FN_cort,AMN,4,2,PFM3T7T04,PFM3T7T02,2059.0
allsubs,0.99,FN_cort,SMd,4,2,PFM3T7T04,PFM3T7T02,3532.0
allsubs,0.99,FN_cort,SMl,4,2,PFM3T7T04,PFM3T7T02,1259.0
allsubs,0.99,FN_cort,Aud,4,2,PFM3T7T04,PFM3T7T02,3206.0
allsubs,0.99,FN_cort,Tpole,4,2,PFM3T7T04,PFM3T7T02,650.0
allsubs,0.99,FN_cort,MTL,4,2,PFM3T7T04,PFM3T7T02,3003.0
allsubs,0.99,FN_cort,PMN,4,2,PFM3T7T04,PFM3T7T02,497.0
allsubs,0.99,FN_cort,PON,4,2,PFM3T7T04,PFM3T7T02,1887.0
allsubs,0.99,FN_cort,SCAN,4,2,PFM3T7T04,PFM3T7T02,2879.0
allsubs,0.99,TPR_cort,DMN,4,2,PFM3T7T04,PFM3T7T02,0.287473794549266
allsubs,0.99,TPR_cort,Vis,4,2,PFM3T7T04,PFM3T7T02,0.461586802827965
allsubs,0.99,TPR_cort,FP,4,2,PFM3T7T04,PFM3T7T02,0.431825967797191
allsubs,0.99,TPR_cort,DAN,4,2,PFM3T7T04,PFM3T7T02,0.179728108756497
allsubs,0.99,TPR_cort,VAN,4,2,PFM3T7T04,PFM3T7T02,0.10871694417238
allsubs,0.99,TPR_cort,Sal,4,2,PFM3T7T04,PFM3T7T02,
allsubs,0.99,TPR_cort,AMN,4,2,PFM3T7T04,PFM3T7T02,0.624954462659381
allsubs,0.99,TPR_cort,SMd,4,2,PFM3T7T04,PFM3T7T02,0.149939831528279
allsubs,0.99,TPR_cort,SMl,4,2,PFM3T7T04,PFM3T7T02,0.462425277540564
allsubs,0.99,TPR_cort,Aud,4,2,PFM3T7T04,PFM3T7T02,0.1899949469429
allsubs,0.99,TPR_cort,Tpole,4,2,PFM3T7T04,PFM3T7T02,0.0151515151515152
allsubs,0.99,TPR_cort,MTL,4,2,PFM3T7T04,PFM3T7T02,0.0179856115107914
allsubs,0.99,TPR_cort,PMN,4,2,PFM3T7T04,PFM3T7T02,0.562884784520668
allsubs,0.99,TPR_cort,PON,4,2,PFM3T7T04,PFM3T7T02,0.23972602739726
allsubs,0.99,TPR_cort,SCAN,4,2,PFM3T7T04,PFM3T7T02,0.167919075144509
allsubs,0.99,TNR_cort,DMN,4,2,PFM3T7T04,PFM3T7T02,0.987891077636153
allsubs,0.99,TNR_cort,Vis,4,2,PFM3T7T04,PFM3T7T02,0.994759364337286
allsubs,0.99,TNR_cort,FP,4,2,PFM3T7T04,PFM3T7T02,0.975398514204652
allsubs,0.99,TNR_cort,DAN,4,2,PFM3T7T04,PFM3T7T02,0.995809593824665
allsubs,0.99,TNR_cort,VAN,4,2,PFM3T7T04,PFM3T7T02,0.994107573609295
allsubs,0.99,TNR_cort,Sal,4,2,PFM3T7T04,PFM3T7T02,
allsubs,0.99,TNR_cort,AMN,4,2,PFM3T7T04,PFM3T7T02,0.908590185823968
allsubs,0.99,TNR_cort,SMd,4,2,PFM3T7T04,PFM3T7T02,1.0
allsubs,0.99,TNR_cort,SMl,4,2,PFM3T7T04,PFM3T7T02,0.989872086910811
allsubs,0.99,TNR_cort,Aud,4,2,PFM3T7T04,PFM3T7T02,0.998232769502651
allsubs,0.99,TNR_cort,Tpole,4,2,PFM3T7T04,PFM3T7T02,0.999965958605665
allsubs,0.99,TNR_cort,MTL,4,2,PFM3T7T04,PFM3T7T02,0.999946765092096
allsubs,0.99,TNR_cort,PMN,4,2,PFM3T7T04,PFM3T7T02,0.981450021450021
allsubs,0.99,TNR_cort,PON,4,2,PFM3T7T04,PFM3T7T02,0.997909713683471
allsubs,0.99,TNR_cort,SCAN,4,2,PFM3T7T04,PFM3T7T02,0.998534458106949
allsubs,0.99,FPR_cort,DMN,4,2,PFM3T7T04,PFM3T7T02,0.012108922363847
allsubs,0.99,FPR_cort,Vis,4,2,PFM3T7T04,PFM3T7T02,0.0052406356627142
allsubs,0.99,FPR_cort,FP,4,2,PFM3T7T04,PFM3T7T02,0.0246014857953485
allsubs,0.99,FPR_cort,DAN,4,2,PFM3T7T04,PFM3T7T02,0.0041904061753354
allsubs,0.99,FPR_cort,VAN,4,2,PFM3T7T04,PFM3T7T02,0.0058924263907047
allsubs,0.99,FPR_cort,Sal,4,2,PFM3T7T04,PFM3T7T02,
allsubs,0.99,FPR_cort,AMN,4,2,PFM3T7T04,PFM3T7T02,0.091409814176032
allsubs,0.99,FPR_cort,SMd,4,2,PFM3T7T04,PFM3T7T02,0.0
allsubs,0.99,FPR_cort,SMl,4,2,PFM3T7T04,PFM3T7T02,0.0101279130891887
allsubs,0.99,FPR_cort,Aud,4,2,PFM3T7T04,PFM3T7T02,0.0017672304973491
allsubs,0.99,FPR_cort,Tpole,4,2,PFM3T7T04,PFM3T7T02,3.4041394335512e-05
allsubs,0.99,FPR_cort,MTL,4,2,PFM3T7T04,PFM3T7T02,5.32349079036093e-05
allsubs,0.99,FPR_cort,PMN,4,2,PFM3T7T04,PFM3T7T02,0.0185499785499786
allsubs,0.99,FPR_cort,PON,4,2,PFM3T7T04,PFM3T7T02,0.002090286316529
allsubs,0.99,FPR_cort,SCAN,4,2,PFM3T7T04,PFM3T7T02,0.0014655418930511
allsubs,0.99,FNR_cort,DMN,4,2,PFM3T7T04,PFM3T7T02,0.712526205450734
allsubs,0.99,FNR_cort,Vis,4,2,PFM3T7T04,PFM3T7T02,0.538413197172035
allsubs,0.99,FNR_cort,FP,4,2,PFM3T7T04,PFM3T7T02,0.568174032202809
allsubs,0.99,FNR_cort,DAN,4,2,PFM3T7T04,PFM3T7T02,0.820271891243503
allsubs,0.99,FNR_cort,VAN,4,2,PFM3T7T04,PFM3T7T02,0.89128305582762
allsubs,0.99,FNR_cort,Sal,4,2,PFM3T7T04,PFM3T7T02,
allsubs,0.99,FNR_cort,AMN,4,2,PFM3T7T04,PFM3T7T02,0.375045537340619
allsubs,0.99,FNR_cort,SMd,4,2,PFM3T7T04,PFM3T7T02,0.850060168471721
allsubs,0.99,FNR_cort,SMl,4,2,PFM3T7T04,PFM3T7T02,0.537574722459436
allsubs,0.99,FNR_cort,Aud,4,2,PFM3T7T04,PFM3T7T02,0.8100050530571
allsubs,0.99,FNR_cort,Tpole,4,2,PFM3T7T04,PFM3T7T02,0.984848484848485
allsubs,0.99,FNR_cort,MTL,4,2,PFM3T7T04,PFM3T7T02,0.982014388489209
allsubs,0.99,FNR_cort,PMN,4,2,PFM3T7T04,PFM3T7T02,0.437115215479332
allsubs,0.99,FNR_cort,PON,4,2,PFM3T7T04,PFM3T7T02,0.76027397260274
allsubs,0.99,FNR_cort,SCAN,4,2,PFM3T7T04,PFM3T7T02,0.832080924855491
allsubs,0.99,NPV_cort,DMN,4,2,PFM3T7T04,PFM3T7T02,0.903906981675531
allsubs,0.99,NPV_cort,Vis,4,2,PFM3T7T04,PFM3T7T02,0.939017011886967
allsubs,0.99,NPV_cort,FP,4,2,PFM3T7T04,PFM3T7T02,0.940312741799075
allsubs,0.99,NPV_cort,DAN,4,2,PFM3T7T04,PFM3T7T02,0.929604529467273
allsubs,0.99,NPV_cort,VAN,4,2,PFM3T7T04,PFM3T7T02,0.922271383911031
allsubs,0.99,NPV_cort,Sal,4,2,PFM3T7T04,PFM3T7T02,
allsubs,0.99,NPV_cort,AMN,4,2,PFM3T7T04,PFM3T7T02,0.959668573219463
allsubs,0.99,NPV_cort,SMd,4,2,PFM3T7T04,PFM3T7T02,0.939920733470547
allsubs,0.99,NPV_cort,SMl,4,2,PFM3T7T04,PFM3T7T02,0.978199511696767
allsubs,0.99,NPV_cort,Aud,4,2,PFM3T7T04,PFM3T7T02,0.945254601960316
allsubs,0.99,NPV_cort,Tpole,4,2,PFM3T7T04,PFM3T7T02,0.989057239057239
allsubs,0.99,NPV_cort,MTL,4,2,PFM3T7T04,PFM3T7T02,0.949405263335243
allsubs,0.99,NPV_cort,PMN,4,2,PFM3T7T04,PFM3T7T02,0.991385138063129
allsubs,0.99,NPV_cort,PON,4,2,PFM3T7T04,PFM3T7T02,0.967852397015231
allsubs,0.99,NPV_cort,SCAN,4,2,PFM3T7T04,PFM3T7T02,0.950994910551669
allsubs,0.99,PPV_cort,DMN,4,2,PFM3T7T04,PFM3T7T02,0.777738390641616
allsubs,0.99,PPV_cort,Vis,4,2,PFM3T7T04,PFM3T7T02,0.913557213930348
allsubs,0.99,PPV_cort,FP,4,2,PFM3T7T04,PFM3T7T02,0.656681427455066
allsubs,0.99,PPV_cort,DAN,4,2,PFM3T7T04,PFM3T7T02,0.797692990239574
allsubs,0.99,PPV_cort,VAN,4,2,PFM3T7T04,PFM3T7T02,0.634285714285714
allsubs,0.99,PPV_cort,Sal,4,2,PFM3T7T04,PFM3T7T02,
allsubs,0.99,PPV_cort,AMN,4,2,PFM3T7T04,PFM3T7T02,0.410406698564593
allsubs,0.99,PPV_cort,SMd,4,2,PFM3T7T04,PFM3T7T02,1.0
allsubs,0.99,PPV_cort,SMl,4,2,PFM3T7T04,PFM3T7T02,0.652016857314871
allsubs,0.99,PPV_cort,Aud,4,2,PFM3T7T04,PFM3T7T02,0.884705882352941
allsubs,0.99,PPV_cort,Tpole,4,2,PFM3T7T04,PFM3T7T02,0.833333333333333
allsubs,0.99,PPV_cort,MTL,4,2,PFM3T7T04,PFM3T7T02,0.948275862068966
allsubs,0.99,PPV_cort,PMN,4,2,PFM3T7T04,PFM3T7T02,0.371876815804765
allsubs,0.99,PPV_cort,PON,4,2,PFM3T7T04,PFM3T7T02,0.833333333333333
allsubs,0.99,PPV_cort,SCAN,4,2,PFM3T7T04,PFM3T7T02,0.8763197586727
allsubs,0.99,PPVcorr_Jeffreys_cort,DMN,4,2,PFM3T7T04,PFM3T7T02,0.718598292505999
allsubs,0.99,PPVcorr_Jeffreys_cort,Vis,4,2,PFM3T7T04,PFM3T7T02,0.845230369889682
allsubs,0.99,PPVcorr_Jeffreys_cort,FP,4,2,PFM3T7T04,PFM3T7T02,0.63599981911911
allsubs,0.99,PPVcorr_Jeffreys_cort,DAN,4,2,PFM3T7T04,PFM3T7T02,0.706182399213373
allsubs,0.99,PPVcorr_Jeffreys_cort,VAN,4,2,PFM3T7T04,PFM3T7T02,0.584806928906532
allsubs,0.99,PPVcorr_Jeffreys_cort,Sal,4,2,PFM3T7T04,PFM3T7T02,
allsubs,0.99,PPVcorr_Jeffreys_cort,AMN,4,2,PFM3T7T04,PFM3T7T02,0.415927713548097
allsubs,0.99,PPVcorr_Jeffreys_cort,SMd,4,2,PFM3T7T04,PFM3T7T02,0.799951853635051
allsubs,0.99,PPVcorr_Jeffreys_cort,SMl,4,2,PFM3T7T04,PFM3T7T02,0.633231321232588
allsubs,0.99,PPVcorr_Jeffreys_cort,Aud,4,2,PFM3T7T04,PFM3T7T02,0.762481939316102
allsubs,0.99,PPVcorr_Jeffreys_cort,Tpole,4,2,PFM3T7T04,PFM3T7T02,0.551282051282051
allsubs,0.99,PPVcorr_Jeffreys_cort,MTL,4,2,PFM3T7T04,PFM3T7T02,0.571467839472237
allsubs,0.99,PPVcorr_Jeffreys_cort,PMN,4,2,PFM3T7T04,PFM3T7T02,0.379816863792446
allsubs,0.99,PPVcorr_Jeffreys_cort,PON,4,2,PFM3T7T04,PFM3T7T02,0.747349823321555
allsubs,0.99,PPVcorr_Jeffreys_cort,SCAN,4,2,PFM3T7T04,PFM3T7T02,0.747274529236868
allsubs,0.99,PPVcorr_d1d2_cort,DMN,4,2,PFM3T7T04,PFM3T7T02,0.76367651891169
allsubs,0.99,PPVcorr_d1d2_cort,Vis,4,2,PFM3T7T04,PFM3T7T02,0.901123399393872
allsubs,0.99,PPVcorr_d1d2_cort,FP,4,2,PFM3T7T04,PFM3T7T02,0.656664675511223
allsubs,0.99,PPVcorr_d1d2_cort,DAN,4,2,PFM3T7T04,PFM3T7T02,0.750839566453549
allsubs,0.99,PPVcorr_d1d2_cort,VAN,4,2,PFM3T7T04,PFM3T7T02,0.586721371686389
allsubs,0.99,PPVcorr_d1d2_cort,Sal,4,2,PFM3T7T04,PFM3T7T02,
allsubs,0.99,PPVcorr_d1d2_cort,AMN,4,2,PFM3T7T04,PFM3T7T02,0.423564220190399
allsubs,0.99,PPVcorr_d1d2_cort,SMd,4,2,PFM3T7T04,PFM3T7T02,0.881897766785674
allsubs,0.99,PPVcorr_d1d2_cort,SMl,4,2,PFM3T7T04,PFM3T7T02,0.655177235324737
allsubs,0.99,PPVcorr_d1d2_cort,Aud,4,2,PFM3T7T04,PFM3T7T02,0.813854356123099
allsubs,0.99,PPVcorr_d1d2_cort,Tpole,4,2,PFM3T7T04,PFM3T7T02,0.109010458567981
allsubs,0.99,PPVcorr_d1d2_cort,MTL,4,2,PFM3T7T04,PFM3T7T02,0.360985311236431
allsubs,0.99,PPVcorr_d1d2_cort,PMN,4,2,PFM3T7T04,PFM3T7T02,0.43461209472421
allsubs,0.99,PPVcorr_d1d2_cort,PON,4,2,PFM3T7T04,PFM3T7T02,0.765971930414321
allsubs,0.99,PPVcorr_d1d2_cort,SCAN,4,2,PFM3T7T04,PFM3T7T02,0.786206609569349
allsubs,0.99,PPVcorr_bayes_cort,DMN,4,2,PFM3T7T04,PFM3T7T02,0.72903920589337
allsubs,0.99,PPVcorr_bayes_cort,Vis,4,2,PFM3T7T04,PFM3T7T02,0.876684817198218
allsubs,0.99,PPVcorr_bayes_cort,FP,4,2,PFM3T7T04,PFM3T7T02,0.656707567946949
allsubs,0.99,PPVcorr_bayes_cort,DAN,4,2,PFM3T7T04,PFM3T7T02,0.693599883898121
allsubs,0.99,PPVcorr_bayes_cort,VAN,4,2,PFM3T7T04,PFM3T7T02,0.529723756906077
allsubs,0.99,PPVcorr_bayes_cort,Sal,4,2,PFM3T7T04,PFM3T7T02,
allsubs,0.99,PPVcorr_bayes_cort,AMN,4,2,PFM3T7T04,PFM3T7T02,0.445776156563025
allsubs,0.99,PPVcorr_bayes_cort,SMd,4,2,PFM3T7T04,PFM3T7T02,0.78707544334235
allsubs,0.99,PPVcorr_bayes_cort,SMl,4,2,PFM3T7T04,PFM3T7T02,0.655696700578944
allsubs,0.99,PPVcorr_bayes_cort,Aud,4,2,PFM3T7T04,PFM3T7T02,0.757936886261798
allsubs,0.99,PPVcorr_bayes_cort,Tpole,4,2,PFM3T7T04,PFM3T7T02,0.241304347826087
allsubs,0.99,PPVcorr_bayes_cort,MTL,4,2,PFM3T7T04,PFM3T7T02,0.275601698914582
allsubs,0.99,PPVcorr_bayes_cort,PMN,4,2,PFM3T7T04,PFM3T7T02,0.408438035809652
allsubs,0.99,PPVcorr_bayes_cort,PON,4,2,PFM3T7T04,PFM3T7T02,0.752234537003933
allsubs,0.99,PPVcorr_bayes_cort,SCAN,4,2,PFM3T7T04,PFM3T7T02,0.734348864994026
allsubs,0.99,MCC_cort,DMN,4,2,PFM3T7T04,PFM3T7T02,0.43324495475873
allsubs,0.99,MCC_cort,Vis,4,2,PFM3T7T04,PFM3T7T02,0.623753942012083
allsubs,0.99,MCC_cort,FP,4,2,PFM3T7T04,PFM3T7T02,0.49306251260123
allsubs,0.99,MCC_cort,DAN,4,2,PFM3T7T04,PFM3T7T02,0.357306780935259
allsubs,0.99,MCC_cort,VAN,4,2,PFM3T7T04,PFM3T7T02,0.239223149465199
allsubs,0.99,MCC_cort,Sal,4,2,PFM3T7T04,PFM3T7T02,
allsubs,0.99,MCC_cort,AMN,4,2,PFM3T7T04,PFM3T7T02,0.444355354188969
allsubs,0.99,MCC_cort,SMd,4,2,PFM3T7T04,PFM3T7T02,0.375408519384564
allsubs,0.99,MCC_cort,SMl,4,2,PFM3T7T04,PFM3T7T02,0.533896247166131
allsubs,0.99,MCC_cort,Aud,4,2,PFM3T7T04,PFM3T7T02,0.395248740291893
allsubs,0.99,MCC_cort,Tpole,4,2,PFM3T7T04,PFM3T7T02,0.111500977109021
allsubs,0.99,MCC_cort,MTL,4,2,PFM3T7T04,PFM3T7T02,0.12687614436943
allsubs,0.99,MCC_cort,PMN,4,2,PFM3T7T04,PFM3T7T02,0.444675303086661
allsubs,0.99,MCC_cort,PON,4,2,PFM3T7T04,PFM3T7T02,0.436337443700043
allsubs,0.99,MCC_cort,SCAN,4,2,PFM3T7T04,PFM3T7T02,0.37109223894223
allsubs,0.99,muI_cort,WholeBrainOrSingleVal,4,2,PFM3T7T04,PFM3T7T02,1.80678962038157
allsubs,0.99,VIn_cort,WholeBrainOrSingleVal,4,2,PFM3T7T04,PFM3T7T02,0.207435975874193
allsubs,0.99,MIn_cort,WholeBrainOrSingleVal,4,2,PFM3T7T04,PFM3T7T02,0.542413841588411
allsubs,0.99,DC_cort,DMN,4,3,PFM3T7T04,PFM3T7T03,0.384300770803838
allsubs,0.99,DC_cort,Vis,4,3,PFM3T7T04,PFM3T7T03,0.597384721266345
allsubs,0.99,DC_cort,FP,4,3,PFM3T7T04,PFM3T7T03,0.442234981095085
allsubs,0.99,DC_cort,DAN,4,3,PFM3T7T04,PFM3T7T03,0.22726683097678
allsubs,0.99,DC_cort,VAN,4,3,PFM3T7T04,PFM3T7T03,0.171617161716172
allsubs,0.99,DC_cort,Sal,4,3,PFM3T7T04,PFM3T7T03,
allsubs,0.99,DC_cort,AMN,4,3,PFM3T7T04,PFM3T7T03,0.603015075376884
allsubs,0.99,DC_cort,SMd,4,3,PFM3T7T04,PFM3T7T03,0.333066025126971
allsubs,0.99,DC_cort,SMl,4,3,PFM3T7T04,PFM3T7T03,0.307817211783809
allsubs,0.99,DC_cort,Aud,4,3,PFM3T7T04,PFM3T7T03,0.524675324675325
allsubs,0.99,DC_cort,Tpole,4,3,PFM3T7T04,PFM3T7T03,0.0
allsubs,0.99,DC_cort,MTL,4,3,PFM3T7T04,PFM3T7T03,0.0440973817179605
allsubs,0.99,DC_cort,PMN,4,3,PFM3T7T04,PFM3T7T03,0.423565261554088
allsubs,0.99,DC_cort,PON,4,3,PFM3T7T04,PFM3T7T03,0.36566407570125
allsubs,0.99,DC_cort,SCAN,4,3,PFM3T7T04,PFM3T7T03,0.394218134034166
allsubs,0.99,cDC_cort,DMN,4,3,PFM3T7T04,PFM3T7T03,0.384300770803838
allsubs,0.99,cDC_cort,Vis,4,3,PFM3T7T04,PFM3T7T03,0.597384721266345
allsubs,0.99,cDC_cort,FP,4,3,PFM3T7T04,PFM3T7T03,0.442234981095085
allsubs,0.99,cDC_cort,DAN,4,3,PFM3T7T04,PFM3T7T03,0.22726683097678
allsubs,0.99,cDC_cort,VAN,4,3,PFM3T7T04,PFM3T7T03,0.171617161716172
allsubs,0.99,cDC_cort,Sal,4,3,PFM3T7T04,PFM3T7T03,
allsubs,0.99,cDC_cort,AMN,4,3,PFM3T7T04,PFM3T7T03,0.603015075376884
allsubs,0.99,cDC_cort,SMd,4,3,PFM3T7T04,PFM3T7T03,0.333066025126971
allsubs,0.99,cDC_cort,SMl,4,3,PFM3T7T04,PFM3T7T03,0.307817211783809
allsubs,0.99,cDC_cort,Aud,4,3,PFM3T7T04,PFM3T7T03,0.524675324675325
allsubs,0.99,cDC_cort,Tpole,4,3,PFM3T7T04,PFM3T7T03,0.0
allsubs,0.99,cDC_cort,MTL,4,3,PFM3T7T04,PFM3T7T03,0.0440973817179605
allsubs,0.99,cDC_cort,PMN,4,3,PFM3T7T04,PFM3T7T03,0.423565261554088
allsubs,0.99,cDC_cort,PON,4,3,PFM3T7T04,PFM3T7T03,0.36566407570125
allsubs,0.99,cDC_cort,SCAN,4,3,PFM3T7T04,PFM3T7T03,0.394218134034166
allsubs,0.99,TP_cort,DMN,4,3,PFM3T7T04,PFM3T7T03,2443.0
allsubs,0.99,TP_cort,Vis,4,3,PFM3T7T04,PFM3T7T03,2604.0
allsubs,0.99,TP_cort,FP,4,3,PFM3T7T04,PFM3T7T03,1579.0
allsubs,0.99,TP_cort,DAN,4,3,PFM3T7T04,PFM3T7T03,876.0
allsubs,0.99,TP_cort,VAN,4,3,PFM3T7T04,PFM3T7T03,338.0
allsubs,0.99,TP_cort,Sal,4,3,PFM3T7T04,PFM3T7T03,
allsubs,0.99,TP_cort,AMN,4,3,PFM3T7T04,PFM3T7T03,5100.0
allsubs,0.99,TP_cort,SMd,4,3,PFM3T7T04,PFM3T7T03,623.0
allsubs,0.99,TP_cort,SMl,4,3,PFM3T7T04,PFM3T7T03,1327.0
allsubs,0.99,TP_cort,Aud,4,3,PFM3T7T04,PFM3T7T03,808.0
allsubs,0.99,TP_cort,Tpole,4,3,PFM3T7T04,PFM3T7T03,0.0
allsubs,0.99,TP_cort,MTL,4,3,PFM3T7T04,PFM3T7T03,48.0
allsubs,0.99,TP_cort,PMN,4,3,PFM3T7T04,PFM3T7T03,834.0
allsubs,0.99,TP_cort,PON,4,3,PFM3T7T04,PFM3T7T03,541.0
allsubs,0.99,TP_cort,SCAN,4,3,PFM3T7T04,PFM3T7T03,450.0
allsubs,0.99,TN_cort,DMN,4,3,PFM3T7T04,PFM3T7T03,49141.0
allsubs,0.99,TN_cort,Vis,4,3,PFM3T7T04,PFM3T7T03,53298.0
allsubs,0.99,TN_cort,FP,4,3,PFM3T7T04,PFM3T7T03,53850.0
allsubs,0.99,TN_cort,DAN,4,3,PFM3T7T04,PFM3T7T03,52579.0
allsubs,0.99,TN_cort,VAN,4,3,PFM3T7T04,PFM3T7T03,55811.0
allsubs,0.99,TN_cort,Sal,4,3,PFM3T7T04,PFM3T7T03,
allsubs,0.99,TN_cort,AMN,4,3,PFM3T7T04,PFM3T7T03,47597.0
allsubs,0.99,TN_cort,SMd,4,3,PFM3T7T04,PFM3T7T03,56294.0
allsubs,0.99,TN_cort,SMl,4,3,PFM3T7T04,PFM3T7T03,52117.0
allsubs,0.99,TN_cort,Aud,4,3,PFM3T7T04,PFM3T7T03,57140.0
allsubs,0.99,TN_cort,Tpole,4,3,PFM3T7T04,PFM3T7T03,59193.0
allsubs,0.99,TN_cort,MTL,4,3,PFM3T7T04,PFM3T7T03,57283.0
allsubs,0.99,TN_cort,PMN,4,3,PFM3T7T04,PFM3T7T03,56308.0
allsubs,0.99,TN_cort,PON,4,3,PFM3T7T04,PFM3T7T03,56994.0
allsubs,0.99,TN_cort,SCAN,4,3,PFM3T7T04,PFM3T7T03,57579.0
allsubs,0.99,FP_cort,DMN,4,3,PFM3T7T04,PFM3T7T03,378.0
allsubs,0.99,FP_cort,Vis,4,3,PFM3T7T04,PFM3T7T03,612.0
allsubs,0.99,FP_cort,FP,4,3,PFM3T7T04,PFM3T7T03,2260.0
allsubs,0.99,FP_cort,DAN,4,3,PFM3T7T04,PFM3T7T03,251.0
allsubs,0.99,FP_cort,VAN,4,3,PFM3T7T04,PFM3T7T03,537.0
allsubs,0.99,FP_cort,Sal,4,3,PFM3T7T04,PFM3T7T03,
allsubs,0.99,FP_cort,AMN,4,3,PFM3T7T04,PFM3T7T03,3260.0
allsubs,0.99,FP_cort,SMd,4,3,PFM3T7T04,PFM3T7T03,0.0
allsubs,0.99,FP_cort,SMl,4,3,PFM3T7T04,PFM3T7T03,334.0
allsubs,0.99,FP_cort,Aud,4,3,PFM3T7T04,PFM3T7T03,42.0
allsubs,0.99,FP_cort,Tpole,4,3,PFM3T7T04,PFM3T7T03,12.0
allsubs,0.99,FP_cort,MTL,4,3,PFM3T7T04,PFM3T7T03,10.0
allsubs,0.99,FP_cort,PMN,4,3,PFM3T7T04,PFM3T7T03,887.0
allsubs,0.99,FP_cort,PON,4,3,PFM3T7T04,PFM3T7T03,173.0
allsubs,0.99,FP_cort,SCAN,4,3,PFM3T7T04,PFM3T7T03,213.0
allsubs,0.99,FN_cort,DMN,4,3,PFM3T7T04,PFM3T7T03,7450.0
allsubs,0.99,FN_cort,Vis,4,3,PFM3T7T04,PFM3T7T03,2898.0
allsubs,0.99,FN_cort,FP,4,3,PFM3T7T04,PFM3T7T03,1723.0
allsubs,0.99,FN_cort,DAN,4,3,PFM3T7T04,PFM3T7T03,5706.0
allsubs,0.99,FN_cort,VAN,4,3,PFM3T7T04,PFM3T7T03,2726.0
allsubs,0.99,FN_cort,Sal,4,3,PFM3T7T04,PFM3T7T03,
allsubs,0.99,FN_cort,AMN,4,3,PFM3T7T04,PFM3T7T03,3455.0
allsubs,0.99,FN_cort,SMd,4,3,PFM3T7T04,PFM3T7T03,2495.0
allsubs,0.99,FN_cort,SMl,4,3,PFM3T7T04,PFM3T7T03,5634.0
allsubs,0.99,FN_cort,Aud,4,3,PFM3T7T04,PFM3T7T03,1422.0
allsubs,0.99,FN_cort,Tpole,4,3,PFM3T7T04,PFM3T7T03,207.0
allsubs,0.99,FN_cort,MTL,4,3,PFM3T7T04,PFM3T7T03,2071.0
allsubs,0.99,FN_cort,PMN,4,3,PFM3T7T04,PFM3T7T03,1383.0
allsubs,0.99,FN_cort,PON,4,3,PFM3T7T04,PFM3T7T03,1704.0
allsubs,0.99,FN_cort,SCAN,4,3,PFM3T7T04,PFM3T7T03,1170.0
allsubs,0.99,TPR_cort,DMN,4,3,PFM3T7T04,PFM3T7T03,0.246942282421914
allsubs,0.99,TPR_cort,Vis,4,3,PFM3T7T04,PFM3T7T03,0.473282442748092
allsubs,0.99,TPR_cort,FP,4,3,PFM3T7T04,PFM3T7T03,0.478195033313144
allsubs,0.99,TPR_cort,DAN,4,3,PFM3T7T04,PFM3T7T03,0.133090246125798
allsubs,0.99,TPR_cort,VAN,4,3,PFM3T7T04,PFM3T7T03,0.110313315926893
allsubs,0.99,TPR_cort,Sal,4,3,PFM3T7T04,PFM3T7T03,
allsubs,0.99,TPR_cort,AMN,4,3,PFM3T7T04,PFM3T7T03,0.59614260666277
allsubs,0.99,TPR_cort,SMd,4,3,PFM3T7T04,PFM3T7T03,0.199807568954458
allsubs,0.99,TPR_cort,SMl,4,3,PFM3T7T04,PFM3T7T03,0.190633529665278
allsubs,0.99,TPR_cort,Aud,4,3,PFM3T7T04,PFM3T7T03,0.362331838565022
allsubs,0.99,TPR_cort,Tpole,4,3,PFM3T7T04,PFM3T7T03,0.0
allsubs,0.99,TPR_cort,MTL,4,3,PFM3T7T04,PFM3T7T03,0.0226521944313355
allsubs,0.99,TPR_cort,PMN,4,3,PFM3T7T04,PFM3T7T03,0.376184032476319
allsubs,0.99,TPR_cort,PON,4,3,PFM3T7T04,PFM3T7T03,0.24097995545657
allsubs,0.99,TPR_cort,SCAN,4,3,PFM3T7T04,PFM3T7T03,0.277777777777778
allsubs,0.99,TNR_cort,DMN,4,3,PFM3T7T04,PFM3T7T03,0.992366566368465
allsubs,0.99,TNR_cort,Vis,4,3,PFM3T7T04,PFM3T7T03,0.98864774624374
allsubs,0.99,TNR_cort,FP,4,3,PFM3T7T04,PFM3T7T03,0.959721974692568
allsubs,0.99,TNR_cort,DAN,4,3,PFM3T7T04,PFM3T7T03,0.995248911603256
allsubs,0.99,TNR_cort,VAN,4,3,PFM3T7T04,PFM3T7T03,0.990469936821183
allsubs,0.99,TNR_cort,Sal,4,3,PFM3T7T04,PFM3T7T03,
allsubs,0.99,TNR_cort,AMN,4,3,PFM3T7T04,PFM3T7T03,0.935898696344653
allsubs,0.99,TNR_cort,SMd,4,3,PFM3T7T04,PFM3T7T03,1.0
allsubs,0.99,TNR_cort,SMl,4,3,PFM3T7T04,PFM3T7T03,0.993632151913214
allsubs,0.99,TNR_cort,Aud,4,3,PFM3T7T04,PFM3T7T03,0.999265503130356
allsubs,0.99,TNR_cort,Tpole,4,3,PFM3T7T04,PFM3T7T03,0.999797314416012
allsubs,0.99,TNR_cort,MTL,4,3,PFM3T7T04,PFM3T7T03,0.999825458607509
allsubs,0.99,TNR_cort,PMN,4,3,PFM3T7T04,PFM3T7T03,0.984491651368127
allsubs,0.99,TNR_cort,PON,4,3,PFM3T7T04,PFM3T7T03,0.996973778578551
allsubs,0.99,TNR_cort,SCAN,4,3,PFM3T7T04,PFM3T7T03,0.996314368770764
allsubs,0.99,FPR_cort,DMN,4,3,PFM3T7T04,PFM3T7T03,0.0076334336315353
allsubs,0.99,FPR_cort,Vis,4,3,PFM3T7T04,PFM3T7T03,0.0113522537562604
allsubs,0.99,FPR_cort,FP,4,3,PFM3T7T04,PFM3T7T03,0.0402780253074318
allsubs,0.99,FPR_cort,DAN,4,3,PFM3T7T04,PFM3T7T03,0.0047510883967442
allsubs,0.99,FPR_cort,VAN,4,3,PFM3T7T04,PFM3T7T03,0.0095300631788173
allsubs,0.99,FPR_cort,Sal,4,3,PFM3T7T04,PFM3T7T03,
allsubs,0.99,FPR_cort,AMN,4,3,PFM3T7T04,PFM3T7T03,0.0641013036553473
allsubs,0.99,FPR_cort,SMd,4,3,PFM3T7T04,PFM3T7T03,0.0
allsubs,0.99,FPR_cort,SMl,4,3,PFM3T7T04,PFM3T7T03,0.0063678480867857
allsubs,0.99,FPR_cort,Aud,4,3,PFM3T7T04,PFM3T7T03,0.0007344968696442
allsubs,0.99,FPR_cort,Tpole,4,3,PFM3T7T04,PFM3T7T03,0.0002026855839878
allsubs,0.99,FPR_cort,MTL,4,3,PFM3T7T04,PFM3T7T03,0.0001745413924912
allsubs,0.99,FPR_cort,PMN,4,3,PFM3T7T04,PFM3T7T03,0.0155083486318734
allsubs,0.99,FPR_cort,PON,4,3,PFM3T7T04,PFM3T7T03,0.0030262214214494
allsubs,0.99,FPR_cort,SCAN,4,3,PFM3T7T04,PFM3T7T03,0.0036856312292358
allsubs,0.99,FNR_cort,DMN,4,3,PFM3T7T04,PFM3T7T03,0.753057717578085
allsubs,0.99,FNR_cort,Vis,4,3,PFM3T7T04,PFM3T7T03,0.526717557251908
allsubs,0.99,FNR_cort,FP,4,3,PFM3T7T04,PFM3T7T03,0.521804966686856
allsubs,0.99,FNR_cort,DAN,4,3,PFM3T7T04,PFM3T7T03,0.866909753874202
allsubs,0.99,FNR_cort,VAN,4,3,PFM3T7T04,PFM3T7T03,0.889686684073107
allsubs,0.99,FNR_cort,Sal,4,3,PFM3T7T04,PFM3T7T03,
allsubs,0.99,FNR_cort,AMN,4,3,PFM3T7T04,PFM3T7T03,0.40385739333723
allsubs,0.99,FNR_cort,SMd,4,3,PFM3T7T04,PFM3T7T03,0.800192431045542
allsubs,0.99,FNR_cort,SMl,4,3,PFM3T7T04,PFM3T7T03,0.809366470334722
allsubs,0.99,FNR_cort,Aud,4,3,PFM3T7T04,PFM3T7T03,0.637668161434978
allsubs,0.99,FNR_cort,Tpole,4,3,PFM3T7T04,PFM3T7T03,1.0
allsubs,0.99,FNR_cort,MTL,4,3,PFM3T7T04,PFM3T7T03,0.977347805568665
allsubs,0.99,FNR_cort,PMN,4,3,PFM3T7T04,PFM3T7T03,0.623815967523681
allsubs,0.99,FNR_cort,PON,4,3,PFM3T7T04,PFM3T7T03,0.75902004454343
allsubs,0.99,FNR_cort,SCAN,4,3,PFM3T7T04,PFM3T7T03,0.722222222222222
allsubs,0.99,NPV_cort,DMN,4,3,PFM3T7T04,PFM3T7T03,0.868353625134739
allsubs,0.99,NPV_cort,Vis,4,3,PFM3T7T04,PFM3T7T03,0.948430493273543
allsubs,0.99,NPV_cort,FP,4,3,PFM3T7T04,PFM3T7T03,0.968995735339104
allsubs,0.99,NPV_cort,DAN,4,3,PFM3T7T04,PFM3T7T03,0.90210174144291
allsubs,0.99,NPV_cort,VAN,4,3,PFM3T7T04,PFM3T7T03,0.953431163195927
allsubs,0.99,NPV_cort,Sal,4,3,PFM3T7T04,PFM3T7T03,
allsubs,0.99,NPV_cort,AMN,4,3,PFM3T7T04,PFM3T7T03,0.932323905038
allsubs,0.99,NPV_cort,SMd,4,3,PFM3T7T04,PFM3T7T03,0.957560087771522
allsubs,0.99,NPV_cort,SMl,4,3,PFM3T7T04,PFM3T7T03,0.90244324773597
allsubs,0.99,NPV_cort,Aud,4,3,PFM3T7T04,PFM3T7T03,0.975718042416584
allsubs,0.99,NPV_cort,Tpole,4,3,PFM3T7T04,PFM3T7T03,0.996515151515151
allsubs,0.99,NPV_cort,MTL,4,3,PFM3T7T04,PFM3T7T03,0.965107659129966
allsubs,0.99,NPV_cort,PMN,4,3,PFM3T7T04,PFM3T7T03,0.97602745662235
allsubs,0.99,NPV_cort,PON,4,3,PFM3T7T04,PFM3T7T03,0.970970050086885
allsubs,0.99,NPV_cort,SCAN,4,3,PFM3T7T04,PFM3T7T03,0.980084767400296
allsubs,0.99,PPV_cort,DMN,4,3,PFM3T7T04,PFM3T7T03,0.866004962779156
allsubs,0.99,PPV_cort,Vis,4,3,PFM3T7T04,PFM3T7T03,0.809701492537313
allsubs,0.99,PPV_cort,FP,4,3,PFM3T7T04,PFM3T7T03,0.411305027350873
allsubs,0.99,PPV_cort,DAN,4,3,PFM3T7T04,PFM3T7T03,0.777284826974268
allsubs,0.99,PPV_cort,VAN,4,3,PFM3T7T04,PFM3T7T03,0.386285714285714
allsubs,0.99,PPV_cort,Sal,4,3,PFM3T7T04,PFM3T7T03,
allsubs,0.99,PPV_cort,AMN,4,3,PFM3T7T04,PFM3T7T03,0.610047846889952
allsubs,0.99,PPV_cort,SMd,4,3,PFM3T7T04,PFM3T7T03,1.0
allsubs,0.99,PPV_cort,SMl,4,3,PFM3T7T04,PFM3T7T03,0.798916315472607
allsubs,0.99,PPV_cort,Aud,4,3,PFM3T7T04,PFM3T7T03,0.950588235294118
allsubs,0.99,PPV_cort,Tpole,4,3,PFM3T7T04,PFM3T7T03,0.0
allsubs,0.99,PPV_cort,MTL,4,3,PFM3T7T04,PFM3T7T03,0.827586206896552
allsubs,0.99,PPV_cort,PMN,4,3,PFM3T7T04,PFM3T7T03,0.484601975595584
allsubs,0.99,PPV_cort,PON,4,3,PFM3T7T04,PFM3T7T03,0.757703081232493
allsubs,0.99,PPV_cort,SCAN,4,3,PFM3T7T04,PFM3T7T03,0.678733031674208
allsubs,0.99,PPVcorr_Jeffreys_cort,DMN,4,3,PFM3T7T04,PFM3T7T03,0.770976038632129
allsubs,0.99,PPVcorr_Jeffreys_cort,Vis,4,3,PFM3T7T04,PFM3T7T03,0.764457543412458
allsubs,0.99,PPVcorr_Jeffreys_cort,FP,4,3,PFM3T7T04,PFM3T7T03,0.418329655569414
allsubs,0.99,PPVcorr_Jeffreys_cort,DAN,4,3,PFM3T7T04,PFM3T7T03,0.675050414519382
allsubs,0.99,PPVcorr_Jeffreys_cort,VAN,4,3,PFM3T7T04,PFM3T7T03,0.415777890638226
allsubs,0.99,PPVcorr_Jeffreys_cort,Sal,4,3,PFM3T7T04,PFM3T7T03,
allsubs,0.99,PPVcorr_Jeffreys_cort,AMN,4,3,PFM3T7T04,PFM3T7T03,0.599831805110954
allsubs,0.99,PPVcorr_Jeffreys_cort,SMd,4,3,PFM3T7T04,PFM3T7T03,0.833226358579375
allsubs,0.99,PPVcorr_Jeffreys_cort,SMl,4,3,PFM3T7T04,PFM3T7T03,0.710640193458063
allsubs,0.99,PPVcorr_Jeffreys_cort,Aud,4,3,PFM3T7T04,PFM3T7T03,0.856943150046598
allsubs,0.99,PPVcorr_Jeffreys_cort,Tpole,4,3,PFM3T7T04,PFM3T7T03,0.31651376146789
allsubs,0.99,PPVcorr_Jeffreys_cort,MTL,4,3,PFM3T7T04,PFM3T7T03,0.570396443127084
allsubs,0.99,PPVcorr_Jeffreys_cort,PMN,4,3,PFM3T7T04,PFM3T7T03,0.486359190816904
allsubs,0.99,PPVcorr_Jeffreys_cort,PON,4,3,PFM3T7T04,PFM3T7T03,0.696057538625466
allsubs,0.99,PPVcorr_Jeffreys_cort,SCAN,4,3,PFM3T7T04,PFM3T7T03,0.643636363636364
allsubs,0.99,PPVcorr_d1d2_cort,DMN,4,3,PFM3T7T04,PFM3T7T03,0.846001064919623
allsubs,0.99,PPVcorr_d1d2_cort,Vis,4,3,PFM3T7T04,PFM3T7T03,0.802819256012038
allsubs,0.99,PPVcorr_d1d2_cort,FP,4,3,PFM3T7T04,PFM3T7T03,0.430396667763269
allsubs,0.99,PPVcorr_d1d2_cort,DAN,4,3,PFM3T7T04,PFM3T7T03,0.727705582394785
allsubs,0.99,PPVcorr_d1d2_cort,VAN,4,3,PFM3T7T04,PFM3T7T03,0.376083443907033
allsubs,0.99,PPVcorr_d1d2_cort,Sal,4,3,PFM3T7T04,PFM3T7T03,
allsubs,0.99,PPVcorr_d1d2_cort,AMN,4,3,PFM3T7T04,PFM3T7T03,0.614374262050564
allsubs,0.99,PPVcorr_d1d2_cort,SMd,4,3,PFM3T7T04,PFM3T7T03,0.888785575822439
allsubs,0.99,PPVcorr_d1d2_cort,SMl,4,3,PFM3T7T04,PFM3T7T03,0.766947510868482
allsubs,0.99,PPVcorr_d1d2_cort,Aud,4,3,PFM3T7T04,PFM3T7T03,0.890238267011831
allsubs,0.99,PPVcorr_d1d2_cort,Tpole,4,3,PFM3T7T04,PFM3T7T03,0.0557265614980121
allsubs,0.99,PPVcorr_d1d2_cort,MTL,4,3,PFM3T7T04,PFM3T7T03,0.322246164531151
allsubs,0.99,PPVcorr_d1d2_cort,PMN,4,3,PFM3T7T04,PFM3T7T03,0.500618783999699
allsubs,0.99,PPVcorr_d1d2_cort,PON,4,3,PFM3T7T04,PFM3T7T03,0.703440501728449
allsubs,0.99,PPVcorr_d1d2_cort,SCAN,4,3,PFM3T7T04,PFM3T7T03,0.643227651735505
allsubs,0.99,PPVcorr_bayes_cort,DMN,4,3,PFM3T7T04,PFM3T7T03,0.779265222438304
allsubs,0.99,PPVcorr_bayes_cort,Vis,4,3,PFM3T7T04,PFM3T7T03,0.791873084963203
allsubs,0.99,PPVcorr_bayes_cort,FP,4,3,PFM3T7T04,PFM3T7T03,0.442298569324112
allsubs,0.99,PPVcorr_bayes_cort,DAN,4,3,PFM3T7T04,PFM3T7T03,0.640210006176652
allsubs,0.99,PPVcorr_bayes_cort,VAN,4,3,PFM3T7T04,PFM3T7T03,0.37140497473766
allsubs,0.99,PPVcorr_bayes_cort,Sal,4,3,PFM3T7T04,PFM3T7T03,
allsubs,0.99,PPVcorr_bayes_cort,AMN,4,3,PFM3T7T04,PFM3T7T03,0.6279049921775
allsubs,0.99,PPVcorr_bayes_cort,SMd,4,3,PFM3T7T04,PFM3T7T03,0.839402487498397
allsubs,0.99,PPVcorr_bayes_cort,SMl,4,3,PFM3T7T04,PFM3T7T03,0.701748712718589
allsubs,0.99,PPVcorr_bayes_cort,Aud,4,3,PFM3T7T04,PFM3T7T03,0.884155844155844
allsubs,0.99,PPVcorr_bayes_cort,Tpole,4,3,PFM3T7T04,PFM3T7T03,0.0471092077087794
allsubs,0.99,PPVcorr_bayes_cort,MTL,4,3,PFM3T7T04,PFM3T7T03,0.3116095786602
allsubs,0.99,PPVcorr_bayes_cort,PMN,4,3,PFM3T7T04,PFM3T7T03,0.502250593338244
allsubs,0.99,PPVcorr_bayes_cort,PON,4,3,PFM3T7T04,PFM3T7T03,0.697733454215775
allsubs,0.99,PPVcorr_bayes_cort,SCAN,4,3,PFM3T7T04,PFM3T7T03,0.649194630872483
allsubs,0.99,MCC_cort,DMN,4,3,PFM3T7T04,PFM3T7T03,0.419211770198551
allsubs,0.99,MCC_cort,Vis,4,3,PFM3T7T04,PFM3T7T03,0.591780408163671
allsubs,0.99,MCC_cort,FP,4,3,PFM3T7T04,PFM3T7T03,0.40809333753381
allsubs,0.99,MCC_cort,DAN,4,3,PFM3T7T04,PFM3T7T03,0.295282745793066
allsubs,0.99,MCC_cort,VAN,4,3,PFM3T7T04,PFM3T7T03,0.185034515499188
allsubs,0.99,MCC_cort,Sal,4,3,PFM3T7T04,PFM3T7T03,
allsubs,0.99,MCC_cort,AMN,4,3,PFM3T7T04,PFM3T7T03,0.537181695155528
allsubs,0.99,MCC_cort,SMd,4,3,PFM3T7T04,PFM3T7T03,0.437410280246641
allsubs,0.99,MCC_cort,SMl,4,3,PFM3T7T04,PFM3T7T03,0.359494781528497
allsubs,0.99,MCC_cort,Aud,4,3,PFM3T7T04,PFM3T7T03,0.578748553014114
allsubs,0.99,MCC_cort,Tpole,4,3,PFM3T7T04,PFM3T7T03,-0.0008404335489856
allsubs,0.99,MCC_cort,MTL,4,3,PFM3T7T04,PFM3T7T03,0.133483698205302
allsubs,0.99,MCC_cort,PMN,4,3,PFM3T7T04,PFM3T7T03,0.407600092571239
allsubs,0.99,MCC_cort,PON,4,3,PFM3T7T04,PFM3T7T03,0.416401840159851
allsubs,0.99,MCC_cort,SCAN,4,3,PFM3T7T04,PFM3T7T03,0.424943272370227
allsubs,0.99,muI_cort,WholeBrainOrSingleVal,4,3,PFM3T7T04,PFM3T7T03,1.76149195709712
allsubs,0.99,VIn_cort,WholeBrainOrSingleVal,4,3,PFM3T7T04,PFM3T7T03,0.201349747922511
allsubs,0.99,MIn_cort,WholeBrainOrSingleVal,4,3,PFM3T7T04,PFM3T7T03,0.543502961675682
allsubs,0.99,DC_cort,DMN,4,4,PFM3T7T04,PFM3T7T04,0.585150864504464
allsubs,0.99,DC_cort,Vis,4,4,PFM3T7T04,PFM3T7T04,0.616849394114253
allsubs,0.99,DC_cort,FP,4,4,PFM3T7T04,PFM3T7T04,0.658063351683061
allsubs,0.99,DC_cort,DAN,4,4,PFM3T7T04,PFM3T7T04,0.296091820427139
allsubs,0.99,DC_cort,VAN,4,4,PFM3T7T04,PFM3T7T04,0.342382495948136
allsubs,0.99,DC_cort,Sal,4,4,PFM3T7T04,PFM3T7T04,
allsubs,0.99,DC_cort,AMN,4,4,PFM3T7T04,PFM3T7T04,0.706980040155899
allsubs,0.99,DC_cort,SMd,4,4,PFM3T7T04,PFM3T7T04,0.387197016780609
allsubs,0.99,DC_cort,SMl,4,4,PFM3T7T04,PFM3T7T04,0.663499161542761
allsubs,0.99,DC_cort,Aud,4,4,PFM3T7T04,PFM3T7T04,0.429655870445344
allsubs,0.99,DC_cort,Tpole,4,4,PFM3T7T04,PFM3T7T04,0.0206362854686157
allsubs,0.99,DC_cort,MTL,4,4,PFM3T7T04,PFM3T7T04,0.0253222836095764
allsubs,0.99,DC_cort,PMN,4,4,PFM3T7T04,PFM3T7T04,0.623753916263173
allsubs,0.99,DC_cort,PON,4,4,PFM3T7T04,PFM3T7T04,0.427661510464058
allsubs,0.99,DC_cort,SCAN,4,4,PFM3T7T04,PFM3T7T04,0.492160278745645
allsubs,0.99,cDC_cort,DMN,4,4,PFM3T7T04,PFM3T7T04,0.585150864504464
allsubs,0.99,cDC_cort,Vis,4,4,PFM3T7T04,PFM3T7T04,0.616849394114253
allsubs,0.99,cDC_cort,FP,4,4,PFM3T7T04,PFM3T7T04,0.658063351683061
allsubs,0.99,cDC_cort,DAN,4,4,PFM3T7T04,PFM3T7T04,0.296091820427139
allsubs,0.99,cDC_cort,VAN,4,4,PFM3T7T04,PFM3T7T04,0.342382495948136
allsubs,0.99,cDC_cort,Sal,4,4,PFM3T7T04,PFM3T7T04,
allsubs,0.99,cDC_cort,AMN,4,4,PFM3T7T04,PFM3T7T04,0.706980040155899
allsubs,0.99,cDC_cort,SMd,4,4,PFM3T7T04,PFM3T7T04,0.387197016780609
allsubs,0.99,cDC_cort,SMl,4,4,PFM3T7T04,PFM3T7T04,0.663499161542761
allsubs,0.99,cDC_cort,Aud,4,4,PFM3T7T04,PFM3T7T04,0.429655870445344
allsubs,0.99,cDC_cort,Tpole,4,4,PFM3T7T04,PFM3T7T04,0.0206362854686157
allsubs,0.99,cDC_cort,MTL,4,4,PFM3T7T04,PFM3T7T04,0.0253222836095764
allsubs,0.99,cDC_cort,PMN,4,4,PFM3T7T04,PFM3T7T04,0.623753916263173
allsubs,0.99,cDC_cort,PON,4,4,PFM3T7T04,PFM3T7T04,0.427661510464058
allsubs,0.99,cDC_cort,SCAN,4,4,PFM3T7T04,PFM3T7T04,0.492160278745645
allsubs,0.99,TP_cort,DMN,4,4,PFM3T7T04,PFM3T7T04,2589.0
allsubs,0.99,TP_cort,Vis,4,4,PFM3T7T04,PFM3T7T04,3207.0
allsubs,0.99,TP_cort,FP,4,4,PFM3T7T04,PFM3T7T04,3646.0
allsubs,0.99,TP_cort,DAN,4,4,PFM3T7T04,PFM3T7T04,1019.0
allsubs,0.99,TP_cort,VAN,4,4,PFM3T7T04,PFM3T7T04,845.0
allsubs,0.99,TP_cort,Sal,4,4,PFM3T7T04,PFM3T7T04,
allsubs,0.99,TP_cort,AMN,4,4,PFM3T7T04,PFM3T7T04,5986.0
allsubs,0.99,TP_cort,SMd,4,4,PFM3T7T04,PFM3T7T04,623.0
allsubs,0.99,TP_cort,SMl,4,4,PFM3T7T04,PFM3T7T04,1187.0
allsubs,0.99,TP_cort,Aud,4,4,PFM3T7T04,PFM3T7T04,849.0
allsubs,0.99,TP_cort,Tpole,4,4,PFM3T7T04,PFM3T7T04,12.0
allsubs,0.99,TP_cort,MTL,4,4,PFM3T7T04,PFM3T7T04,55.0
allsubs,0.99,TP_cort,PMN,4,4,PFM3T7T04,PFM3T7T04,1095.0
allsubs,0.99,TP_cort,PON,4,4,PFM3T7T04,PFM3T7T04,705.0
allsubs,0.99,TP_cort,SCAN,4,4,PFM3T7T04,PFM3T7T04,565.0
allsubs,0.99,TN_cort,DMN,4,4,PFM3T7T04,PFM3T7T04,53152.0
allsubs,0.99,TN_cort,Vis,4,4,PFM3T7T04,PFM3T7T04,52221.0
allsubs,0.99,TN_cort,FP,4,4,PFM3T7T04,PFM3T7T04,51977.0
allsubs,0.99,TN_cort,DAN,4,4,PFM3T7T04,PFM3T7T04,53548.0
allsubs,0.99,TN_cort,VAN,4,4,PFM3T7T04,PFM3T7T04,55321.0
allsubs,0.99,TN_cort,Sal,4,4,PFM3T7T04,PFM3T7T04,
allsubs,0.99,TN_cort,AMN,4,4,PFM3T7T04,PFM3T7T04,48464.0
allsubs,0.99,TN_cort,SMd,4,4,PFM3T7T04,PFM3T7T04,56817.0
allsubs,0.99,TN_cort,SMl,4,4,PFM3T7T04,PFM3T7T04,57021.0
allsubs,0.99,TN_cort,Aud,4,4,PFM3T7T04,PFM3T7T04,56309.0
allsubs,0.99,TN_cort,Tpole,4,4,PFM3T7T04,PFM3T7T04,58261.0
allsubs,0.99,TN_cort,MTL,4,4,PFM3T7T04,PFM3T7T04,55123.0
allsubs,0.99,TN_cort,PMN,4,4,PFM3T7T04,PFM3T7T04,56996.0
allsubs,0.99,TN_cort,PON,4,4,PFM3T7T04,PFM3T7T04,56820.0
allsubs,0.99,TN_cort,SCAN,4,4,PFM3T7T04,PFM3T7T04,57681.0
allsubs,0.99,FP_cort,DMN,4,4,PFM3T7T04,PFM3T7T04,232.0
allsubs,0.99,FP_cort,Vis,4,4,PFM3T7T04,PFM3T7T04,9.0
allsubs,0.99,FP_cort,FP,4,4,PFM3T7T04,PFM3T7T04,193.0
allsubs,0.99,FP_cort,DAN,4,4,PFM3T7T04,PFM3T7T04,108.0
allsubs,0.99,FP_cort,VAN,4,4,PFM3T7T04,PFM3T7T04,30.0
allsubs,0.99,FP_cort,Sal,4,4,PFM3T7T04,PFM3T7T04,
allsubs,0.99,FP_cort,AMN,4,4,PFM3T7T04,PFM3T7T04,2374.0
allsubs,0.99,FP_cort,SMd,4,4,PFM3T7T04,PFM3T7T04,0.0
allsubs,0.99,FP_cort,SMl,4,4,PFM3T7T04,PFM3T7T04,474.0
allsubs,0.99,FP_cort,Aud,4,4,PFM3T7T04,PFM3T7T04,1.0
allsubs,0.99,FP_cort,Tpole,4,4,PFM3T7T04,PFM3T7T04,0.0
allsubs,0.99,FP_cort,MTL,4,4,PFM3T7T04,PFM3T7T04,3.0
allsubs,0.99,FP_cort,PMN,4,4,PFM3T7T04,PFM3T7T04,626.0
allsubs,0.99,FP_cort,PON,4,4,PFM3T7T04,PFM3T7T04,9.0
allsubs,0.99,FP_cort,SCAN,4,4,PFM3T7T04,PFM3T7T04,98.0
allsubs,0.99,FN_cort,DMN,4,4,PFM3T7T04,PFM3T7T04,3439.0
allsubs,0.99,FN_cort,Vis,4,4,PFM3T7T04,PFM3T7T04,3975.0
allsubs,0.99,FN_cort,FP,4,4,PFM3T7T04,PFM3T7T04,3596.0
allsubs,0.99,FN_cort,DAN,4,4,PFM3T7T04,PFM3T7T04,4737.0
allsubs,0.99,FN_cort,VAN,4,4,PFM3T7T04,PFM3T7T04,3216.0
allsubs,0.99,FN_cort,Sal,4,4,PFM3T7T04,PFM3T7T04,
allsubs,0.99,FN_cort,AMN,4,4,PFM3T7T04,PFM3T7T04,2588.0
allsubs,0.99,FN_cort,SMd,4,4,PFM3T7T04,PFM3T7T04,1972.0
allsubs,0.99,FN_cort,SMl,4,4,PFM3T7T04,PFM3T7T04,730.0
allsubs,0.99,FN_cort,Aud,4,4,PFM3T7T04,PFM3T7T04,2253.0
allsubs,0.99,FN_cort,Tpole,4,4,PFM3T7T04,PFM3T7T04,1139.0
allsubs,0.99,FN_cort,MTL,4,4,PFM3T7T04,PFM3T7T04,4231.0
allsubs,0.99,FN_cort,PMN,4,4,PFM3T7T04,PFM3T7T04,695.0
allsubs,0.99,FN_cort,PON,4,4,PFM3T7T04,PFM3T7T04,1878.0
allsubs,0.99,FN_cort,SCAN,4,4,PFM3T7T04,PFM3T7T04,1068.0
allsubs,0.99,TPR_cort,DMN,4,4,PFM3T7T04,PFM3T7T04,0.429495686794957
allsubs,0.99,TPR_cort,Vis,4,4,PFM3T7T04,PFM3T7T04,0.446532999164578
allsubs,0.99,TPR_cort,FP,4,4,PFM3T7T04,PFM3T7T04,0.503452085059376
allsubs,0.99,TPR_cort,DAN,4,4,PFM3T7T04,PFM3T7T04,0.177032661570535
allsubs,0.99,TPR_cort,VAN,4,4,PFM3T7T04,PFM3T7T04,0.208076828367397
allsubs,0.99,TPR_cort,Sal,4,4,PFM3T7T04,PFM3T7T04,
allsubs,0.99,TPR_cort,AMN,4,4,PFM3T7T04,PFM3T7T04,0.698157219500816
allsubs,0.99,TPR_cort,SMd,4,4,PFM3T7T04,PFM3T7T04,0.240077071290944
allsubs,0.99,TPR_cort,SMl,4,4,PFM3T7T04,PFM3T7T04,0.619196661450183
allsubs,0.99,TPR_cort,Aud,4,4,PFM3T7T04,PFM3T7T04,0.273694390715667
allsubs,0.99,TPR_cort,Tpole,4,4,PFM3T7T04,PFM3T7T04,0.0104257167680278
allsubs,0.99,TPR_cort,MTL,4,4,PFM3T7T04,PFM3T7T04,0.012832477834811
allsubs,0.99,TPR_cort,PMN,4,4,PFM3T7T04,PFM3T7T04,0.611731843575419
allsubs,0.99,TPR_cort,PON,4,4,PFM3T7T04,PFM3T7T04,0.272938443670151
allsubs,0.99,TPR_cort,SCAN,4,4,PFM3T7T04,PFM3T7T04,0.345988977342315
allsubs,0.99,TNR_cort,DMN,4,4,PFM3T7T04,PFM3T7T04,0.995654128577851
allsubs,0.99,TNR_cort,Vis,4,4,PFM3T7T04,PFM3T7T04,0.999827685238369
allsubs,0.99,TNR_cort,FP,4,4,PFM3T7T04,PFM3T7T04,0.996300555875024
allsubs,0.99,TNR_cort,DAN,4,4,PFM3T7T04,PFM3T7T04,0.997987177575667
allsubs,0.99,TNR_cort,VAN,4,4,PFM3T7T04,PFM3T7T04,0.999458004372098
allsubs,0.99,TNR_cort,Sal,4,4,PFM3T7T04,PFM3T7T04,
allsubs,0.99,TNR_cort,AMN,4,4,PFM3T7T04,PFM3T7T04,0.953302647625792
allsubs,0.99,TNR_cort,SMd,4,4,PFM3T7T04,PFM3T7T04,1.0
allsubs,0.99,TNR_cort,SMl,4,4,PFM3T7T04,PFM3T7T04,0.991755804852596
allsubs,0.99,TNR_cort,Aud,4,4,PFM3T7T04,PFM3T7T04,0.99998224116498
allsubs,0.99,TNR_cort,Tpole,4,4,PFM3T7T04,PFM3T7T04,1.0
allsubs,0.99,TNR_cort,MTL,4,4,PFM3T7T04,PFM3T7T04,0.999945579218518
allsubs,0.99,TNR_cort,PMN,4,4,PFM3T7T04,PFM3T7T04,0.989136093853042
allsubs,0.99,TNR_cort,PON,4,4,PFM3T7T04,PFM3T7T04,0.999841630153619
allsubs,0.99,TNR_cort,SCAN,4,4,PFM3T7T04,PFM3T7T04,0.998303882033265
allsubs,0.99,FPR_cort,DMN,4,4,PFM3T7T04,PFM3T7T04,0.0043458714221489
allsubs,0.99,FPR_cort,Vis,4,4,PFM3T7T04,PFM3T7T04,0.0001723147616312
allsubs,0.99,FPR_cort,FP,4,4,PFM3T7T04,PFM3T7T04,0.003699444124976
allsubs,0.99,FPR_cort,DAN,4,4,PFM3T7T04,PFM3T7T04,0.0020128224243327
allsubs,0.99,FPR_cort,VAN,4,4,PFM3T7T04,PFM3T7T04,0.0005419956279019
allsubs,0.99,FPR_cort,Sal,4,4,PFM3T7T04,PFM3T7T04,
allsubs,0.99,FPR_cort,AMN,4,4,PFM3T7T04,PFM3T7T04,0.0466973523742083
allsubs,0.99,FPR_cort,SMd,4,4,PFM3T7T04,PFM3T7T04,0.0
allsubs,0.99,FPR_cort,SMl,4,4,PFM3T7T04,PFM3T7T04,0.0082441951474041
allsubs,0.99,FPR_cort,Aud,4,4,PFM3T7T04,PFM3T7T04,1.77588350204227e-05
allsubs,0.99,FPR_cort,Tpole,4,4,PFM3T7T04,PFM3T7T04,0.0
allsubs,0.99,FPR_cort,MTL,4,4,PFM3T7T04,PFM3T7T04,5.44207814824221e-05
allsubs,0.99,FPR_cort,PMN,4,4,PFM3T7T04,PFM3T7T04,0.0108639061469578
allsubs,0.99,FPR_cort,PON,4,4,PFM3T7T04,PFM3T7T04,0.0001583698463812
allsubs,0.99,FPR_cort,SCAN,4,4,PFM3T7T04,PFM3T7T04,0.0016961179667353
allsubs,0.99,FNR_cort,DMN,4,4,PFM3T7T04,PFM3T7T04,0.570504313205043
allsubs,0.99,FNR_cort,Vis,4,4,PFM3T7T04,PFM3T7T04,0.553467000835422
allsubs,0.99,FNR_cort,FP,4,4,PFM3T7T04,PFM3T7T04,0.496547914940624
allsubs,0.99,FNR_cort,DAN,4,4,PFM3T7T04,PFM3T7T04,0.822967338429465
allsubs,0.99,FNR_cort,VAN,4,4,PFM3T7T04,PFM3T7T04,0.791923171632603
allsubs,0.99,FNR_cort,Sal,4,4,PFM3T7T04,PFM3T7T04,
allsubs,0.99,FNR_cort,AMN,4,4,PFM3T7T04,PFM3T7T04,0.301842780499184
allsubs,0.99,FNR_cort,SMd,4,4,PFM3T7T04,PFM3T7T04,0.759922928709056
allsubs,0.99,FNR_cort,SMl,4,4,PFM3T7T04,PFM3T7T04,0.380803338549817
allsubs,0.99,FNR_cort,Aud,4,4,PFM3T7T04,PFM3T7T04,0.726305609284333
allsubs,0.99,FNR_cort,Tpole,4,4,PFM3T7T04,PFM3T7T04,0.989574283231972
allsubs,0.99,FNR_cort,MTL,4,4,PFM3T7T04,PFM3T7T04,0.987167522165189
allsubs,0.99,FNR_cort,PMN,4,4,PFM3T7T04,PFM3T7T04,0.388268156424581
allsubs,0.99,FNR_cort,PON,4,4,PFM3T7T04,PFM3T7T04,0.727061556329849
allsubs,0.99,FNR_cort,SCAN,4,4,PFM3T7T04,PFM3T7T04,0.654011022657685
allsubs,0.99,NPV_cort,DMN,4,4,PFM3T7T04,PFM3T7T04,0.939230619709848
allsubs,0.99,NPV_cort,Vis,4,4,PFM3T7T04,PFM3T7T04,0.929265428144352
allsubs,0.99,NPV_cort,FP,4,4,PFM3T7T04,PFM3T7T04,0.935292318212081
allsubs,0.99,NPV_cort,DAN,4,4,PFM3T7T04,PFM3T7T04,0.918726945183152
allsubs,0.99,NPV_cort,VAN,4,4,PFM3T7T04,PFM3T7T04,0.945060389155577
allsubs,0.99,NPV_cort,Sal,4,4,PFM3T7T04,PFM3T7T04,
allsubs,0.99,NPV_cort,AMN,4,4,PFM3T7T04,PFM3T7T04,0.949306589359868
allsubs,0.99,NPV_cort,SMd,4,4,PFM3T7T04,PFM3T7T04,0.966456309853884
allsubs,0.99,NPV_cort,SMl,4,4,PFM3T7T04,PFM3T7T04,0.98735952624197
allsubs,0.99,NPV_cort,Aud,4,4,PFM3T7T04,PFM3T7T04,0.961527953280284
allsubs,0.99,NPV_cort,Tpole,4,4,PFM3T7T04,PFM3T7T04,0.980824915824916
allsubs,0.99,NPV_cort,MTL,4,4,PFM3T7T04,PFM3T7T04,0.928715840549921
allsubs,0.99,NPV_cort,PMN,4,4,PFM3T7T04,PFM3T7T04,0.987953060269366
allsubs,0.99,NPV_cort,PON,4,4,PFM3T7T04,PFM3T7T04,0.968005724215476
allsubs,0.99,NPV_cort,SCAN,4,4,PFM3T7T04,PFM3T7T04,0.981820967165399
allsubs,0.99,PPV_cort,DMN,4,4,PFM3T7T04,PFM3T7T04,0.917759659695144
allsubs,0.99,PPV_cort,Vis,4,4,PFM3T7T04,PFM3T7T04,0.997201492537313
allsubs,0.99,PPV_cort,FP,4,4,PFM3T7T04,PFM3T7T04,0.949726491273769
allsubs,0.99,PPV_cort,DAN,4,4,PFM3T7T04,PFM3T7T04,0.904170363797693
allsubs,0.99,PPV_cort,VAN,4,4,PFM3T7T04,PFM3T7T04,0.965714285714286
allsubs,0.99,PPV_cort,Sal,4,4,PFM3T7T04,PFM3T7T04,
allsubs,0.99,PPV_cort,AMN,4,4,PFM3T7T04,PFM3T7T04,0.716028708133971
allsubs,0.99,PPV_cort,SMd,4,4,PFM3T7T04,PFM3T7T04,1.0
allsubs,0.99,PPV_cort,SMl,4,4,PFM3T7T04,PFM3T7T04,0.714629741119807
allsubs,0.99,PPV_cort,Aud,4,4,PFM3T7T04,PFM3T7T04,0.998823529411765
allsubs,0.99,PPV_cort,Tpole,4,4,PFM3T7T04,PFM3T7T04,1.0
allsubs,0.99,PPV_cort,MTL,4,4,PFM3T7T04,PFM3T7T04,0.948275862068966
allsubs,0.99,PPV_cort,PMN,4,4,PFM3T7T04,PFM3T7T04,0.636257989540965
allsubs,0.99,PPV_cort,PON,4,4,PFM3T7T04,PFM3T7T04,0.987394957983193
allsubs,0.99,PPV_cort,SCAN,4,4,PFM3T7T04,PFM3T7T04,0.852187028657617
allsubs,0.99,PPVcorr_Jeffreys_cort,DMN,4,4,PFM3T7T04,PFM3T7T04,0.844208189730709
allsubs,0.99,PPVcorr_Jeffreys_cort,Vis,4,4,PFM3T7T04,PFM3T7T04,0.906435870062529
allsubs,0.99,PPVcorr_Jeffreys_cort,FP,4,4,PFM3T7T04,PFM3T7T04,0.878352910238429
allsubs,0.99,PPVcorr_Jeffreys_cort,DAN,4,4,PFM3T7T04,PFM3T7T04,0.767532009867262
allsubs,0.99,PPVcorr_Jeffreys_cort,VAN,4,4,PFM3T7T04,PFM3T7T04,0.818086019826711
allsubs,0.99,PPVcorr_Jeffreys_cort,Sal,4,4,PFM3T7T04,PFM3T7T04,
allsubs,0.99,PPVcorr_Jeffreys_cort,AMN,4,4,PFM3T7T04,PFM3T7T04,0.695933777420965
allsubs,0.99,PPVcorr_Jeffreys_cort,SMd,4,4,PFM3T7T04,PFM3T7T04,0.852974504249292
allsubs,0.99,PPVcorr_Jeffreys_cort,SMl,4,4,PFM3T7T04,PFM3T7T04,0.692421870783181
allsubs,0.99,PPVcorr_Jeffreys_cort,Aud,4,4,PFM3T7T04,PFM3T7T04,0.865454232028961
allsubs,0.99,PPVcorr_Jeffreys_cort,Tpole,4,4,PFM3T7T04,PFM3T7T04,0.54720692368214
allsubs,0.99,PPVcorr_Jeffreys_cort,MTL,4,4,PFM3T7T04,PFM3T7T04,0.553431976983148
allsubs,0.99,PPVcorr_Jeffreys_cort,PMN,4,4,PFM3T7T04,PFM3T7T04,0.623421052631579
allsubs,0.99,PPVcorr_Jeffreys_cort,PON,4,4,PFM3T7T04,PFM3T7T04,0.857914224004937
allsubs,0.99,PPVcorr_Jeffreys_cort,SCAN,4,4,PFM3T7T04,PFM3T7T04,0.782585017548106
allsubs,0.99,PPVcorr_d1d2_cort,DMN,4,4,PFM3T7T04,PFM3T7T04,0.902223913318954
allsubs,0.99,PPVcorr_d1d2_cort,Vis,4,4,PFM3T7T04,PFM3T7T04,0.980487975037584
allsubs,0.99,PPVcorr_d1d2_cort,FP,4,4,PFM3T7T04,PFM3T7T04,0.938961984307557
allsubs,0.99,PPVcorr_d1d2_cort,DAN,4,4,PFM3T7T04,PFM3T7T04,0.846156000932606
allsubs,0.99,PPVcorr_d1d2_cort,VAN,4,4,PFM3T7T04,PFM3T7T04,0.888367230674832
allsubs,0.99,PPVcorr_d1d2_cort,Sal,4,4,PFM3T7T04,PFM3T7T04,
allsubs,0.99,PPVcorr_d1d2_cort,AMN,4,4,PFM3T7T04,PFM3T7T04,0.719064422894303
allsubs,0.99,PPVcorr_d1d2_cort,SMd,4,4,PFM3T7T04,PFM3T7T04,0.894347661780517
allsubs,0.99,PPVcorr_d1d2_cort,SMl,4,4,PFM3T7T04,PFM3T7T04,0.723124745022876
allsubs,0.99,PPVcorr_d1d2_cort,Aud,4,4,PFM3T7T04,PFM3T7T04,0.922083781638114
allsubs,0.99,PPVcorr_d1d2_cort,Tpole,4,4,PFM3T7T04,PFM3T7T04,0.119845767051352
allsubs,0.99,PPVcorr_d1d2_cort,MTL,4,4,PFM3T7T04,PFM3T7T04,0.357567566774374
allsubs,0.99,PPVcorr_d1d2_cort,PMN,4,4,PFM3T7T04,PFM3T7T04,0.654031422281366
allsubs,0.99,PPVcorr_d1d2_cort,PON,4,4,PFM3T7T04,PFM3T7T04,0.899561075365355
allsubs,0.99,PPVcorr_d1d2_cort,SCAN,4,4,PFM3T7T04,PFM3T7T04,0.793324767636092
allsubs,0.99,PPVcorr_bayes_cort,DMN,4,4,PFM3T7T04,PFM3T7T04,0.874223602484472
allsubs,0.99,PPVcorr_bayes_cort,Vis,4,4,PFM3T7T04,PFM3T7T04,0.941892005257124
allsubs,0.99,PPVcorr_bayes_cort,FP,4,4,PFM3T7T04,PFM3T7T04,0.913459936698318
allsubs,0.99,PPVcorr_bayes_cort,DAN,4,4,PFM3T7T04,PFM3T7T04,0.759888402316711
allsubs,0.99,PPVcorr_bayes_cort,VAN,4,4,PFM3T7T04,PFM3T7T04,0.824104536397757
allsubs,0.99,PPVcorr_bayes_cort,Sal,4,4,PFM3T7T04,PFM3T7T04,
allsubs,0.99,PPVcorr_bayes_cort,AMN,4,4,PFM3T7T04,PFM3T7T04,0.72863692731265
allsubs,0.99,PPVcorr_bayes_cort,SMd,4,4,PFM3T7T04,PFM3T7T04,0.868524046434494
allsubs,0.99,PPVcorr_bayes_cort,SMl,4,4,PFM3T7T04,PFM3T7T04,0.722786358335467
allsubs,0.99,PPVcorr_bayes_cort,Aud,4,4,PFM3T7T04,PFM3T7T04,0.886591790080509
allsubs,0.99,PPVcorr_bayes_cort,Tpole,4,4,PFM3T7T04,PFM3T7T04,0.185683912119064
allsubs,0.99,PPVcorr_bayes_cort,MTL,4,4,PFM3T7T04,PFM3T7T04,0.2136845956824
allsubs,0.99,PPVcorr_bayes_cort,PMN,4,4,PFM3T7T04,PFM3T7T04,0.652249516974883
allsubs,0.99,PPVcorr_bayes_cort,PON,4,4,PFM3T7T04,PFM3T7T04,0.878043001836167
allsubs,0.99,PPVcorr_bayes_cort,SCAN,4,4,PFM3T7T04,PFM3T7T04,0.802856568094951
allsubs,0.99,MCC_cort,DMN,4,4,PFM3T7T04,PFM3T7T04,0.603613501394165
allsubs,0.99,MCC_cort,Vis,4,4,PFM3T7T04,PFM3T7T04,0.643069520963448
allsubs,0.99,MCC_cort,FP,4,4,PFM3T7T04,PFM3T7T04,0.665049236761589
allsubs,0.99,MCC_cort,DAN,4,4,PFM3T7T04,PFM3T7T04,0.379504090428114
allsubs,0.99,MCC_cort,VAN,4,4,PFM3T7T04,PFM3T7T04,0.434761394114617
allsubs,0.99,MCC_cort,Sal,4,4,PFM3T7T04,PFM3T7T04,
allsubs,0.99,MCC_cort,AMN,4,4,PFM3T7T04,PFM3T7T04,0.658361028995474
allsubs,0.99,MCC_cort,SMd,4,4,PFM3T7T04,PFM3T7T04,0.481688696566957
allsubs,0.99,MCC_cort,SMl,4,4,PFM3T7T04,PFM3T7T04,0.65489088725738
allsubs,0.99,MCC_cort,Aud,4,4,PFM3T7T04,PFM3T7T04,0.512665348160713
allsubs,0.99,MCC_cort,Tpole,4,4,PFM3T7T04,PFM3T7T04,0.101122711452054
allsubs,0.99,MCC_cort,MTL,4,4,PFM3T7T04,PFM3T7T04,0.105859576852356
allsubs,0.99,MCC_cort,PMN,4,4,PFM3T7T04,PFM3T7T04,0.612428286430001
allsubs,0.99,MCC_cort,PON,4,4,PFM3T7T04,PFM3T7T04,0.510503935950971
allsubs,0.99,MCC_cort,SCAN,4,4,PFM3T7T04,PFM3T7T04,0.535857254895371
allsubs,0.99,muI_cort,WholeBrainOrSingleVal,4,4,PFM3T7T04,PFM3T7T04,2.49236768970583
allsubs,0.99,VIn_cort,WholeBrainOrSingleVal,4,4,PFM3T7T04,PFM3T7T04,0.100474488944089
allsubs,0.99,MIn_cort,WholeBrainOrSingleVal,4,4,PFM3T7T04,PFM3T7T04,0.771476032581069
