Subject,Threshold,Metric,Network,SubjIndex_Exp,SubjIndex_Ref,SubjectID_Exp,SubjectID_Ref,Value
allsubs,0,DC_cort,DMN,1,1,PFM3T7T01,PFM3T7T01,0.694651226909291
allsubs,0,DC_cort,Vis,1,1,PFM3T7T01,PFM3T7T01,0.886362050924311
allsubs,0,DC_cort,FP,1,1,PFM3T7T01,PFM3T7T01,0.725511563143238
allsubs,0,DC_cort,DAN,1,1,PFM3T7T01,PFM3T7T01,0.453297169011697
allsubs,0,DC_cort,VAN,1,1,PFM3T7T01,PFM3T7T01,0.621094569092053
allsubs,0,DC_cort,Sal,1,1,PFM3T7T01,PFM3T7T01,0.528864059590317
allsubs,0,DC_cort,AMN,1,1,PFM3T7T01,PFM3T7T01,0.524018357980622
allsubs,0,DC_cort,SMd,1,1,PFM3T7T01,PFM3T7T01,0.427571909821197
allsubs,0,DC_cort,SMl,1,1,PFM3T7T01,PFM3T7T01,0.424231720240198
allsubs,0,DC_cort,Aud,1,1,PFM3T7T01,PFM3T7T01,0.346974803402343
allsubs,0,DC_cort,Tpole,1,1,PFM3T7T01,PFM3T7T01,0.314516129032258
allsubs,0,DC_cort,MTL,1,1,PFM3T7T01,PFM3T7T01,0.443866319791875
allsubs,0,DC_cort,PMN,1,1,PFM3T7T01,PFM3T7T01,0.430803161183606
allsubs,0,DC_cort,PON,1,1,PFM3T7T01,PFM3T7T01,0.576271186440678
allsubs,0,DC_cort,SCAN,1,1,PFM3T7T01,PFM3T7T01,0.566815527310203
allsubs,0,cDC_cort,DMN,1,1,PFM3T7T01,PFM3T7T01,0.694651226909291
allsubs,0,cDC_cort,Vis,1,1,PFM3T7T01,PFM3T7T01,0.886362050924311
allsubs,0,cDC_cort,FP,1,1,PFM3T7T01,PFM3T7T01,0.725511563143238
allsubs,0,cDC_cort,DAN,1,1,PFM3T7T01,PFM3T7T01,0.453297169011697
allsubs,0,cDC_cort,VAN,1,1,PFM3T7T01,PFM3T7T01,0.621094569092053
allsubs,0,cDC_cort,Sal,1,1,PFM3T7T01,PFM3T7T01,0.528864059590317
allsubs,0,cDC_cort,AMN,1,1,PFM3T7T01,PFM3T7T01,0.524018357980622
allsubs,0,cDC_cort,SMd,1,1,PFM3T7T01,PFM3T7T01,0.427571909821197
allsubs,0,cDC_cort,SMl,1,1,PFM3T7T01,PFM3T7T01,0.424231720240198
allsubs,0,cDC_cort,Aud,1,1,PFM3T7T01,PFM3T7T01,0.346974803402343
allsubs,0,cDC_cort,Tpole,1,1,PFM3T7T01,PFM3T7T01,0.314516129032258
allsubs,0,cDC_cort,MTL,1,1,PFM3T7T01,PFM3T7T01,0.443866319791875
allsubs,0,cDC_cort,PMN,1,1,PFM3T7T01,PFM3T7T01,0.430803161183606
allsubs,0,cDC_cort,PON,1,1,PFM3T7T01,PFM3T7T01,0.576271186440678
allsubs,0,cDC_cort,SCAN,1,1,PFM3T7T01,PFM3T7T01,0.566815527310203
allsubs,0,TP_cort,DMN,1,1,PFM3T7T01,PFM3T7T01,5039.0
allsubs,0,TP_cort,Vis,1,1,PFM3T7T01,PFM3T7T01,6353.0
allsubs,0,TP_cort,FP,1,1,PFM3T7T01,PFM3T7T01,5992.0
allsubs,0,TP_cort,DAN,1,1,PFM3T7T01,PFM3T7T01,2674.0
allsubs,0,TP_cort,VAN,1,1,PFM3T7T01,PFM3T7T01,1481.0
allsubs,0,TP_cort,Sal,1,1,PFM3T7T01,PFM3T7T01,994.0
allsubs,0,TP_cort,AMN,1,1,PFM3T7T01,PFM3T7T01,5138.0
allsubs,0,TP_cort,SMd,1,1,PFM3T7T01,PFM3T7T01,825.0
allsubs,0,TP_cort,SMl,1,1,PFM3T7T01,PFM3T7T01,1201.0
allsubs,0,TP_cort,Aud,1,1,PFM3T7T01,PFM3T7T01,1081.0
allsubs,0,TP_cort,Tpole,1,1,PFM3T7T01,PFM3T7T01,195.0
allsubs,0,TP_cort,MTL,1,1,PFM3T7T01,PFM3T7T01,1109.0
allsubs,0,TP_cort,PMN,1,1,PFM3T7T01,PFM3T7T01,1172.0
allsubs,0,TP_cort,PON,1,1,PFM3T7T01,PFM3T7T01,918.0
allsubs,0,TP_cort,SCAN,1,1,PFM3T7T01,PFM3T7T01,825.0
allsubs,0,TN_cort,DMN,1,1,PFM3T7T01,PFM3T7T01,49943.0
allsubs,0,TN_cort,Vis,1,1,PFM3T7T01,PFM3T7T01,51430.0
allsubs,0,TN_cort,FP,1,1,PFM3T7T01,PFM3T7T01,48886.0
allsubs,0,TN_cort,DAN,1,1,PFM3T7T01,PFM3T7T01,50288.0
allsubs,0,TN_cort,VAN,1,1,PFM3T7T01,PFM3T7T01,56124.0
allsubs,0,TN_cort,Sal,1,1,PFM3T7T01,PFM3T7T01,56647.0
allsubs,0,TN_cort,AMN,1,1,PFM3T7T01,PFM3T7T01,44940.0
allsubs,0,TN_cort,SMd,1,1,PFM3T7T01,PFM3T7T01,56378.0
allsubs,0,TN_cort,SMl,1,1,PFM3T7T01,PFM3T7T01,54951.0
allsubs,0,TN_cort,Aud,1,1,PFM3T7T01,PFM3T7T01,54262.0
allsubs,0,TN_cort,Tpole,1,1,PFM3T7T01,PFM3T7T01,58367.0
allsubs,0,TN_cort,MTL,1,1,PFM3T7T01,PFM3T7T01,55524.0
allsubs,0,TN_cort,PMN,1,1,PFM3T7T01,PFM3T7T01,55143.0
allsubs,0,TN_cort,PON,1,1,PFM3T7T01,PFM3T7T01,57144.0
allsubs,0,TN_cort,SCAN,1,1,PFM3T7T01,PFM3T7T01,57326.0
allsubs,0,FP_cort,DMN,1,1,PFM3T7T01,PFM3T7T01,1143.0
allsubs,0,FP_cort,Vis,1,1,PFM3T7T01,PFM3T7T01,770.0
allsubs,0,FP_cort,FP,1,1,PFM3T7T01,PFM3T7T01,3131.0
allsubs,0,FP_cort,DAN,1,1,PFM3T7T01,PFM3T7T01,1814.0
allsubs,0,FP_cort,VAN,1,1,PFM3T7T01,PFM3T7T01,770.0
allsubs,0,FP_cort,Sal,1,1,PFM3T7T01,PFM3T7T01,1144.0
allsubs,0,FP_cort,AMN,1,1,PFM3T7T01,PFM3T7T01,8935.0
allsubs,0,FP_cort,SMd,1,1,PFM3T7T01,PFM3T7T01,74.0
allsubs,0,FP_cort,SMl,1,1,PFM3T7T01,PFM3T7T01,2238.0
allsubs,0,FP_cort,Aud,1,1,PFM3T7T01,PFM3T7T01,136.0
allsubs,0,FP_cort,Tpole,1,1,PFM3T7T01,PFM3T7T01,537.0
allsubs,0,FP_cort,MTL,1,1,PFM3T7T01,PFM3T7T01,610.0
allsubs,0,FP_cort,PMN,1,1,PFM3T7T01,PFM3T7T01,2395.0
allsubs,0,FP_cort,PON,1,1,PFM3T7T01,PFM3T7T01,526.0
allsubs,0,FP_cort,SCAN,1,1,PFM3T7T01,PFM3T7T01,192.0
allsubs,0,FN_cort,DMN,1,1,PFM3T7T01,PFM3T7T01,3287.0
allsubs,0,FN_cort,Vis,1,1,PFM3T7T01,PFM3T7T01,859.0
allsubs,0,FN_cort,FP,1,1,PFM3T7T01,PFM3T7T01,1403.0
allsubs,0,FN_cort,DAN,1,1,PFM3T7T01,PFM3T7T01,4636.0
allsubs,0,FN_cort,VAN,1,1,PFM3T7T01,PFM3T7T01,1037.0
allsubs,0,FN_cort,Sal,1,1,PFM3T7T01,PFM3T7T01,627.0
allsubs,0,FN_cort,AMN,1,1,PFM3T7T01,PFM3T7T01,399.0
allsubs,0,FN_cort,SMd,1,1,PFM3T7T01,PFM3T7T01,2135.0
allsubs,0,FN_cort,SMl,1,1,PFM3T7T01,PFM3T7T01,1022.0
allsubs,0,FN_cort,Aud,1,1,PFM3T7T01,PFM3T7T01,3933.0
allsubs,0,FN_cort,Tpole,1,1,PFM3T7T01,PFM3T7T01,313.0
allsubs,0,FN_cort,MTL,1,1,PFM3T7T01,PFM3T7T01,2169.0
allsubs,0,FN_cort,PMN,1,1,PFM3T7T01,PFM3T7T01,702.0
allsubs,0,FN_cort,PON,1,1,PFM3T7T01,PFM3T7T01,824.0
allsubs,0,FN_cort,SCAN,1,1,PFM3T7T01,PFM3T7T01,1069.0
allsubs,0,TPR_cort,DMN,1,1,PFM3T7T01,PFM3T7T01,0.605212587076627
allsubs,0,TPR_cort,Vis,1,1,PFM3T7T01,PFM3T7T01,0.880892956184138
allsubs,0,TPR_cort,FP,1,1,PFM3T7T01,PFM3T7T01,0.810277214334009
allsubs,0,TPR_cort,DAN,1,1,PFM3T7T01,PFM3T7T01,0.365800273597811
allsubs,0,TPR_cort,VAN,1,1,PFM3T7T01,PFM3T7T01,0.588165210484512
allsubs,0,TPR_cort,Sal,1,1,PFM3T7T01,PFM3T7T01,0.613201727328809
allsubs,0,TPR_cort,AMN,1,1,PFM3T7T01,PFM3T7T01,0.927939317319848
allsubs,0,TPR_cort,SMd,1,1,PFM3T7T01,PFM3T7T01,0.278716216216216
allsubs,0,TPR_cort,SMl,1,1,PFM3T7T01,PFM3T7T01,0.540260908681961
allsubs,0,TPR_cort,Aud,1,1,PFM3T7T01,PFM3T7T01,0.215596330275229
allsubs,0,TPR_cort,Tpole,1,1,PFM3T7T01,PFM3T7T01,0.383858267716535
allsubs,0,TPR_cort,MTL,1,1,PFM3T7T01,PFM3T7T01,0.338316046369738
allsubs,0,TPR_cort,PMN,1,1,PFM3T7T01,PFM3T7T01,0.625400213447172
allsubs,0,TPR_cort,PON,1,1,PFM3T7T01,PFM3T7T01,0.526980482204363
allsubs,0,TPR_cort,SCAN,1,1,PFM3T7T01,PFM3T7T01,0.43558606124604
allsubs,0,TNR_cort,DMN,1,1,PFM3T7T01,PFM3T7T01,0.977625964060604
allsubs,0,TNR_cort,Vis,1,1,PFM3T7T01,PFM3T7T01,0.985249042145594
allsubs,0,TNR_cort,FP,1,1,PFM3T7T01,PFM3T7T01,0.939808139646654
allsubs,0,TNR_cort,DAN,1,1,PFM3T7T01,PFM3T7T01,0.965183678169744
allsubs,0,TNR_cort,VAN,1,1,PFM3T7T01,PFM3T7T01,0.98646605968995
allsubs,0,TNR_cort,Sal,1,1,PFM3T7T01,PFM3T7T01,0.980204530117146
allsubs,0,TNR_cort,AMN,1,1,PFM3T7T01,PFM3T7T01,0.83415313225058
allsubs,0,TNR_cort,SMd,1,1,PFM3T7T01,PFM3T7T01,0.998689151845816
allsubs,0,TNR_cort,SMl,1,1,PFM3T7T01,PFM3T7T01,0.960866600220322
allsubs,0,TNR_cort,Aud,1,1,PFM3T7T01,PFM3T7T01,0.997499908084856
allsubs,0,TNR_cort,Tpole,1,1,PFM3T7T01,PFM3T7T01,0.99088347141111
allsubs,0,TNR_cort,MTL,1,1,PFM3T7T01,PFM3T7T01,0.989133145687106
allsubs,0,TNR_cort,PMN,1,1,PFM3T7T01,PFM3T7T01,0.958375334561507
allsubs,0,TNR_cort,PON,1,1,PFM3T7T01,PFM3T7T01,0.990879139934108
allsubs,0,TNR_cort,SCAN,1,1,PFM3T7T01,PFM3T7T01,0.996661914531103
allsubs,0,FPR_cort,DMN,1,1,PFM3T7T01,PFM3T7T01,0.0223740359393963
allsubs,0,FPR_cort,Vis,1,1,PFM3T7T01,PFM3T7T01,0.0147509578544061
allsubs,0,FPR_cort,FP,1,1,PFM3T7T01,PFM3T7T01,0.060191860353346
allsubs,0,FPR_cort,DAN,1,1,PFM3T7T01,PFM3T7T01,0.034816321830256
allsubs,0,FPR_cort,VAN,1,1,PFM3T7T01,PFM3T7T01,0.0135339403100503
allsubs,0,FPR_cort,Sal,1,1,PFM3T7T01,PFM3T7T01,0.0197954698828537
allsubs,0,FPR_cort,AMN,1,1,PFM3T7T01,PFM3T7T01,0.16584686774942
allsubs,0,FPR_cort,SMd,1,1,PFM3T7T01,PFM3T7T01,0.001310848154184
allsubs,0,FPR_cort,SMl,1,1,PFM3T7T01,PFM3T7T01,0.0391333997796779
allsubs,0,FPR_cort,Aud,1,1,PFM3T7T01,PFM3T7T01,0.0025000919151439
allsubs,0,FPR_cort,Tpole,1,1,PFM3T7T01,PFM3T7T01,0.0091165285888904
allsubs,0,FPR_cort,MTL,1,1,PFM3T7T01,PFM3T7T01,0.0108668543128941
allsubs,0,FPR_cort,PMN,1,1,PFM3T7T01,PFM3T7T01,0.0416246654384928
allsubs,0,FPR_cort,PON,1,1,PFM3T7T01,PFM3T7T01,0.0091208600658921
allsubs,0,FPR_cort,SCAN,1,1,PFM3T7T01,PFM3T7T01,0.0033380854688966
allsubs,0,FNR_cort,DMN,1,1,PFM3T7T01,PFM3T7T01,0.394787412923373
allsubs,0,FNR_cort,Vis,1,1,PFM3T7T01,PFM3T7T01,0.119107043815862
allsubs,0,FNR_cort,FP,1,1,PFM3T7T01,PFM3T7T01,0.189722785665991
allsubs,0,FNR_cort,DAN,1,1,PFM3T7T01,PFM3T7T01,0.634199726402189
allsubs,0,FNR_cort,VAN,1,1,PFM3T7T01,PFM3T7T01,0.411834789515488
allsubs,0,FNR_cort,Sal,1,1,PFM3T7T01,PFM3T7T01,0.386798272671191
allsubs,0,FNR_cort,AMN,1,1,PFM3T7T01,PFM3T7T01,0.0720606826801517
allsubs,0,FNR_cort,SMd,1,1,PFM3T7T01,PFM3T7T01,0.721283783783784
allsubs,0,FNR_cort,SMl,1,1,PFM3T7T01,PFM3T7T01,0.459739091318039
allsubs,0,FNR_cort,Aud,1,1,PFM3T7T01,PFM3T7T01,0.784403669724771
allsubs,0,FNR_cort,Tpole,1,1,PFM3T7T01,PFM3T7T01,0.616141732283465
allsubs,0,FNR_cort,MTL,1,1,PFM3T7T01,PFM3T7T01,0.661683953630262
allsubs,0,FNR_cort,PMN,1,1,PFM3T7T01,PFM3T7T01,0.374599786552828
allsubs,0,FNR_cort,PON,1,1,PFM3T7T01,PFM3T7T01,0.473019517795637
allsubs,0,FNR_cort,SCAN,1,1,PFM3T7T01,PFM3T7T01,0.56441393875396
allsubs,0,NPV_cort,DMN,1,1,PFM3T7T01,PFM3T7T01,0.938249107646064
allsubs,0,NPV_cort,Vis,1,1,PFM3T7T01,PFM3T7T01,0.983572070607585
allsubs,0,NPV_cort,FP,1,1,PFM3T7T01,PFM3T7T01,0.972101254747559
allsubs,0,NPV_cort,DAN,1,1,PFM3T7T01,PFM3T7T01,0.915592455028767
allsubs,0,NPV_cort,VAN,1,1,PFM3T7T01,PFM3T7T01,0.981858260002449
allsubs,0,NPV_cort,Sal,1,1,PFM3T7T01,PFM3T7T01,0.989052624227398
allsubs,0,NPV_cort,AMN,1,1,PFM3T7T01,PFM3T7T01,0.991199629458082
allsubs,0,NPV_cort,SMd,1,1,PFM3T7T01,PFM3T7T01,0.963512381863859
allsubs,0,NPV_cort,SMl,1,1,PFM3T7T01,PFM3T7T01,0.981741196648384
allsubs,0,NPV_cort,Aud,1,1,PFM3T7T01,PFM3T7T01,0.932416874301916
allsubs,0,NPV_cort,Tpole,1,1,PFM3T7T01,PFM3T7T01,0.994665985003408
allsubs,0,NPV_cort,MTL,1,1,PFM3T7T01,PFM3T7T01,0.962404451146586
allsubs,0,NPV_cort,PMN,1,1,PFM3T7T01,PFM3T7T01,0.987429492344883
allsubs,0,NPV_cort,PON,1,1,PFM3T7T01,PFM3T7T01,0.985785260833563
allsubs,0,NPV_cort,SCAN,1,1,PFM3T7T01,PFM3T7T01,0.981693638153951
allsubs,0,PPV_cort,DMN,1,1,PFM3T7T01,PFM3T7T01,0.815108379165319
allsubs,0,PPV_cort,Vis,1,1,PFM3T7T01,PFM3T7T01,0.891899480555945
allsubs,0,PPV_cort,FP,1,1,PFM3T7T01,PFM3T7T01,0.656801490737696
allsubs,0,PPV_cort,DAN,1,1,PFM3T7T01,PFM3T7T01,0.595811051693405
allsubs,0,PPV_cort,VAN,1,1,PFM3T7T01,PFM3T7T01,0.657929808973789
allsubs,0,PPV_cort,Sal,1,1,PFM3T7T01,PFM3T7T01,0.464920486435921
allsubs,0,PPV_cort,AMN,1,1,PFM3T7T01,PFM3T7T01,0.365096283663753
allsubs,0,PPV_cort,SMd,1,1,PFM3T7T01,PFM3T7T01,0.917686318131257
allsubs,0,PPV_cort,SMl,1,1,PFM3T7T01,PFM3T7T01,0.349229427159058
allsubs,0,PPV_cort,Aud,1,1,PFM3T7T01,PFM3T7T01,0.888249794576828
allsubs,0,PPV_cort,Tpole,1,1,PFM3T7T01,PFM3T7T01,0.266393442622951
allsubs,0,PPV_cort,MTL,1,1,PFM3T7T01,PFM3T7T01,0.645142524723677
allsubs,0,PPV_cort,PMN,1,1,PFM3T7T01,PFM3T7T01,0.328567423605271
allsubs,0,PPV_cort,PON,1,1,PFM3T7T01,PFM3T7T01,0.635734072022161
allsubs,0,PPV_cort,SCAN,1,1,PFM3T7T01,PFM3T7T01,0.811209439528024
allsubs,0,PPVcorr_Jeffreys_cort,DMN,1,1,PFM3T7T01,PFM3T7T01,0.777706497875859
allsubs,0,PPVcorr_Jeffreys_cort,Vis,1,1,PFM3T7T01,PFM3T7T01,0.855868029881951
allsubs,0,PPVcorr_Jeffreys_cort,FP,1,1,PFM3T7T01,PFM3T7T01,0.645044359949303
allsubs,0,PPVcorr_Jeffreys_cort,DAN,1,1,PFM3T7T01,PFM3T7T01,0.582391262694003
allsubs,0,PPVcorr_Jeffreys_cort,VAN,1,1,PFM3T7T01,PFM3T7T01,0.642040914176123
allsubs,0,PPVcorr_Jeffreys_cort,Sal,1,1,PFM3T7T01,PFM3T7T01,0.467392722055563
allsubs,0,PPVcorr_Jeffreys_cort,AMN,1,1,PFM3T7T01,PFM3T7T01,0.370203121688419
allsubs,0,PPVcorr_Jeffreys_cort,SMd,1,1,PFM3T7T01,PFM3T7T01,0.814225941422594
allsubs,0,PPVcorr_Jeffreys_cort,SMl,1,1,PFM3T7T01,PFM3T7T01,0.35838363422828
allsubs,0,PPVcorr_Jeffreys_cort,Aud,1,1,PFM3T7T01,PFM3T7T01,0.774965083798883
allsubs,0,PPVcorr_Jeffreys_cort,Tpole,1,1,PFM3T7T01,PFM3T7T01,0.281553398058252
allsubs,0,PPVcorr_Jeffreys_cort,MTL,1,1,PFM3T7T01,PFM3T7T01,0.621897596247801
allsubs,0,PPVcorr_Jeffreys_cort,PMN,1,1,PFM3T7T01,PFM3T7T01,0.337124440656297
allsubs,0,PPVcorr_Jeffreys_cort,PON,1,1,PFM3T7T01,PFM3T7T01,0.621122234581634
allsubs,0,PPVcorr_Jeffreys_cort,SCAN,1,1,PFM3T7T01,PFM3T7T01,0.762350795755968
allsubs,0,PPVcorr_d1d2_cort,DMN,1,1,PFM3T7T01,PFM3T7T01,0.813902489164203
allsubs,0,PPVcorr_d1d2_cort,Vis,1,1,PFM3T7T01,PFM3T7T01,0.893170811966521
allsubs,0,PPVcorr_d1d2_cort,FP,1,1,PFM3T7T01,PFM3T7T01,0.663038501730207
allsubs,0,PPVcorr_d1d2_cort,DAN,1,1,PFM3T7T01,PFM3T7T01,0.596185519467686
allsubs,0,PPVcorr_d1d2_cort,VAN,1,1,PFM3T7T01,PFM3T7T01,0.667898106422871
allsubs,0,PPVcorr_d1d2_cort,Sal,1,1,PFM3T7T01,PFM3T7T01,0.50307900520717
allsubs,0,PPVcorr_d1d2_cort,AMN,1,1,PFM3T7T01,PFM3T7T01,0.380461613101432
allsubs,0,PPVcorr_d1d2_cort,SMd,1,1,PFM3T7T01,PFM3T7T01,0.855871621621622
allsubs,0,PPVcorr_d1d2_cort,SMl,1,1,PFM3T7T01,PFM3T7T01,0.383107586073688
allsubs,0,PPVcorr_d1d2_cort,Aud,1,1,PFM3T7T01,PFM3T7T01,0.83897726729346
allsubs,0,PPVcorr_d1d2_cort,Tpole,1,1,PFM3T7T01,PFM3T7T01,0.407676456409335
allsubs,0,PPVcorr_d1d2_cort,MTL,1,1,PFM3T7T01,PFM3T7T01,0.638428853026168
allsubs,0,PPVcorr_d1d2_cort,PMN,1,1,PFM3T7T01,PFM3T7T01,0.371548940969171
allsubs,0,PPVcorr_d1d2_cort,PON,1,1,PFM3T7T01,PFM3T7T01,0.648150955454245
allsubs,0,PPVcorr_d1d2_cort,SCAN,1,1,PFM3T7T01,PFM3T7T01,0.786400609777983
allsubs,0,PPVcorr_bayes_cort,DMN,1,1,PFM3T7T01,PFM3T7T01,0.810479899383268
allsubs,0,PPVcorr_bayes_cort,Vis,1,1,PFM3T7T01,PFM3T7T01,0.896460732704487
allsubs,0,PPVcorr_bayes_cort,FP,1,1,PFM3T7T01,PFM3T7T01,0.679252139565504
allsubs,0,PPVcorr_bayes_cort,DAN,1,1,PFM3T7T01,PFM3T7T01,0.597157276753528
allsubs,0,PPVcorr_bayes_cort,VAN,1,1,PFM3T7T01,PFM3T7T01,0.670360402035409
allsubs,0,PPVcorr_bayes_cort,Sal,1,1,PFM3T7T01,PFM3T7T01,0.496114952365938
allsubs,0,PPVcorr_bayes_cort,AMN,1,1,PFM3T7T01,PFM3T7T01,0.407094353296146
allsubs,0,PPVcorr_bayes_cort,SMd,1,1,PFM3T7T01,PFM3T7T01,0.830582061068702
allsubs,0,PPVcorr_bayes_cort,SMl,1,1,PFM3T7T01,PFM3T7T01,0.386762034833786
allsubs,0,PPVcorr_bayes_cort,Aud,1,1,PFM3T7T01,PFM3T7T01,0.777796690951181
allsubs,0,PPVcorr_bayes_cort,Tpole,1,1,PFM3T7T01,PFM3T7T01,0.306039029535865
allsubs,0,PPVcorr_bayes_cort,MTL,1,1,PFM3T7T01,PFM3T7T01,0.63456128244599
allsubs,0,PPVcorr_bayes_cort,PMN,1,1,PFM3T7T01,PFM3T7T01,0.368913346259934
allsubs,0,PPVcorr_bayes_cort,PON,1,1,PFM3T7T01,PFM3T7T01,0.646628810129887
allsubs,0,PPVcorr_bayes_cort,SCAN,1,1,PFM3T7T01,PFM3T7T01,0.787588748090231
allsubs,0,MCC_cort,DMN,1,1,PFM3T7T01,PFM3T7T01,0.662635485090809
allsubs,0,MCC_cort,Vis,1,1,PFM3T7T01,PFM3T7T01,0.870794280416224
allsubs,0,MCC_cort,FP,1,1,PFM3T7T01,PFM3T7T01,0.686826570879956
allsubs,0,MCC_cort,DAN,1,1,PFM3T7T01,PFM3T7T01,0.411419923682227
allsubs,0,MCC_cort,VAN,1,1,PFM3T7T01,PFM3T7T01,0.60633508122018
allsubs,0,MCC_cort,Sal,1,1,PFM3T7T01,PFM3T7T01,0.519028404405596
allsubs,0,MCC_cort,AMN,1,1,PFM3T7T01,PFM3T7T01,0.521085813665036
allsubs,0,MCC_cort,SMd,1,1,PFM3T7T01,PFM3T7T01,0.494418092011133
allsubs,0,MCC_cort,SMl,1,1,PFM3T7T01,PFM3T7T01,0.407257270319952
allsubs,0,MCC_cort,Aud,1,1,PFM3T7T01,PFM3T7T01,0.418187733064424
allsubs,0,MCC_cort,Tpole,1,1,PFM3T7T01,PFM3T7T01,0.312777658927823
allsubs,0,MCC_cort,MTL,1,1,PFM3T7T01,PFM3T7T01,0.446027764141758
allsubs,0,MCC_cort,PMN,1,1,PFM3T7T01,PFM3T7T01,0.429501190659413
allsubs,0,MCC_cort,PON,1,1,PFM3T7T01,PFM3T7T01,0.567326860693568
allsubs,0,MCC_cort,SCAN,1,1,PFM3T7T01,PFM3T7T01,0.58543210564121
allsubs,0,muI_cort,WholeBrainOrSingleVal,1,1,PFM3T7T01,PFM3T7T01,1.62437658852281
allsubs,0,VIn_cort,WholeBrainOrSingleVal,1,1,PFM3T7T01,PFM3T7T01,0.236977443698654
allsubs,0,MIn_cort,WholeBrainOrSingleVal,1,1,PFM3T7T01,PFM3T7T01,0.463653740327707
allsubs,0,DC_cort,DMN,1,2,PFM3T7T01,PFM3T7T02,0.525698566671493
allsubs,0,DC_cort,Vis,1,2,PFM3T7T01,PFM3T7T02,0.834964412811388
allsubs,0,DC_cort,FP,1,2,PFM3T7T01,PFM3T7T02,0.515473564601297
allsubs,0,DC_cort,DAN,1,2,PFM3T7T01,PFM3T7T02,0.422339304531085
allsubs,0,DC_cort,VAN,1,2,PFM3T7T01,PFM3T7T02,0.355899945622621
allsubs,0,DC_cort,Sal,1,2,PFM3T7T01,PFM3T7T02,0.298397040690506
allsubs,0,DC_cort,AMN,1,2,PFM3T7T01,PFM3T7T02,0.396769411644431
allsubs,0,DC_cort,SMd,1,2,PFM3T7T01,PFM3T7T02,0.318163830629205
allsubs,0,DC_cort,SMl,1,2,PFM3T7T01,PFM3T7T02,0.34665282823041
allsubs,0,DC_cort,Aud,1,2,PFM3T7T01,PFM3T7T02,0.367149758454106
allsubs,0,DC_cort,Tpole,1,2,PFM3T7T01,PFM3T7T02,0.271551724137931
allsubs,0,DC_cort,MTL,1,2,PFM3T7T01,PFM3T7T02,0.443793175633243
allsubs,0,DC_cort,PMN,1,2,PFM3T7T01,PFM3T7T02,0.317176870748299
allsubs,0,DC_cort,PON,1,2,PFM3T7T01,PFM3T7T02,0.446765155374427
allsubs,0,DC_cort,SCAN,1,2,PFM3T7T01,PFM3T7T02,0.356041992405629
allsubs,0,cDC_cort,DMN,1,2,PFM3T7T01,PFM3T7T02,0.525698566671493
allsubs,0,cDC_cort,Vis,1,2,PFM3T7T01,PFM3T7T02,0.834964412811388
allsubs,0,cDC_cort,FP,1,2,PFM3T7T01,PFM3T7T02,0.515473564601297
allsubs,0,cDC_cort,DAN,1,2,PFM3T7T01,PFM3T7T02,0.422339304531085
allsubs,0,cDC_cort,VAN,1,2,PFM3T7T01,PFM3T7T02,0.355899945622621
allsubs,0,cDC_cort,Sal,1,2,PFM3T7T01,PFM3T7T02,0.298397040690506
allsubs,0,cDC_cort,AMN,1,2,PFM3T7T01,PFM3T7T02,0.396769411644431
allsubs,0,cDC_cort,SMd,1,2,PFM3T7T01,PFM3T7T02,0.318163830629205
allsubs,0,cDC_cort,SMl,1,2,PFM3T7T01,PFM3T7T02,0.34665282823041
allsubs,0,cDC_cort,Aud,1,2,PFM3T7T01,PFM3T7T02,0.367149758454106
allsubs,0,cDC_cort,Tpole,1,2,PFM3T7T01,PFM3T7T02,0.271551724137931
allsubs,0,cDC_cort,MTL,1,2,PFM3T7T01,PFM3T7T02,0.443793175633243
allsubs,0,cDC_cort,PMN,1,2,PFM3T7T01,PFM3T7T02,0.317176870748299
allsubs,0,cDC_cort,PON,1,2,PFM3T7T01,PFM3T7T02,0.446765155374427
allsubs,0,cDC_cort,SCAN,1,2,PFM3T7T01,PFM3T7T02,0.356041992405629
allsubs,0,TP_cort,DMN,1,2,PFM3T7T01,PFM3T7T02,3631.0
allsubs,0,TP_cort,Vis,1,2,PFM3T7T01,PFM3T7T02,5631.0
allsubs,0,TP_cort,FP,1,2,PFM3T7T01,PFM3T7T02,3856.0
allsubs,0,TP_cort,DAN,1,2,PFM3T7T01,PFM3T7T02,2004.0
allsubs,0,TP_cort,VAN,1,2,PFM3T7T01,PFM3T7T02,1309.0
allsubs,0,TP_cort,Sal,1,2,PFM3T7T01,PFM3T7T02,726.0
allsubs,0,TP_cort,AMN,1,2,PFM3T7T01,PFM3T7T02,3881.0
allsubs,0,TP_cort,SMd,1,2,PFM3T7T01,PFM3T7T02,804.0
allsubs,0,TP_cort,SMl,1,2,PFM3T7T01,PFM3T7T02,1002.0
allsubs,0,TP_cort,Aud,1,2,PFM3T7T01,PFM3T7T02,950.0
allsubs,0,TP_cort,Tpole,1,2,PFM3T7T01,PFM3T7T02,189.0
allsubs,0,TP_cort,MTL,1,2,PFM3T7T01,PFM3T7T02,1060.0
allsubs,0,TP_cort,PMN,1,2,PFM3T7T01,PFM3T7T02,746.0
allsubs,0,TP_cort,PON,1,2,PFM3T7T01,PFM3T7T02,877.0
allsubs,0,TP_cort,SCAN,1,2,PFM3T7T01,PFM3T7T02,797.0
allsubs,0,TN_cort,DMN,1,2,PFM3T7T01,PFM3T7T02,49229.0
allsubs,0,TN_cort,Vis,1,2,PFM3T7T01,PFM3T7T02,51555.0
allsubs,0,TN_cort,FP,1,2,PFM3T7T01,PFM3T7T02,48307.0
allsubs,0,TN_cort,DAN,1,2,PFM3T7T01,PFM3T7T02,51926.0
allsubs,0,TN_cort,VAN,1,2,PFM3T7T01,PFM3T7T02,53365.0
allsubs,0,TN_cort,Sal,1,2,PFM3T7T01,PFM3T7T02,55272.0
allsubs,0,TN_cort,AMN,1,2,PFM3T7T01,PFM3T7T02,43730.0
allsubs,0,TN_cort,SMd,1,2,PFM3T7T01,PFM3T7T02,55162.0
allsubs,0,TN_cort,SMl,1,2,PFM3T7T01,PFM3T7T02,54633.0
allsubs,0,TN_cort,Aud,1,2,PFM3T7T01,PFM3T7T02,55187.0
allsubs,0,TN_cort,Tpole,1,2,PFM3T7T01,PFM3T7T02,58209.0
allsubs,0,TN_cort,MTL,1,2,PFM3T7T01,PFM3T7T02,55695.0
allsubs,0,TN_cort,PMN,1,2,PFM3T7T01,PFM3T7T02,55454.0
allsubs,0,TN_cort,PON,1,2,PFM3T7T01,PFM3T7T02,56363.0
allsubs,0,TN_cort,SCAN,1,2,PFM3T7T01,PFM3T7T02,55732.0
allsubs,0,FP_cort,DMN,1,2,PFM3T7T01,PFM3T7T02,2551.0
allsubs,0,FP_cort,Vis,1,2,PFM3T7T01,PFM3T7T02,1492.0
allsubs,0,FP_cort,FP,1,2,PFM3T7T01,PFM3T7T02,5267.0
allsubs,0,FP_cort,DAN,1,2,PFM3T7T01,PFM3T7T02,2484.0
allsubs,0,FP_cort,VAN,1,2,PFM3T7T01,PFM3T7T02,942.0
allsubs,0,FP_cort,Sal,1,2,PFM3T7T01,PFM3T7T02,1412.0
allsubs,0,FP_cort,AMN,1,2,PFM3T7T01,PFM3T7T02,10192.0
allsubs,0,FP_cort,SMd,1,2,PFM3T7T01,PFM3T7T02,95.0
allsubs,0,FP_cort,SMl,1,2,PFM3T7T01,PFM3T7T02,2437.0
allsubs,0,FP_cort,Aud,1,2,PFM3T7T01,PFM3T7T02,267.0
allsubs,0,FP_cort,Tpole,1,2,PFM3T7T01,PFM3T7T02,543.0
allsubs,0,FP_cort,MTL,1,2,PFM3T7T01,PFM3T7T02,659.0
allsubs,0,FP_cort,PMN,1,2,PFM3T7T01,PFM3T7T02,2821.0
allsubs,0,FP_cort,PON,1,2,PFM3T7T01,PFM3T7T02,567.0
allsubs,0,FP_cort,SCAN,1,2,PFM3T7T01,PFM3T7T02,220.0
allsubs,0,FN_cort,DMN,1,2,PFM3T7T01,PFM3T7T02,4001.0
allsubs,0,FN_cort,Vis,1,2,PFM3T7T01,PFM3T7T02,734.0
allsubs,0,FN_cort,FP,1,2,PFM3T7T01,PFM3T7T02,1982.0
allsubs,0,FN_cort,DAN,1,2,PFM3T7T01,PFM3T7T02,2998.0
allsubs,0,FN_cort,VAN,1,2,PFM3T7T01,PFM3T7T02,3796.0
allsubs,0,FN_cort,Sal,1,2,PFM3T7T01,PFM3T7T02,2002.0
allsubs,0,FN_cort,AMN,1,2,PFM3T7T01,PFM3T7T02,1609.0
allsubs,0,FN_cort,SMd,1,2,PFM3T7T01,PFM3T7T02,3351.0
allsubs,0,FN_cort,SMl,1,2,PFM3T7T01,PFM3T7T02,1340.0
allsubs,0,FN_cort,Aud,1,2,PFM3T7T01,PFM3T7T02,3008.0
allsubs,0,FN_cort,Tpole,1,2,PFM3T7T01,PFM3T7T02,471.0
allsubs,0,FN_cort,MTL,1,2,PFM3T7T01,PFM3T7T02,1998.0
allsubs,0,FN_cort,PMN,1,2,PFM3T7T01,PFM3T7T02,391.0
allsubs,0,FN_cort,PON,1,2,PFM3T7T01,PFM3T7T02,1605.0
allsubs,0,FN_cort,SCAN,1,2,PFM3T7T01,PFM3T7T02,2663.0
allsubs,0,TPR_cort,DMN,1,2,PFM3T7T01,PFM3T7T02,0.475759958071279
allsubs,0,TPR_cort,Vis,1,2,PFM3T7T01,PFM3T7T02,0.884681853888452
allsubs,0,TPR_cort,FP,1,2,PFM3T7T01,PFM3T7T02,0.660500171291538
allsubs,0,TPR_cort,DAN,1,2,PFM3T7T01,PFM3T7T02,0.400639744102359
allsubs,0,TPR_cort,VAN,1,2,PFM3T7T01,PFM3T7T02,0.2564152791381
allsubs,0,TPR_cort,Sal,1,2,PFM3T7T01,PFM3T7T02,0.266129032258065
allsubs,0,TPR_cort,AMN,1,2,PFM3T7T01,PFM3T7T02,0.706921675774135
allsubs,0,TPR_cort,SMd,1,2,PFM3T7T01,PFM3T7T02,0.193501805054152
allsubs,0,TPR_cort,SMl,1,2,PFM3T7T01,PFM3T7T02,0.427839453458582
allsubs,0,TPR_cort,Aud,1,2,PFM3T7T01,PFM3T7T02,0.240020212228398
allsubs,0,TPR_cort,Tpole,1,2,PFM3T7T01,PFM3T7T02,0.286363636363636
allsubs,0,TPR_cort,MTL,1,2,PFM3T7T01,PFM3T7T02,0.346631785480706
allsubs,0,TPR_cort,PMN,1,2,PFM3T7T01,PFM3T7T02,0.656112576956904
allsubs,0,TPR_cort,PON,1,2,PFM3T7T01,PFM3T7T02,0.35334407735697
allsubs,0,TPR_cort,SCAN,1,2,PFM3T7T01,PFM3T7T02,0.230346820809249
allsubs,0,TNR_cort,DMN,1,2,PFM3T7T01,PFM3T7T02,0.950733874082657
allsubs,0,TNR_cort,Vis,1,2,PFM3T7T01,PFM3T7T02,0.971873998529606
allsubs,0,TNR_cort,FP,1,2,PFM3T7T01,PFM3T7T02,0.901687385672154
allsubs,0,TNR_cort,DAN,1,2,PFM3T7T01,PFM3T7T02,0.954346627458188
allsubs,0,TNR_cort,VAN,1,2,PFM3T7T01,PFM3T7T02,0.982654169812363
allsubs,0,TNR_cort,Sal,1,2,PFM3T7T01,PFM3T7T02,0.975089972479006
allsubs,0,TNR_cort,AMN,1,2,PFM3T7T01,PFM3T7T02,0.810986239382812
allsubs,0,TNR_cort,SMd,1,2,PFM3T7T01,PFM3T7T02,0.998280760808585
allsubs,0,TNR_cort,SMl,1,2,PFM3T7T01,PFM3T7T02,0.957298055020151
allsubs,0,TNR_cort,Aud,1,2,PFM3T7T01,PFM3T7T02,0.995185198542937
allsubs,0,TNR_cort,Tpole,1,2,PFM3T7T01,PFM3T7T02,0.990757761437909
allsubs,0,TNR_cort,MTL,1,2,PFM3T7T01,PFM3T7T02,0.988306065230507
allsubs,0,TNR_cort,PMN,1,2,PFM3T7T01,PFM3T7T02,0.951591591591592
allsubs,0,TNR_cort,PON,1,2,PFM3T7T01,PFM3T7T02,0.990040400491832
allsubs,0,TNR_cort,SCAN,1,2,PFM3T7T01,PFM3T7T02,0.996068058335716
allsubs,0,FPR_cort,DMN,1,2,PFM3T7T01,PFM3T7T02,0.0492661259173426
allsubs,0,FPR_cort,Vis,1,2,PFM3T7T01,PFM3T7T02,0.0281260014703942
allsubs,0,FPR_cort,FP,1,2,PFM3T7T01,PFM3T7T02,0.0983126143278456
allsubs,0,FPR_cort,DAN,1,2,PFM3T7T01,PFM3T7T02,0.0456533725418122
allsubs,0,FPR_cort,VAN,1,2,PFM3T7T01,PFM3T7T02,0.017345830187637
allsubs,0,FPR_cort,Sal,1,2,PFM3T7T01,PFM3T7T02,0.0249100275209936
allsubs,0,FPR_cort,AMN,1,2,PFM3T7T01,PFM3T7T02,0.189013760617188
allsubs,0,FPR_cort,SMd,1,2,PFM3T7T01,PFM3T7T02,0.0017192391914146
allsubs,0,FPR_cort,SMl,1,2,PFM3T7T01,PFM3T7T02,0.0427019449798493
allsubs,0,FPR_cort,Aud,1,2,PFM3T7T01,PFM3T7T02,0.0048148014570635
allsubs,0,FPR_cort,Tpole,1,2,PFM3T7T01,PFM3T7T02,0.0092422385620915
allsubs,0,FPR_cort,MTL,1,2,PFM3T7T01,PFM3T7T02,0.0116939347694928
allsubs,0,FPR_cort,PMN,1,2,PFM3T7T01,PFM3T7T02,0.0484084084084084
allsubs,0,FPR_cort,PON,1,2,PFM3T7T01,PFM3T7T02,0.0099595995081679
allsubs,0,FPR_cort,SCAN,1,2,PFM3T7T01,PFM3T7T02,0.0039319416642836
allsubs,0,FNR_cort,DMN,1,2,PFM3T7T01,PFM3T7T02,0.524240041928721
allsubs,0,FNR_cort,Vis,1,2,PFM3T7T01,PFM3T7T02,0.115318146111548
allsubs,0,FNR_cort,FP,1,2,PFM3T7T01,PFM3T7T02,0.339499828708462
allsubs,0,FNR_cort,DAN,1,2,PFM3T7T01,PFM3T7T02,0.599360255897641
allsubs,0,FNR_cort,VAN,1,2,PFM3T7T01,PFM3T7T02,0.7435847208619
allsubs,0,FNR_cort,Sal,1,2,PFM3T7T01,PFM3T7T02,0.733870967741935
allsubs,0,FNR_cort,AMN,1,2,PFM3T7T01,PFM3T7T02,0.293078324225865
allsubs,0,FNR_cort,SMd,1,2,PFM3T7T01,PFM3T7T02,0.806498194945848
allsubs,0,FNR_cort,SMl,1,2,PFM3T7T01,PFM3T7T02,0.572160546541418
allsubs,0,FNR_cort,Aud,1,2,PFM3T7T01,PFM3T7T02,0.759979787771602
allsubs,0,FNR_cort,Tpole,1,2,PFM3T7T01,PFM3T7T02,0.713636363636364
allsubs,0,FNR_cort,MTL,1,2,PFM3T7T01,PFM3T7T02,0.653368214519294
allsubs,0,FNR_cort,PMN,1,2,PFM3T7T01,PFM3T7T02,0.343887423043096
allsubs,0,FNR_cort,PON,1,2,PFM3T7T01,PFM3T7T02,0.64665592264303
allsubs,0,FNR_cort,SCAN,1,2,PFM3T7T01,PFM3T7T02,0.769653179190751
allsubs,0,NPV_cort,DMN,1,2,PFM3T7T01,PFM3T7T02,0.924835619011835
allsubs,0,NPV_cort,Vis,1,2,PFM3T7T01,PFM3T7T02,0.985962630763641
allsubs,0,NPV_cort,FP,1,2,PFM3T7T01,PFM3T7T02,0.960587802501541
allsubs,0,NPV_cort,DAN,1,2,PFM3T7T01,PFM3T7T02,0.945415483213167
allsubs,0,NPV_cort,VAN,1,2,PFM3T7T01,PFM3T7T02,0.933591084830566
allsubs,0,NPV_cort,Sal,1,2,PFM3T7T01,PFM3T7T02,0.965045221217306
allsubs,0,NPV_cort,AMN,1,2,PFM3T7T01,PFM3T7T02,0.964511788967556
allsubs,0,NPV_cort,SMd,1,2,PFM3T7T01,PFM3T7T02,0.942730675234563
allsubs,0,NPV_cort,SMl,1,2,PFM3T7T01,PFM3T7T02,0.976059886016472
allsubs,0,NPV_cort,Aud,1,2,PFM3T7T01,PFM3T7T02,0.948311710628061
allsubs,0,NPV_cort,Tpole,1,2,PFM3T7T01,PFM3T7T02,0.991973415132924
allsubs,0,NPV_cort,MTL,1,2,PFM3T7T01,PFM3T7T02,0.965368415579013
allsubs,0,NPV_cort,PMN,1,2,PFM3T7T01,PFM3T7T02,0.992998477929985
allsubs,0,NPV_cort,PON,1,2,PFM3T7T01,PFM3T7T02,0.972312310240133
allsubs,0,NPV_cort,SCAN,1,2,PFM3T7T01,PFM3T7T02,0.95439678054628
allsubs,0,PPV_cort,DMN,1,2,PFM3T7T01,PFM3T7T02,0.587350372047881
allsubs,0,PPV_cort,Vis,1,2,PFM3T7T01,PFM3T7T02,0.79053769479152
allsubs,0,PPV_cort,FP,1,2,PFM3T7T01,PFM3T7T02,0.422667982023457
allsubs,0,PPV_cort,DAN,1,2,PFM3T7T01,PFM3T7T02,0.446524064171123
allsubs,0,PPV_cort,VAN,1,2,PFM3T7T01,PFM3T7T02,0.581519324744558
allsubs,0,PPV_cort,Sal,1,2,PFM3T7T01,PFM3T7T02,0.339569691300281
allsubs,0,PPV_cort,AMN,1,2,PFM3T7T01,PFM3T7T02,0.275776309244653
allsubs,0,PPV_cort,SMd,1,2,PFM3T7T01,PFM3T7T02,0.89432703003337
allsubs,0,PPV_cort,SMl,1,2,PFM3T7T01,PFM3T7T02,0.291363768537366
allsubs,0,PPV_cort,Aud,1,2,PFM3T7T01,PFM3T7T02,0.780608052588332
allsubs,0,PPV_cort,Tpole,1,2,PFM3T7T01,PFM3T7T02,0.258196721311475
allsubs,0,PPV_cort,MTL,1,2,PFM3T7T01,PFM3T7T02,0.616637579988365
allsubs,0,PPV_cort,PMN,1,2,PFM3T7T01,PFM3T7T02,0.209139332772638
allsubs,0,PPV_cort,PON,1,2,PFM3T7T01,PFM3T7T02,0.607340720221607
allsubs,0,PPV_cort,SCAN,1,2,PFM3T7T01,PFM3T7T02,0.783677482792527
allsubs,0,PPVcorr_Jeffreys_cort,DMN,1,2,PFM3T7T01,PFM3T7T02,0.577751540632379
allsubs,0,PPVcorr_Jeffreys_cort,Vis,1,2,PFM3T7T01,PFM3T7T02,0.766705328951608
allsubs,0,PPVcorr_Jeffreys_cort,FP,1,2,PFM3T7T01,PFM3T7T02,0.427318992870977
allsubs,0,PPVcorr_Jeffreys_cort,DAN,1,2,PFM3T7T01,PFM3T7T02,0.451886452026783
allsubs,0,PPVcorr_Jeffreys_cort,VAN,1,2,PFM3T7T01,PFM3T7T02,0.566449393445591
allsubs,0,PPVcorr_Jeffreys_cort,Sal,1,2,PFM3T7T01,PFM3T7T02,0.357723577235772
allsubs,0,PPVcorr_Jeffreys_cort,AMN,1,2,PFM3T7T01,PFM3T7T02,0.284195048556969
allsubs,0,PPVcorr_Jeffreys_cort,SMd,1,2,PFM3T7T01,PFM3T7T02,0.769684290604793
allsubs,0,PPVcorr_Jeffreys_cort,SMl,1,2,PFM3T7T01,PFM3T7T02,0.304666231079168
allsubs,0,PPVcorr_Jeffreys_cort,Aud,1,2,PFM3T7T01,PFM3T7T02,0.711743551587302
allsubs,0,PPVcorr_Jeffreys_cort,Tpole,1,2,PFM3T7T01,PFM3T7T02,0.278195488721804
allsubs,0,PPVcorr_Jeffreys_cort,MTL,1,2,PFM3T7T01,PFM3T7T02,0.599022125642039
allsubs,0,PPVcorr_Jeffreys_cort,PMN,1,2,PFM3T7T01,PFM3T7T02,0.218124269839976
allsubs,0,PPVcorr_Jeffreys_cort,PON,1,2,PFM3T7T01,PFM3T7T02,0.591596737974235
allsubs,0,PPVcorr_Jeffreys_cort,SCAN,1,2,PFM3T7T01,PFM3T7T02,0.711665443873808
allsubs,0,PPVcorr_d1d2_cort,DMN,1,2,PFM3T7T01,PFM3T7T02,0.590880319627253
allsubs,0,PPVcorr_d1d2_cort,Vis,1,2,PFM3T7T01,PFM3T7T02,0.795045525563301
allsubs,0,PPVcorr_d1d2_cort,FP,1,2,PFM3T7T01,PFM3T7T02,0.435035697126848
allsubs,0,PPVcorr_d1d2_cort,DAN,1,2,PFM3T7T01,PFM3T7T02,0.456357400382623
allsubs,0,PPVcorr_d1d2_cort,VAN,1,2,PFM3T7T01,PFM3T7T02,0.575507663888278
allsubs,0,PPVcorr_d1d2_cort,Sal,1,2,PFM3T7T01,PFM3T7T02,0.359478532388386
allsubs,0,PPVcorr_d1d2_cort,AMN,1,2,PFM3T7T01,PFM3T7T02,0.291931621124186
allsubs,0,PPVcorr_d1d2_cort,SMd,1,2,PFM3T7T01,PFM3T7T02,0.826136582430806
allsubs,0,PPVcorr_d1d2_cort,SMl,1,2,PFM3T7T01,PFM3T7T02,0.324672403228686
allsubs,0,PPVcorr_d1d2_cort,Aud,1,2,PFM3T7T01,PFM3T7T02,0.744497611874608
allsubs,0,PPVcorr_d1d2_cort,Tpole,1,2,PFM3T7T01,PFM3T7T02,0.360635163156172
allsubs,0,PPVcorr_d1d2_cort,MTL,1,2,PFM3T7T01,PFM3T7T02,0.613578687499551
allsubs,0,PPVcorr_d1d2_cort,PMN,1,2,PFM3T7T01,PFM3T7T02,0.289045887846971
allsubs,0,PPVcorr_d1d2_cort,PON,1,2,PFM3T7T01,PFM3T7T02,0.605617403232074
allsubs,0,PPVcorr_d1d2_cort,SCAN,1,2,PFM3T7T01,PFM3T7T02,0.739618124851355
allsubs,0,PPVcorr_bayes_cort,DMN,1,2,PFM3T7T01,PFM3T7T02,0.600280291259178
allsubs,0,PPVcorr_bayes_cort,Vis,1,2,PFM3T7T01,PFM3T7T02,0.804548355672008
allsubs,0,PPVcorr_bayes_cort,FP,1,2,PFM3T7T01,PFM3T7T02,0.458017820919933
allsubs,0,PPVcorr_bayes_cort,DAN,1,2,PFM3T7T01,PFM3T7T02,0.470321369036315
allsubs,0,PPVcorr_bayes_cort,VAN,1,2,PFM3T7T01,PFM3T7T02,0.567175191943364
allsubs,0,PPVcorr_bayes_cort,Sal,1,2,PFM3T7T01,PFM3T7T02,0.366265272040081
allsubs,0,PPVcorr_bayes_cort,AMN,1,2,PFM3T7T01,PFM3T7T02,0.319556051155173
allsubs,0,PPVcorr_bayes_cort,SMd,1,2,PFM3T7T01,PFM3T7T02,0.766824644549763
allsubs,0,PPVcorr_bayes_cort,SMl,1,2,PFM3T7T01,PFM3T7T02,0.330170644626241
allsubs,0,PPVcorr_bayes_cort,Aud,1,2,PFM3T7T01,PFM3T7T02,0.714280669538809
allsubs,0,PPVcorr_bayes_cort,Tpole,1,2,PFM3T7T01,PFM3T7T02,0.295169712793734
allsubs,0,PPVcorr_bayes_cort,MTL,1,2,PFM3T7T01,PFM3T7T02,0.612125580650328
allsubs,0,PPVcorr_bayes_cort,PMN,1,2,PFM3T7T01,PFM3T7T02,0.255141592065879
allsubs,0,PPVcorr_bayes_cort,PON,1,2,PFM3T7T01,PFM3T7T02,0.605251418010324
allsubs,0,PPVcorr_bayes_cort,SCAN,1,2,PFM3T7T01,PFM3T7T02,0.712300587741394
allsubs,0,MCC_cort,DMN,1,2,PFM3T7T01,PFM3T7T02,0.467380108800771
allsubs,0,MCC_cort,Vis,1,2,PFM3T7T01,PFM3T7T02,0.815546380200906
allsubs,0,MCC_cort,FP,1,2,PFM3T7T01,PFM3T7T02,0.46417844973061
allsubs,0,MCC_cort,DAN,1,2,PFM3T7T01,PFM3T7T02,0.373005627031325
allsubs,0,MCC_cort,VAN,1,2,PFM3T7T01,PFM3T7T02,0.350923298978241
allsubs,0,MCC_cort,Sal,1,2,PFM3T7T01,PFM3T7T02,0.271069928294457
allsubs,0,MCC_cort,AMN,1,2,PFM3T7T01,PFM3T7T02,0.35277061666487
allsubs,0,MCC_cort,SMd,1,2,PFM3T7T01,PFM3T7T02,0.400665789020549
allsubs,0,MCC_cort,SMl,1,2,PFM3T7T01,PFM3T7T02,0.320928153989553
allsubs,0,MCC_cort,Aud,1,2,PFM3T7T01,PFM3T7T02,0.414060227897652
allsubs,0,MCC_cort,Tpole,1,2,PFM3T7T01,PFM3T7T02,0.263301154383484
allsubs,0,MCC_cort,MTL,1,2,PFM3T7T01,PFM3T7T02,0.441515387338174
allsubs,0,MCC_cort,PMN,1,2,PFM3T7T01,PFM3T7T02,0.350485363724722
allsubs,0,MCC_cort,PON,1,2,PFM3T7T01,PFM3T7T02,0.446143310157824
allsubs,0,MCC_cort,SCAN,1,2,PFM3T7T01,PFM3T7T02,0.40879211725994
allsubs,0,muI_cort,WholeBrainOrSingleVal,1,2,PFM3T7T01,PFM3T7T02,1.25485133663227
allsubs,0,VIn_cort,WholeBrainOrSingleVal,1,2,PFM3T7T01,PFM3T7T02,0.290531341743815
allsubs,0,MIn_cort,WholeBrainOrSingleVal,1,2,PFM3T7T01,PFM3T7T02,0.352630736184239
allsubs,0,DC_cort,DMN,1,3,PFM3T7T01,PFM3T7T03,0.558258164852255
allsubs,0,DC_cort,Vis,1,3,PFM3T7T01,PFM3T7T03,0.763247524752475
allsubs,0,DC_cort,FP,1,3,PFM3T7T01,PFM3T7T03,0.362173038229376
allsubs,0,DC_cort,DAN,1,3,PFM3T7T01,PFM3T7T03,0.421138211382114
allsubs,0,DC_cort,VAN,1,3,PFM3T7T01,PFM3T7T03,0.397365945437441
allsubs,0,DC_cort,Sal,1,3,PFM3T7T01,PFM3T7T03,0.384243964421855
allsubs,0,DC_cort,AMN,1,3,PFM3T7T01,PFM3T7T03,0.495403924341524
allsubs,0,DC_cort,SMd,1,3,PFM3T7T01,PFM3T7T03,0.395817774458551
allsubs,0,DC_cort,SMl,1,3,PFM3T7T01,PFM3T7T03,0.36
allsubs,0,DC_cort,Aud,1,3,PFM3T7T01,PFM3T7T03,0.505947200464172
allsubs,0,DC_cort,Tpole,1,3,PFM3T7T01,PFM3T7T03,0.310969116080937
allsubs,0,DC_cort,MTL,1,3,PFM3T7T01,PFM3T7T03,0.39499739447629
allsubs,0,DC_cort,PMN,1,3,PFM3T7T01,PFM3T7T03,0.381051175656985
allsubs,0,DC_cort,PON,1,3,PFM3T7T01,PFM3T7T03,0.511249661154785
allsubs,0,DC_cort,SCAN,1,3,PFM3T7T01,PFM3T7T03,0.433826317785362
allsubs,0,cDC_cort,DMN,1,3,PFM3T7T01,PFM3T7T03,0.558258164852255
allsubs,0,cDC_cort,Vis,1,3,PFM3T7T01,PFM3T7T03,0.763247524752475
allsubs,0,cDC_cort,FP,1,3,PFM3T7T01,PFM3T7T03,0.362173038229376
allsubs,0,cDC_cort,DAN,1,3,PFM3T7T01,PFM3T7T03,0.421138211382114
allsubs,0,cDC_cort,VAN,1,3,PFM3T7T01,PFM3T7T03,0.397365945437441
allsubs,0,cDC_cort,Sal,1,3,PFM3T7T01,PFM3T7T03,0.384243964421855
allsubs,0,cDC_cort,AMN,1,3,PFM3T7T01,PFM3T7T03,0.495403924341524
allsubs,0,cDC_cort,SMd,1,3,PFM3T7T01,PFM3T7T03,0.395817774458551
allsubs,0,cDC_cort,SMl,1,3,PFM3T7T01,PFM3T7T03,0.36
allsubs,0,cDC_cort,Aud,1,3,PFM3T7T01,PFM3T7T03,0.505947200464172
allsubs,0,cDC_cort,Tpole,1,3,PFM3T7T01,PFM3T7T03,0.310969116080937
allsubs,0,cDC_cort,MTL,1,3,PFM3T7T01,PFM3T7T03,0.39499739447629
allsubs,0,cDC_cort,PMN,1,3,PFM3T7T01,PFM3T7T03,0.381051175656985
allsubs,0,cDC_cort,PON,1,3,PFM3T7T01,PFM3T7T03,0.511249661154785
allsubs,0,cDC_cort,SCAN,1,3,PFM3T7T01,PFM3T7T03,0.433826317785362
allsubs,0,TP_cort,DMN,1,3,PFM3T7T01,PFM3T7T03,4487.0
allsubs,0,TP_cort,Vis,1,3,PFM3T7T01,PFM3T7T03,4818.0
allsubs,0,TP_cort,FP,1,3,PFM3T7T01,PFM3T7T03,2250.0
allsubs,0,TP_cort,DAN,1,3,PFM3T7T01,PFM3T7T03,2331.0
allsubs,0,TP_cort,VAN,1,3,PFM3T7T01,PFM3T7T03,1056.0
allsubs,0,TP_cort,Sal,1,3,PFM3T7T01,PFM3T7T03,756.0
allsubs,0,TP_cort,AMN,1,3,PFM3T7T01,PFM3T7T03,5605.0
allsubs,0,TP_cort,SMd,1,3,PFM3T7T01,PFM3T7T03,795.0
allsubs,0,TP_cort,SMl,1,3,PFM3T7T01,PFM3T7T03,1872.0
allsubs,0,TP_cort,Aud,1,3,PFM3T7T01,PFM3T7T03,872.0
allsubs,0,TP_cort,Tpole,1,3,PFM3T7T01,PFM3T7T03,146.0
allsubs,0,TP_cort,MTL,1,3,PFM3T7T01,PFM3T7T03,758.0
allsubs,0,TP_cort,PMN,1,3,PFM3T7T01,PFM3T7T03,1102.0
allsubs,0,TP_cort,PON,1,3,PFM3T7T01,PFM3T7T03,943.0
allsubs,0,TP_cort,SCAN,1,3,PFM3T7T01,PFM3T7T03,572.0
allsubs,0,TN_cort,DMN,1,3,PFM3T7T01,PFM3T7T03,47824.0
allsubs,0,TN_cort,Vis,1,3,PFM3T7T01,PFM3T7T03,51605.0
allsubs,0,TN_cort,FP,1,3,PFM3T7T01,PFM3T7T03,49237.0
allsubs,0,TN_cort,DAN,1,3,PFM3T7T01,PFM3T7T03,50673.0
allsubs,0,TN_cort,VAN,1,3,PFM3T7T01,PFM3T7T03,55153.0
allsubs,0,TN_cort,Sal,1,3,PFM3T7T01,PFM3T7T03,56233.0
allsubs,0,TN_cort,AMN,1,3,PFM3T7T01,PFM3T7T03,42389.0
allsubs,0,TN_cort,SMd,1,3,PFM3T7T01,PFM3T7T03,56190.0
allsubs,0,TN_cort,SMl,1,3,PFM3T7T01,PFM3T7T03,50884.0
allsubs,0,TN_cort,Aud,1,3,PFM3T7T01,PFM3T7T03,56837.0
allsubs,0,TN_cort,Tpole,1,3,PFM3T7T01,PFM3T7T03,58619.0
allsubs,0,TN_cort,MTL,1,3,PFM3T7T01,PFM3T7T03,56332.0
allsubs,0,TN_cort,PMN,1,3,PFM3T7T01,PFM3T7T03,54730.0
allsubs,0,TN_cort,PON,1,3,PFM3T7T01,PFM3T7T03,56666.0
allsubs,0,TN_cort,SCAN,1,3,PFM3T7T01,PFM3T7T03,57347.0
allsubs,0,FP_cort,DMN,1,3,PFM3T7T01,PFM3T7T03,1695.0
allsubs,0,FP_cort,Vis,1,3,PFM3T7T01,PFM3T7T03,2305.0
allsubs,0,FP_cort,FP,1,3,PFM3T7T01,PFM3T7T03,6873.0
allsubs,0,FP_cort,DAN,1,3,PFM3T7T01,PFM3T7T03,2157.0
allsubs,0,FP_cort,VAN,1,3,PFM3T7T01,PFM3T7T03,1195.0
allsubs,0,FP_cort,Sal,1,3,PFM3T7T01,PFM3T7T03,1382.0
allsubs,0,FP_cort,AMN,1,3,PFM3T7T01,PFM3T7T03,8468.0
allsubs,0,FP_cort,SMd,1,3,PFM3T7T01,PFM3T7T03,104.0
allsubs,0,FP_cort,SMl,1,3,PFM3T7T01,PFM3T7T03,1567.0
allsubs,0,FP_cort,Aud,1,3,PFM3T7T01,PFM3T7T03,345.0
allsubs,0,FP_cort,Tpole,1,3,PFM3T7T01,PFM3T7T03,586.0
allsubs,0,FP_cort,MTL,1,3,PFM3T7T01,PFM3T7T03,961.0
allsubs,0,FP_cort,PMN,1,3,PFM3T7T01,PFM3T7T03,2465.0
allsubs,0,FP_cort,PON,1,3,PFM3T7T01,PFM3T7T03,501.0
allsubs,0,FP_cort,SCAN,1,3,PFM3T7T01,PFM3T7T03,445.0
allsubs,0,FN_cort,DMN,1,3,PFM3T7T01,PFM3T7T03,5406.0
allsubs,0,FN_cort,Vis,1,3,PFM3T7T01,PFM3T7T03,684.0
allsubs,0,FN_cort,FP,1,3,PFM3T7T01,PFM3T7T03,1052.0
allsubs,0,FN_cort,DAN,1,3,PFM3T7T01,PFM3T7T03,4251.0
allsubs,0,FN_cort,VAN,1,3,PFM3T7T01,PFM3T7T03,2008.0
allsubs,0,FN_cort,Sal,1,3,PFM3T7T01,PFM3T7T03,1041.0
allsubs,0,FN_cort,AMN,1,3,PFM3T7T01,PFM3T7T03,2950.0
allsubs,0,FN_cort,SMd,1,3,PFM3T7T01,PFM3T7T03,2323.0
allsubs,0,FN_cort,SMl,1,3,PFM3T7T01,PFM3T7T03,5089.0
allsubs,0,FN_cort,Aud,1,3,PFM3T7T01,PFM3T7T03,1358.0
allsubs,0,FN_cort,Tpole,1,3,PFM3T7T01,PFM3T7T03,61.0
allsubs,0,FN_cort,MTL,1,3,PFM3T7T01,PFM3T7T03,1361.0
allsubs,0,FN_cort,PMN,1,3,PFM3T7T01,PFM3T7T03,1115.0
allsubs,0,FN_cort,PON,1,3,PFM3T7T01,PFM3T7T03,1302.0
allsubs,0,FN_cort,SCAN,1,3,PFM3T7T01,PFM3T7T03,1048.0
allsubs,0,TPR_cort,DMN,1,3,PFM3T7T01,PFM3T7T03,0.453553017284949
allsubs,0,TPR_cort,Vis,1,3,PFM3T7T01,PFM3T7T03,0.875681570338059
allsubs,0,TPR_cort,FP,1,3,PFM3T7T01,PFM3T7T03,0.681405208964264
allsubs,0,TPR_cort,DAN,1,3,PFM3T7T01,PFM3T7T03,0.354147675478578
allsubs,0,TPR_cort,VAN,1,3,PFM3T7T01,PFM3T7T03,0.344647519582245
allsubs,0,TPR_cort,Sal,1,3,PFM3T7T01,PFM3T7T03,0.420701168614357
allsubs,0,TPR_cort,AMN,1,3,PFM3T7T01,PFM3T7T03,0.655172413793103
allsubs,0,TPR_cort,SMd,1,3,PFM3T7T01,PFM3T7T03,0.254971135343169
allsubs,0,TPR_cort,SMl,1,3,PFM3T7T01,PFM3T7T03,0.26892687832208
allsubs,0,TPR_cort,Aud,1,3,PFM3T7T01,PFM3T7T03,0.391031390134529
allsubs,0,TPR_cort,Tpole,1,3,PFM3T7T01,PFM3T7T03,0.705314009661836
allsubs,0,TPR_cort,MTL,1,3,PFM3T7T01,PFM3T7T03,0.357715903728174
allsubs,0,TPR_cort,PMN,1,3,PFM3T7T01,PFM3T7T03,0.497068110058638
allsubs,0,TPR_cort,PON,1,3,PFM3T7T01,PFM3T7T03,0.420044543429844
allsubs,0,TPR_cort,SCAN,1,3,PFM3T7T01,PFM3T7T03,0.353086419753086
allsubs,0,TNR_cort,DMN,1,3,PFM3T7T01,PFM3T7T03,0.96577071427129
allsubs,0,TNR_cort,Vis,1,3,PFM3T7T01,PFM3T7T03,0.957243554071601
allsubs,0,TNR_cort,FP,1,3,PFM3T7T01,PFM3T7T03,0.877508465514169
allsubs,0,TNR_cort,DAN,1,3,PFM3T7T01,PFM3T7T03,0.959170925610449
allsubs,0,TNR_cort,VAN,1,3,PFM3T7T01,PFM3T7T03,0.97879250372684
allsubs,0,TNR_cort,Sal,1,3,PFM3T7T01,PFM3T7T03,0.976013191009286
allsubs,0,TNR_cort,AMN,1,3,PFM3T7T01,PFM3T7T03,0.833493914308748
allsubs,0,TNR_cort,SMd,1,3,PFM3T7T01,PFM3T7T03,0.998152556222688
allsubs,0,TNR_cort,SMl,1,3,PFM3T7T01,PFM3T7T03,0.970124497149721
allsubs,0,TNR_cort,Aud,1,3,PFM3T7T01,PFM3T7T03,0.993966632856493
allsubs,0,TNR_cort,Tpole,1,3,PFM3T7T01,PFM3T7T03,0.990102187315261
allsubs,0,TNR_cort,MTL,1,3,PFM3T7T01,PFM3T7T03,0.983226572181593
allsubs,0,TNR_cort,PMN,1,3,PFM3T7T01,PFM3T7T03,0.956901827082787
allsubs,0,TNR_cort,PON,1,3,PFM3T7T01,PFM3T7T03,0.991236202704357
allsubs,0,TNR_cort,SCAN,1,3,PFM3T7T01,PFM3T7T03,0.992299972314507
allsubs,0,FPR_cort,DMN,1,3,PFM3T7T01,PFM3T7T03,0.0342292857287102
allsubs,0,FPR_cort,Vis,1,3,PFM3T7T01,PFM3T7T03,0.0427564459283992
allsubs,0,FPR_cort,FP,1,3,PFM3T7T01,PFM3T7T03,0.122491534485831
allsubs,0,FPR_cort,DAN,1,3,PFM3T7T01,PFM3T7T03,0.0408290743895514
allsubs,0,FPR_cort,VAN,1,3,PFM3T7T01,PFM3T7T03,0.0212074962731597
allsubs,0,FPR_cort,Sal,1,3,PFM3T7T01,PFM3T7T03,0.0239868089907142
allsubs,0,FPR_cort,AMN,1,3,PFM3T7T01,PFM3T7T03,0.166506085691252
allsubs,0,FPR_cort,SMd,1,3,PFM3T7T01,PFM3T7T03,0.0018474437773119
allsubs,0,FPR_cort,SMl,1,3,PFM3T7T01,PFM3T7T03,0.0298755028502793
allsubs,0,FPR_cort,Aud,1,3,PFM3T7T01,PFM3T7T03,0.0060333671435067
allsubs,0,FPR_cort,Tpole,1,3,PFM3T7T01,PFM3T7T03,0.0098978126847394
allsubs,0,FPR_cort,MTL,1,3,PFM3T7T01,PFM3T7T03,0.0167734278184071
allsubs,0,FPR_cort,PMN,1,3,PFM3T7T01,PFM3T7T03,0.043098172917213
allsubs,0,FPR_cort,PON,1,3,PFM3T7T01,PFM3T7T03,0.0087637972956425
allsubs,0,FPR_cort,SCAN,1,3,PFM3T7T01,PFM3T7T03,0.0077000276854928
allsubs,0,FNR_cort,DMN,1,3,PFM3T7T01,PFM3T7T03,0.546446982715051
allsubs,0,FNR_cort,Vis,1,3,PFM3T7T01,PFM3T7T03,0.124318429661941
allsubs,0,FNR_cort,FP,1,3,PFM3T7T01,PFM3T7T03,0.318594791035736
allsubs,0,FNR_cort,DAN,1,3,PFM3T7T01,PFM3T7T03,0.645852324521422
allsubs,0,FNR_cort,VAN,1,3,PFM3T7T01,PFM3T7T03,0.655352480417755
allsubs,0,FNR_cort,Sal,1,3,PFM3T7T01,PFM3T7T03,0.579298831385643
allsubs,0,FNR_cort,AMN,1,3,PFM3T7T01,PFM3T7T03,0.344827586206897
allsubs,0,FNR_cort,SMd,1,3,PFM3T7T01,PFM3T7T03,0.745028864656831
allsubs,0,FNR_cort,SMl,1,3,PFM3T7T01,PFM3T7T03,0.73107312167792
allsubs,0,FNR_cort,Aud,1,3,PFM3T7T01,PFM3T7T03,0.608968609865471
allsubs,0,FNR_cort,Tpole,1,3,PFM3T7T01,PFM3T7T03,0.294685990338164
allsubs,0,FNR_cort,MTL,1,3,PFM3T7T01,PFM3T7T03,0.642284096271826
allsubs,0,FNR_cort,PMN,1,3,PFM3T7T01,PFM3T7T03,0.502931889941362
allsubs,0,FNR_cort,PON,1,3,PFM3T7T01,PFM3T7T03,0.579955456570156
allsubs,0,FNR_cort,SCAN,1,3,PFM3T7T01,PFM3T7T03,0.646913580246914
allsubs,0,NPV_cort,DMN,1,3,PFM3T7T01,PFM3T7T03,0.898440728912268
allsubs,0,NPV_cort,Vis,1,3,PFM3T7T01,PFM3T7T03,0.986918854826063
allsubs,0,NPV_cort,FP,1,3,PFM3T7T01,PFM3T7T03,0.979080912326751
allsubs,0,NPV_cort,DAN,1,3,PFM3T7T01,PFM3T7T03,0.922602141140485
allsubs,0,NPV_cort,VAN,1,3,PFM3T7T01,PFM3T7T03,0.964871153408793
allsubs,0,NPV_cort,Sal,1,3,PFM3T7T01,PFM3T7T03,0.981824213430178
allsubs,0,NPV_cort,AMN,1,3,PFM3T7T01,PFM3T7T03,0.934934603762765
allsubs,0,NPV_cort,SMd,1,3,PFM3T7T01,PFM3T7T03,0.960299420641567
allsubs,0,NPV_cort,SMl,1,3,PFM3T7T01,PFM3T7T03,0.909081164132707
allsubs,0,NPV_cort,Aud,1,3,PFM3T7T01,PFM3T7T03,0.976664661912535
allsubs,0,NPV_cort,Tpole,1,3,PFM3T7T01,PFM3T7T03,0.998960463531016
allsubs,0,NPV_cort,MTL,1,3,PFM3T7T01,PFM3T7T03,0.976409616417936
allsubs,0,NPV_cort,PMN,1,3,PFM3T7T01,PFM3T7T03,0.980034022741517
allsubs,0,NPV_cort,PON,1,3,PFM3T7T01,PFM3T7T03,0.977539332045266
allsubs,0,NPV_cort,SCAN,1,3,PFM3T7T01,PFM3T7T03,0.982053257984416
allsubs,0,PPV_cort,DMN,1,3,PFM3T7T01,PFM3T7T03,0.725816887738596
allsubs,0,PPV_cort,Vis,1,3,PFM3T7T01,PFM3T7T03,0.676400393092798
allsubs,0,PPV_cort,FP,1,3,PFM3T7T01,PFM3T7T03,0.246629398224268
allsubs,0,PPV_cort,DAN,1,3,PFM3T7T01,PFM3T7T03,0.519385026737968
allsubs,0,PPV_cort,VAN,1,3,PFM3T7T01,PFM3T7T03,0.469124833407374
allsubs,0,PPV_cort,Sal,1,3,PFM3T7T01,PFM3T7T03,0.353601496725912
allsubs,0,PPV_cort,AMN,1,3,PFM3T7T01,PFM3T7T03,0.398280395082783
allsubs,0,PPV_cort,SMd,1,3,PFM3T7T01,PFM3T7T03,0.884315906562848
allsubs,0,PPV_cort,SMl,1,3,PFM3T7T01,PFM3T7T03,0.544344286129689
allsubs,0,PPV_cort,Aud,1,3,PFM3T7T01,PFM3T7T03,0.716516023007395
allsubs,0,PPV_cort,Tpole,1,3,PFM3T7T01,PFM3T7T03,0.199453551912568
allsubs,0,PPV_cort,MTL,1,3,PFM3T7T01,PFM3T7T03,0.440954043048284
allsubs,0,PPV_cort,PMN,1,3,PFM3T7T01,PFM3T7T03,0.308943089430894
allsubs,0,PPV_cort,PON,1,3,PFM3T7T01,PFM3T7T03,0.653047091412742
allsubs,0,PPV_cort,SCAN,1,3,PFM3T7T01,PFM3T7T03,0.56243854473943
allsubs,0,PPVcorr_Jeffreys_cort,DMN,1,3,PFM3T7T01,PFM3T7T03,0.694664844588847
allsubs,0,PPVcorr_Jeffreys_cort,Vis,1,3,PFM3T7T01,PFM3T7T03,0.663751759370276
allsubs,0,PPVcorr_Jeffreys_cort,FP,1,3,PFM3T7T01,PFM3T7T03,0.255479625946769
allsubs,0,PPVcorr_Jeffreys_cort,DAN,1,3,PFM3T7T01,PFM3T7T03,0.516905677975982
allsubs,0,PPVcorr_Jeffreys_cort,VAN,1,3,PFM3T7T01,PFM3T7T03,0.47282396183624
allsubs,0,PPVcorr_Jeffreys_cort,Sal,1,3,PFM3T7T01,PFM3T7T03,0.364952323424084
allsubs,0,PPVcorr_Jeffreys_cort,AMN,1,3,PFM3T7T01,PFM3T7T03,0.404109589041096
allsubs,0,PPVcorr_Jeffreys_cort,SMd,1,3,PFM3T7T01,PFM3T7T03,0.785348529897588
allsubs,0,PPVcorr_Jeffreys_cort,SMl,1,3,PFM3T7T01,PFM3T7T03,0.536879398321685
allsubs,0,PPVcorr_Jeffreys_cort,Aud,1,3,PFM3T7T01,PFM3T7T03,0.682986111111111
allsubs,0,PPVcorr_Jeffreys_cort,Tpole,1,3,PFM3T7T01,PFM3T7T03,0.207718878703335
allsubs,0,PPVcorr_Jeffreys_cort,MTL,1,3,PFM3T7T01,PFM3T7T03,0.447433839142369
allsubs,0,PPVcorr_Jeffreys_cort,PMN,1,3,PFM3T7T01,PFM3T7T03,0.320122997334178
allsubs,0,PPVcorr_Jeffreys_cort,PON,1,3,PFM3T7T01,PFM3T7T03,0.632454300269703
allsubs,0,PPVcorr_Jeffreys_cort,SCAN,1,3,PFM3T7T01,PFM3T7T03,0.553859202714165
allsubs,0,PPVcorr_d1d2_cort,DMN,1,3,PFM3T7T01,PFM3T7T03,0.724174538965949
allsubs,0,PPVcorr_d1d2_cort,Vis,1,3,PFM3T7T01,PFM3T7T03,0.684933833584324
allsubs,0,PPVcorr_d1d2_cort,FP,1,3,PFM3T7T01,PFM3T7T03,0.273936155542936
allsubs,0,PPVcorr_d1d2_cort,DAN,1,3,PFM3T7T01,PFM3T7T03,0.522921325280838
allsubs,0,PPVcorr_d1d2_cort,VAN,1,3,PFM3T7T01,PFM3T7T03,0.480427745510737
allsubs,0,PPVcorr_d1d2_cort,Sal,1,3,PFM3T7T01,PFM3T7T03,0.391012090768123
allsubs,0,PPVcorr_d1d2_cort,AMN,1,3,PFM3T7T01,PFM3T7T03,0.407083412743528
allsubs,0,PPVcorr_d1d2_cort,SMd,1,3,PFM3T7T01,PFM3T7T03,0.824332584990378
allsubs,0,PPVcorr_d1d2_cort,SMl,1,3,PFM3T7T01,PFM3T7T03,0.542910683980239
allsubs,0,PPVcorr_d1d2_cort,Aud,1,3,PFM3T7T01,PFM3T7T03,0.70339453037283
allsubs,0,PPVcorr_d1d2_cort,Tpole,1,3,PFM3T7T01,PFM3T7T03,0.600387981279468
allsubs,0,PPVcorr_d1d2_cort,MTL,1,3,PFM3T7T01,PFM3T7T03,0.461331412806165
allsubs,0,PPVcorr_d1d2_cort,PMN,1,3,PFM3T7T01,PFM3T7T03,0.344436504575283
allsubs,0,PPVcorr_d1d2_cort,PON,1,3,PFM3T7T01,PFM3T7T03,0.652311140902833
allsubs,0,PPVcorr_d1d2_cort,SCAN,1,3,PFM3T7T01,PFM3T7T03,0.568226992645597
allsubs,0,PPVcorr_bayes_cort,DMN,1,3,PFM3T7T01,PFM3T7T03,0.718306589893151
allsubs,0,PPVcorr_bayes_cort,Vis,1,3,PFM3T7T01,PFM3T7T03,0.699362084577854
allsubs,0,PPVcorr_bayes_cort,FP,1,3,PFM3T7T01,PFM3T7T03,0.291379143296983
allsubs,0,PPVcorr_bayes_cort,DAN,1,3,PFM3T7T01,PFM3T7T03,0.530478819451651
allsubs,0,PPVcorr_bayes_cort,VAN,1,3,PFM3T7T01,PFM3T7T03,0.486051056045235
allsubs,0,PPVcorr_bayes_cort,Sal,1,3,PFM3T7T01,PFM3T7T03,0.387374655091191
allsubs,0,PPVcorr_bayes_cort,AMN,1,3,PFM3T7T01,PFM3T7T03,0.435061285706897
allsubs,0,PPVcorr_bayes_cort,SMd,1,3,PFM3T7T01,PFM3T7T03,0.795956056444739
allsubs,0,PPVcorr_bayes_cort,SMl,1,3,PFM3T7T01,PFM3T7T03,0.53971040508969
allsubs,0,PPVcorr_bayes_cort,Aud,1,3,PFM3T7T01,PFM3T7T03,0.702030838661151
allsubs,0,PPVcorr_bayes_cort,Tpole,1,3,PFM3T7T01,PFM3T7T03,0.246317347144683
allsubs,0,PPVcorr_bayes_cort,MTL,1,3,PFM3T7T01,PFM3T7T03,0.462471590131165
allsubs,0,PPVcorr_bayes_cort,PMN,1,3,PFM3T7T01,PFM3T7T03,0.348165867050845
allsubs,0,PPVcorr_bayes_cort,PON,1,3,PFM3T7T01,PFM3T7T03,0.652239524803339
allsubs,0,PPVcorr_bayes_cort,SCAN,1,3,PFM3T7T01,PFM3T7T03,0.567197452229299
allsubs,0,MCC_cort,DMN,1,3,PFM3T7T01,PFM3T7T03,0.511630758718086
allsubs,0,MCC_cort,Vis,1,3,PFM3T7T01,PFM3T7T03,0.743300253663443
allsubs,0,MCC_cort,FP,1,3,PFM3T7T01,PFM3T7T03,0.355179643332411
allsubs,0,MCC_cort,DAN,1,3,PFM3T7T01,PFM3T7T03,0.372132773535169
allsubs,0,MCC_cort,VAN,1,3,PFM3T7T01,PFM3T7T03,0.374662077200069
allsubs,0,MCC_cort,Sal,1,3,PFM3T7T01,PFM3T7T03,0.364785136492537
allsubs,0,MCC_cort,AMN,1,3,PFM3T7T01,PFM3T7T03,0.403523171520938
allsubs,0,MCC_cort,SMd,1,3,PFM3T7T01,PFM3T7T03,0.462376631735521
allsubs,0,MCC_cort,SMl,1,3,PFM3T7T01,PFM3T7T03,0.329229369223261
allsubs,0,MCC_cort,Aud,1,3,PFM3T7T01,PFM3T7T03,0.516597709315224
allsubs,0,MCC_cort,Tpole,1,3,PFM3T7T01,PFM3T7T03,0.371457023149021
allsubs,0,MCC_cort,MTL,1,3,PFM3T7T01,PFM3T7T03,0.377222745089919
allsubs,0,MCC_cort,PMN,1,3,PFM3T7T01,PFM3T7T03,0.362197351520162
allsubs,0,MCC_cort,PON,1,3,PFM3T7T01,PFM3T7T03,0.50926226518554
allsubs,0,MCC_cort,SCAN,1,3,PFM3T7T01,PFM3T7T03,0.433658920412309
allsubs,0,muI_cort,WholeBrainOrSingleVal,1,3,PFM3T7T01,PFM3T7T03,1.2075270266143
allsubs,0,VIn_cort,WholeBrainOrSingleVal,1,3,PFM3T7T01,PFM3T7T03,0.286597516099521
allsubs,0,MIn_cort,WholeBrainOrSingleVal,1,3,PFM3T7T01,PFM3T7T03,0.346987970911342
allsubs,0,DC_cort,DMN,1,4,PFM3T7T01,PFM3T7T04,0.548075348075348
allsubs,0,DC_cort,Vis,1,4,PFM3T7T01,PFM3T7T04,0.862495630898287
allsubs,0,DC_cort,FP,1,4,PFM3T7T01,PFM3T7T04,0.561075465933394
allsubs,0,DC_cort,DAN,1,4,PFM3T7T01,PFM3T7T04,0.393010542756736
allsubs,0,DC_cort,VAN,1,4,PFM3T7T01,PFM3T7T04,0.400506970849176
allsubs,0,DC_cort,Sal,1,4,PFM3T7T01,PFM3T7T04,0.309041095890411
allsubs,0,DC_cort,AMN,1,4,PFM3T7T01,PFM3T7T04,0.536759835739833
allsubs,0,DC_cort,SMd,1,4,PFM3T7T01,PFM3T7T04,0.421293646250716
allsubs,0,DC_cort,SMl,1,4,PFM3T7T01,PFM3T7T04,0.415982076176251
allsubs,0,DC_cort,Aud,1,4,PFM3T7T01,PFM3T7T04,0.451956471405418
allsubs,0,DC_cort,Tpole,1,4,PFM3T7T01,PFM3T7T04,0.372809346787042
allsubs,0,DC_cort,MTL,1,4,PFM3T7T01,PFM3T7T04,0.384013322231474
allsubs,0,DC_cort,PMN,1,4,PFM3T7T01,PFM3T7T04,0.374463319021841
allsubs,0,DC_cort,PON,1,4,PFM3T7T01,PFM3T7T04,0.518996771790415
allsubs,0,DC_cort,SCAN,1,4,PFM3T7T01,PFM3T7T04,0.501132075471698
allsubs,0,cDC_cort,DMN,1,4,PFM3T7T01,PFM3T7T04,0.548075348075348
allsubs,0,cDC_cort,Vis,1,4,PFM3T7T01,PFM3T7T04,0.862495630898287
allsubs,0,cDC_cort,FP,1,4,PFM3T7T01,PFM3T7T04,0.561075465933394
allsubs,0,cDC_cort,DAN,1,4,PFM3T7T01,PFM3T7T04,0.393010542756736
allsubs,0,cDC_cort,VAN,1,4,PFM3T7T01,PFM3T7T04,0.400506970849176
allsubs,0,cDC_cort,Sal,1,4,PFM3T7T01,PFM3T7T04,0.309041095890411
allsubs,0,cDC_cort,AMN,1,4,PFM3T7T01,PFM3T7T04,0.536759835739833
allsubs,0,cDC_cort,SMd,1,4,PFM3T7T01,PFM3T7T04,0.421293646250716
allsubs,0,cDC_cort,SMl,1,4,PFM3T7T01,PFM3T7T04,0.415982076176251
allsubs,0,cDC_cort,Aud,1,4,PFM3T7T01,PFM3T7T04,0.451956471405418
allsubs,0,cDC_cort,Tpole,1,4,PFM3T7T01,PFM3T7T04,0.372809346787042
allsubs,0,cDC_cort,MTL,1,4,PFM3T7T01,PFM3T7T04,0.384013322231474
allsubs,0,cDC_cort,PMN,1,4,PFM3T7T01,PFM3T7T04,0.374463319021841
allsubs,0,cDC_cort,PON,1,4,PFM3T7T01,PFM3T7T04,0.518996771790415
allsubs,0,cDC_cort,SCAN,1,4,PFM3T7T01,PFM3T7T04,0.501132075471698
allsubs,0,TP_cort,DMN,1,4,PFM3T7T01,PFM3T7T04,3346.0
allsubs,0,TP_cort,Vis,1,4,PFM3T7T01,PFM3T7T04,6169.0
allsubs,0,TP_cort,FP,1,4,PFM3T7T01,PFM3T7T04,4591.0
allsubs,0,TP_cort,DAN,1,4,PFM3T7T01,PFM3T7T04,2013.0
allsubs,0,TP_cort,VAN,1,4,PFM3T7T01,PFM3T7T04,1264.0
allsubs,0,TP_cort,Sal,1,4,PFM3T7T01,PFM3T7T04,564.0
allsubs,0,TP_cort,AMN,1,4,PFM3T7T01,PFM3T7T04,6078.0
allsubs,0,TP_cort,SMd,1,4,PFM3T7T01,PFM3T7T04,736.0
allsubs,0,TP_cort,SMl,1,4,PFM3T7T01,PFM3T7T04,1114.0
allsubs,0,TP_cort,Aud,1,4,PFM3T7T01,PFM3T7T04,976.0
allsubs,0,TP_cort,Tpole,1,4,PFM3T7T01,PFM3T7T04,351.0
allsubs,0,TP_cort,MTL,1,4,PFM3T7T01,PFM3T7T04,1153.0
allsubs,0,TP_cort,PMN,1,4,PFM3T7T01,PFM3T7T04,1003.0
allsubs,0,TP_cort,PON,1,4,PFM3T7T01,PFM3T7T04,1045.0
allsubs,0,TP_cort,SCAN,1,4,PFM3T7T01,PFM3T7T04,664.0
allsubs,0,TN_cort,DMN,1,4,PFM3T7T01,PFM3T7T04,50548.0
allsubs,0,TN_cort,Vis,1,4,PFM3T7T01,PFM3T7T04,51276.0
allsubs,0,TN_cort,FP,1,4,PFM3T7T01,PFM3T7T04,47638.0
allsubs,0,TN_cort,DAN,1,4,PFM3T7T01,PFM3T7T04,51181.0
allsubs,0,TN_cort,VAN,1,4,PFM3T7T01,PFM3T7T04,54364.0
allsubs,0,TN_cort,Sal,1,4,PFM3T7T01,PFM3T7T04,56326.0
allsubs,0,TN_cort,AMN,1,4,PFM3T7T01,PFM3T7T04,42843.0
allsubs,0,TN_cort,SMd,1,4,PFM3T7T01,PFM3T7T04,56654.0
allsubs,0,TN_cort,SMl,1,4,PFM3T7T01,PFM3T7T04,55170.0
allsubs,0,TN_cort,Aud,1,4,PFM3T7T01,PFM3T7T04,56069.0
allsubs,0,TN_cort,Tpole,1,4,PFM3T7T01,PFM3T7T04,57880.0
allsubs,0,TN_cort,MTL,1,4,PFM3T7T01,PFM3T7T04,54560.0
allsubs,0,TN_cort,PMN,1,4,PFM3T7T01,PFM3T7T04,55058.0
allsubs,0,TN_cort,PON,1,4,PFM3T7T01,PFM3T7T04,56430.0
allsubs,0,TN_cort,SCAN,1,4,PFM3T7T01,PFM3T7T04,57426.0
allsubs,0,FP_cort,DMN,1,4,PFM3T7T01,PFM3T7T04,2836.0
allsubs,0,FP_cort,Vis,1,4,PFM3T7T01,PFM3T7T04,954.0
allsubs,0,FP_cort,FP,1,4,PFM3T7T01,PFM3T7T04,4532.0
allsubs,0,FP_cort,DAN,1,4,PFM3T7T01,PFM3T7T04,2475.0
allsubs,0,FP_cort,VAN,1,4,PFM3T7T01,PFM3T7T04,987.0
allsubs,0,FP_cort,Sal,1,4,PFM3T7T01,PFM3T7T04,1574.0
allsubs,0,FP_cort,AMN,1,4,PFM3T7T01,PFM3T7T04,7995.0
allsubs,0,FP_cort,SMd,1,4,PFM3T7T01,PFM3T7T04,163.0
allsubs,0,FP_cort,SMl,1,4,PFM3T7T01,PFM3T7T04,2325.0
allsubs,0,FP_cort,Aud,1,4,PFM3T7T01,PFM3T7T04,241.0
allsubs,0,FP_cort,Tpole,1,4,PFM3T7T01,PFM3T7T04,381.0
allsubs,0,FP_cort,MTL,1,4,PFM3T7T01,PFM3T7T04,566.0
allsubs,0,FP_cort,PMN,1,4,PFM3T7T01,PFM3T7T04,2564.0
allsubs,0,FP_cort,PON,1,4,PFM3T7T01,PFM3T7T04,399.0
allsubs,0,FP_cort,SCAN,1,4,PFM3T7T01,PFM3T7T04,353.0
allsubs,0,FN_cort,DMN,1,4,PFM3T7T01,PFM3T7T04,2682.0
allsubs,0,FN_cort,Vis,1,4,PFM3T7T01,PFM3T7T04,1013.0
allsubs,0,FN_cort,FP,1,4,PFM3T7T01,PFM3T7T04,2651.0
allsubs,0,FN_cort,DAN,1,4,PFM3T7T01,PFM3T7T04,3743.0
allsubs,0,FN_cort,VAN,1,4,PFM3T7T01,PFM3T7T04,2797.0
allsubs,0,FN_cort,Sal,1,4,PFM3T7T01,PFM3T7T04,948.0
allsubs,0,FN_cort,AMN,1,4,PFM3T7T01,PFM3T7T04,2496.0
allsubs,0,FN_cort,SMd,1,4,PFM3T7T01,PFM3T7T04,1859.0
allsubs,0,FN_cort,SMl,1,4,PFM3T7T01,PFM3T7T04,803.0
allsubs,0,FN_cort,Aud,1,4,PFM3T7T01,PFM3T7T04,2126.0
allsubs,0,FN_cort,Tpole,1,4,PFM3T7T01,PFM3T7T04,800.0
allsubs,0,FN_cort,MTL,1,4,PFM3T7T01,PFM3T7T04,3133.0
allsubs,0,FN_cort,PMN,1,4,PFM3T7T01,PFM3T7T04,787.0
allsubs,0,FN_cort,PON,1,4,PFM3T7T01,PFM3T7T04,1538.0
allsubs,0,FN_cort,SCAN,1,4,PFM3T7T01,PFM3T7T04,969.0
allsubs,0,TPR_cort,DMN,1,4,PFM3T7T01,PFM3T7T04,0.555076310550763
allsubs,0,TPR_cort,Vis,1,4,PFM3T7T01,PFM3T7T04,0.858952937900306
allsubs,0,TPR_cort,FP,1,4,PFM3T7T01,PFM3T7T04,0.633940900303783
allsubs,0,TPR_cort,DAN,1,4,PFM3T7T01,PFM3T7T04,0.349722029186935
allsubs,0,TPR_cort,VAN,1,4,PFM3T7T01,PFM3T7T04,0.31125338586555
allsubs,0,TPR_cort,Sal,1,4,PFM3T7T01,PFM3T7T04,0.373015873015873
allsubs,0,TPR_cort,AMN,1,4,PFM3T7T01,PFM3T7T04,0.70888733379986
allsubs,0,TPR_cort,SMd,1,4,PFM3T7T01,PFM3T7T04,0.283622350674374
allsubs,0,TPR_cort,SMl,1,4,PFM3T7T01,PFM3T7T04,0.581116327595201
allsubs,0,TPR_cort,Aud,1,4,PFM3T7T01,PFM3T7T04,0.314635718891038
allsubs,0,TPR_cort,Tpole,1,4,PFM3T7T01,PFM3T7T04,0.304952215464813
allsubs,0,TPR_cort,MTL,1,4,PFM3T7T01,PFM3T7T04,0.269015398973402
allsubs,0,TPR_cort,PMN,1,4,PFM3T7T01,PFM3T7T04,0.560335195530726
allsubs,0,TPR_cort,PON,1,4,PFM3T7T01,PFM3T7T04,0.4045683313976
allsubs,0,TPR_cort,SCAN,1,4,PFM3T7T01,PFM3T7T04,0.406613594611145
allsubs,0,TNR_cort,DMN,1,4,PFM3T7T01,PFM3T7T04,0.94687546830511
allsubs,0,TNR_cort,Vis,1,4,PFM3T7T01,PFM3T7T04,0.981734635267088
allsubs,0,TNR_cort,FP,1,4,PFM3T7T01,PFM3T7T04,0.913130151428024
allsubs,0,TNR_cort,DAN,1,4,PFM3T7T01,PFM3T7T04,0.953872819442374
allsubs,0,TNR_cort,VAN,1,4,PFM3T7T01,PFM3T7T04,0.982168343842026
allsubs,0,TNR_cort,Sal,1,4,PFM3T7T01,PFM3T7T04,0.972815198618307
allsubs,0,TNR_cort,AMN,1,4,PFM3T7T01,PFM3T7T04,0.842735748849286
allsubs,0,TNR_cort,SMd,1,4,PFM3T7T01,PFM3T7T04,0.997131140327719
allsubs,0,TNR_cort,SMl,1,4,PFM3T7T01,PFM3T7T04,0.95956170101748
allsubs,0,TNR_cort,Aud,1,4,PFM3T7T01,PFM3T7T04,0.995720120760078
allsubs,0,TNR_cort,Tpole,1,4,PFM3T7T01,PFM3T7T04,0.99346046240195
allsubs,0,TNR_cort,MTL,1,4,PFM3T7T01,PFM3T7T04,0.989732612560316
allsubs,0,TNR_cort,PMN,1,4,PFM3T7T01,PFM3T7T04,0.955503106452397
allsubs,0,TNR_cort,PON,1,4,PFM3T7T01,PFM3T7T04,0.992978936810431
allsubs,0,TNR_cort,SCAN,1,4,PFM3T7T01,PFM3T7T04,0.993890513854515
allsubs,0,FPR_cort,DMN,1,4,PFM3T7T01,PFM3T7T04,0.0531245316948899
allsubs,0,FPR_cort,Vis,1,4,PFM3T7T01,PFM3T7T04,0.0182653647329121
allsubs,0,FPR_cort,FP,1,4,PFM3T7T01,PFM3T7T04,0.0868698485719762
allsubs,0,FPR_cort,DAN,1,4,PFM3T7T01,PFM3T7T04,0.0461271805576264
allsubs,0,FPR_cort,VAN,1,4,PFM3T7T01,PFM3T7T04,0.0178316561579737
allsubs,0,FPR_cort,Sal,1,4,PFM3T7T01,PFM3T7T04,0.0271848013816926
allsubs,0,FPR_cort,AMN,1,4,PFM3T7T01,PFM3T7T04,0.157264251150714
allsubs,0,FPR_cort,SMd,1,4,PFM3T7T01,PFM3T7T04,0.0028688596722811
allsubs,0,FPR_cort,SMl,1,4,PFM3T7T01,PFM3T7T04,0.0404382989825202
allsubs,0,FPR_cort,Aud,1,4,PFM3T7T01,PFM3T7T04,0.0042798792399218
allsubs,0,FPR_cort,Tpole,1,4,PFM3T7T01,PFM3T7T04,0.0065395375980501
allsubs,0,FPR_cort,MTL,1,4,PFM3T7T01,PFM3T7T04,0.0102673874396836
allsubs,0,FPR_cort,PMN,1,4,PFM3T7T01,PFM3T7T04,0.0444968935476033
allsubs,0,FPR_cort,PON,1,4,PFM3T7T01,PFM3T7T04,0.0070210631895687
allsubs,0,FPR_cort,SCAN,1,4,PFM3T7T01,PFM3T7T04,0.0061094861454853
allsubs,0,FNR_cort,DMN,1,4,PFM3T7T01,PFM3T7T04,0.444923689449237
allsubs,0,FNR_cort,Vis,1,4,PFM3T7T01,PFM3T7T04,0.141047062099694
allsubs,0,FNR_cort,FP,1,4,PFM3T7T01,PFM3T7T04,0.366059099696217
allsubs,0,FNR_cort,DAN,1,4,PFM3T7T01,PFM3T7T04,0.650277970813065
allsubs,0,FNR_cort,VAN,1,4,PFM3T7T01,PFM3T7T04,0.68874661413445
allsubs,0,FNR_cort,Sal,1,4,PFM3T7T01,PFM3T7T04,0.626984126984127
allsubs,0,FNR_cort,AMN,1,4,PFM3T7T01,PFM3T7T04,0.29111266620014
allsubs,0,FNR_cort,SMd,1,4,PFM3T7T01,PFM3T7T04,0.716377649325626
allsubs,0,FNR_cort,SMl,1,4,PFM3T7T01,PFM3T7T04,0.418883672404799
allsubs,0,FNR_cort,Aud,1,4,PFM3T7T01,PFM3T7T04,0.685364281108962
allsubs,0,FNR_cort,Tpole,1,4,PFM3T7T01,PFM3T7T04,0.695047784535187
allsubs,0,FNR_cort,MTL,1,4,PFM3T7T01,PFM3T7T04,0.730984601026598
allsubs,0,FNR_cort,PMN,1,4,PFM3T7T01,PFM3T7T04,0.439664804469274
allsubs,0,FNR_cort,PON,1,4,PFM3T7T01,PFM3T7T04,0.5954316686024
allsubs,0,FNR_cort,SCAN,1,4,PFM3T7T01,PFM3T7T04,0.593386405388855
allsubs,0,NPV_cort,DMN,1,4,PFM3T7T01,PFM3T7T04,0.949614878827729
allsubs,0,NPV_cort,Vis,1,4,PFM3T7T01,PFM3T7T04,0.980626900495324
allsubs,0,NPV_cort,FP,1,4,PFM3T7T01,PFM3T7T04,0.947284694465987
allsubs,0,NPV_cort,DAN,1,4,PFM3T7T01,PFM3T7T04,0.93185128541257
allsubs,0,NPV_cort,VAN,1,4,PFM3T7T01,PFM3T7T04,0.951068035898602
allsubs,0,NPV_cort,Sal,1,4,PFM3T7T01,PFM3T7T04,0.983447986870133
allsubs,0,NPV_cort,AMN,1,4,PFM3T7T01,PFM3T7T04,0.944948057963343
allsubs,0,NPV_cort,SMd,1,4,PFM3T7T01,PFM3T7T04,0.968229282381693
allsubs,0,NPV_cort,SMl,1,4,PFM3T7T01,PFM3T7T04,0.985653797366587
allsubs,0,NPV_cort,Aud,1,4,PFM3T7T01,PFM3T7T04,0.963467651860125
allsubs,0,NPV_cort,Tpole,1,4,PFM3T7T01,PFM3T7T04,0.986366734832993
allsubs,0,NPV_cort,MTL,1,4,PFM3T7T01,PFM3T7T04,0.945695318322847
allsubs,0,NPV_cort,PMN,1,4,PFM3T7T01,PFM3T7T04,0.985907422329662
allsubs,0,NPV_cort,PON,1,4,PFM3T7T01,PFM3T7T04,0.973468120342258
allsubs,0,NPV_cort,SCAN,1,4,PFM3T7T01,PFM3T7T04,0.983406113537118
allsubs,0,PPV_cort,DMN,1,4,PFM3T7T01,PFM3T7T04,0.541248786800388
allsubs,0,PPV_cort,Vis,1,4,PFM3T7T01,PFM3T7T04,0.866067668117366
allsubs,0,PPV_cort,FP,1,4,PFM3T7T01,PFM3T7T04,0.503233585443385
allsubs,0,PPV_cort,DAN,1,4,PFM3T7T01,PFM3T7T04,0.448529411764706
allsubs,0,PPV_cort,VAN,1,4,PFM3T7T01,PFM3T7T04,0.561528209684585
allsubs,0,PPV_cort,Sal,1,4,PFM3T7T01,PFM3T7T04,0.263797942001871
allsubs,0,PPV_cort,AMN,1,4,PFM3T7T01,PFM3T7T04,0.431890854828395
allsubs,0,PPV_cort,SMd,1,4,PFM3T7T01,PFM3T7T04,0.818687430478309
allsubs,0,PPV_cort,SMl,1,4,PFM3T7T01,PFM3T7T04,0.323931375399826
allsubs,0,PPV_cort,Aud,1,4,PFM3T7T01,PFM3T7T04,0.801972062448644
allsubs,0,PPV_cort,Tpole,1,4,PFM3T7T01,PFM3T7T04,0.479508196721311
allsubs,0,PPV_cort,MTL,1,4,PFM3T7T01,PFM3T7T04,0.670738801628854
allsubs,0,PPV_cort,PMN,1,4,PFM3T7T01,PFM3T7T04,0.281188673955705
allsubs,0,PPV_cort,PON,1,4,PFM3T7T01,PFM3T7T04,0.723684210526316
allsubs,0,PPV_cort,SCAN,1,4,PFM3T7T01,PFM3T7T04,0.652900688298918
allsubs,0,PPVcorr_Jeffreys_cort,DMN,1,4,PFM3T7T01,PFM3T7T04,0.53758401131942
allsubs,0,PPVcorr_Jeffreys_cort,Vis,1,4,PFM3T7T01,PFM3T7T04,0.832538386981584
allsubs,0,PPVcorr_Jeffreys_cort,FP,1,4,PFM3T7T01,PFM3T7T04,0.502995775448859
allsubs,0,PPVcorr_Jeffreys_cort,DAN,1,4,PFM3T7T01,PFM3T7T04,0.454380282802749
allsubs,0,PPVcorr_Jeffreys_cort,VAN,1,4,PFM3T7T01,PFM3T7T04,0.552124496631666
allsubs,0,PPVcorr_Jeffreys_cort,Sal,1,4,PFM3T7T01,PFM3T7T04,0.279398916652106
allsubs,0,PPVcorr_Jeffreys_cort,AMN,1,4,PFM3T7T01,PFM3T7T04,0.435802121845362
allsubs,0,PPVcorr_Jeffreys_cort,SMd,1,4,PFM3T7T01,PFM3T7T04,0.747302546396202
allsubs,0,PPVcorr_Jeffreys_cort,SMl,1,4,PFM3T7T01,PFM3T7T04,0.333227752224089
allsubs,0,PPVcorr_Jeffreys_cort,Aud,1,4,PFM3T7T01,PFM3T7T04,0.740636458878994
allsubs,0,PPVcorr_Jeffreys_cort,Tpole,1,4,PFM3T7T01,PFM3T7T04,0.482292527446583
allsubs,0,PPVcorr_Jeffreys_cort,MTL,1,4,PFM3T7T01,PFM3T7T04,0.636664183274353
allsubs,0,PPVcorr_Jeffreys_cort,PMN,1,4,PFM3T7T01,PFM3T7T04,0.29164442071543
allsubs,0,PPVcorr_Jeffreys_cort,PON,1,4,PFM3T7T01,PFM3T7T04,0.68974328849204
allsubs,0,PPVcorr_Jeffreys_cort,SCAN,1,4,PFM3T7T01,PFM3T7T04,0.631746166228925
allsubs,0,PPVcorr_d1d2_cort,DMN,1,4,PFM3T7T01,PFM3T7T04,0.548950301531999
allsubs,0,PPVcorr_d1d2_cort,Vis,1,4,PFM3T7T01,PFM3T7T04,0.867757267692425
allsubs,0,PPVcorr_d1d2_cort,FP,1,4,PFM3T7T01,PFM3T7T04,0.511434679963871
allsubs,0,PPVcorr_d1d2_cort,DAN,1,4,PFM3T7T01,PFM3T7T04,0.455757422764138
allsubs,0,PPVcorr_d1d2_cort,VAN,1,4,PFM3T7T01,PFM3T7T04,0.561194599115194
allsubs,0,PPVcorr_d1d2_cort,Sal,1,4,PFM3T7T01,PFM3T7T04,0.315275621439087
allsubs,0,PPVcorr_d1d2_cort,AMN,1,4,PFM3T7T01,PFM3T7T04,0.440428655232977
allsubs,0,PPVcorr_d1d2_cort,SMd,1,4,PFM3T7T01,PFM3T7T04,0.771143545279383
allsubs,0,PPVcorr_d1d2_cort,SMl,1,4,PFM3T7T01,PFM3T7T04,0.365507030464857
allsubs,0,PPVcorr_d1d2_cort,Aud,1,4,PFM3T7T01,PFM3T7T04,0.770662179865357
allsubs,0,PPVcorr_d1d2_cort,Tpole,1,4,PFM3T7T01,PFM3T7T04,0.498315572971152
allsubs,0,PPVcorr_d1d2_cort,MTL,1,4,PFM3T7T01,PFM3T7T04,0.655828201196843
allsubs,0,PPVcorr_d1d2_cort,PMN,1,4,PFM3T7T01,PFM3T7T04,0.327909962654515
allsubs,0,PPVcorr_d1d2_cort,PON,1,4,PFM3T7T01,PFM3T7T04,0.712882839877867
allsubs,0,PPVcorr_d1d2_cort,SCAN,1,4,PFM3T7T01,PFM3T7T04,0.65006978168302
allsubs,0,PPVcorr_bayes_cort,DMN,1,4,PFM3T7T01,PFM3T7T04,0.563753007217321
allsubs,0,PPVcorr_bayes_cort,Vis,1,4,PFM3T7T01,PFM3T7T04,0.8720516898077
allsubs,0,PPVcorr_bayes_cort,FP,1,4,PFM3T7T01,PFM3T7T04,0.532110140099725
allsubs,0,PPVcorr_bayes_cort,DAN,1,4,PFM3T7T01,PFM3T7T04,0.468493552168816
allsubs,0,PPVcorr_bayes_cort,VAN,1,4,PFM3T7T01,PFM3T7T04,0.560905073216431
allsubs,0,PPVcorr_bayes_cort,Sal,1,4,PFM3T7T01,PFM3T7T04,0.303169872663235
allsubs,0,PPVcorr_bayes_cort,AMN,1,4,PFM3T7T01,PFM3T7T04,0.467647403586918
allsubs,0,PPVcorr_bayes_cort,SMd,1,4,PFM3T7T01,PFM3T7T04,0.75887351298859
allsubs,0,PPVcorr_bayes_cort,SMl,1,4,PFM3T7T01,PFM3T7T04,0.36383047923413
allsubs,0,PPVcorr_bayes_cort,Aud,1,4,PFM3T7T01,PFM3T7T04,0.75548030005098
allsubs,0,PPVcorr_bayes_cort,Tpole,1,4,PFM3T7T01,PFM3T7T04,0.49092404022516
allsubs,0,PPVcorr_bayes_cort,MTL,1,4,PFM3T7T01,PFM3T7T04,0.640774440366024
allsubs,0,PPVcorr_bayes_cort,PMN,1,4,PFM3T7T01,PFM3T7T04,0.323130553656869
allsubs,0,PPVcorr_bayes_cort,PON,1,4,PFM3T7T01,PFM3T7T04,0.710033986595941
allsubs,0,PPVcorr_bayes_cort,SCAN,1,4,PFM3T7T01,PFM3T7T04,0.650525167098622
allsubs,0,MCC_cort,DMN,1,4,PFM3T7T01,PFM3T7T04,0.496376762286217
allsubs,0,MCC_cort,Vis,1,4,PFM3T7T01,PFM3T7T04,0.843685724722788
allsubs,0,MCC_cort,FP,1,4,PFM3T7T01,PFM3T7T04,0.496452927491041
allsubs,0,MCC_cort,DAN,1,4,PFM3T7T01,PFM3T7T04,0.339825867439555
allsubs,0,MCC_cort,VAN,1,4,PFM3T7T01,PFM3T7T04,0.387823254873439
allsubs,0,MCC_cort,Sal,1,4,PFM3T7T01,PFM3T7T04,0.292412934972093
allsubs,0,MCC_cort,AMN,1,4,PFM3T7T01,PFM3T7T04,0.455930962686601
allsubs,0,MCC_cort,SMd,1,4,PFM3T7T01,PFM3T7T04,0.470031503479647
allsubs,0,MCC_cort,SMl,1,4,PFM3T7T01,PFM3T7T04,0.409128220609457
allsubs,0,MCC_cort,Aud,1,4,PFM3T7T01,PFM3T7T04,0.48739992330386
allsubs,0,MCC_cort,Tpole,1,4,PFM3T7T01,PFM3T7T04,0.372857862832628
allsubs,0,MCC_cort,MTL,1,4,PFM3T7T01,PFM3T7T04,0.399375891584657
allsubs,0,MCC_cort,PMN,1,4,PFM3T7T01,PFM3T7T04,0.371185124667146
allsubs,0,MCC_cort,PON,1,4,PFM3T7T01,PFM3T7T04,0.526451331712308
allsubs,0,MCC_cort,SCAN,1,4,PFM3T7T01,PFM3T7T04,0.504820253535827
allsubs,0,muI_cort,WholeBrainOrSingleVal,1,4,PFM3T7T01,PFM3T7T04,1.30310992736985
allsubs,0,VIn_cort,WholeBrainOrSingleVal,1,4,PFM3T7T01,PFM3T7T04,0.28013036977022
allsubs,0,MIn_cort,WholeBrainOrSingleVal,1,4,PFM3T7T01,PFM3T7T04,0.369746957910052
allsubs,0,DC_cort,DMN,2,1,PFM3T7T02,PFM3T7T01,0.604001341231698
allsubs,0,DC_cort,Vis,2,1,PFM3T7T02,PFM3T7T01,0.83682784196263
allsubs,0,DC_cort,FP,2,1,PFM3T7T02,PFM3T7T01,0.517714892648509
allsubs,0,DC_cort,DAN,2,1,PFM3T7T02,PFM3T7T01,0.491522398714974
allsubs,0,DC_cort,VAN,2,1,PFM3T7T02,PFM3T7T01,0.450962749685082
allsubs,0,DC_cort,Sal,2,1,PFM3T7T02,PFM3T7T01,0.375110326566637
allsubs,0,DC_cort,AMN,2,1,PFM3T7T02,PFM3T7T01,0.453492488999039
allsubs,0,DC_cort,SMd,2,1,PFM3T7T02,PFM3T7T01,0.545497406883546
allsubs,0,DC_cort,SMl,2,1,PFM3T7T02,PFM3T7T01,0.338121840915137
allsubs,0,DC_cort,Aud,2,1,PFM3T7T02,PFM3T7T01,0.536923931149361
allsubs,0,DC_cort,Tpole,2,1,PFM3T7T02,PFM3T7T01,0.27363184079602
allsubs,0,DC_cort,MTL,2,1,PFM3T7T02,PFM3T7T01,0.525099450653533
allsubs,0,DC_cort,PMN,2,1,PFM3T7T02,PFM3T7T01,0.306294613887086
allsubs,0,DC_cort,PON,2,1,PFM3T7T02,PFM3T7T01,0.45004712535344
allsubs,0,DC_cort,SCAN,2,1,PFM3T7T02,PFM3T7T01,0.318715740015662
allsubs,0,cDC_cort,DMN,2,1,PFM3T7T02,PFM3T7T01,0.604001341231698
allsubs,0,cDC_cort,Vis,2,1,PFM3T7T02,PFM3T7T01,0.83682784196263
allsubs,0,cDC_cort,FP,2,1,PFM3T7T02,PFM3T7T01,0.517714892648509
allsubs,0,cDC_cort,DAN,2,1,PFM3T7T02,PFM3T7T01,0.491522398714974
allsubs,0,cDC_cort,VAN,2,1,PFM3T7T02,PFM3T7T01,0.450962749685082
allsubs,0,cDC_cort,Sal,2,1,PFM3T7T02,PFM3T7T01,0.375110326566637
allsubs,0,cDC_cort,AMN,2,1,PFM3T7T02,PFM3T7T01,0.453492488999039
allsubs,0,cDC_cort,SMd,2,1,PFM3T7T02,PFM3T7T01,0.545497406883546
allsubs,0,cDC_cort,SMl,2,1,PFM3T7T02,PFM3T7T01,0.338121840915137
allsubs,0,cDC_cort,Aud,2,1,PFM3T7T02,PFM3T7T01,0.536923931149361
allsubs,0,cDC_cort,Tpole,2,1,PFM3T7T02,PFM3T7T01,0.27363184079602
allsubs,0,cDC_cort,MTL,2,1,PFM3T7T02,PFM3T7T01,0.525099450653533
allsubs,0,cDC_cort,PMN,2,1,PFM3T7T02,PFM3T7T01,0.306294613887086
allsubs,0,cDC_cort,PON,2,1,PFM3T7T02,PFM3T7T01,0.45004712535344
allsubs,0,cDC_cort,SCAN,2,1,PFM3T7T02,PFM3T7T01,0.318715740015662
allsubs,0,TP_cort,DMN,2,1,PFM3T7T02,PFM3T7T01,5404.0
allsubs,0,TP_cort,Vis,2,1,PFM3T7T02,PFM3T7T01,5867.0
allsubs,0,TP_cort,FP,2,1,PFM3T7T02,PFM3T7T01,3412.0
allsubs,0,TP_cort,DAN,2,1,PFM3T7T02,PFM3T7T01,2754.0
allsubs,0,TP_cort,VAN,2,1,PFM3T7T02,PFM3T7T01,1253.0
allsubs,0,TP_cort,Sal,2,1,PFM3T7T02,PFM3T7T01,425.0
allsubs,0,TP_cort,AMN,2,1,PFM3T7T02,PFM3T7T01,4483.0
allsubs,0,TP_cort,SMd,2,1,PFM3T7T02,PFM3T7T01,1157.0
allsubs,0,TP_cort,SMl,2,1,PFM3T7T02,PFM3T7T01,1271.0
allsubs,0,TP_cort,Aud,2,1,PFM3T7T02,PFM3T7T01,1934.0
allsubs,0,TP_cort,Tpole,2,1,PFM3T7T02,PFM3T7T01,110.0
allsubs,0,TP_cort,MTL,2,1,PFM3T7T02,PFM3T7T01,1386.0
allsubs,0,TP_cort,PMN,2,1,PFM3T7T02,PFM3T7T01,472.0
allsubs,0,TP_cort,PON,2,1,PFM3T7T02,PFM3T7T01,955.0
allsubs,0,TP_cort,SCAN,2,1,PFM3T7T02,PFM3T7T01,407.0
allsubs,0,TN_cort,DMN,2,1,PFM3T7T02,PFM3T7T01,46922.0
allsubs,0,TN_cort,Vis,2,1,PFM3T7T02,PFM3T7T01,51257.0
allsubs,0,TN_cort,FP,2,1,PFM3T7T02,PFM3T7T01,49643.0
allsubs,0,TN_cort,DAN,2,1,PFM3T7T02,PFM3T7T01,50960.0
allsubs,0,TN_cort,VAN,2,1,PFM3T7T02,PFM3T7T01,55108.0
allsubs,0,TN_cort,Sal,2,1,PFM3T7T02,PFM3T7T01,57571.0
allsubs,0,TN_cort,AMN,2,1,PFM3T7T02,PFM3T7T01,44124.0
allsubs,0,TN_cort,SMd,2,1,PFM3T7T02,PFM3T7T01,56327.0
allsubs,0,TN_cort,SMl,2,1,PFM3T7T02,PFM3T7T01,53165.0
allsubs,0,TN_cort,Aud,2,1,PFM3T7T02,PFM3T7T01,54142.0
allsubs,0,TN_cort,Tpole,2,1,PFM3T7T02,PFM3T7T01,58718.0
allsubs,0,TN_cort,MTL,2,1,PFM3T7T02,PFM3T7T01,55519.0
allsubs,0,TN_cort,PMN,2,1,PFM3T7T02,PFM3T7T01,56802.0
allsubs,0,TN_cort,PON,2,1,PFM3T7T02,PFM3T7T01,56123.0
allsubs,0,TN_cort,SCAN,2,1,PFM3T7T02,PFM3T7T01,57265.0
allsubs,0,FP_cort,DMN,2,1,PFM3T7T02,PFM3T7T01,4164.0
allsubs,0,FP_cort,Vis,2,1,PFM3T7T02,PFM3T7T01,943.0
allsubs,0,FP_cort,FP,2,1,PFM3T7T02,PFM3T7T01,2374.0
allsubs,0,FP_cort,DAN,2,1,PFM3T7T02,PFM3T7T01,1142.0
allsubs,0,FP_cort,VAN,2,1,PFM3T7T02,PFM3T7T01,1786.0
allsubs,0,FP_cort,Sal,2,1,PFM3T7T02,PFM3T7T01,220.0
allsubs,0,FP_cort,AMN,2,1,PFM3T7T02,PFM3T7T01,9751.0
allsubs,0,FP_cort,SMd,2,1,PFM3T7T02,PFM3T7T01,125.0
allsubs,0,FP_cort,SMl,2,1,PFM3T7T02,PFM3T7T01,4024.0
allsubs,0,FP_cort,Aud,2,1,PFM3T7T02,PFM3T7T01,256.0
allsubs,0,FP_cort,Tpole,2,1,PFM3T7T02,PFM3T7T01,186.0
allsubs,0,FP_cort,MTL,2,1,PFM3T7T02,PFM3T7T01,615.0
allsubs,0,FP_cort,PMN,2,1,PFM3T7T02,PFM3T7T01,736.0
allsubs,0,FP_cort,PON,2,1,PFM3T7T02,PFM3T7T01,1547.0
allsubs,0,FP_cort,SCAN,2,1,PFM3T7T02,PFM3T7T01,253.0
allsubs,0,FN_cort,DMN,2,1,PFM3T7T02,PFM3T7T01,2922.0
allsubs,0,FN_cort,Vis,2,1,PFM3T7T02,PFM3T7T01,1345.0
allsubs,0,FN_cort,FP,2,1,PFM3T7T02,PFM3T7T01,3983.0
allsubs,0,FN_cort,DAN,2,1,PFM3T7T02,PFM3T7T01,4556.0
allsubs,0,FN_cort,VAN,2,1,PFM3T7T02,PFM3T7T01,1265.0
allsubs,0,FN_cort,Sal,2,1,PFM3T7T02,PFM3T7T01,1196.0
allsubs,0,FN_cort,AMN,2,1,PFM3T7T02,PFM3T7T01,1054.0
allsubs,0,FN_cort,SMd,2,1,PFM3T7T02,PFM3T7T01,1803.0
allsubs,0,FN_cort,SMl,2,1,PFM3T7T02,PFM3T7T01,952.0
allsubs,0,FN_cort,Aud,2,1,PFM3T7T02,PFM3T7T01,3080.0
allsubs,0,FN_cort,Tpole,2,1,PFM3T7T02,PFM3T7T01,398.0
allsubs,0,FN_cort,MTL,2,1,PFM3T7T02,PFM3T7T01,1892.0
allsubs,0,FN_cort,PMN,2,1,PFM3T7T02,PFM3T7T01,1402.0
allsubs,0,FN_cort,PON,2,1,PFM3T7T02,PFM3T7T01,787.0
allsubs,0,FN_cort,SCAN,2,1,PFM3T7T02,PFM3T7T01,1487.0
allsubs,0,TPR_cort,DMN,2,1,PFM3T7T02,PFM3T7T01,0.649051165025222
allsubs,0,TPR_cort,Vis,2,1,PFM3T7T02,PFM3T7T01,0.813505268996118
allsubs,0,TPR_cort,FP,2,1,PFM3T7T02,PFM3T7T01,0.461392832995267
allsubs,0,TPR_cort,DAN,2,1,PFM3T7T02,PFM3T7T01,0.376744186046512
allsubs,0,TPR_cort,VAN,2,1,PFM3T7T02,PFM3T7T01,0.497617156473392
allsubs,0,TPR_cort,Sal,2,1,PFM3T7T02,PFM3T7T01,0.262183837137569
allsubs,0,TPR_cort,AMN,2,1,PFM3T7T02,PFM3T7T01,0.809644211666968
allsubs,0,TPR_cort,SMd,2,1,PFM3T7T02,PFM3T7T01,0.390878378378378
allsubs,0,TPR_cort,SMl,2,1,PFM3T7T02,PFM3T7T01,0.571749887539361
allsubs,0,TPR_cort,Aud,2,1,PFM3T7T02,PFM3T7T01,0.385719984044675
allsubs,0,TPR_cort,Tpole,2,1,PFM3T7T02,PFM3T7T01,0.216535433070866
allsubs,0,TPR_cort,MTL,2,1,PFM3T7T02,PFM3T7T01,0.422818791946309
allsubs,0,TPR_cort,PMN,2,1,PFM3T7T02,PFM3T7T01,0.251867662753469
allsubs,0,TPR_cort,PON,2,1,PFM3T7T02,PFM3T7T01,0.548220436280138
allsubs,0,TPR_cort,SCAN,2,1,PFM3T7T02,PFM3T7T01,0.214889123548046
allsubs,0,TNR_cort,DMN,2,1,PFM3T7T02,PFM3T7T01,0.918490388756215
allsubs,0,TNR_cort,Vis,2,1,PFM3T7T02,PFM3T7T01,0.981934865900383
allsubs,0,TNR_cort,FP,2,1,PFM3T7T02,PFM3T7T01,0.954361074264183
allsubs,0,TNR_cort,DAN,2,1,PFM3T7T02,PFM3T7T01,0.978081455606311
allsubs,0,TNR_cort,VAN,2,1,PFM3T7T02,PFM3T7T01,0.968608289099026
allsubs,0,TNR_cort,Sal,2,1,PFM3T7T02,PFM3T7T01,0.996193178868682
allsubs,0,TNR_cort,AMN,2,1,PFM3T7T02,PFM3T7T01,0.819006960556845
allsubs,0,TNR_cort,SMd,2,1,PFM3T7T02,PFM3T7T01,0.997785729469284
allsubs,0,TNR_cort,SMl,2,1,PFM3T7T02,PFM3T7T01,0.929636818269248
allsubs,0,TNR_cort,Aud,2,1,PFM3T7T02,PFM3T7T01,0.995293944630317
allsubs,0,TNR_cort,Tpole,2,1,PFM3T7T02,PFM3T7T01,0.996842319706641
allsubs,0,TNR_cort,MTL,2,1,PFM3T7T02,PFM3T7T01,0.989044073110771
allsubs,0,TNR_cort,PMN,2,1,PFM3T7T02,PFM3T7T01,0.987208453543745
allsubs,0,TNR_cort,PON,2,1,PFM3T7T02,PFM3T7T01,0.973174960984914
allsubs,0,TNR_cort,SCAN,2,1,PFM3T7T02,PFM3T7T01,0.995601376960256
allsubs,0,FPR_cort,DMN,2,1,PFM3T7T02,PFM3T7T01,0.081509611243785
allsubs,0,FPR_cort,Vis,2,1,PFM3T7T02,PFM3T7T01,0.0180651340996169
allsubs,0,FPR_cort,FP,2,1,PFM3T7T02,PFM3T7T01,0.0456389257358171
allsubs,0,FPR_cort,DAN,2,1,PFM3T7T02,PFM3T7T01,0.0219185443936893
allsubs,0,FPR_cort,VAN,2,1,PFM3T7T02,PFM3T7T01,0.0313917109009737
allsubs,0,FPR_cort,Sal,2,1,PFM3T7T02,PFM3T7T01,0.003806821131318
allsubs,0,FPR_cort,AMN,2,1,PFM3T7T02,PFM3T7T01,0.180993039443155
allsubs,0,FPR_cort,SMd,2,1,PFM3T7T02,PFM3T7T01,0.0022142705307163
allsubs,0,FPR_cort,SMl,2,1,PFM3T7T02,PFM3T7T01,0.0703631817307524
allsubs,0,FPR_cort,Aud,2,1,PFM3T7T02,PFM3T7T01,0.0047060553696827
allsubs,0,FPR_cort,Tpole,2,1,PFM3T7T02,PFM3T7T01,0.0031576802933586
allsubs,0,FPR_cort,MTL,2,1,PFM3T7T02,PFM3T7T01,0.0109559268892293
allsubs,0,FPR_cort,PMN,2,1,PFM3T7T02,PFM3T7T01,0.012791546456255
allsubs,0,FPR_cort,PON,2,1,PFM3T7T02,PFM3T7T01,0.0268250390150858
allsubs,0,FPR_cort,SCAN,2,1,PFM3T7T02,PFM3T7T01,0.004398623039744
allsubs,0,FNR_cort,DMN,2,1,PFM3T7T02,PFM3T7T01,0.350948834974778
allsubs,0,FNR_cort,Vis,2,1,PFM3T7T02,PFM3T7T01,0.186494731003882
allsubs,0,FNR_cort,FP,2,1,PFM3T7T02,PFM3T7T01,0.538607167004733
allsubs,0,FNR_cort,DAN,2,1,PFM3T7T02,PFM3T7T01,0.623255813953488
allsubs,0,FNR_cort,VAN,2,1,PFM3T7T02,PFM3T7T01,0.502382843526608
allsubs,0,FNR_cort,Sal,2,1,PFM3T7T02,PFM3T7T01,0.737816162862431
allsubs,0,FNR_cort,AMN,2,1,PFM3T7T02,PFM3T7T01,0.190355788333032
allsubs,0,FNR_cort,SMd,2,1,PFM3T7T02,PFM3T7T01,0.609121621621622
allsubs,0,FNR_cort,SMl,2,1,PFM3T7T02,PFM3T7T01,0.428250112460639
allsubs,0,FNR_cort,Aud,2,1,PFM3T7T02,PFM3T7T01,0.614280015955325
allsubs,0,FNR_cort,Tpole,2,1,PFM3T7T02,PFM3T7T01,0.783464566929134
allsubs,0,FNR_cort,MTL,2,1,PFM3T7T02,PFM3T7T01,0.577181208053691
allsubs,0,FNR_cort,PMN,2,1,PFM3T7T02,PFM3T7T01,0.748132337246531
allsubs,0,FNR_cort,PON,2,1,PFM3T7T02,PFM3T7T01,0.451779563719862
allsubs,0,FNR_cort,SCAN,2,1,PFM3T7T02,PFM3T7T01,0.785110876451954
allsubs,0,NPV_cort,DMN,2,1,PFM3T7T02,PFM3T7T01,0.941377096541209
allsubs,0,NPV_cort,Vis,2,1,PFM3T7T02,PFM3T7T01,0.974430630014068
allsubs,0,NPV_cort,FP,2,1,PFM3T7T02,PFM3T7T01,0.925726326781785
allsubs,0,NPV_cort,DAN,2,1,PFM3T7T02,PFM3T7T01,0.917933568700915
allsubs,0,NPV_cort,VAN,2,1,PFM3T7T02,PFM3T7T01,0.977560179518564
allsubs,0,NPV_cort,Sal,2,1,PFM3T7T02,PFM3T7T01,0.979648442152909
allsubs,0,NPV_cort,AMN,2,1,PFM3T7T02,PFM3T7T01,0.976670060648988
allsubs,0,NPV_cort,SMd,2,1,PFM3T7T02,PFM3T7T01,0.968983313263375
allsubs,0,NPV_cort,SMl,2,1,PFM3T7T02,PFM3T7T01,0.982408485318846
allsubs,0,NPV_cort,Aud,2,1,PFM3T7T02,PFM3T7T01,0.946174548250673
allsubs,0,NPV_cort,Tpole,2,1,PFM3T7T02,PFM3T7T01,0.993267474118682
allsubs,0,NPV_cort,MTL,2,1,PFM3T7T02,PFM3T7T01,0.967044643012663
allsubs,0,NPV_cort,PMN,2,1,PFM3T7T02,PFM3T7T01,0.97591230843241
allsubs,0,NPV_cort,PON,2,1,PFM3T7T02,PFM3T7T01,0.98617114742576
allsubs,0,NPV_cort,SCAN,2,1,PFM3T7T02,PFM3T7T01,0.974690223311547
allsubs,0,PPV_cort,DMN,2,1,PFM3T7T02,PFM3T7T01,0.564799331103679
allsubs,0,PPV_cort,Vis,2,1,PFM3T7T02,PFM3T7T01,0.861527165932452
allsubs,0,PPV_cort,FP,2,1,PFM3T7T02,PFM3T7T01,0.589699274109921
allsubs,0,PPV_cort,DAN,2,1,PFM3T7T02,PFM3T7T01,0.706878850102669
allsubs,0,PPV_cort,VAN,2,1,PFM3T7T02,PFM3T7T01,0.412306679828891
allsubs,0,PPV_cort,Sal,2,1,PFM3T7T02,PFM3T7T01,0.65891472868217
allsubs,0,PPV_cort,AMN,2,1,PFM3T7T02,PFM3T7T01,0.314950119432345
allsubs,0,PPV_cort,SMd,2,1,PFM3T7T02,PFM3T7T01,0.902496099843994
allsubs,0,PPV_cort,SMl,2,1,PFM3T7T02,PFM3T7T01,0.240037771482531
allsubs,0,PPV_cort,Aud,2,1,PFM3T7T02,PFM3T7T01,0.88310502283105
allsubs,0,PPV_cort,Tpole,2,1,PFM3T7T02,PFM3T7T01,0.371621621621622
allsubs,0,PPV_cort,MTL,2,1,PFM3T7T02,PFM3T7T01,0.692653673163418
allsubs,0,PPV_cort,PMN,2,1,PFM3T7T02,PFM3T7T01,0.390728476821192
allsubs,0,PPV_cort,PON,2,1,PFM3T7T02,PFM3T7T01,0.381694644284572
allsubs,0,PPV_cort,SCAN,2,1,PFM3T7T02,PFM3T7T01,0.616666666666667
allsubs,0,PPVcorr_Jeffreys_cort,DMN,2,1,PFM3T7T02,PFM3T7T01,0.559611945464685
allsubs,0,PPVcorr_Jeffreys_cort,Vis,2,1,PFM3T7T02,PFM3T7T01,0.82690673465052
allsubs,0,PPVcorr_Jeffreys_cort,FP,2,1,PFM3T7T02,PFM3T7T01,0.579534135315302
allsubs,0,PPVcorr_Jeffreys_cort,DAN,2,1,PFM3T7T02,PFM3T7T01,0.674194942727469
allsubs,0,PPVcorr_Jeffreys_cort,VAN,2,1,PFM3T7T02,PFM3T7T01,0.419016652485718
allsubs,0,PPVcorr_Jeffreys_cort,Sal,2,1,PFM3T7T02,PFM3T7T01,0.626997893693471
allsubs,0,PPVcorr_Jeffreys_cort,AMN,2,1,PFM3T7T02,PFM3T7T01,0.321878994028821
allsubs,0,PPVcorr_Jeffreys_cort,SMd,2,1,PFM3T7T02,PFM3T7T01,0.826996197718631
allsubs,0,PPVcorr_Jeffreys_cort,SMl,2,1,PFM3T7T02,PFM3T7T01,0.250512025809726
allsubs,0,PPVcorr_Jeffreys_cort,Aud,2,1,PFM3T7T02,PFM3T7T01,0.811733670208813
allsubs,0,PPVcorr_Jeffreys_cort,Tpole,2,1,PFM3T7T02,PFM3T7T01,0.39042675893887
allsubs,0,PPVcorr_Jeffreys_cort,MTL,2,1,PFM3T7T02,PFM3T7T01,0.66553589831673
allsubs,0,PPVcorr_Jeffreys_cort,PMN,2,1,PFM3T7T02,PFM3T7T01,0.405403468539487
allsubs,0,PPVcorr_Jeffreys_cort,PON,2,1,PFM3T7T02,PFM3T7T01,0.38939541140423
allsubs,0,PPVcorr_Jeffreys_cort,SCAN,2,1,PFM3T7T02,PFM3T7T01,0.590652225100071
allsubs,0,PPVcorr_d1d2_cort,DMN,2,1,PFM3T7T02,PFM3T7T01,0.570836397463215
allsubs,0,PPVcorr_d1d2_cort,Vis,2,1,PFM3T7T02,PFM3T7T01,0.862671965958439
allsubs,0,PPVcorr_d1d2_cort,FP,2,1,PFM3T7T02,PFM3T7T01,0.59295771283215
allsubs,0,PPVcorr_d1d2_cort,DAN,2,1,PFM3T7T02,PFM3T7T01,0.702476070459137
allsubs,0,PPVcorr_d1d2_cort,VAN,2,1,PFM3T7T02,PFM3T7T01,0.437640453701502
allsubs,0,PPVcorr_d1d2_cort,Sal,2,1,PFM3T7T02,PFM3T7T01,0.623713475777869
allsubs,0,PPVcorr_d1d2_cort,AMN,2,1,PFM3T7T02,PFM3T7T01,0.33069903145148
allsubs,0,PPVcorr_d1d2_cort,SMd,2,1,PFM3T7T02,PFM3T7T01,0.868265228351996
allsubs,0,PPVcorr_d1d2_cort,SMl,2,1,PFM3T7T02,PFM3T7T01,0.279779768889636
allsubs,0,PPVcorr_d1d2_cort,Aud,2,1,PFM3T7T02,PFM3T7T01,0.863456002808026
allsubs,0,PPVcorr_d1d2_cort,Tpole,2,1,PFM3T7T02,PFM3T7T01,0.425107598326028
allsubs,0,PPVcorr_d1d2_cort,MTL,2,1,PFM3T7T02,PFM3T7T01,0.688650484822555
allsubs,0,PPVcorr_d1d2_cort,PMN,2,1,PFM3T7T02,PFM3T7T01,0.41020706332402
allsubs,0,PPVcorr_d1d2_cort,PON,2,1,PFM3T7T02,PFM3T7T01,0.422254327229069
allsubs,0,PPVcorr_d1d2_cort,SCAN,2,1,PFM3T7T02,PFM3T7T01,0.581270545203263
allsubs,0,PPVcorr_bayes_cort,DMN,2,1,PFM3T7T02,PFM3T7T01,0.589156059407329
allsubs,0,PPVcorr_bayes_cort,Vis,2,1,PFM3T7T02,PFM3T7T01,0.865636678007697
allsubs,0,PPVcorr_bayes_cort,FP,2,1,PFM3T7T02,PFM3T7T01,0.60125878101271
allsubs,0,PPVcorr_bayes_cort,DAN,2,1,PFM3T7T02,PFM3T7T01,0.69191788856305
allsubs,0,PPVcorr_bayes_cort,VAN,2,1,PFM3T7T02,PFM3T7T01,0.443933794497615
allsubs,0,PPVcorr_bayes_cort,Sal,2,1,PFM3T7T02,PFM3T7T01,0.629599064713569
allsubs,0,PPVcorr_bayes_cort,AMN,2,1,PFM3T7T02,PFM3T7T01,0.357997085140764
allsubs,0,PPVcorr_bayes_cort,SMd,2,1,PFM3T7T02,PFM3T7T01,0.853668763102725
allsubs,0,PPVcorr_bayes_cort,SMl,2,1,PFM3T7T02,PFM3T7T01,0.284114552028333
allsubs,0,PPVcorr_bayes_cort,Aud,2,1,PFM3T7T02,PFM3T7T01,0.837121677519761
allsubs,0,PPVcorr_bayes_cort,Tpole,2,1,PFM3T7T02,PFM3T7T01,0.388647642679901
allsubs,0,PPVcorr_bayes_cort,MTL,2,1,PFM3T7T02,PFM3T7T01,0.686342859781153
allsubs,0,PPVcorr_bayes_cort,PMN,2,1,PFM3T7T02,PFM3T7T01,0.409073462808014
allsubs,0,PPVcorr_bayes_cort,PON,2,1,PFM3T7T02,PFM3T7T01,0.417203968958727
allsubs,0,PPVcorr_bayes_cort,SCAN,2,1,PFM3T7T02,PFM3T7T01,0.582903268492788
allsubs,0,MCC_cort,DMN,2,1,PFM3T7T02,PFM3T7T01,0.535981488703777
allsubs,0,MCC_cort,Vis,2,1,PFM3T7T02,PFM3T7T01,0.815447350829887
allsubs,0,MCC_cort,FP,2,1,PFM3T7T02,PFM3T7T01,0.462914903057005
allsubs,0,MCC_cort,DAN,2,1,PFM3T7T02,PFM3T7T01,0.470849729122396
allsubs,0,MCC_cort,VAN,2,1,PFM3T7T02,PFM3T7T01,0.42634006404886
allsubs,0,MCC_cort,Sal,2,1,PFM3T7T02,PFM3T7T01,0.406189668273158
allsubs,0,MCC_cort,AMN,2,1,PFM3T7T02,PFM3T7T01,0.428167453284634
allsubs,0,MCC_cort,SMd,2,1,PFM3T7T02,PFM3T7T01,0.581990350953501
allsubs,0,MCC_cort,SMl,2,1,PFM3T7T02,PFM3T7T01,0.333963464943545
allsubs,0,MCC_cort,Aud,2,1,PFM3T7T02,PFM3T7T01,0.56210947985936
allsubs,0,MCC_cort,Tpole,2,1,PFM3T7T02,PFM3T7T01,0.279032641929368
allsubs,0,MCC_cort,MTL,2,1,PFM3T7T02,PFM3T7T01,0.521253526197772
allsubs,0,MCC_cort,PMN,2,1,PFM3T7T02,PFM3T7T01,0.296065963958358
allsubs,0,MCC_cort,PON,2,1,PFM3T7T02,PFM3T7T01,0.43795379962849
allsubs,0,MCC_cort,SCAN,2,1,PFM3T7T02,PFM3T7T01,0.352810158230382
allsubs,0,muI_cort,WholeBrainOrSingleVal,2,1,PFM3T7T02,PFM3T7T01,1.37341069095408
allsubs,0,VIn_cort,WholeBrainOrSingleVal,2,1,PFM3T7T02,PFM3T7T01,0.265312467671609
allsubs,0,MIn_cort,WholeBrainOrSingleVal,2,1,PFM3T7T02,PFM3T7T01,0.394983406400295
allsubs,0,DC_cort,DMN,2,2,PFM3T7T02,PFM3T7T02,0.796395348837209
allsubs,0,DC_cort,Vis,2,2,PFM3T7T02,PFM3T7T02,0.909449715370019
allsubs,0,DC_cort,FP,2,2,PFM3T7T02,PFM3T7T02,0.757914659325533
allsubs,0,DC_cort,DAN,2,2,PFM3T7T02,PFM3T7T02,0.705102270173073
allsubs,0,DC_cort,VAN,2,2,PFM3T7T02,PFM3T7T02,0.620088408644401
allsubs,0,DC_cort,Sal,2,2,PFM3T7T02,PFM3T7T02,0.375333530981322
allsubs,0,DC_cort,AMN,2,2,PFM3T7T02,PFM3T7T02,0.536909349016427
allsubs,0,DC_cort,SMd,2,2,PFM3T7T02,PFM3T7T02,0.470112194224756
allsubs,0,DC_cort,SMl,2,2,PFM3T7T02,PFM3T7T02,0.437082624067042
allsubs,0,DC_cort,Aud,2,2,PFM3T7T02,PFM3T7T02,0.596942094990241
allsubs,0,DC_cort,Tpole,2,2,PFM3T7T02,PFM3T7T02,0.353556485355649
allsubs,0,DC_cort,MTL,2,2,PFM3T7T02,PFM3T7T02,0.545562364103578
allsubs,0,DC_cort,PMN,2,2,PFM3T7T02,PFM3T7T02,0.438379530916844
allsubs,0,DC_cort,PON,2,2,PFM3T7T02,PFM3T7T02,0.747592295345104
allsubs,0,DC_cort,SCAN,2,2,PFM3T7T02,PFM3T7T02,0.253398058252427
allsubs,0,cDC_cort,DMN,2,2,PFM3T7T02,PFM3T7T02,0.796395348837209
allsubs,0,cDC_cort,Vis,2,2,PFM3T7T02,PFM3T7T02,0.909449715370019
allsubs,0,cDC_cort,FP,2,2,PFM3T7T02,PFM3T7T02,0.757914659325533
allsubs,0,cDC_cort,DAN,2,2,PFM3T7T02,PFM3T7T02,0.705102270173073
allsubs,0,cDC_cort,VAN,2,2,PFM3T7T02,PFM3T7T02,0.620088408644401
allsubs,0,cDC_cort,Sal,2,2,PFM3T7T02,PFM3T7T02,0.375333530981322
allsubs,0,cDC_cort,AMN,2,2,PFM3T7T02,PFM3T7T02,0.536909349016427
allsubs,0,cDC_cort,SMd,2,2,PFM3T7T02,PFM3T7T02,0.470112194224756
allsubs,0,cDC_cort,SMl,2,2,PFM3T7T02,PFM3T7T02,0.437082624067042
allsubs,0,cDC_cort,Aud,2,2,PFM3T7T02,PFM3T7T02,0.596942094990241
allsubs,0,cDC_cort,Tpole,2,2,PFM3T7T02,PFM3T7T02,0.353556485355649
allsubs,0,cDC_cort,MTL,2,2,PFM3T7T02,PFM3T7T02,0.545562364103578
allsubs,0,cDC_cort,PMN,2,2,PFM3T7T02,PFM3T7T02,0.438379530916844
allsubs,0,cDC_cort,PON,2,2,PFM3T7T02,PFM3T7T02,0.747592295345104
allsubs,0,cDC_cort,SCAN,2,2,PFM3T7T02,PFM3T7T02,0.253398058252427
allsubs,0,TP_cort,DMN,2,2,PFM3T7T02,PFM3T7T02,6849.0
allsubs,0,TP_cort,Vis,2,2,PFM3T7T02,PFM3T7T02,5991.0
allsubs,0,TP_cort,FP,2,2,PFM3T7T02,PFM3T7T02,4405.0
allsubs,0,TP_cort,DAN,2,2,PFM3T7T02,PFM3T7T02,3137.0
allsubs,0,TP_cort,VAN,2,2,PFM3T7T02,PFM3T7T02,2525.0
allsubs,0,TP_cort,Sal,2,2,PFM3T7T02,PFM3T7T02,633.0
allsubs,0,TP_cort,AMN,2,2,PFM3T7T02,PFM3T7T02,5295.0
allsubs,0,TP_cort,SMd,2,2,PFM3T7T02,PFM3T7T02,1278.0
allsubs,0,TP_cort,SMl,2,2,PFM3T7T02,PFM3T7T02,1669.0
allsubs,0,TP_cort,Aud,2,2,PFM3T7T02,PFM3T7T02,1835.0
allsubs,0,TP_cort,Tpole,2,2,PFM3T7T02,PFM3T7T02,169.0
allsubs,0,TP_cort,MTL,2,2,PFM3T7T02,PFM3T7T02,1380.0
allsubs,0,TP_cort,PMN,2,2,PFM3T7T02,PFM3T7T02,514.0
allsubs,0,TP_cort,PON,2,2,PFM3T7T02,PFM3T7T02,1863.0
allsubs,0,TP_cort,SCAN,2,2,PFM3T7T02,PFM3T7T02,522.0
allsubs,0,TN_cort,DMN,2,2,PFM3T7T02,PFM3T7T02,49061.0
allsubs,0,TN_cort,Vis,2,2,PFM3T7T02,PFM3T7T02,52228.0
allsubs,0,TN_cort,FP,2,2,PFM3T7T02,PFM3T7T02,52193.0
allsubs,0,TN_cort,DAN,2,2,PFM3T7T02,PFM3T7T02,53651.0
allsubs,0,TN_cort,VAN,2,2,PFM3T7T02,PFM3T7T02,53793.0
allsubs,0,TN_cort,Sal,2,2,PFM3T7T02,PFM3T7T02,56672.0
allsubs,0,TN_cort,AMN,2,2,PFM3T7T02,PFM3T7T02,44983.0
allsubs,0,TN_cort,SMd,2,2,PFM3T7T02,PFM3T7T02,55253.0
allsubs,0,TN_cort,SMl,2,2,PFM3T7T02,PFM3T7T02,53444.0
allsubs,0,TN_cort,Aud,2,2,PFM3T7T02,PFM3T7T02,55099.0
allsubs,0,TN_cort,Tpole,2,2,PFM3T7T02,PFM3T7T02,58625.0
allsubs,0,TN_cort,MTL,2,2,PFM3T7T02,PFM3T7T02,55733.0
allsubs,0,TN_cort,PMN,2,2,PFM3T7T02,PFM3T7T02,57581.0
allsubs,0,TN_cort,PON,2,2,PFM3T7T02,PFM3T7T02,56291.0
allsubs,0,TN_cort,SCAN,2,2,PFM3T7T02,PFM3T7T02,55814.0
allsubs,0,FP_cort,DMN,2,2,PFM3T7T02,PFM3T7T02,2719.0
allsubs,0,FP_cort,Vis,2,2,PFM3T7T02,PFM3T7T02,819.0
allsubs,0,FP_cort,FP,2,2,PFM3T7T02,PFM3T7T02,1381.0
allsubs,0,FP_cort,DAN,2,2,PFM3T7T02,PFM3T7T02,759.0
allsubs,0,FP_cort,VAN,2,2,PFM3T7T02,PFM3T7T02,514.0
allsubs,0,FP_cort,Sal,2,2,PFM3T7T02,PFM3T7T02,12.0
allsubs,0,FP_cort,AMN,2,2,PFM3T7T02,PFM3T7T02,8939.0
allsubs,0,FP_cort,SMd,2,2,PFM3T7T02,PFM3T7T02,4.0
allsubs,0,FP_cort,SMl,2,2,PFM3T7T02,PFM3T7T02,3626.0
allsubs,0,FP_cort,Aud,2,2,PFM3T7T02,PFM3T7T02,355.0
allsubs,0,FP_cort,Tpole,2,2,PFM3T7T02,PFM3T7T02,127.0
allsubs,0,FP_cort,MTL,2,2,PFM3T7T02,PFM3T7T02,621.0
allsubs,0,FP_cort,PMN,2,2,PFM3T7T02,PFM3T7T02,694.0
allsubs,0,FP_cort,PON,2,2,PFM3T7T02,PFM3T7T02,639.0
allsubs,0,FP_cort,SCAN,2,2,PFM3T7T02,PFM3T7T02,138.0
allsubs,0,FN_cort,DMN,2,2,PFM3T7T02,PFM3T7T02,783.0
allsubs,0,FN_cort,Vis,2,2,PFM3T7T02,PFM3T7T02,374.0
allsubs,0,FN_cort,FP,2,2,PFM3T7T02,PFM3T7T02,1433.0
allsubs,0,FN_cort,DAN,2,2,PFM3T7T02,PFM3T7T02,1865.0
allsubs,0,FN_cort,VAN,2,2,PFM3T7T02,PFM3T7T02,2580.0
allsubs,0,FN_cort,Sal,2,2,PFM3T7T02,PFM3T7T02,2095.0
allsubs,0,FN_cort,AMN,2,2,PFM3T7T02,PFM3T7T02,195.0
allsubs,0,FN_cort,SMd,2,2,PFM3T7T02,PFM3T7T02,2877.0
allsubs,0,FN_cort,SMl,2,2,PFM3T7T02,PFM3T7T02,673.0
allsubs,0,FN_cort,Aud,2,2,PFM3T7T02,PFM3T7T02,2123.0
allsubs,0,FN_cort,Tpole,2,2,PFM3T7T02,PFM3T7T02,491.0
allsubs,0,FN_cort,MTL,2,2,PFM3T7T02,PFM3T7T02,1678.0
allsubs,0,FN_cort,PMN,2,2,PFM3T7T02,PFM3T7T02,623.0
allsubs,0,FN_cort,PON,2,2,PFM3T7T02,PFM3T7T02,619.0
allsubs,0,FN_cort,SCAN,2,2,PFM3T7T02,PFM3T7T02,2938.0
allsubs,0,TPR_cort,DMN,2,2,PFM3T7T02,PFM3T7T02,0.897405660377358
allsubs,0,TPR_cort,Vis,2,2,PFM3T7T02,PFM3T7T02,0.941241162608013
allsubs,0,TPR_cort,FP,2,2,PFM3T7T02,PFM3T7T02,0.754539225762247
allsubs,0,TPR_cort,DAN,2,2,PFM3T7T02,PFM3T7T02,0.627149140343862
allsubs,0,TPR_cort,VAN,2,2,PFM3T7T02,PFM3T7T02,0.494613124387855
allsubs,0,TPR_cort,Sal,2,2,PFM3T7T02,PFM3T7T02,0.232038123167155
allsubs,0,TPR_cort,AMN,2,2,PFM3T7T02,PFM3T7T02,0.96448087431694
allsubs,0,TPR_cort,SMd,2,2,PFM3T7T02,PFM3T7T02,0.307581227436823
allsubs,0,TPR_cort,SMl,2,2,PFM3T7T02,PFM3T7T02,0.71263877028181
allsubs,0,TPR_cort,Aud,2,2,PFM3T7T02,PFM3T7T02,0.463617988883274
allsubs,0,TPR_cort,Tpole,2,2,PFM3T7T02,PFM3T7T02,0.256060606060606
allsubs,0,TPR_cort,MTL,2,2,PFM3T7T02,PFM3T7T02,0.451275343361674
allsubs,0,TPR_cort,PMN,2,2,PFM3T7T02,PFM3T7T02,0.452066842568162
allsubs,0,TPR_cort,PON,2,2,PFM3T7T02,PFM3T7T02,0.750604351329573
allsubs,0,TPR_cort,SCAN,2,2,PFM3T7T02,PFM3T7T02,0.150867052023121
allsubs,0,TNR_cort,DMN,2,2,PFM3T7T02,PFM3T7T02,0.947489378138277
allsubs,0,TNR_cort,Vis,2,2,PFM3T7T02,PFM3T7T02,0.984560861123155
allsubs,0,TNR_cort,FP,2,2,PFM3T7T02,PFM3T7T02,0.974222570649942
allsubs,0,TNR_cort,DAN,2,2,PFM3T7T02,PFM3T7T02,0.986050358390002
allsubs,0,TNR_cort,VAN,2,2,PFM3T7T02,PFM3T7T02,0.990535290109931
allsubs,0,TNR_cort,Sal,2,2,PFM3T7T02,PFM3T7T02,0.999788300049397
allsubs,0,TNR_cort,AMN,2,2,PFM3T7T02,PFM3T7T02,0.834223508030118
allsubs,0,TNR_cort,SMd,2,2,PFM3T7T02,PFM3T7T02,0.999927610981414
allsubs,0,TNR_cort,SMl,2,2,PFM3T7T02,PFM3T7T02,0.936463991589276
allsubs,0,TNR_cort,Aud,2,2,PFM3T7T02,PFM3T7T02,0.993598297688174
allsubs,0,TNR_cort,Tpole,2,2,PFM3T7T02,PFM3T7T02,0.997838371459695
allsubs,0,TNR_cort,MTL,2,2,PFM3T7T02,PFM3T7T02,0.988980374063953
allsubs,0,TNR_cort,PMN,2,2,PFM3T7T02,PFM3T7T02,0.988090948090948
allsubs,0,TNR_cort,PON,2,2,PFM3T7T02,PFM3T7T02,0.988775689443176
allsubs,0,TNR_cort,SCAN,2,2,PFM3T7T02,PFM3T7T02,0.997533600228767
allsubs,0,FPR_cort,DMN,2,2,PFM3T7T02,PFM3T7T02,0.0525106218617227
allsubs,0,FPR_cort,Vis,2,2,PFM3T7T02,PFM3T7T02,0.0154391388768451
allsubs,0,FPR_cort,FP,2,2,PFM3T7T02,PFM3T7T02,0.0257774293500579
allsubs,0,FPR_cort,DAN,2,2,PFM3T7T02,PFM3T7T02,0.0139496416099982
allsubs,0,FPR_cort,VAN,2,2,PFM3T7T02,PFM3T7T02,0.0094647098900694
allsubs,0,FPR_cort,Sal,2,2,PFM3T7T02,PFM3T7T02,0.0002116999506033
allsubs,0,FPR_cort,AMN,2,2,PFM3T7T02,PFM3T7T02,0.165776491969882
allsubs,0,FPR_cort,SMd,2,2,PFM3T7T02,PFM3T7T02,7.23890185858805e-05
allsubs,0,FPR_cort,SMl,2,2,PFM3T7T02,PFM3T7T02,0.0635360084107237
allsubs,0,FPR_cort,Aud,2,2,PFM3T7T02,PFM3T7T02,0.006401702311826
allsubs,0,FPR_cort,Tpole,2,2,PFM3T7T02,PFM3T7T02,0.002161628540305
allsubs,0,FPR_cort,MTL,2,2,PFM3T7T02,PFM3T7T02,0.0110196259360471
allsubs,0,FPR_cort,PMN,2,2,PFM3T7T02,PFM3T7T02,0.0119090519090519
allsubs,0,FPR_cort,PON,2,2,PFM3T7T02,PFM3T7T02,0.0112243105568242
allsubs,0,FPR_cort,SCAN,2,2,PFM3T7T02,PFM3T7T02,0.0024663997712324
allsubs,0,FNR_cort,DMN,2,2,PFM3T7T02,PFM3T7T02,0.102594339622642
allsubs,0,FNR_cort,Vis,2,2,PFM3T7T02,PFM3T7T02,0.0587588373919874
allsubs,0,FNR_cort,FP,2,2,PFM3T7T02,PFM3T7T02,0.245460774237753
allsubs,0,FNR_cort,DAN,2,2,PFM3T7T02,PFM3T7T02,0.372850859656138
allsubs,0,FNR_cort,VAN,2,2,PFM3T7T02,PFM3T7T02,0.505386875612145
allsubs,0,FNR_cort,Sal,2,2,PFM3T7T02,PFM3T7T02,0.767961876832845
allsubs,0,FNR_cort,AMN,2,2,PFM3T7T02,PFM3T7T02,0.0355191256830601
allsubs,0,FNR_cort,SMd,2,2,PFM3T7T02,PFM3T7T02,0.692418772563177
allsubs,0,FNR_cort,SMl,2,2,PFM3T7T02,PFM3T7T02,0.28736122971819
allsubs,0,FNR_cort,Aud,2,2,PFM3T7T02,PFM3T7T02,0.536382011116726
allsubs,0,FNR_cort,Tpole,2,2,PFM3T7T02,PFM3T7T02,0.743939393939394
allsubs,0,FNR_cort,MTL,2,2,PFM3T7T02,PFM3T7T02,0.548724656638326
allsubs,0,FNR_cort,PMN,2,2,PFM3T7T02,PFM3T7T02,0.547933157431838
allsubs,0,FNR_cort,PON,2,2,PFM3T7T02,PFM3T7T02,0.249395648670427
allsubs,0,FNR_cort,SCAN,2,2,PFM3T7T02,PFM3T7T02,0.849132947976879
allsubs,0,NPV_cort,DMN,2,2,PFM3T7T02,PFM3T7T02,0.984290987882192
allsubs,0,NPV_cort,Vis,2,2,PFM3T7T02,PFM3T7T02,0.992890004182351
allsubs,0,NPV_cort,FP,2,2,PFM3T7T02,PFM3T7T02,0.97327788759184
allsubs,0,NPV_cort,DAN,2,2,PFM3T7T02,PFM3T7T02,0.966406081129764
allsubs,0,NPV_cort,VAN,2,2,PFM3T7T02,PFM3T7T02,0.954233409610984
allsubs,0,NPV_cort,Sal,2,2,PFM3T7T02,PFM3T7T02,0.964350741062161
allsubs,0,NPV_cort,AMN,2,2,PFM3T7T02,PFM3T7T02,0.99568373987339
allsubs,0,NPV_cort,SMd,2,2,PFM3T7T02,PFM3T7T02,0.950507483227249
allsubs,0,NPV_cort,SMl,2,2,PFM3T7T02,PFM3T7T02,0.98756398174326
allsubs,0,NPV_cort,Aud,2,2,PFM3T7T02,PFM3T7T02,0.962898885044214
allsubs,0,NPV_cort,Tpole,2,2,PFM3T7T02,PFM3T7T02,0.991694295960484
allsubs,0,NPV_cort,MTL,2,2,PFM3T7T02,PFM3T7T02,0.97077215167825
allsubs,0,NPV_cort,PMN,2,2,PFM3T7T02,PFM3T7T02,0.989296268297711
allsubs,0,NPV_cort,PON,2,2,PFM3T7T02,PFM3T7T02,0.989123176946055
allsubs,0,NPV_cort,SCAN,2,2,PFM3T7T02,PFM3T7T02,0.949993191721133
allsubs,0,PPV_cort,DMN,2,2,PFM3T7T02,PFM3T7T02,0.715823578595318
allsubs,0,PPV_cort,Vis,2,2,PFM3T7T02,PFM3T7T02,0.879735682819383
allsubs,0,PPV_cort,FP,2,2,PFM3T7T02,PFM3T7T02,0.761320428620809
allsubs,0,PPV_cort,DAN,2,2,PFM3T7T02,PFM3T7T02,0.805184804928131
allsubs,0,PPV_cort,VAN,2,2,PFM3T7T02,PFM3T7T02,0.830865416255347
allsubs,0,PPV_cort,Sal,2,2,PFM3T7T02,PFM3T7T02,0.981395348837209
allsubs,0,PPV_cort,AMN,2,2,PFM3T7T02,PFM3T7T02,0.371996627792609
allsubs,0,PPV_cort,SMd,2,2,PFM3T7T02,PFM3T7T02,0.996879875195008
allsubs,0,PPV_cort,SMl,2,2,PFM3T7T02,PFM3T7T02,0.315203021718602
allsubs,0,PPV_cort,Aud,2,2,PFM3T7T02,PFM3T7T02,0.837899543378995
allsubs,0,PPV_cort,Tpole,2,2,PFM3T7T02,PFM3T7T02,0.570945945945946
allsubs,0,PPV_cort,MTL,2,2,PFM3T7T02,PFM3T7T02,0.689655172413793
allsubs,0,PPV_cort,PMN,2,2,PFM3T7T02,PFM3T7T02,0.425496688741722
allsubs,0,PPV_cort,PON,2,2,PFM3T7T02,PFM3T7T02,0.744604316546763
allsubs,0,PPV_cort,SCAN,2,2,PFM3T7T02,PFM3T7T02,0.790909090909091
allsubs,0,PPVcorr_Jeffreys_cort,DMN,2,2,PFM3T7T02,PFM3T7T02,0.699879975220691
allsubs,0,PPVcorr_Jeffreys_cort,Vis,2,2,PFM3T7T02,PFM3T7T02,0.84727724434298
allsubs,0,PPVcorr_Jeffreys_cort,FP,2,2,PFM3T7T02,PFM3T7T02,0.737370090112719
allsubs,0,PPVcorr_Jeffreys_cort,DAN,2,2,PFM3T7T02,PFM3T7T02,0.770460852554479
allsubs,0,PPVcorr_Jeffreys_cort,VAN,2,2,PFM3T7T02,PFM3T7T02,0.783279335117622
allsubs,0,PPVcorr_Jeffreys_cort,Sal,2,2,PFM3T7T02,PFM3T7T02,0.838308999782088
allsubs,0,PPVcorr_Jeffreys_cort,AMN,2,2,PFM3T7T02,PFM3T7T02,0.376750321315024
allsubs,0,PPVcorr_Jeffreys_cort,SMd,2,2,PFM3T7T02,PFM3T7T02,0.875257731958763
allsubs,0,PPVcorr_Jeffreys_cort,SMl,2,2,PFM3T7T02,PFM3T7T02,0.323030456485567
allsubs,0,PPVcorr_Jeffreys_cort,Aud,2,2,PFM3T7T02,PFM3T7T02,0.78617835872844
allsubs,0,PPVcorr_Jeffreys_cort,Tpole,2,2,PFM3T7T02,PFM3T7T02,0.558011049723757
allsubs,0,PPVcorr_Jeffreys_cort,MTL,2,2,PFM3T7T02,PFM3T7T02,0.664513611929946
allsubs,0,PPVcorr_Jeffreys_cort,PMN,2,2,PFM3T7T02,PFM3T7T02,0.431905878792464
allsubs,0,PPVcorr_Jeffreys_cort,PON,2,2,PFM3T7T02,PFM3T7T02,0.722529270598502
allsubs,0,PPVcorr_Jeffreys_cort,SCAN,2,2,PFM3T7T02,PFM3T7T02,0.690854870775348
allsubs,0,PPVcorr_d1d2_cort,DMN,2,2,PFM3T7T02,PFM3T7T02,0.721363830417858
allsubs,0,PPVcorr_d1d2_cort,Vis,2,2,PFM3T7T02,PFM3T7T02,0.882432550860151
allsubs,0,PPVcorr_d1d2_cort,FP,2,2,PFM3T7T02,PFM3T7T02,0.76517908680166
allsubs,0,PPVcorr_d1d2_cort,DAN,2,2,PFM3T7T02,PFM3T7T02,0.804450549027324
allsubs,0,PPVcorr_d1d2_cort,VAN,2,2,PFM3T7T02,PFM3T7T02,0.82325792123371
allsubs,0,PPVcorr_d1d2_cort,Sal,2,2,PFM3T7T02,PFM3T7T02,0.880889671601425
allsubs,0,PPVcorr_d1d2_cort,AMN,2,2,PFM3T7T02,PFM3T7T02,0.387497133069417
allsubs,0,PPVcorr_d1d2_cort,SMd,2,2,PFM3T7T02,PFM3T7T02,0.946749379825333
allsubs,0,PPVcorr_d1d2_cort,SMl,2,2,PFM3T7T02,PFM3T7T02,0.351295184021564
allsubs,0,PPVcorr_d1d2_cort,Aud,2,2,PFM3T7T02,PFM3T7T02,0.825329976097783
allsubs,0,PPVcorr_d1d2_cort,Tpole,2,2,PFM3T7T02,PFM3T7T02,0.539920616746813
allsubs,0,PPVcorr_d1d2_cort,MTL,2,2,PFM3T7T02,PFM3T7T02,0.687885311506871
allsubs,0,PPVcorr_d1d2_cort,PMN,2,2,PFM3T7T02,PFM3T7T02,0.474212760182029
allsubs,0,PPVcorr_d1d2_cort,PON,2,2,PFM3T7T02,PFM3T7T02,0.754631502793993
allsubs,0,PPVcorr_d1d2_cort,SCAN,2,2,PFM3T7T02,PFM3T7T02,0.711662476358306
allsubs,0,PPVcorr_bayes_cort,DMN,2,2,PFM3T7T02,PFM3T7T02,0.73642795409322
allsubs,0,PPVcorr_bayes_cort,Vis,2,2,PFM3T7T02,PFM3T7T02,0.888171967598275
allsubs,0,PPVcorr_bayes_cort,FP,2,2,PFM3T7T02,PFM3T7T02,0.772310779910839
allsubs,0,PPVcorr_bayes_cort,DAN,2,2,PFM3T7T02,PFM3T7T02,0.803525355067396
allsubs,0,PPVcorr_bayes_cort,VAN,2,2,PFM3T7T02,PFM3T7T02,0.81251801835976
allsubs,0,PPVcorr_bayes_cort,Sal,2,2,PFM3T7T02,PFM3T7T02,0.850907464212679
allsubs,0,PPVcorr_bayes_cort,AMN,2,2,PFM3T7T02,PFM3T7T02,0.414018401736793
allsubs,0,PPVcorr_bayes_cort,SMd,2,2,PFM3T7T02,PFM3T7T02,0.900620493040416
allsubs,0,PPVcorr_bayes_cort,SMl,2,2,PFM3T7T02,PFM3T7T02,0.357327594169699
allsubs,0,PPVcorr_bayes_cort,Aud,2,2,PFM3T7T02,PFM3T7T02,0.814182259617397
allsubs,0,PPVcorr_bayes_cort,Tpole,2,2,PFM3T7T02,PFM3T7T02,0.558484848484848
allsubs,0,PPVcorr_bayes_cort,MTL,2,2,PFM3T7T02,PFM3T7T02,0.687062044642443
allsubs,0,PPVcorr_bayes_cort,PMN,2,2,PFM3T7T02,PFM3T7T02,0.454161235533436
allsubs,0,PPVcorr_bayes_cort,PON,2,2,PFM3T7T02,PFM3T7T02,0.756956339690153
allsubs,0,PPVcorr_bayes_cort,SCAN,2,2,PFM3T7T02,PFM3T7T02,0.666067146282974
allsubs,0,MCC_cort,DMN,2,2,PFM3T7T02,PFM3T7T02,0.769105534767091
allsubs,0,MCC_cort,Vis,2,2,PFM3T7T02,PFM3T7T02,0.898820686781299
allsubs,0,MCC_cort,FP,2,2,PFM3T7T02,PFM3T7T02,0.731674236641211
allsubs,0,MCC_cort,DAN,2,2,PFM3T7T02,PFM3T7T02,0.687851106387363
allsubs,0,MCC_cort,VAN,2,2,PFM3T7T02,PFM3T7T02,0.617162418325293
allsubs,0,MCC_cort,Sal,2,2,PFM3T7T02,PFM3T7T02,0.468240251678997
allsubs,0,MCC_cort,AMN,2,2,PFM3T7T02,PFM3T7T02,0.54191135894887
allsubs,0,MCC_cort,SMd,2,2,PFM3T7T02,PFM3T7T02,0.539749929245526
allsubs,0,MCC_cort,SMl,2,2,PFM3T7T02,PFM3T7T02,0.443313543838363
allsubs,0,MCC_cort,Aud,2,2,PFM3T7T02,PFM3T7T02,0.605093450415646
allsubs,0,MCC_cort,Tpole,2,2,PFM3T7T02,PFM3T7T02,0.377960027161362
allsubs,0,MCC_cort,MTL,2,2,PFM3T7T02,PFM3T7T02,0.539218791749351
allsubs,0,MCC_cort,PMN,2,2,PFM3T7T02,PFM3T7T02,0.427287200313134
allsubs,0,MCC_cort,PON,2,2,PFM3T7T02,PFM3T7T02,0.736548344682687
allsubs,0,MCC_cort,SCAN,2,2,PFM3T7T02,PFM3T7T02,0.331587668644717
allsubs,0,muI_cort,WholeBrainOrSingleVal,2,2,PFM3T7T02,PFM3T7T02,1.93387900379967
allsubs,0,VIn_cort,WholeBrainOrSingleVal,2,2,PFM3T7T02,PFM3T7T02,0.201579672079209
allsubs,0,MIn_cort,WholeBrainOrSingleVal,2,2,PFM3T7T02,PFM3T7T02,0.547491913304301
allsubs,0,DC_cort,DMN,2,3,PFM3T7T02,PFM3T7T03,0.685679050408509
allsubs,0,DC_cort,Vis,2,3,PFM3T7T02,PFM3T7T03,0.834470435347628
allsubs,0,DC_cort,FP,2,3,PFM3T7T02,PFM3T7T03,0.430017605633803
allsubs,0,DC_cort,DAN,2,3,PFM3T7T02,PFM3T7T03,0.472800152700897
allsubs,0,DC_cort,VAN,2,3,PFM3T7T02,PFM3T7T03,0.468294281500901
allsubs,0,DC_cort,Sal,2,3,PFM3T7T02,PFM3T7T03,0.34971334971335
allsubs,0,DC_cort,AMN,2,3,PFM3T7T02,PFM3T7T03,0.562113300276449
allsubs,0,DC_cort,SMd,2,3,PFM3T7T02,PFM3T7T03,0.571363636363636
allsubs,0,DC_cort,SMl,2,3,PFM3T7T02,PFM3T7T03,0.45773498694517
allsubs,0,DC_cort,Aud,2,3,PFM3T7T02,PFM3T7T03,0.669230769230769
allsubs,0,DC_cort,Tpole,2,3,PFM3T7T02,PFM3T7T03,0.437375745526839
allsubs,0,DC_cort,MTL,2,3,PFM3T7T02,PFM3T7T03,0.402427184466019
allsubs,0,DC_cort,PMN,2,3,PFM3T7T02,PFM3T7T03,0.262773722627737
allsubs,0,DC_cort,PON,2,3,PFM3T7T02,PFM3T7T03,0.547714345902675
allsubs,0,DC_cort,SCAN,2,3,PFM3T7T02,PFM3T7T03,0.376315789473684
allsubs,0,cDC_cort,DMN,2,3,PFM3T7T02,PFM3T7T03,0.685679050408509
allsubs,0,cDC_cort,Vis,2,3,PFM3T7T02,PFM3T7T03,0.834470435347628
allsubs,0,cDC_cort,FP,2,3,PFM3T7T02,PFM3T7T03,0.430017605633803
allsubs,0,cDC_cort,DAN,2,3,PFM3T7T02,PFM3T7T03,0.472800152700897
allsubs,0,cDC_cort,VAN,2,3,PFM3T7T02,PFM3T7T03,0.468294281500901
allsubs,0,cDC_cort,Sal,2,3,PFM3T7T02,PFM3T7T03,0.34971334971335
allsubs,0,cDC_cort,AMN,2,3,PFM3T7T02,PFM3T7T03,0.562113300276449
allsubs,0,cDC_cort,SMd,2,3,PFM3T7T02,PFM3T7T03,0.571363636363636
allsubs,0,cDC_cort,SMl,2,3,PFM3T7T02,PFM3T7T03,0.45773498694517
allsubs,0,cDC_cort,Aud,2,3,PFM3T7T02,PFM3T7T03,0.669230769230769
allsubs,0,cDC_cort,Tpole,2,3,PFM3T7T02,PFM3T7T03,0.437375745526839
allsubs,0,cDC_cort,MTL,2,3,PFM3T7T02,PFM3T7T03,0.402427184466019
allsubs,0,cDC_cort,PMN,2,3,PFM3T7T02,PFM3T7T03,0.262773722627737
allsubs,0,cDC_cort,PON,2,3,PFM3T7T02,PFM3T7T03,0.547714345902675
allsubs,0,cDC_cort,SCAN,2,3,PFM3T7T02,PFM3T7T03,0.376315789473684
allsubs,0,TP_cort,DMN,2,3,PFM3T7T02,PFM3T7T03,6672.0
allsubs,0,TP_cort,Vis,2,3,PFM3T7T02,PFM3T7T03,5137.0
allsubs,0,TP_cort,FP,2,3,PFM3T7T02,PFM3T7T03,1954.0
allsubs,0,TP_cort,DAN,2,3,PFM3T7T02,PFM3T7T03,2477.0
allsubs,0,TP_cort,VAN,2,3,PFM3T7T02,PFM3T7T03,1429.0
allsubs,0,TP_cort,Sal,2,3,PFM3T7T02,PFM3T7T03,427.0
allsubs,0,TP_cort,AMN,2,3,PFM3T7T02,PFM3T7T03,6405.0
allsubs,0,TP_cort,SMd,2,3,PFM3T7T02,PFM3T7T03,1257.0
allsubs,0,TP_cort,SMl,2,3,PFM3T7T02,PFM3T7T03,2805.0
allsubs,0,TP_cort,Aud,2,3,PFM3T7T02,PFM3T7T03,1479.0
allsubs,0,TP_cort,Tpole,2,3,PFM3T7T02,PFM3T7T03,110.0
allsubs,0,TP_cort,MTL,2,3,PFM3T7T02,PFM3T7T03,829.0
allsubs,0,TP_cort,PMN,2,3,PFM3T7T02,PFM3T7T03,450.0
allsubs,0,TP_cort,PON,2,3,PFM3T7T02,PFM3T7T03,1300.0
allsubs,0,TP_cort,SCAN,2,3,PFM3T7T02,PFM3T7T03,429.0
allsubs,0,TN_cort,DMN,2,3,PFM3T7T02,PFM3T7T03,46623.0
allsubs,0,TN_cort,Vis,2,3,PFM3T7T02,PFM3T7T03,52237.0
allsubs,0,TN_cort,FP,2,3,PFM3T7T02,PFM3T7T03,52278.0
allsubs,0,TN_cort,DAN,2,3,PFM3T7T02,PFM3T7T03,51411.0
allsubs,0,TN_cort,VAN,2,3,PFM3T7T02,PFM3T7T03,54738.0
allsubs,0,TN_cort,Sal,2,3,PFM3T7T02,PFM3T7T03,57397.0
allsubs,0,TN_cort,AMN,2,3,PFM3T7T02,PFM3T7T03,43028.0
allsubs,0,TN_cort,SMd,2,3,PFM3T7T02,PFM3T7T03,56269.0
allsubs,0,TN_cort,SMl,2,3,PFM3T7T02,PFM3T7T03,49961.0
allsubs,0,TN_cort,Aud,2,3,PFM3T7T02,PFM3T7T03,56471.0
allsubs,0,TN_cort,Tpole,2,3,PFM3T7T02,PFM3T7T03,59019.0
allsubs,0,TN_cort,MTL,2,3,PFM3T7T02,PFM3T7T03,56121.0
allsubs,0,TN_cort,PMN,2,3,PFM3T7T02,PFM3T7T03,56437.0
allsubs,0,TN_cort,PON,2,3,PFM3T7T02,PFM3T7T03,55965.0
allsubs,0,TN_cort,SCAN,2,3,PFM3T7T02,PFM3T7T03,57561.0
allsubs,0,FP_cort,DMN,2,3,PFM3T7T02,PFM3T7T03,2896.0
allsubs,0,FP_cort,Vis,2,3,PFM3T7T02,PFM3T7T03,1673.0
allsubs,0,FP_cort,FP,2,3,PFM3T7T02,PFM3T7T03,3832.0
allsubs,0,FP_cort,DAN,2,3,PFM3T7T02,PFM3T7T03,1419.0
allsubs,0,FP_cort,VAN,2,3,PFM3T7T02,PFM3T7T03,1610.0
allsubs,0,FP_cort,Sal,2,3,PFM3T7T02,PFM3T7T03,218.0
allsubs,0,FP_cort,AMN,2,3,PFM3T7T02,PFM3T7T03,7829.0
allsubs,0,FP_cort,SMd,2,3,PFM3T7T02,PFM3T7T03,25.0
allsubs,0,FP_cort,SMl,2,3,PFM3T7T02,PFM3T7T03,2490.0
allsubs,0,FP_cort,Aud,2,3,PFM3T7T02,PFM3T7T03,711.0
allsubs,0,FP_cort,Tpole,2,3,PFM3T7T02,PFM3T7T03,186.0
allsubs,0,FP_cort,MTL,2,3,PFM3T7T02,PFM3T7T03,1172.0
allsubs,0,FP_cort,PMN,2,3,PFM3T7T02,PFM3T7T03,758.0
allsubs,0,FP_cort,PON,2,3,PFM3T7T02,PFM3T7T03,1202.0
allsubs,0,FP_cort,SCAN,2,3,PFM3T7T02,PFM3T7T03,231.0
allsubs,0,FN_cort,DMN,2,3,PFM3T7T02,PFM3T7T03,3221.0
allsubs,0,FN_cort,Vis,2,3,PFM3T7T02,PFM3T7T03,365.0
allsubs,0,FN_cort,FP,2,3,PFM3T7T02,PFM3T7T03,1348.0
allsubs,0,FN_cort,DAN,2,3,PFM3T7T02,PFM3T7T03,4105.0
allsubs,0,FN_cort,VAN,2,3,PFM3T7T02,PFM3T7T03,1635.0
allsubs,0,FN_cort,Sal,2,3,PFM3T7T02,PFM3T7T03,1370.0
allsubs,0,FN_cort,AMN,2,3,PFM3T7T02,PFM3T7T03,2150.0
allsubs,0,FN_cort,SMd,2,3,PFM3T7T02,PFM3T7T03,1861.0
allsubs,0,FN_cort,SMl,2,3,PFM3T7T02,PFM3T7T03,4156.0
allsubs,0,FN_cort,Aud,2,3,PFM3T7T02,PFM3T7T03,751.0
allsubs,0,FN_cort,Tpole,2,3,PFM3T7T02,PFM3T7T03,97.0
allsubs,0,FN_cort,MTL,2,3,PFM3T7T02,PFM3T7T03,1290.0
allsubs,0,FN_cort,PMN,2,3,PFM3T7T02,PFM3T7T03,1767.0
allsubs,0,FN_cort,PON,2,3,PFM3T7T02,PFM3T7T03,945.0
allsubs,0,FN_cort,SCAN,2,3,PFM3T7T02,PFM3T7T03,1191.0
allsubs,0,TPR_cort,DMN,2,3,PFM3T7T02,PFM3T7T03,0.674416253916911
allsubs,0,TPR_cort,Vis,2,3,PFM3T7T02,PFM3T7T03,0.933660487095602
allsubs,0,TPR_cort,FP,2,3,PFM3T7T02,PFM3T7T03,0.591762568140521
allsubs,0,TPR_cort,DAN,2,3,PFM3T7T02,PFM3T7T03,0.376329383166211
allsubs,0,TPR_cort,VAN,2,3,PFM3T7T02,PFM3T7T03,0.466383812010444
allsubs,0,TPR_cort,Sal,2,3,PFM3T7T02,PFM3T7T03,0.237618252643294
allsubs,0,TPR_cort,AMN,2,3,PFM3T7T02,PFM3T7T03,0.748684979544126
allsubs,0,TPR_cort,SMd,2,3,PFM3T7T02,PFM3T7T03,0.40314304041052
allsubs,0,TPR_cort,SMl,2,3,PFM3T7T02,PFM3T7T03,0.402959344921707
allsubs,0,TPR_cort,Aud,2,3,PFM3T7T02,PFM3T7T03,0.663228699551569
allsubs,0,TPR_cort,Tpole,2,3,PFM3T7T02,PFM3T7T03,0.531400966183575
allsubs,0,TPR_cort,MTL,2,3,PFM3T7T02,PFM3T7T03,0.391222274657857
allsubs,0,TPR_cort,PMN,2,3,PFM3T7T02,PFM3T7T03,0.20297699594046
allsubs,0,TPR_cort,PON,2,3,PFM3T7T02,PFM3T7T03,0.579064587973274
allsubs,0,TPR_cort,SCAN,2,3,PFM3T7T02,PFM3T7T03,0.264814814814815
allsubs,0,TNR_cort,DMN,2,3,PFM3T7T02,PFM3T7T03,0.941517397362629
allsubs,0,TNR_cort,Vis,2,3,PFM3T7T02,PFM3T7T03,0.968966796512706
allsubs,0,TNR_cort,FP,2,3,PFM3T7T02,PFM3T7T03,0.931705578328284
allsubs,0,TNR_cort,DAN,2,3,PFM3T7T02,PFM3T7T03,0.973140261215219
allsubs,0,TNR_cort,VAN,2,3,PFM3T7T02,PFM3T7T03,0.971427557322354
allsubs,0,TNR_cort,Sal,2,3,PFM3T7T02,PFM3T7T03,0.996216263125922
allsubs,0,TNR_cort,AMN,2,3,PFM3T7T02,PFM3T7T03,0.846058556344259
allsubs,0,TNR_cort,SMd,2,3,PFM3T7T02,PFM3T7T03,0.999555902938146
allsubs,0,TNR_cort,SMl,2,3,PFM3T7T02,PFM3T7T03,0.952527120550609
allsubs,0,TNR_cort,Aud,2,3,PFM3T7T02,PFM3T7T03,0.987566017278165
allsubs,0,TNR_cort,Tpole,2,3,PFM3T7T02,PFM3T7T03,0.996858373448189
allsubs,0,TNR_cort,MTL,2,3,PFM3T7T02,PFM3T7T03,0.979543748800028
allsubs,0,TNR_cort,PMN,2,3,PFM3T7T02,PFM3T7T03,0.986747093277384
allsubs,0,TNR_cort,PON,2,3,PFM3T7T02,PFM3T7T03,0.978973883534207
allsubs,0,TNR_cort,SCAN,2,3,PFM3T7T02,PFM3T7T03,0.996002906976744
allsubs,0,FPR_cort,DMN,2,3,PFM3T7T02,PFM3T7T03,0.0584826026373715
allsubs,0,FPR_cort,Vis,2,3,PFM3T7T02,PFM3T7T03,0.0310332034872936
allsubs,0,FPR_cort,FP,2,3,PFM3T7T02,PFM3T7T03,0.0682944216717163
allsubs,0,FPR_cort,DAN,2,3,PFM3T7T02,PFM3T7T03,0.0268597387847814
allsubs,0,FPR_cort,VAN,2,3,PFM3T7T02,PFM3T7T03,0.0285724426776461
allsubs,0,FPR_cort,Sal,2,3,PFM3T7T02,PFM3T7T03,0.0037837368740779
allsubs,0,FPR_cort,AMN,2,3,PFM3T7T02,PFM3T7T03,0.153941443655741
allsubs,0,FPR_cort,SMd,2,3,PFM3T7T02,PFM3T7T03,0.0004440970618538
allsubs,0,FPR_cort,SMl,2,3,PFM3T7T02,PFM3T7T03,0.0474728794493909
allsubs,0,FPR_cort,Aud,2,3,PFM3T7T02,PFM3T7T03,0.0124339827218355
allsubs,0,FPR_cort,Tpole,2,3,PFM3T7T02,PFM3T7T03,0.0031416265518115
allsubs,0,FPR_cort,MTL,2,3,PFM3T7T02,PFM3T7T03,0.0204562511999721
allsubs,0,FPR_cort,PMN,2,3,PFM3T7T02,PFM3T7T03,0.0132529067226156
allsubs,0,FPR_cort,PON,2,3,PFM3T7T02,PFM3T7T03,0.0210261164657932
allsubs,0,FPR_cort,SCAN,2,3,PFM3T7T02,PFM3T7T03,0.0039970930232558
allsubs,0,FNR_cort,DMN,2,3,PFM3T7T02,PFM3T7T03,0.325583746083089
allsubs,0,FNR_cort,Vis,2,3,PFM3T7T02,PFM3T7T03,0.0663395129043984
allsubs,0,FNR_cort,FP,2,3,PFM3T7T02,PFM3T7T03,0.408237431859479
allsubs,0,FNR_cort,DAN,2,3,PFM3T7T02,PFM3T7T03,0.623670616833789
allsubs,0,FNR_cort,VAN,2,3,PFM3T7T02,PFM3T7T03,0.533616187989556
allsubs,0,FNR_cort,Sal,2,3,PFM3T7T02,PFM3T7T03,0.762381747356706
allsubs,0,FNR_cort,AMN,2,3,PFM3T7T02,PFM3T7T03,0.251315020455874
allsubs,0,FNR_cort,SMd,2,3,PFM3T7T02,PFM3T7T03,0.59685695958948
allsubs,0,FNR_cort,SMl,2,3,PFM3T7T02,PFM3T7T03,0.597040655078293
allsubs,0,FNR_cort,Aud,2,3,PFM3T7T02,PFM3T7T03,0.336771300448431
allsubs,0,FNR_cort,Tpole,2,3,PFM3T7T02,PFM3T7T03,0.468599033816425
allsubs,0,FNR_cort,MTL,2,3,PFM3T7T02,PFM3T7T03,0.608777725342142
allsubs,0,FNR_cort,PMN,2,3,PFM3T7T02,PFM3T7T03,0.79702300405954
allsubs,0,FNR_cort,PON,2,3,PFM3T7T02,PFM3T7T03,0.420935412026726
allsubs,0,FNR_cort,SCAN,2,3,PFM3T7T02,PFM3T7T03,0.735185185185185
allsubs,0,NPV_cort,DMN,2,3,PFM3T7T02,PFM3T7T03,0.935378380547308
allsubs,0,NPV_cort,Vis,2,3,PFM3T7T02,PFM3T7T03,0.99306110033839
allsubs,0,NPV_cort,FP,2,3,PFM3T7T02,PFM3T7T03,0.974862939618842
allsubs,0,NPV_cort,DAN,2,3,PFM3T7T02,PFM3T7T03,0.926057352835219
allsubs,0,NPV_cort,VAN,2,3,PFM3T7T02,PFM3T7T03,0.9709967537651
allsubs,0,NPV_cort,Sal,2,3,PFM3T7T02,PFM3T7T03,0.976687596780506
allsubs,0,NPV_cort,AMN,2,3,PFM3T7T02,PFM3T7T03,0.952410465270707
allsubs,0,NPV_cort,SMd,2,3,PFM3T7T02,PFM3T7T03,0.967985549630139
allsubs,0,NPV_cort,SMl,2,3,PFM3T7T02,PFM3T7T03,0.923203429606224
allsubs,0,NPV_cort,Aud,2,3,PFM3T7T02,PFM3T7T03,0.986875677187096
allsubs,0,NPV_cort,Tpole,2,3,PFM3T7T02,PFM3T7T03,0.998359158265106
allsubs,0,NPV_cort,MTL,2,3,PFM3T7T02,PFM3T7T03,0.977530438417725
allsubs,0,NPV_cort,PMN,2,3,PFM3T7T02,PFM3T7T03,0.969641261768951
allsubs,0,NPV_cort,PON,2,3,PFM3T7T02,PFM3T7T03,0.983394833948339
allsubs,0,NPV_cort,SCAN,2,3,PFM3T7T02,PFM3T7T03,0.979728349673203
allsubs,0,PPV_cort,DMN,2,3,PFM3T7T02,PFM3T7T03,0.697324414715719
allsubs,0,PPV_cort,Vis,2,3,PFM3T7T02,PFM3T7T03,0.754331864904552
allsubs,0,PPV_cort,FP,2,3,PFM3T7T02,PFM3T7T03,0.337711717939855
allsubs,0,PPV_cort,DAN,2,3,PFM3T7T02,PFM3T7T03,0.635780287474333
allsubs,0,PPV_cort,VAN,2,3,PFM3T7T02,PFM3T7T03,0.470220467258967
allsubs,0,PPV_cort,Sal,2,3,PFM3T7T02,PFM3T7T03,0.662015503875969
allsubs,0,PPV_cort,AMN,2,3,PFM3T7T02,PFM3T7T03,0.449978923703808
allsubs,0,PPV_cort,SMd,2,3,PFM3T7T02,PFM3T7T03,0.980499219968799
allsubs,0,PPV_cort,SMl,2,3,PFM3T7T02,PFM3T7T03,0.529745042492918
allsubs,0,PPV_cort,Aud,2,3,PFM3T7T02,PFM3T7T03,0.675342465753425
allsubs,0,PPV_cort,Tpole,2,3,PFM3T7T02,PFM3T7T03,0.371621621621622
allsubs,0,PPV_cort,MTL,2,3,PFM3T7T02,PFM3T7T03,0.414292853573213
allsubs,0,PPV_cort,PMN,2,3,PFM3T7T02,PFM3T7T03,0.372516556291391
allsubs,0,PPV_cort,PON,2,3,PFM3T7T02,PFM3T7T03,0.519584332533973
allsubs,0,PPV_cort,SCAN,2,3,PFM3T7T02,PFM3T7T03,0.65
allsubs,0,PPVcorr_Jeffreys_cort,DMN,2,3,PFM3T7T02,PFM3T7T03,0.67883360328872
allsubs,0,PPVcorr_Jeffreys_cort,Vis,2,3,PFM3T7T02,PFM3T7T03,0.735319692399663
allsubs,0,PPVcorr_Jeffreys_cort,FP,2,3,PFM3T7T02,PFM3T7T03,0.346473300415291
allsubs,0,PPVcorr_Jeffreys_cort,DAN,2,3,PFM3T7T02,PFM3T7T03,0.616156514865399
allsubs,0,PPVcorr_Jeffreys_cort,VAN,2,3,PFM3T7T02,PFM3T7T03,0.472947928498834
allsubs,0,PPVcorr_Jeffreys_cort,Sal,2,3,PFM3T7T02,PFM3T7T03,0.626712744028131
allsubs,0,PPVcorr_Jeffreys_cort,AMN,2,3,PFM3T7T02,PFM3T7T03,0.4528148712681
allsubs,0,PPVcorr_Jeffreys_cort,SMd,2,3,PFM3T7T02,PFM3T7T03,0.886497678504204
allsubs,0,PPVcorr_Jeffreys_cort,SMl,2,3,PFM3T7T02,PFM3T7T03,0.526288995343092
allsubs,0,PPVcorr_Jeffreys_cort,Aud,2,3,PFM3T7T02,PFM3T7T03,0.659138002486531
allsubs,0,PPVcorr_Jeffreys_cort,Tpole,2,3,PFM3T7T02,PFM3T7T03,0.380012630249447
allsubs,0,PPVcorr_Jeffreys_cort,MTL,2,3,PFM3T7T02,PFM3T7T03,0.422499887026074
allsubs,0,PPVcorr_Jeffreys_cort,PMN,2,3,PFM3T7T02,PFM3T7T03,0.392285094775128
allsubs,0,PPVcorr_Jeffreys_cort,PON,2,3,PFM3T7T02,PFM3T7T03,0.517971758664955
allsubs,0,PPVcorr_Jeffreys_cort,SCAN,2,3,PFM3T7T02,PFM3T7T03,0.62043795620438
allsubs,0,PPVcorr_d1d2_cort,DMN,2,3,PFM3T7T02,PFM3T7T03,0.700094616701112
allsubs,0,PPVcorr_d1d2_cort,Vis,2,3,PFM3T7T02,PFM3T7T03,0.761289708203081
allsubs,0,PPVcorr_d1d2_cort,FP,2,3,PFM3T7T02,PFM3T7T03,0.361767816386896
allsubs,0,PPVcorr_d1d2_cort,DAN,2,3,PFM3T7T02,PFM3T7T03,0.634648920449073
allsubs,0,PPVcorr_d1d2_cort,VAN,2,3,PFM3T7T02,PFM3T7T03,0.48684206149906
allsubs,0,PPVcorr_d1d2_cort,Sal,2,3,PFM3T7T02,PFM3T7T03,0.621170449408532
allsubs,0,PPVcorr_d1d2_cort,AMN,2,3,PFM3T7T02,PFM3T7T03,0.458450103426056
allsubs,0,PPVcorr_d1d2_cort,SMd,2,3,PFM3T7T02,PFM3T7T03,0.938984887971181
allsubs,0,PPVcorr_d1d2_cort,SMl,2,3,PFM3T7T02,PFM3T7T03,0.534019024664473
allsubs,0,PPVcorr_d1d2_cort,Aud,2,3,PFM3T7T02,PFM3T7T03,0.688653984298082
allsubs,0,PPVcorr_d1d2_cort,Tpole,2,3,PFM3T7T02,PFM3T7T03,0.638526874262281
allsubs,0,PPVcorr_d1d2_cort,MTL,2,3,PFM3T7T02,PFM3T7T03,0.439548684840928
allsubs,0,PPVcorr_d1d2_cort,PMN,2,3,PFM3T7T02,PFM3T7T03,0.385781548441741
allsubs,0,PPVcorr_d1d2_cort,PON,2,3,PFM3T7T02,PFM3T7T03,0.542430911052606
allsubs,0,PPVcorr_d1d2_cort,SCAN,2,3,PFM3T7T02,PFM3T7T03,0.617924757872195
allsubs,0,PPVcorr_bayes_cort,DMN,2,3,PFM3T7T02,PFM3T7T03,0.710567239520452
allsubs,0,PPVcorr_bayes_cort,Vis,2,3,PFM3T7T02,PFM3T7T03,0.773062756664456
allsubs,0,PPVcorr_bayes_cort,FP,2,3,PFM3T7T02,PFM3T7T03,0.376976193276323
allsubs,0,PPVcorr_bayes_cort,DAN,2,3,PFM3T7T02,PFM3T7T03,0.632332410496675
allsubs,0,PPVcorr_bayes_cort,VAN,2,3,PFM3T7T02,PFM3T7T03,0.495255543028937
allsubs,0,PPVcorr_bayes_cort,Sal,2,3,PFM3T7T02,PFM3T7T03,0.62478766052864
allsubs,0,PPVcorr_bayes_cort,AMN,2,3,PFM3T7T02,PFM3T7T03,0.485393258426966
allsubs,0,PPVcorr_bayes_cort,SMd,2,3,PFM3T7T02,PFM3T7T03,0.918479393981514
allsubs,0,PPVcorr_bayes_cort,SMl,2,3,PFM3T7T02,PFM3T7T03,0.543979943480302
allsubs,0,PPVcorr_bayes_cort,Aud,2,3,PFM3T7T02,PFM3T7T03,0.690119435396308
allsubs,0,PPVcorr_bayes_cort,Tpole,2,3,PFM3T7T02,PFM3T7T03,0.407678542378396
allsubs,0,PPVcorr_bayes_cort,MTL,2,3,PFM3T7T02,PFM3T7T03,0.440973457624706
allsubs,0,PPVcorr_bayes_cort,PMN,2,3,PFM3T7T02,PFM3T7T03,0.387089441982043
allsubs,0,PPVcorr_bayes_cort,PON,2,3,PFM3T7T02,PFM3T7T03,0.545110410094637
allsubs,0,PPVcorr_bayes_cort,SCAN,2,3,PFM3T7T02,PFM3T7T03,0.623315363881402
allsubs,0,MCC_cort,DMN,2,3,PFM3T7T02,PFM3T7T03,0.624261918477434
allsubs,0,MCC_cort,Vis,2,3,PFM3T7T02,PFM3T7T03,0.821350888478971
allsubs,0,MCC_cort,FP,2,3,PFM3T7T02,PFM3T7T03,0.404503246742683
allsubs,0,MCC_cort,DAN,2,3,PFM3T7T02,PFM3T7T03,0.443108564980503
allsubs,0,MCC_cort,VAN,2,3,PFM3T7T02,PFM3T7T03,0.439510996119276
allsubs,0,MCC_cort,Sal,2,3,PFM3T7T02,PFM3T7T03,0.386459351371272
allsubs,0,MCC_cort,AMN,2,3,PFM3T7T02,PFM3T7T03,0.48920188879712
allsubs,0,MCC_cort,SMd,2,3,PFM3T7T02,PFM3T7T03,0.618024121292846
allsubs,0,MCC_cort,SMl,2,3,PFM3T7T02,PFM3T7T03,0.401269300330351
allsubs,0,MCC_cort,Aud,2,3,PFM3T7T02,PFM3T7T03,0.656481582997184
allsubs,0,MCC_cort,Tpole,2,3,PFM3T7T02,PFM3T7T03,0.442092527034113
allsubs,0,MCC_cort,MTL,2,3,PFM3T7T02,PFM3T7T03,0.381149267177123
allsubs,0,MCC_cort,PMN,2,3,PFM3T7T02,PFM3T7T03,0.254785361432448
allsubs,0,MCC_cort,PON,2,3,PFM3T7T02,PFM3T7T03,0.529794040419384
allsubs,0,MCC_cort,SCAN,2,3,PFM3T7T02,PFM3T7T03,0.405270666973719
allsubs,0,muI_cort,WholeBrainOrSingleVal,2,3,PFM3T7T02,PFM3T7T03,1.42216885907426
allsubs,0,VIn_cort,WholeBrainOrSingleVal,2,3,PFM3T7T02,PFM3T7T03,0.25621214322473
allsubs,0,MIn_cort,WholeBrainOrSingleVal,2,3,PFM3T7T02,PFM3T7T03,0.411777095956714
allsubs,0,DC_cort,DMN,2,4,PFM3T7T02,PFM3T7T04,0.590792510900231
allsubs,0,DC_cort,Vis,2,4,PFM3T7T02,PFM3T7T04,0.835906232132647
allsubs,0,DC_cort,FP,2,4,PFM3T7T02,PFM3T7T04,0.577525330058336
allsubs,0,DC_cort,DAN,2,4,PFM3T7T02,PFM3T7T04,0.441566514711977
allsubs,0,DC_cort,VAN,2,4,PFM3T7T02,PFM3T7T04,0.450140845070423
allsubs,0,DC_cort,Sal,2,4,PFM3T7T02,PFM3T7T04,0.280945757997218
allsubs,0,DC_cort,AMN,2,4,PFM3T7T02,PFM3T7T04,0.57953349701859
allsubs,0,DC_cort,SMd,2,4,PFM3T7T02,PFM3T7T04,0.621614650502966
allsubs,0,DC_cort,SMl,2,4,PFM3T7T02,PFM3T7T04,0.381586245146977
allsubs,0,DC_cort,Aud,2,4,PFM3T7T02,PFM3T7T04,0.692365835222978
allsubs,0,DC_cort,Tpole,2,4,PFM3T7T02,PFM3T7T04,0.355217691776088
allsubs,0,DC_cort,MTL,2,4,PFM3T7T02,PFM3T7T04,0.382058215365039
allsubs,0,DC_cort,PMN,2,4,PFM3T7T02,PFM3T7T04,0.317545030020013
allsubs,0,DC_cort,PON,2,4,PFM3T7T02,PFM3T7T04,0.505408062930187
allsubs,0,DC_cort,SCAN,2,4,PFM3T7T02,PFM3T7T04,0.443087658089839
allsubs,0,cDC_cort,DMN,2,4,PFM3T7T02,PFM3T7T04,0.590792510900231
allsubs,0,cDC_cort,Vis,2,4,PFM3T7T02,PFM3T7T04,0.835906232132647
allsubs,0,cDC_cort,FP,2,4,PFM3T7T02,PFM3T7T04,0.577525330058336
allsubs,0,cDC_cort,DAN,2,4,PFM3T7T02,PFM3T7T04,0.441566514711977
allsubs,0,cDC_cort,VAN,2,4,PFM3T7T02,PFM3T7T04,0.450140845070423
allsubs,0,cDC_cort,Sal,2,4,PFM3T7T02,PFM3T7T04,0.280945757997218
allsubs,0,cDC_cort,AMN,2,4,PFM3T7T02,PFM3T7T04,0.57953349701859
allsubs,0,cDC_cort,SMd,2,4,PFM3T7T02,PFM3T7T04,0.621614650502966
allsubs,0,cDC_cort,SMl,2,4,PFM3T7T02,PFM3T7T04,0.381586245146977
allsubs,0,cDC_cort,Aud,2,4,PFM3T7T02,PFM3T7T04,0.692365835222978
allsubs,0,cDC_cort,Tpole,2,4,PFM3T7T02,PFM3T7T04,0.355217691776088
allsubs,0,cDC_cort,MTL,2,4,PFM3T7T02,PFM3T7T04,0.382058215365039
allsubs,0,cDC_cort,PMN,2,4,PFM3T7T02,PFM3T7T04,0.317545030020013
allsubs,0,cDC_cort,PON,2,4,PFM3T7T02,PFM3T7T04,0.505408062930187
allsubs,0,cDC_cort,SCAN,2,4,PFM3T7T02,PFM3T7T04,0.443087658089839
allsubs,0,TP_cort,DMN,2,4,PFM3T7T02,PFM3T7T04,4607.0
allsubs,0,TP_cort,Vis,2,4,PFM3T7T02,PFM3T7T04,5848.0
allsubs,0,TP_cort,FP,2,4,PFM3T7T02,PFM3T7T04,3762.0
allsubs,0,TP_cort,DAN,2,4,PFM3T7T02,PFM3T7T04,2131.0
allsubs,0,TP_cort,VAN,2,4,PFM3T7T02,PFM3T7T04,1598.0
allsubs,0,TP_cort,Sal,2,4,PFM3T7T02,PFM3T7T04,303.0
allsubs,0,TP_cort,AMN,2,4,PFM3T7T02,PFM3T7T04,6609.0
allsubs,0,TP_cort,SMd,2,4,PFM3T7T02,PFM3T7T04,1205.0
allsubs,0,TP_cort,SMl,2,4,PFM3T7T02,PFM3T7T04,1376.0
allsubs,0,TP_cort,Aud,2,4,PFM3T7T02,PFM3T7T04,1832.0
allsubs,0,TP_cort,Tpole,2,4,PFM3T7T02,PFM3T7T04,257.0
allsubs,0,TP_cort,MTL,2,4,PFM3T7T02,PFM3T7T04,1201.0
allsubs,0,TP_cort,PMN,2,4,PFM3T7T02,PFM3T7T04,476.0
allsubs,0,TP_cort,PON,2,4,PFM3T7T02,PFM3T7T04,1285.0
allsubs,0,TP_cort,SCAN,2,4,PFM3T7T02,PFM3T7T04,508.0
allsubs,0,TN_cort,DMN,2,4,PFM3T7T02,PFM3T7T04,48423.0
allsubs,0,TN_cort,Vis,2,4,PFM3T7T02,PFM3T7T04,51268.0
allsubs,0,TN_cort,FP,2,4,PFM3T7T02,PFM3T7T04,50146.0
allsubs,0,TN_cort,DAN,2,4,PFM3T7T02,PFM3T7T04,51891.0
allsubs,0,TN_cort,VAN,2,4,PFM3T7T02,PFM3T7T04,53910.0
allsubs,0,TN_cort,Sal,2,4,PFM3T7T02,PFM3T7T04,57558.0
allsubs,0,TN_cort,AMN,2,4,PFM3T7T02,PFM3T7T04,43213.0
allsubs,0,TN_cort,SMd,2,4,PFM3T7T02,PFM3T7T04,56740.0
allsubs,0,TN_cort,SMl,2,4,PFM3T7T02,PFM3T7T04,53576.0
allsubs,0,TN_cort,Aud,2,4,PFM3T7T02,PFM3T7T04,55952.0
allsubs,0,TN_cort,Tpole,2,4,PFM3T7T02,PFM3T7T04,58222.0
allsubs,0,TN_cort,MTL,2,4,PFM3T7T02,PFM3T7T04,54326.0
allsubs,0,TN_cort,PMN,2,4,PFM3T7T02,PFM3T7T04,56890.0
allsubs,0,TN_cort,PON,2,4,PFM3T7T02,PFM3T7T04,55612.0
allsubs,0,TN_cort,SCAN,2,4,PFM3T7T02,PFM3T7T04,57627.0
allsubs,0,FP_cort,DMN,2,4,PFM3T7T02,PFM3T7T04,4961.0
allsubs,0,FP_cort,Vis,2,4,PFM3T7T02,PFM3T7T04,962.0
allsubs,0,FP_cort,FP,2,4,PFM3T7T02,PFM3T7T04,2024.0
allsubs,0,FP_cort,DAN,2,4,PFM3T7T02,PFM3T7T04,1765.0
allsubs,0,FP_cort,VAN,2,4,PFM3T7T02,PFM3T7T04,1441.0
allsubs,0,FP_cort,Sal,2,4,PFM3T7T02,PFM3T7T04,342.0
allsubs,0,FP_cort,AMN,2,4,PFM3T7T02,PFM3T7T04,7625.0
allsubs,0,FP_cort,SMd,2,4,PFM3T7T02,PFM3T7T04,77.0
allsubs,0,FP_cort,SMl,2,4,PFM3T7T02,PFM3T7T04,3919.0
allsubs,0,FP_cort,Aud,2,4,PFM3T7T02,PFM3T7T04,358.0
allsubs,0,FP_cort,Tpole,2,4,PFM3T7T02,PFM3T7T04,39.0
allsubs,0,FP_cort,MTL,2,4,PFM3T7T02,PFM3T7T04,800.0
allsubs,0,FP_cort,PMN,2,4,PFM3T7T02,PFM3T7T04,732.0
allsubs,0,FP_cort,PON,2,4,PFM3T7T02,PFM3T7T04,1217.0
allsubs,0,FP_cort,SCAN,2,4,PFM3T7T02,PFM3T7T04,152.0
allsubs,0,FN_cort,DMN,2,4,PFM3T7T02,PFM3T7T04,1421.0
allsubs,0,FN_cort,Vis,2,4,PFM3T7T02,PFM3T7T04,1334.0
allsubs,0,FN_cort,FP,2,4,PFM3T7T02,PFM3T7T04,3480.0
allsubs,0,FN_cort,DAN,2,4,PFM3T7T02,PFM3T7T04,3625.0
allsubs,0,FN_cort,VAN,2,4,PFM3T7T02,PFM3T7T04,2463.0
allsubs,0,FN_cort,Sal,2,4,PFM3T7T02,PFM3T7T04,1209.0
allsubs,0,FN_cort,AMN,2,4,PFM3T7T02,PFM3T7T04,1965.0
allsubs,0,FN_cort,SMd,2,4,PFM3T7T02,PFM3T7T04,1390.0
allsubs,0,FN_cort,SMl,2,4,PFM3T7T02,PFM3T7T04,541.0
allsubs,0,FN_cort,Aud,2,4,PFM3T7T02,PFM3T7T04,1270.0
allsubs,0,FN_cort,Tpole,2,4,PFM3T7T02,PFM3T7T04,894.0
allsubs,0,FN_cort,MTL,2,4,PFM3T7T02,PFM3T7T04,3085.0
allsubs,0,FN_cort,PMN,2,4,PFM3T7T02,PFM3T7T04,1314.0
allsubs,0,FN_cort,PON,2,4,PFM3T7T02,PFM3T7T04,1298.0
allsubs,0,FN_cort,SCAN,2,4,PFM3T7T02,PFM3T7T04,1125.0
allsubs,0,TPR_cort,DMN,2,4,PFM3T7T02,PFM3T7T04,0.764266755142668
allsubs,0,TPR_cort,Vis,2,4,PFM3T7T02,PFM3T7T04,0.814257866889446
allsubs,0,TPR_cort,FP,2,4,PFM3T7T02,PFM3T7T04,0.51946975973488
allsubs,0,TPR_cort,DAN,2,4,PFM3T7T02,PFM3T7T04,0.370222376650452
allsubs,0,TPR_cort,VAN,2,4,PFM3T7T02,PFM3T7T04,0.393499138143314
allsubs,0,TPR_cort,Sal,2,4,PFM3T7T02,PFM3T7T04,0.200396825396825
allsubs,0,TPR_cort,AMN,2,4,PFM3T7T02,PFM3T7T04,0.770818754373688
allsubs,0,TPR_cort,SMd,2,4,PFM3T7T02,PFM3T7T04,0.464354527938343
allsubs,0,TPR_cort,SMl,2,4,PFM3T7T02,PFM3T7T04,0.717788210745957
allsubs,0,TPR_cort,Aud,2,4,PFM3T7T02,PFM3T7T04,0.590586718246293
allsubs,0,TPR_cort,Tpole,2,4,PFM3T7T02,PFM3T7T04,0.223284100781929
allsubs,0,TPR_cort,MTL,2,4,PFM3T7T02,PFM3T7T04,0.28021465235651
allsubs,0,TPR_cort,PMN,2,4,PFM3T7T02,PFM3T7T04,0.265921787709497
allsubs,0,TPR_cort,PON,2,4,PFM3T7T02,PFM3T7T04,0.497483546264034
allsubs,0,TPR_cort,SCAN,2,4,PFM3T7T02,PFM3T7T04,0.311083894672382
allsubs,0,TNR_cort,DMN,2,4,PFM3T7T02,PFM3T7T04,0.907069533942754
allsubs,0,TNR_cort,Vis,2,4,PFM3T7T02,PFM3T7T04,0.981581466590082
allsubs,0,TNR_cort,FP,2,4,PFM3T7T02,PFM3T7T04,0.961203756948438
allsubs,0,TNR_cort,DAN,2,4,PFM3T7T02,PFM3T7T04,0.967105263157895
allsubs,0,TNR_cort,VAN,2,4,PFM3T7T02,PFM3T7T04,0.973966143339777
allsubs,0,TNR_cort,Sal,2,4,PFM3T7T02,PFM3T7T04,0.994093264248705
allsubs,0,TNR_cort,AMN,2,4,PFM3T7T02,PFM3T7T04,0.850013769227743
allsubs,0,TNR_cort,SMd,2,4,PFM3T7T02,PFM3T7T04,0.998644771811254
allsubs,0,TNR_cort,SMl,2,4,PFM3T7T02,PFM3T7T04,0.931837551091399
allsubs,0,TNR_cort,Aud,2,4,PFM3T7T02,PFM3T7T04,0.993642337062689
allsubs,0,TNR_cort,Tpole,2,4,PFM3T7T02,PFM3T7T04,0.999330598513585
allsubs,0,TNR_cort,MTL,2,4,PFM3T7T02,PFM3T7T04,0.985487791604687
allsubs,0,TNR_cort,PMN,2,4,PFM3T7T02,PFM3T7T04,0.987296518690778
allsubs,0,TNR_cort,PON,2,4,PFM3T7T02,PFM3T7T04,0.978584877439336
allsubs,0,TNR_cort,SCAN,2,4,PFM3T7T02,PFM3T7T04,0.997369286418941
allsubs,0,FPR_cort,DMN,2,4,PFM3T7T02,PFM3T7T04,0.0929304660572456
allsubs,0,FPR_cort,Vis,2,4,PFM3T7T02,PFM3T7T04,0.0184185334099177
allsubs,0,FPR_cort,FP,2,4,PFM3T7T02,PFM3T7T04,0.0387962430515622
allsubs,0,FPR_cort,DAN,2,4,PFM3T7T02,PFM3T7T04,0.0328947368421053
allsubs,0,FPR_cort,VAN,2,4,PFM3T7T02,PFM3T7T04,0.0260338566602229
allsubs,0,FPR_cort,Sal,2,4,PFM3T7T02,PFM3T7T04,0.0059067357512953
allsubs,0,FPR_cort,AMN,2,4,PFM3T7T02,PFM3T7T04,0.149986230772257
allsubs,0,FPR_cort,SMd,2,4,PFM3T7T02,PFM3T7T04,0.0013552281887463
allsubs,0,FPR_cort,SMl,2,4,PFM3T7T02,PFM3T7T04,0.0681624489086008
allsubs,0,FPR_cort,Aud,2,4,PFM3T7T02,PFM3T7T04,0.0063576629373113
allsubs,0,FPR_cort,Tpole,2,4,PFM3T7T02,PFM3T7T04,0.0006694014864145
allsubs,0,FPR_cort,MTL,2,4,PFM3T7T02,PFM3T7T04,0.0145122083953126
allsubs,0,FPR_cort,PMN,2,4,PFM3T7T02,PFM3T7T04,0.0127034813092222
allsubs,0,FPR_cort,PON,2,4,PFM3T7T02,PFM3T7T04,0.0214151225606645
allsubs,0,FPR_cort,SCAN,2,4,PFM3T7T02,PFM3T7T04,0.0026307135810588
allsubs,0,FNR_cort,DMN,2,4,PFM3T7T02,PFM3T7T04,0.235733244857332
allsubs,0,FNR_cort,Vis,2,4,PFM3T7T02,PFM3T7T04,0.185742133110554
allsubs,0,FNR_cort,FP,2,4,PFM3T7T02,PFM3T7T04,0.48053024026512
allsubs,0,FNR_cort,DAN,2,4,PFM3T7T02,PFM3T7T04,0.629777623349548
allsubs,0,FNR_cort,VAN,2,4,PFM3T7T02,PFM3T7T04,0.606500861856686
allsubs,0,FNR_cort,Sal,2,4,PFM3T7T02,PFM3T7T04,0.799603174603175
allsubs,0,FNR_cort,AMN,2,4,PFM3T7T02,PFM3T7T04,0.229181245626312
allsubs,0,FNR_cort,SMd,2,4,PFM3T7T02,PFM3T7T04,0.535645472061657
allsubs,0,FNR_cort,SMl,2,4,PFM3T7T02,PFM3T7T04,0.282211789254043
allsubs,0,FNR_cort,Aud,2,4,PFM3T7T02,PFM3T7T04,0.409413281753707
allsubs,0,FNR_cort,Tpole,2,4,PFM3T7T02,PFM3T7T04,0.776715899218071
allsubs,0,FNR_cort,MTL,2,4,PFM3T7T02,PFM3T7T04,0.71978534764349
allsubs,0,FNR_cort,PMN,2,4,PFM3T7T02,PFM3T7T04,0.734078212290503
allsubs,0,FNR_cort,PON,2,4,PFM3T7T02,PFM3T7T04,0.502516453735966
allsubs,0,FNR_cort,SCAN,2,4,PFM3T7T02,PFM3T7T04,0.688916105327618
allsubs,0,NPV_cort,DMN,2,4,PFM3T7T02,PFM3T7T04,0.971491052082497
allsubs,0,NPV_cort,Vis,2,4,PFM3T7T02,PFM3T7T04,0.974639747538116
allsubs,0,NPV_cort,FP,2,4,PFM3T7T02,PFM3T7T04,0.935106105247455
allsubs,0,NPV_cort,DAN,2,4,PFM3T7T02,PFM3T7T04,0.934703508898336
allsubs,0,NPV_cort,VAN,2,4,PFM3T7T02,PFM3T7T04,0.95630887126816
allsubs,0,NPV_cort,Sal,2,4,PFM3T7T02,PFM3T7T04,0.979427229567615
allsubs,0,NPV_cort,AMN,2,4,PFM3T7T02,PFM3T7T04,0.956505378724158
allsubs,0,NPV_cort,SMd,2,4,PFM3T7T02,PFM3T7T04,0.976088078444865
allsubs,0,NPV_cort,SMl,2,4,PFM3T7T02,PFM3T7T04,0.990003141341907
allsubs,0,NPV_cort,Aud,2,4,PFM3T7T02,PFM3T7T04,0.977805739051414
allsubs,0,NPV_cort,Tpole,2,4,PFM3T7T02,PFM3T7T04,0.984877190608296
allsubs,0,NPV_cort,MTL,2,4,PFM3T7T02,PFM3T7T04,0.946264653115257
allsubs,0,NPV_cort,PMN,2,4,PFM3T7T02,PFM3T7T04,0.977424232011546
allsubs,0,NPV_cort,PON,2,4,PFM3T7T02,PFM3T7T04,0.977192057634862
allsubs,0,NPV_cort,SCAN,2,4,PFM3T7T02,PFM3T7T04,0.980851715686274
allsubs,0,PPV_cort,DMN,2,4,PFM3T7T02,PFM3T7T04,0.481500836120401
allsubs,0,PPV_cort,Vis,2,4,PFM3T7T02,PFM3T7T04,0.858737151248164
allsubs,0,PPV_cort,FP,2,4,PFM3T7T02,PFM3T7T04,0.650190114068441
allsubs,0,PPV_cort,DAN,2,4,PFM3T7T02,PFM3T7T04,0.546971252566735
allsubs,0,PPV_cort,VAN,2,4,PFM3T7T02,PFM3T7T04,0.525830865416255
allsubs,0,PPV_cort,Sal,2,4,PFM3T7T02,PFM3T7T04,0.469767441860465
allsubs,0,PPV_cort,AMN,2,4,PFM3T7T02,PFM3T7T04,0.464310805114515
allsubs,0,PPV_cort,SMd,2,4,PFM3T7T02,PFM3T7T04,0.9399375975039
allsubs,0,PPV_cort,SMl,2,4,PFM3T7T02,PFM3T7T04,0.259867799811143
allsubs,0,PPV_cort,Aud,2,4,PFM3T7T02,PFM3T7T04,0.836529680365297
allsubs,0,PPV_cort,Tpole,2,4,PFM3T7T02,PFM3T7T04,0.868243243243243
allsubs,0,PPV_cort,MTL,2,4,PFM3T7T02,PFM3T7T04,0.600199900049975
allsubs,0,PPV_cort,PMN,2,4,PFM3T7T02,PFM3T7T04,0.394039735099338
allsubs,0,PPV_cort,PON,2,4,PFM3T7T02,PFM3T7T04,0.513589128697042
allsubs,0,PPV_cort,SCAN,2,4,PFM3T7T02,PFM3T7T04,0.76969696969697
allsubs,0,PPVcorr_Jeffreys_cort,DMN,2,4,PFM3T7T02,PFM3T7T04,0.482597239155229
allsubs,0,PPVcorr_Jeffreys_cort,Vis,2,4,PFM3T7T02,PFM3T7T04,0.824513163837305
allsubs,0,PPVcorr_Jeffreys_cort,FP,2,4,PFM3T7T02,PFM3T7T04,0.633482842308992
allsubs,0,PPVcorr_Jeffreys_cort,DAN,2,4,PFM3T7T02,PFM3T7T04,0.540924948564272
allsubs,0,PPVcorr_Jeffreys_cort,VAN,2,4,PFM3T7T02,PFM3T7T04,0.522785985893007
allsubs,0,PPVcorr_Jeffreys_cort,Sal,2,4,PFM3T7T02,PFM3T7T04,0.47550866616428
allsubs,0,PPVcorr_Jeffreys_cort,AMN,2,4,PFM3T7T02,PFM3T7T04,0.466338444412049
allsubs,0,PPVcorr_Jeffreys_cort,SMd,2,4,PFM3T7T02,PFM3T7T04,0.865877392150503
allsubs,0,PPVcorr_Jeffreys_cort,SMl,2,4,PFM3T7T02,PFM3T7T04,0.26825778701223
allsubs,0,PPVcorr_Jeffreys_cort,Aud,2,4,PFM3T7T02,PFM3T7T04,0.794776417886569
allsubs,0,PPVcorr_Jeffreys_cort,Tpole,2,4,PFM3T7T02,PFM3T7T04,0.765142301143274
allsubs,0,PPVcorr_Jeffreys_cort,MTL,2,4,PFM3T7T02,PFM3T7T04,0.582523872242344
allsubs,0,PPVcorr_Jeffreys_cort,PMN,2,4,PFM3T7T02,PFM3T7T04,0.407714491708724
allsubs,0,PPVcorr_Jeffreys_cort,PON,2,4,PFM3T7T02,PFM3T7T04,0.512317501720827
allsubs,0,PPVcorr_Jeffreys_cort,SCAN,2,4,PFM3T7T02,PFM3T7T04,0.716203085145148
allsubs,0,PPVcorr_d1d2_cort,DMN,2,4,PFM3T7T02,PFM3T7T04,0.49293887119529
allsubs,0,PPVcorr_d1d2_cort,Vis,2,4,PFM3T7T02,PFM3T7T04,0.859979798045734
allsubs,0,PPVcorr_d1d2_cort,FP,2,4,PFM3T7T02,PFM3T7T04,0.652691533313096
allsubs,0,PPVcorr_d1d2_cort,DAN,2,4,PFM3T7T02,PFM3T7T04,0.550209130092879
allsubs,0,PPVcorr_d1d2_cort,VAN,2,4,PFM3T7T02,PFM3T7T04,0.532908848656711
allsubs,0,PPVcorr_d1d2_cort,Sal,2,4,PFM3T7T02,PFM3T7T04,0.464019745521086
allsubs,0,PPVcorr_d1d2_cort,AMN,2,4,PFM3T7T02,PFM3T7T04,0.472655286311444
allsubs,0,PPVcorr_d1d2_cort,SMd,2,4,PFM3T7T02,PFM3T7T04,0.907377221616184
allsubs,0,PPVcorr_d1d2_cort,SMl,2,4,PFM3T7T02,PFM3T7T04,0.306284809590597
allsubs,0,PPVcorr_d1d2_cort,Aud,2,4,PFM3T7T02,PFM3T7T04,0.830685121411089
allsubs,0,PPVcorr_d1d2_cort,Tpole,2,4,PFM3T7T02,PFM3T7T04,0.713392362790433
allsubs,0,PPVcorr_d1d2_cort,MTL,2,4,PFM3T7T02,PFM3T7T04,0.593809175804391
allsubs,0,PPVcorr_d1d2_cort,PMN,2,4,PFM3T7T02,PFM3T7T04,0.415573746004242
allsubs,0,PPVcorr_d1d2_cort,PON,2,4,PFM3T7T02,PFM3T7T04,0.531065736265178
allsubs,0,PPVcorr_d1d2_cort,SCAN,2,4,PFM3T7T02,PFM3T7T04,0.721309344957364
allsubs,0,PPVcorr_bayes_cort,DMN,2,4,PFM3T7T02,PFM3T7T04,0.515267871616145
allsubs,0,PPVcorr_bayes_cort,Vis,2,4,PFM3T7T02,PFM3T7T04,0.863167877714397
allsubs,0,PPVcorr_bayes_cort,FP,2,4,PFM3T7T02,PFM3T7T04,0.658925696443382
allsubs,0,PPVcorr_bayes_cort,DAN,2,4,PFM3T7T02,PFM3T7T04,0.555892754731409
allsubs,0,PPVcorr_bayes_cort,VAN,2,4,PFM3T7T02,PFM3T7T04,0.539754243690353
allsubs,0,PPVcorr_bayes_cort,Sal,2,4,PFM3T7T02,PFM3T7T04,0.465285476718404
allsubs,0,PPVcorr_bayes_cort,AMN,2,4,PFM3T7T02,PFM3T7T04,0.499273716729066
allsubs,0,PPVcorr_bayes_cort,SMd,2,4,PFM3T7T02,PFM3T7T04,0.898672801274111
allsubs,0,PPVcorr_bayes_cort,SMl,2,4,PFM3T7T02,PFM3T7T04,0.304394595546983
allsubs,0,PPVcorr_bayes_cort,Aud,2,4,PFM3T7T02,PFM3T7T04,0.827756702612847
allsubs,0,PPVcorr_bayes_cort,Tpole,2,4,PFM3T7T02,PFM3T7T04,0.768015794669299
allsubs,0,PPVcorr_bayes_cort,MTL,2,4,PFM3T7T02,PFM3T7T04,0.587262554708298
allsubs,0,PPVcorr_bayes_cort,PMN,2,4,PFM3T7T02,PFM3T7T04,0.413477088948787
allsubs,0,PPVcorr_bayes_cort,PON,2,4,PFM3T7T02,PFM3T7T04,0.535911707159546
allsubs,0,PPVcorr_bayes_cort,SCAN,2,4,PFM3T7T02,PFM3T7T04,0.729145627146031
allsubs,0,MCC_cort,DMN,2,4,PFM3T7T02,PFM3T7T04,0.551461597223172
allsubs,0,MCC_cort,Vis,2,4,PFM3T7T02,PFM3T7T04,0.814391868615662
allsubs,0,MCC_cort,FP,2,4,PFM3T7T02,PFM3T7T04,0.530411530832449
allsubs,0,MCC_cort,DAN,2,4,PFM3T7T02,PFM3T7T04,0.403090821577794
allsubs,0,MCC_cort,VAN,2,4,PFM3T7T02,PFM3T7T04,0.420915210054142
allsubs,0,MCC_cort,Sal,2,4,PFM3T7T02,PFM3T7T04,0.295573868794827
allsubs,0,MCC_cort,AMN,2,4,PFM3T7T02,PFM3T7T04,0.51113244211739
allsubs,0,MCC_cort,SMd,2,4,PFM3T7T02,PFM3T7T04,0.65124438309818
allsubs,0,MCC_cort,SMl,2,4,PFM3T7T02,PFM3T7T04,0.402892790339524
allsubs,0,MCC_cort,Aud,2,4,PFM3T7T02,PFM3T7T04,0.689752428622378
allsubs,0,MCC_cort,Tpole,2,4,PFM3T7T02,PFM3T7T04,0.435794847198448
allsubs,0,MCC_cort,MTL,2,4,PFM3T7T02,PFM3T7T04,0.381047198276231
allsubs,0,MCC_cort,PMN,2,4,PFM3T7T02,PFM3T7T04,0.306694435294391
allsubs,0,MCC_cort,PON,2,4,PFM3T7T02,PFM3T7T04,0.483368829942829
allsubs,0,MCC_cort,SCAN,2,4,PFM3T7T02,PFM3T7T04,0.481153956203596
allsubs,0,muI_cort,WholeBrainOrSingleVal,2,4,PFM3T7T02,PFM3T7T04,1.45550630473025
allsubs,0,VIn_cort,WholeBrainOrSingleVal,2,4,PFM3T7T02,PFM3T7T04,0.257595119626833
allsubs,0,MIn_cort,WholeBrainOrSingleVal,2,4,PFM3T7T02,PFM3T7T04,0.416092179027911
allsubs,0,DC_cort,DMN,3,1,PFM3T7T03,PFM3T7T01,0.625095471903983
allsubs,0,DC_cort,Vis,3,1,PFM3T7T03,PFM3T7T01,0.749437841310633
allsubs,0,DC_cort,FP,3,1,PFM3T7T03,PFM3T7T01,0.475233859837448
allsubs,0,DC_cort,DAN,3,1,PFM3T7T03,PFM3T7T01,0.403097270106822
allsubs,0,DC_cort,VAN,3,1,PFM3T7T03,PFM3T7T01,0.454980079681275
allsubs,0,DC_cort,Sal,3,1,PFM3T7T03,PFM3T7T01,0.349169563538046
allsubs,0,DC_cort,AMN,3,1,PFM3T7T03,PFM3T7T01,0.455260013833868
allsubs,0,DC_cort,SMd,3,1,PFM3T7T03,PFM3T7T01,0.552308203254733
allsubs,0,DC_cort,SMl,3,1,PFM3T7T03,PFM3T7T01,0.461168935148119
allsubs,0,DC_cort,Aud,3,1,PFM3T7T03,PFM3T7T01,0.468951952795729
allsubs,0,DC_cort,Tpole,3,1,PFM3T7T03,PFM3T7T01,0.219321148825065
allsubs,0,DC_cort,MTL,3,1,PFM3T7T03,PFM3T7T01,0.371658335144534
allsubs,0,DC_cort,PMN,3,1,PFM3T7T03,PFM3T7T01,0.310502283105023
allsubs,0,DC_cort,PON,3,1,PFM3T7T03,PFM3T7T01,0.418710493046776
allsubs,0,DC_cort,SCAN,3,1,PFM3T7T03,PFM3T7T01,0.505897771952818
allsubs,0,cDC_cort,DMN,3,1,PFM3T7T03,PFM3T7T01,0.625095471903983
allsubs,0,cDC_cort,Vis,3,1,PFM3T7T03,PFM3T7T01,0.749437841310633
allsubs,0,cDC_cort,FP,3,1,PFM3T7T03,PFM3T7T01,0.475233859837448
allsubs,0,cDC_cort,DAN,3,1,PFM3T7T03,PFM3T7T01,0.403097270106822
allsubs,0,cDC_cort,VAN,3,1,PFM3T7T03,PFM3T7T01,0.454980079681275
allsubs,0,cDC_cort,Sal,3,1,PFM3T7T03,PFM3T7T01,0.349169563538046
allsubs,0,cDC_cort,AMN,3,1,PFM3T7T03,PFM3T7T01,0.455260013833868
allsubs,0,cDC_cort,SMd,3,1,PFM3T7T03,PFM3T7T01,0.552308203254733
allsubs,0,cDC_cort,SMl,3,1,PFM3T7T03,PFM3T7T01,0.461168935148119
allsubs,0,cDC_cort,Aud,3,1,PFM3T7T03,PFM3T7T01,0.468951952795729
allsubs,0,cDC_cort,Tpole,3,1,PFM3T7T03,PFM3T7T01,0.219321148825065
allsubs,0,cDC_cort,MTL,3,1,PFM3T7T03,PFM3T7T01,0.371658335144534
allsubs,0,cDC_cort,PMN,3,1,PFM3T7T03,PFM3T7T01,0.310502283105023
allsubs,0,cDC_cort,PON,3,1,PFM3T7T03,PFM3T7T01,0.418710493046776
allsubs,0,cDC_cort,SCAN,3,1,PFM3T7T03,PFM3T7T01,0.505897771952818
allsubs,0,TP_cort,DMN,3,1,PFM3T7T03,PFM3T7T01,5729.0
allsubs,0,TP_cort,Vis,3,1,PFM3T7T03,PFM3T7T01,4666.0
allsubs,0,TP_cort,FP,3,1,PFM3T7T03,PFM3T7T01,3099.0
allsubs,0,TP_cort,DAN,3,1,PFM3T7T03,PFM3T7T01,3566.0
allsubs,0,TP_cort,VAN,3,1,PFM3T7T03,PFM3T7T01,1142.0
allsubs,0,TP_cort,Sal,3,1,PFM3T7T03,PFM3T7T01,452.0
allsubs,0,TP_cort,AMN,3,1,PFM3T7T03,PFM3T7T01,3620.0
allsubs,0,TP_cort,SMd,3,1,PFM3T7T03,PFM3T7T01,1663.0
allsubs,0,TP_cort,SMl,3,1,PFM3T7T03,PFM3T7T01,1152.0
allsubs,0,TP_cort,Aud,3,1,PFM3T7T03,PFM3T7T01,1669.0
allsubs,0,TP_cort,Tpole,3,1,PFM3T7T03,PFM3T7T01,84.0
allsubs,0,TP_cort,MTL,3,1,PFM3T7T03,PFM3T7T01,855.0
allsubs,0,TP_cort,PMN,3,1,PFM3T7T03,PFM3T7T01,510.0
allsubs,0,TP_cort,PON,3,1,PFM3T7T03,PFM3T7T01,828.0
allsubs,0,TP_cort,SCAN,3,1,PFM3T7T03,PFM3T7T01,772.0
allsubs,0,TN_cort,DMN,3,1,PFM3T7T03,PFM3T7T01,46811.0
allsubs,0,TN_cort,Vis,3,1,PFM3T7T03,PFM3T7T01,51626.0
allsubs,0,TN_cort,FP,3,1,PFM3T7T03,PFM3T7T01,49469.0
allsubs,0,TN_cort,DAN,3,1,PFM3T7T03,PFM3T7T01,45285.0
allsubs,0,TN_cort,VAN,3,1,PFM3T7T03,PFM3T7T01,55534.0
allsubs,0,TN_cort,Sal,3,1,PFM3T7T03,PFM3T7T01,57275.0
allsubs,0,TN_cort,AMN,3,1,PFM3T7T03,PFM3T7T01,47129.0
allsubs,0,TN_cort,SMd,3,1,PFM3T7T03,PFM3T7T01,55053.0
allsubs,0,TN_cort,SMl,3,1,PFM3T7T03,PFM3T7T01,55568.0
allsubs,0,TN_cort,Aud,3,1,PFM3T7T03,PFM3T7T01,53963.0
allsubs,0,TN_cort,Tpole,3,1,PFM3T7T03,PFM3T7T01,58730.0
allsubs,0,TN_cort,MTL,3,1,PFM3T7T03,PFM3T7T01,55666.0
allsubs,0,TN_cort,PMN,3,1,PFM3T7T03,PFM3T7T01,56637.0
allsubs,0,TN_cort,PON,3,1,PFM3T7T03,PFM3T7T01,56285.0
allsubs,0,TN_cort,SCAN,3,1,PFM3T7T03,PFM3T7T01,57132.0
allsubs,0,FP_cort,DMN,3,1,PFM3T7T03,PFM3T7T01,4275.0
allsubs,0,FP_cort,Vis,3,1,PFM3T7T03,PFM3T7T01,574.0
allsubs,0,FP_cort,FP,3,1,PFM3T7T03,PFM3T7T01,2548.0
allsubs,0,FP_cort,DAN,3,1,PFM3T7T03,PFM3T7T01,6817.0
allsubs,0,FP_cort,VAN,3,1,PFM3T7T03,PFM3T7T01,1360.0
allsubs,0,FP_cort,Sal,3,1,PFM3T7T03,PFM3T7T01,516.0
allsubs,0,FP_cort,AMN,3,1,PFM3T7T03,PFM3T7T01,6746.0
allsubs,0,FP_cort,SMd,3,1,PFM3T7T03,PFM3T7T01,1399.0
allsubs,0,FP_cort,SMl,3,1,PFM3T7T03,PFM3T7T01,1621.0
allsubs,0,FP_cort,Aud,3,1,PFM3T7T03,PFM3T7T01,435.0
allsubs,0,FP_cort,Tpole,3,1,PFM3T7T03,PFM3T7T01,174.0
allsubs,0,FP_cort,MTL,3,1,PFM3T7T03,PFM3T7T01,468.0
allsubs,0,FP_cort,PMN,3,1,PFM3T7T03,PFM3T7T01,901.0
allsubs,0,FP_cort,PON,3,1,PFM3T7T03,PFM3T7T01,1385.0
allsubs,0,FP_cort,SCAN,3,1,PFM3T7T03,PFM3T7T01,386.0
allsubs,0,FN_cort,DMN,3,1,PFM3T7T03,PFM3T7T01,2597.0
allsubs,0,FN_cort,Vis,3,1,PFM3T7T03,PFM3T7T01,2546.0
allsubs,0,FN_cort,FP,3,1,PFM3T7T03,PFM3T7T01,4296.0
allsubs,0,FN_cort,DAN,3,1,PFM3T7T03,PFM3T7T01,3744.0
allsubs,0,FN_cort,VAN,3,1,PFM3T7T03,PFM3T7T01,1376.0
allsubs,0,FN_cort,Sal,3,1,PFM3T7T03,PFM3T7T01,1169.0
allsubs,0,FN_cort,AMN,3,1,PFM3T7T03,PFM3T7T01,1917.0
allsubs,0,FN_cort,SMd,3,1,PFM3T7T03,PFM3T7T01,1297.0
allsubs,0,FN_cort,SMl,3,1,PFM3T7T03,PFM3T7T01,1071.0
allsubs,0,FN_cort,Aud,3,1,PFM3T7T03,PFM3T7T01,3345.0
allsubs,0,FN_cort,Tpole,3,1,PFM3T7T03,PFM3T7T01,424.0
allsubs,0,FN_cort,MTL,3,1,PFM3T7T03,PFM3T7T01,2423.0
allsubs,0,FN_cort,PMN,3,1,PFM3T7T03,PFM3T7T01,1364.0
allsubs,0,FN_cort,PON,3,1,PFM3T7T03,PFM3T7T01,914.0
allsubs,0,FN_cort,SCAN,3,1,PFM3T7T03,PFM3T7T01,1122.0
allsubs,0,TPR_cort,DMN,3,1,PFM3T7T03,PFM3T7T01,0.688085515253423
allsubs,0,TPR_cort,Vis,3,1,PFM3T7T03,PFM3T7T01,0.646977260122019
allsubs,0,TPR_cort,FP,3,1,PFM3T7T03,PFM3T7T01,0.419066937119675
allsubs,0,TPR_cort,DAN,3,1,PFM3T7T03,PFM3T7T01,0.487824897400821
allsubs,0,TPR_cort,VAN,3,1,PFM3T7T03,PFM3T7T01,0.453534551231136
allsubs,0,TPR_cort,Sal,3,1,PFM3T7T03,PFM3T7T01,0.278840222085133
allsubs,0,TPR_cort,AMN,3,1,PFM3T7T03,PFM3T7T01,0.653783637348745
allsubs,0,TPR_cort,SMd,3,1,PFM3T7T03,PFM3T7T01,0.561824324324324
allsubs,0,TPR_cort,SMl,3,1,PFM3T7T03,PFM3T7T01,0.518218623481781
allsubs,0,TPR_cort,Aud,3,1,PFM3T7T03,PFM3T7T01,0.332867969684882
allsubs,0,TPR_cort,Tpole,3,1,PFM3T7T03,PFM3T7T01,0.165354330708661
allsubs,0,TPR_cort,MTL,3,1,PFM3T7T03,PFM3T7T01,0.260829774252593
allsubs,0,TPR_cort,PMN,3,1,PFM3T7T03,PFM3T7T01,0.272145144076841
allsubs,0,TPR_cort,PON,3,1,PFM3T7T03,PFM3T7T01,0.475315729047072
allsubs,0,TPR_cort,SCAN,3,1,PFM3T7T03,PFM3T7T01,0.407602956705385
allsubs,0,TNR_cort,DMN,3,1,PFM3T7T03,PFM3T7T01,0.916317582116431
allsubs,0,TNR_cort,Vis,3,1,PFM3T7T03,PFM3T7T01,0.989003831417624
allsubs,0,TNR_cort,FP,3,1,PFM3T7T03,PFM3T7T01,0.951016013995425
allsubs,0,TNR_cort,DAN,3,1,PFM3T7T03,PFM3T7T01,0.869160492879352
allsubs,0,TNR_cort,VAN,3,1,PFM3T7T03,PFM3T7T01,0.976095897634197
allsubs,0,TNR_cort,Sal,3,1,PFM3T7T03,PFM3T7T01,0.991071274073818
allsubs,0,TNR_cort,AMN,3,1,PFM3T7T03,PFM3T7T01,0.874784222737819
allsubs,0,TNR_cort,SMd,3,1,PFM3T7T03,PFM3T7T01,0.975217884220222
allsubs,0,TNR_cort,SMl,3,1,PFM3T7T03,PFM3T7T01,0.971655388273969
allsubs,0,TNR_cort,Aud,3,1,PFM3T7T03,PFM3T7T01,0.992003382477297
allsubs,0,TNR_cort,Tpole,3,1,PFM3T7T03,PFM3T7T01,0.99704604101589
allsubs,0,TNR_cort,MTL,3,1,PFM3T7T03,PFM3T7T01,0.991662806855026
allsubs,0,TNR_cort,PMN,3,1,PFM3T7T03,PFM3T7T01,0.98434078348222
allsubs,0,TNR_cort,PON,3,1,PFM3T7T03,PFM3T7T01,0.975984047164904
allsubs,0,TNR_cort,SCAN,3,1,PFM3T7T03,PFM3T7T01,0.993289057338572
allsubs,0,FPR_cort,DMN,3,1,PFM3T7T03,PFM3T7T01,0.0836824178835689
allsubs,0,FPR_cort,Vis,3,1,PFM3T7T03,PFM3T7T01,0.0109961685823755
allsubs,0,FPR_cort,FP,3,1,PFM3T7T03,PFM3T7T01,0.0489839860045754
allsubs,0,FPR_cort,DAN,3,1,PFM3T7T03,PFM3T7T01,0.130839507120648
allsubs,0,FPR_cort,VAN,3,1,PFM3T7T03,PFM3T7T01,0.0239041023658031
allsubs,0,FPR_cort,Sal,3,1,PFM3T7T03,PFM3T7T01,0.0089287259261822
allsubs,0,FPR_cort,AMN,3,1,PFM3T7T03,PFM3T7T01,0.125215777262181
allsubs,0,FPR_cort,SMd,3,1,PFM3T7T03,PFM3T7T01,0.0247821157797775
allsubs,0,FPR_cort,SMl,3,1,PFM3T7T03,PFM3T7T01,0.0283446117260312
allsubs,0,FPR_cort,Aud,3,1,PFM3T7T03,PFM3T7T01,0.007996617522703
allsubs,0,FPR_cort,Tpole,3,1,PFM3T7T03,PFM3T7T01,0.0029539589841097
allsubs,0,FPR_cort,MTL,3,1,PFM3T7T03,PFM3T7T01,0.0083371931449745
allsubs,0,FPR_cort,PMN,3,1,PFM3T7T03,PFM3T7T01,0.0156592165177796
allsubs,0,FPR_cort,PON,3,1,PFM3T7T03,PFM3T7T01,0.0240159528350962
allsubs,0,FPR_cort,SCAN,3,1,PFM3T7T03,PFM3T7T01,0.0067109426614277
allsubs,0,FNR_cort,DMN,3,1,PFM3T7T03,PFM3T7T01,0.311914484746577
allsubs,0,FNR_cort,Vis,3,1,PFM3T7T03,PFM3T7T01,0.353022739877981
allsubs,0,FNR_cort,FP,3,1,PFM3T7T03,PFM3T7T01,0.580933062880325
allsubs,0,FNR_cort,DAN,3,1,PFM3T7T03,PFM3T7T01,0.512175102599179
allsubs,0,FNR_cort,VAN,3,1,PFM3T7T03,PFM3T7T01,0.546465448768864
allsubs,0,FNR_cort,Sal,3,1,PFM3T7T03,PFM3T7T01,0.721159777914867
allsubs,0,FNR_cort,AMN,3,1,PFM3T7T03,PFM3T7T01,0.346216362651255
allsubs,0,FNR_cort,SMd,3,1,PFM3T7T03,PFM3T7T01,0.438175675675676
allsubs,0,FNR_cort,SMl,3,1,PFM3T7T03,PFM3T7T01,0.481781376518219
allsubs,0,FNR_cort,Aud,3,1,PFM3T7T03,PFM3T7T01,0.667132030315118
allsubs,0,FNR_cort,Tpole,3,1,PFM3T7T03,PFM3T7T01,0.834645669291339
allsubs,0,FNR_cort,MTL,3,1,PFM3T7T03,PFM3T7T01,0.739170225747407
allsubs,0,FNR_cort,PMN,3,1,PFM3T7T03,PFM3T7T01,0.727854855923159
allsubs,0,FNR_cort,PON,3,1,PFM3T7T03,PFM3T7T01,0.524684270952928
allsubs,0,FNR_cort,SCAN,3,1,PFM3T7T03,PFM3T7T01,0.592397043294615
allsubs,0,NPV_cort,DMN,3,1,PFM3T7T03,PFM3T7T01,0.947437661917098
allsubs,0,NPV_cort,Vis,3,1,PFM3T7T03,PFM3T7T01,0.953001550616555
allsubs,0,NPV_cort,FP,3,1,PFM3T7T03,PFM3T7T01,0.920096717195201
allsubs,0,NPV_cort,DAN,3,1,PFM3T7T03,PFM3T7T01,0.923637031144833
allsubs,0,NPV_cort,VAN,3,1,PFM3T7T03,PFM3T7T01,0.975821472500439
allsubs,0,NPV_cort,Sal,3,1,PFM3T7T03,PFM3T7T01,0.979997946752447
allsubs,0,NPV_cort,AMN,3,1,PFM3T7T03,PFM3T7T01,0.960914243771154
allsubs,0,NPV_cort,SMd,3,1,PFM3T7T03,PFM3T7T01,0.97698314108252
allsubs,0,NPV_cort,SMl,3,1,PFM3T7T03,PFM3T7T01,0.981090767845478
allsubs,0,NPV_cort,Aud,3,1,PFM3T7T03,PFM3T7T01,0.941631185872828
allsubs,0,NPV_cort,Tpole,3,1,PFM3T7T03,PFM3T7T01,0.992832268316597
allsubs,0,NPV_cort,MTL,3,1,PFM3T7T03,PFM3T7T01,0.958288144054812
allsubs,0,NPV_cort,PMN,3,1,PFM3T7T03,PFM3T7T01,0.976483164083378
allsubs,0,NPV_cort,PON,3,1,PFM3T7T03,PFM3T7T01,0.984020699662582
allsubs,0,NPV_cort,SCAN,3,1,PFM3T7T03,PFM3T7T01,0.980739520032959
allsubs,0,PPV_cort,DMN,3,1,PFM3T7T03,PFM3T7T01,0.572670931627349
allsubs,0,PPV_cort,Vis,3,1,PFM3T7T03,PFM3T7T01,0.890458015267176
allsubs,0,PPV_cort,FP,3,1,PFM3T7T03,PFM3T7T01,0.548786966530901
allsubs,0,PPV_cort,DAN,3,1,PFM3T7T03,PFM3T7T01,0.343446017528653
allsubs,0,PPV_cort,VAN,3,1,PFM3T7T03,PFM3T7T01,0.456434852118305
allsubs,0,PPV_cort,Sal,3,1,PFM3T7T03,PFM3T7T01,0.466942148760331
allsubs,0,PPV_cort,AMN,3,1,PFM3T7T03,PFM3T7T01,0.349218599266834
allsubs,0,PPV_cort,SMd,3,1,PFM3T7T03,PFM3T7T01,0.543109079033312
allsubs,0,PPV_cort,SMl,3,1,PFM3T7T03,PFM3T7T01,0.415434547421565
allsubs,0,PPV_cort,Aud,3,1,PFM3T7T03,PFM3T7T01,0.793250950570342
allsubs,0,PPV_cort,Tpole,3,1,PFM3T7T03,PFM3T7T01,0.325581395348837
allsubs,0,PPV_cort,MTL,3,1,PFM3T7T03,PFM3T7T01,0.646258503401361
allsubs,0,PPV_cort,PMN,3,1,PFM3T7T03,PFM3T7T01,0.36144578313253
allsubs,0,PPV_cort,PON,3,1,PFM3T7T03,PFM3T7T01,0.374152733845459
allsubs,0,PPV_cort,SCAN,3,1,PFM3T7T03,PFM3T7T01,0.666666666666667
allsubs,0,PPVcorr_Jeffreys_cort,DMN,3,1,PFM3T7T03,PFM3T7T01,0.567087462857354
allsubs,0,PPVcorr_Jeffreys_cort,Vis,3,1,PFM3T7T03,PFM3T7T01,0.843219486009528
allsubs,0,PPVcorr_Jeffreys_cort,FP,3,1,PFM3T7T03,PFM3T7T01,0.5431378689423
allsubs,0,PPVcorr_Jeffreys_cort,DAN,3,1,PFM3T7T03,PFM3T7T01,0.353743026813029
allsubs,0,PPVcorr_Jeffreys_cort,VAN,3,1,PFM3T7T03,PFM3T7T01,0.460418331033481
allsubs,0,PPVcorr_Jeffreys_cort,Sal,3,1,PFM3T7T03,PFM3T7T01,0.471683921776834
allsubs,0,PPVcorr_Jeffreys_cort,AMN,3,1,PFM3T7T03,PFM3T7T01,0.356864199565922
allsubs,0,PPVcorr_Jeffreys_cort,SMd,3,1,PFM3T7T03,PFM3T7T01,0.539309112567004
allsubs,0,PPVcorr_Jeffreys_cort,SMl,3,1,PFM3T7T03,PFM3T7T01,0.421710680065436
allsubs,0,PPVcorr_Jeffreys_cort,Aud,3,1,PFM3T7T03,PFM3T7T01,0.736815844016274
allsubs,0,PPVcorr_Jeffreys_cort,Tpole,3,1,PFM3T7T03,PFM3T7T01,0.354274611398964
allsubs,0,PPVcorr_Jeffreys_cort,MTL,3,1,PFM3T7T03,PFM3T7T01,0.617215895323479
allsubs,0,PPVcorr_Jeffreys_cort,PMN,3,1,PFM3T7T03,PFM3T7T01,0.37769019019019
allsubs,0,PPVcorr_Jeffreys_cort,PON,3,1,PFM3T7T03,PFM3T7T01,0.383336126005362
allsubs,0,PPVcorr_Jeffreys_cort,SCAN,3,1,PFM3T7T03,PFM3T7T01,0.643238830339914
allsubs,0,PPVcorr_d1d2_cort,DMN,3,1,PFM3T7T03,PFM3T7T01,0.578887059404953
allsubs,0,PPVcorr_d1d2_cort,Vis,3,1,PFM3T7T03,PFM3T7T01,0.887316360851077
allsubs,0,PPVcorr_d1d2_cort,FP,3,1,PFM3T7T03,PFM3T7T01,0.55251607637992
allsubs,0,PPVcorr_d1d2_cort,DAN,3,1,PFM3T7T03,PFM3T7T01,0.353733146098204
allsubs,0,PPVcorr_d1d2_cort,VAN,3,1,PFM3T7T03,PFM3T7T01,0.47708973302327
allsubs,0,PPVcorr_d1d2_cort,Sal,3,1,PFM3T7T03,PFM3T7T01,0.479154559918377
allsubs,0,PPVcorr_d1d2_cort,AMN,3,1,PFM3T7T03,PFM3T7T01,0.363782678169161
allsubs,0,PPVcorr_d1d2_cort,SMd,3,1,PFM3T7T03,PFM3T7T01,0.558629764763182
allsubs,0,PPVcorr_d1d2_cort,SMl,3,1,PFM3T7T03,PFM3T7T01,0.44441243581448
allsubs,0,PPVcorr_d1d2_cort,Aud,3,1,PFM3T7T03,PFM3T7T01,0.776173471648997
allsubs,0,PPVcorr_d1d2_cort,Tpole,3,1,PFM3T7T03,PFM3T7T01,0.376845129734828
allsubs,0,PPVcorr_d1d2_cort,MTL,3,1,PFM3T7T03,PFM3T7T01,0.629115151400895
allsubs,0,PPVcorr_d1d2_cort,PMN,3,1,PFM3T7T03,PFM3T7T01,0.387429556786547
allsubs,0,PPVcorr_d1d2_cort,PON,3,1,PFM3T7T03,PFM3T7T01,0.412937721471758
allsubs,0,PPVcorr_d1d2_cort,SCAN,3,1,PFM3T7T03,PFM3T7T01,0.662144911442262
allsubs,0,PPVcorr_bayes_cort,DMN,3,1,PFM3T7T03,PFM3T7T01,0.597785305096293
allsubs,0,PPVcorr_bayes_cort,Vis,3,1,PFM3T7T03,PFM3T7T01,0.879837903456155
allsubs,0,PPVcorr_bayes_cort,FP,3,1,PFM3T7T03,PFM3T7T01,0.561979145029288
allsubs,0,PPVcorr_bayes_cort,DAN,3,1,PFM3T7T03,PFM3T7T01,0.38007814316945
allsubs,0,PPVcorr_bayes_cort,VAN,3,1,PFM3T7T03,PFM3T7T01,0.482178858077523
allsubs,0,PPVcorr_bayes_cort,Sal,3,1,PFM3T7T03,PFM3T7T01,0.47702490357602
allsubs,0,PPVcorr_bayes_cort,AMN,3,1,PFM3T7T03,PFM3T7T01,0.388844262179569
allsubs,0,PPVcorr_bayes_cort,SMd,3,1,PFM3T7T03,PFM3T7T01,0.565742759265026
allsubs,0,PPVcorr_bayes_cort,SMl,3,1,PFM3T7T03,PFM3T7T01,0.447515727085247
allsubs,0,PPVcorr_bayes_cort,Aud,3,1,PFM3T7T03,PFM3T7T01,0.753364180498366
allsubs,0,PPVcorr_bayes_cort,Tpole,3,1,PFM3T7T03,PFM3T7T01,0.342475386779184
allsubs,0,PPVcorr_bayes_cort,MTL,3,1,PFM3T7T03,PFM3T7T01,0.619430069225082
allsubs,0,PPVcorr_bayes_cort,PMN,3,1,PFM3T7T03,PFM3T7T01,0.385900245732882
allsubs,0,PPVcorr_bayes_cort,PON,3,1,PFM3T7T03,PFM3T7T01,0.408130893920299
allsubs,0,PPVcorr_bayes_cort,SCAN,3,1,PFM3T7T03,PFM3T7T01,0.66235941612826
allsubs,0,MCC_cort,DMN,3,1,PFM3T7T03,PFM3T7T01,0.560673920302115
allsubs,0,MCC_cort,Vis,3,1,PFM3T7T03,PFM3T7T01,0.73240995035587
allsubs,0,MCC_cort,FP,3,1,PFM3T7T03,PFM3T7T01,0.416564349654499
allsubs,0,MCC_cort,DAN,3,1,PFM3T7T03,PFM3T7T01,0.308779446155217
allsubs,0,MCC_cort,VAN,3,1,PFM3T7T03,PFM3T7T01,0.430941386699897
allsubs,0,MCC_cort,Sal,3,1,PFM3T7T03,PFM3T7T01,0.34732444468145
allsubs,0,MCC_cort,AMN,3,1,PFM3T7T03,PFM3T7T01,0.404878072000882
allsubs,0,MCC_cort,SMd,3,1,PFM3T7T03,PFM3T7T01,0.528499266355066
allsubs,0,MCC_cort,SMl,3,1,PFM3T7T03,PFM3T7T01,0.440735121079067
allsubs,0,MCC_cort,Aud,3,1,PFM3T7T03,PFM3T7T01,0.488612477681571
allsubs,0,MCC_cort,Tpole,3,1,PFM3T7T03,PFM3T7T01,0.227399422473855
allsubs,0,MCC_cort,MTL,3,1,PFM3T7T03,PFM3T7T01,0.390696229078509
allsubs,0,MCC_cort,PMN,3,1,PFM3T7T03,PFM3T7T01,0.29440451673799
allsubs,0,MCC_cort,PON,3,1,PFM3T7T03,PFM3T7T01,0.402049238759699
allsubs,0,MCC_cort,SCAN,3,1,PFM3T7T03,PFM3T7T01,0.509450655206696
allsubs,0,muI_cort,WholeBrainOrSingleVal,3,1,PFM3T7T03,PFM3T7T01,1.26451765392954
allsubs,0,VIn_cort,WholeBrainOrSingleVal,3,1,PFM3T7T03,PFM3T7T01,0.283042366825956
allsubs,0,MIn_cort,WholeBrainOrSingleVal,3,1,PFM3T7T03,PFM3T7T01,0.360381912835303
allsubs,0,DC_cort,DMN,3,2,PFM3T7T03,PFM3T7T02,0.640054434112044
allsubs,0,DC_cort,Vis,3,2,PFM3T7T03,PFM3T7T02,0.798965962947006
allsubs,0,DC_cort,FP,3,2,PFM3T7T03,PFM3T7T02,0.543143230300392
allsubs,0,DC_cort,DAN,3,2,PFM3T7T03,PFM3T7T02,0.421449463763406
allsubs,0,DC_cort,VAN,3,2,PFM3T7T03,PFM3T7T02,0.422242671223873
allsubs,0,DC_cort,Sal,3,2,PFM3T7T03,PFM3T7T02,0.300324675324675
allsubs,0,DC_cort,AMN,3,2,PFM3T7T03,PFM3T7T02,0.467709384460141
allsubs,0,DC_cort,SMd,3,2,PFM3T7T03,PFM3T7T02,0.620202300124706
allsubs,0,DC_cort,SMl,3,2,PFM3T7T03,PFM3T7T02,0.554838709677419
allsubs,0,DC_cort,Aud,3,2,PFM3T7T03,PFM3T7T02,0.496535796766744
allsubs,0,DC_cort,Tpole,3,2,PFM3T7T03,PFM3T7T02,0.198257080610022
allsubs,0,DC_cort,MTL,3,2,PFM3T7T03,PFM3T7T02,0.386213193334855
allsubs,0,DC_cort,PMN,3,2,PFM3T7T03,PFM3T7T02,0.310047095761381
allsubs,0,DC_cort,PON,3,2,PFM3T7T03,PFM3T7T02,0.425985090521832
allsubs,0,DC_cort,SCAN,3,2,PFM3T7T03,PFM3T7T02,0.405370290168904
allsubs,0,cDC_cort,DMN,3,2,PFM3T7T03,PFM3T7T02,0.640054434112044
allsubs,0,cDC_cort,Vis,3,2,PFM3T7T03,PFM3T7T02,0.798965962947006
allsubs,0,cDC_cort,FP,3,2,PFM3T7T03,PFM3T7T02,0.543143230300392
allsubs,0,cDC_cort,DAN,3,2,PFM3T7T03,PFM3T7T02,0.421449463763406
allsubs,0,cDC_cort,VAN,3,2,PFM3T7T03,PFM3T7T02,0.422242671223873
allsubs,0,cDC_cort,Sal,3,2,PFM3T7T03,PFM3T7T02,0.300324675324675
allsubs,0,cDC_cort,AMN,3,2,PFM3T7T03,PFM3T7T02,0.467709384460141
allsubs,0,cDC_cort,SMd,3,2,PFM3T7T03,PFM3T7T02,0.620202300124706
allsubs,0,cDC_cort,SMl,3,2,PFM3T7T03,PFM3T7T02,0.554838709677419
allsubs,0,cDC_cort,Aud,3,2,PFM3T7T03,PFM3T7T02,0.496535796766744
allsubs,0,cDC_cort,Tpole,3,2,PFM3T7T03,PFM3T7T02,0.198257080610022
allsubs,0,cDC_cort,MTL,3,2,PFM3T7T03,PFM3T7T02,0.386213193334855
allsubs,0,cDC_cort,PMN,3,2,PFM3T7T03,PFM3T7T02,0.310047095761381
allsubs,0,cDC_cort,PON,3,2,PFM3T7T03,PFM3T7T02,0.425985090521832
allsubs,0,cDC_cort,SCAN,3,2,PFM3T7T03,PFM3T7T02,0.405370290168904
allsubs,0,TP_cort,DMN,3,2,PFM3T7T03,PFM3T7T02,5644.0
allsubs,0,TP_cort,Vis,3,2,PFM3T7T03,PFM3T7T02,4636.0
allsubs,0,TP_cort,FP,3,2,PFM3T7T03,PFM3T7T02,3119.0
allsubs,0,TP_cort,DAN,3,2,PFM3T7T03,PFM3T7T02,3242.0
allsubs,0,TP_cort,VAN,3,2,PFM3T7T03,PFM3T7T02,1606.0
allsubs,0,TP_cort,Sal,3,2,PFM3T7T03,PFM3T7T02,555.0
allsubs,0,TP_cort,AMN,3,2,PFM3T7T03,PFM3T7T02,3708.0
allsubs,0,TP_cort,SMd,3,2,PFM3T7T03,PFM3T7T02,2238.0
allsubs,0,TP_cort,SMl,3,2,PFM3T7T03,PFM3T7T02,1419.0
allsubs,0,TP_cort,Aud,3,2,PFM3T7T03,PFM3T7T02,1505.0
allsubs,0,TP_cort,Tpole,3,2,PFM3T7T03,PFM3T7T02,91.0
allsubs,0,TP_cort,MTL,3,2,PFM3T7T03,PFM3T7T02,846.0
allsubs,0,TP_cort,PMN,3,2,PFM3T7T03,PFM3T7T02,395.0
allsubs,0,TP_cort,PON,3,2,PFM3T7T03,PFM3T7T02,1000.0
allsubs,0,TP_cort,SCAN,3,2,PFM3T7T03,PFM3T7T02,936.0
allsubs,0,TN_cort,DMN,3,2,PFM3T7T03,PFM3T7T02,47420.0
allsubs,0,TN_cort,Vis,3,2,PFM3T7T03,PFM3T7T02,52443.0
allsubs,0,TN_cort,FP,3,2,PFM3T7T03,PFM3T7T02,51046.0
allsubs,0,TN_cort,DAN,3,2,PFM3T7T03,PFM3T7T02,47269.0
allsubs,0,TN_cort,VAN,3,2,PFM3T7T03,PFM3T7T02,53411.0
allsubs,0,TN_cort,Sal,3,2,PFM3T7T03,PFM3T7T02,56271.0
allsubs,0,TN_cort,AMN,3,2,PFM3T7T03,PFM3T7T02,47264.0
allsubs,0,TN_cort,SMd,3,2,PFM3T7T03,PFM3T7T02,54433.0
allsubs,0,TN_cort,SMl,3,2,PFM3T7T03,PFM3T7T02,55716.0
allsubs,0,TN_cort,Aud,3,2,PFM3T7T03,PFM3T7T02,54855.0
allsubs,0,TN_cort,Tpole,3,2,PFM3T7T03,PFM3T7T02,58585.0
allsubs,0,TN_cort,MTL,3,2,PFM3T7T03,PFM3T7T02,55877.0
allsubs,0,TN_cort,PMN,3,2,PFM3T7T03,PFM3T7T02,57259.0
allsubs,0,TN_cort,PON,3,2,PFM3T7T03,PFM3T7T02,55717.0
allsubs,0,TN_cort,SCAN,3,2,PFM3T7T03,PFM3T7T02,55730.0
allsubs,0,FP_cort,DMN,3,2,PFM3T7T03,PFM3T7T02,4360.0
allsubs,0,FP_cort,Vis,3,2,PFM3T7T03,PFM3T7T02,604.0
allsubs,0,FP_cort,FP,3,2,PFM3T7T03,PFM3T7T02,2528.0
allsubs,0,FP_cort,DAN,3,2,PFM3T7T03,PFM3T7T02,7141.0
allsubs,0,FP_cort,VAN,3,2,PFM3T7T03,PFM3T7T02,896.0
allsubs,0,FP_cort,Sal,3,2,PFM3T7T03,PFM3T7T02,413.0
allsubs,0,FP_cort,AMN,3,2,PFM3T7T03,PFM3T7T02,6658.0
allsubs,0,FP_cort,SMd,3,2,PFM3T7T03,PFM3T7T02,824.0
allsubs,0,FP_cort,SMl,3,2,PFM3T7T03,PFM3T7T02,1354.0
allsubs,0,FP_cort,Aud,3,2,PFM3T7T03,PFM3T7T02,599.0
allsubs,0,FP_cort,Tpole,3,2,PFM3T7T03,PFM3T7T02,167.0
allsubs,0,FP_cort,MTL,3,2,PFM3T7T03,PFM3T7T02,477.0
allsubs,0,FP_cort,PMN,3,2,PFM3T7T03,PFM3T7T02,1016.0
allsubs,0,FP_cort,PON,3,2,PFM3T7T03,PFM3T7T02,1213.0
allsubs,0,FP_cort,SCAN,3,2,PFM3T7T03,PFM3T7T02,222.0
allsubs,0,FN_cort,DMN,3,2,PFM3T7T03,PFM3T7T02,1988.0
allsubs,0,FN_cort,Vis,3,2,PFM3T7T03,PFM3T7T02,1729.0
allsubs,0,FN_cort,FP,3,2,PFM3T7T03,PFM3T7T02,2719.0
allsubs,0,FN_cort,DAN,3,2,PFM3T7T03,PFM3T7T02,1760.0
allsubs,0,FN_cort,VAN,3,2,PFM3T7T03,PFM3T7T02,3499.0
allsubs,0,FN_cort,Sal,3,2,PFM3T7T03,PFM3T7T02,2173.0
allsubs,0,FN_cort,AMN,3,2,PFM3T7T03,PFM3T7T02,1782.0
allsubs,0,FN_cort,SMd,3,2,PFM3T7T03,PFM3T7T02,1917.0
allsubs,0,FN_cort,SMl,3,2,PFM3T7T03,PFM3T7T02,923.0
allsubs,0,FN_cort,Aud,3,2,PFM3T7T03,PFM3T7T02,2453.0
allsubs,0,FN_cort,Tpole,3,2,PFM3T7T03,PFM3T7T02,569.0
allsubs,0,FN_cort,MTL,3,2,PFM3T7T03,PFM3T7T02,2212.0
allsubs,0,FN_cort,PMN,3,2,PFM3T7T03,PFM3T7T02,742.0
allsubs,0,FN_cort,PON,3,2,PFM3T7T03,PFM3T7T02,1482.0
allsubs,0,FN_cort,SCAN,3,2,PFM3T7T03,PFM3T7T02,2524.0
allsubs,0,TPR_cort,DMN,3,2,PFM3T7T03,PFM3T7T02,0.739517819706499
allsubs,0,TPR_cort,Vis,3,2,PFM3T7T03,PFM3T7T02,0.728358208955224
allsubs,0,TPR_cort,FP,3,2,PFM3T7T03,PFM3T7T02,0.534258307639603
allsubs,0,TPR_cort,DAN,3,2,PFM3T7T03,PFM3T7T02,0.648140743702519
allsubs,0,TPR_cort,VAN,3,2,PFM3T7T03,PFM3T7T02,0.314593535749265
allsubs,0,TPR_cort,Sal,3,2,PFM3T7T03,PFM3T7T02,0.203445747800587
allsubs,0,TPR_cort,AMN,3,2,PFM3T7T03,PFM3T7T02,0.675409836065574
allsubs,0,TPR_cort,SMd,3,2,PFM3T7T03,PFM3T7T02,0.538628158844765
allsubs,0,TPR_cort,SMl,3,2,PFM3T7T03,PFM3T7T02,0.605892399658412
allsubs,0,TPR_cort,Aud,3,2,PFM3T7T03,PFM3T7T02,0.380242546740778
allsubs,0,TPR_cort,Tpole,3,2,PFM3T7T03,PFM3T7T02,0.137878787878788
allsubs,0,TPR_cort,MTL,3,2,PFM3T7T03,PFM3T7T02,0.276651406147809
allsubs,0,TPR_cort,PMN,3,2,PFM3T7T03,PFM3T7T02,0.34740545294635
allsubs,0,TPR_cort,PON,3,2,PFM3T7T03,PFM3T7T02,0.40290088638195
allsubs,0,TPR_cort,SCAN,3,2,PFM3T7T03,PFM3T7T02,0.270520231213873
allsubs,0,TNR_cort,DMN,3,2,PFM3T7T03,PFM3T7T02,0.915797605252993
allsubs,0,TNR_cort,Vis,3,2,PFM3T7T03,PFM3T7T02,0.98861387071842
allsubs,0,TNR_cort,FP,3,2,PFM3T7T03,PFM3T7T02,0.952812931645948
allsubs,0,TNR_cort,DAN,3,2,PFM3T7T03,PFM3T7T02,0.868755743429517
allsubs,0,TNR_cort,VAN,3,2,PFM3T7T03,PFM3T7T02,0.983501206106027
allsubs,0,TNR_cort,Sal,3,2,PFM3T7T03,PFM3T7T02,0.992713993366735
allsubs,0,TNR_cort,AMN,3,2,PFM3T7T03,PFM3T7T02,0.876525351433552
allsubs,0,TNR_cort,SMd,3,2,PFM3T7T03,PFM3T7T02,0.985087862171309
allsubs,0,TNR_cort,SMl,3,2,PFM3T7T03,PFM3T7T02,0.976274750306641
allsubs,0,TNR_cort,Aud,3,2,PFM3T7T03,PFM3T7T02,0.98919825440906
allsubs,0,TNR_cort,Tpole,3,2,PFM3T7T03,PFM3T7T02,0.997157543572985
allsubs,0,TNR_cort,MTL,3,2,PFM3T7T03,PFM3T7T02,0.991535649643326
allsubs,0,TNR_cort,PMN,3,2,PFM3T7T03,PFM3T7T02,0.982565422565423
allsubs,0,TNR_cort,PON,3,2,PFM3T7T03,PFM3T7T02,0.978693131916389
allsubs,0,TNR_cort,SCAN,3,2,PFM3T7T03,PFM3T7T02,0.996032313411496
allsubs,0,FPR_cort,DMN,3,2,PFM3T7T03,PFM3T7T02,0.0842023947470066
allsubs,0,FPR_cort,Vis,3,2,PFM3T7T03,PFM3T7T02,0.0113861292815805
allsubs,0,FPR_cort,FP,3,2,PFM3T7T03,PFM3T7T02,0.0471870683540523
allsubs,0,FPR_cort,DAN,3,2,PFM3T7T03,PFM3T7T02,0.131244256570483
allsubs,0,FPR_cort,VAN,3,2,PFM3T7T03,PFM3T7T02,0.0164987938939732
allsubs,0,FPR_cort,Sal,3,2,PFM3T7T03,PFM3T7T02,0.0072860066332651
allsubs,0,FPR_cort,AMN,3,2,PFM3T7T03,PFM3T7T02,0.123474648566448
allsubs,0,FPR_cort,SMd,3,2,PFM3T7T03,PFM3T7T02,0.0149121378286914
allsubs,0,FPR_cort,SMl,3,2,PFM3T7T03,PFM3T7T02,0.023725249693359
allsubs,0,FPR_cort,Aud,3,2,PFM3T7T03,PFM3T7T02,0.0108017455909402
allsubs,0,FPR_cort,Tpole,3,2,PFM3T7T03,PFM3T7T02,0.0028424564270152
allsubs,0,FPR_cort,MTL,3,2,PFM3T7T03,PFM3T7T02,0.0084643503566738
allsubs,0,FPR_cort,PMN,3,2,PFM3T7T03,PFM3T7T02,0.0174345774345774
allsubs,0,FPR_cort,PON,3,2,PFM3T7T03,PFM3T7T02,0.0213068680836115
allsubs,0,FPR_cort,SCAN,3,2,PFM3T7T03,PFM3T7T02,0.0039676865885044
allsubs,0,FNR_cort,DMN,3,2,PFM3T7T03,PFM3T7T02,0.260482180293501
allsubs,0,FNR_cort,Vis,3,2,PFM3T7T03,PFM3T7T02,0.271641791044776
allsubs,0,FNR_cort,FP,3,2,PFM3T7T03,PFM3T7T02,0.465741692360397
allsubs,0,FNR_cort,DAN,3,2,PFM3T7T03,PFM3T7T02,0.351859256297481
allsubs,0,FNR_cort,VAN,3,2,PFM3T7T03,PFM3T7T02,0.685406464250735
allsubs,0,FNR_cort,Sal,3,2,PFM3T7T03,PFM3T7T02,0.796554252199413
allsubs,0,FNR_cort,AMN,3,2,PFM3T7T03,PFM3T7T02,0.324590163934426
allsubs,0,FNR_cort,SMd,3,2,PFM3T7T03,PFM3T7T02,0.461371841155235
allsubs,0,FNR_cort,SMl,3,2,PFM3T7T03,PFM3T7T02,0.394107600341588
allsubs,0,FNR_cort,Aud,3,2,PFM3T7T03,PFM3T7T02,0.619757453259222
allsubs,0,FNR_cort,Tpole,3,2,PFM3T7T03,PFM3T7T02,0.862121212121212
allsubs,0,FNR_cort,MTL,3,2,PFM3T7T03,PFM3T7T02,0.723348593852191
allsubs,0,FNR_cort,PMN,3,2,PFM3T7T03,PFM3T7T02,0.65259454705365
allsubs,0,FNR_cort,PON,3,2,PFM3T7T03,PFM3T7T02,0.59709911361805
allsubs,0,FNR_cort,SCAN,3,2,PFM3T7T03,PFM3T7T02,0.729479768786127
allsubs,0,NPV_cort,DMN,3,2,PFM3T7T03,PFM3T7T02,0.959763601036269
allsubs,0,NPV_cort,Vis,3,2,PFM3T7T03,PFM3T7T02,0.968083142582884
allsubs,0,NPV_cort,FP,3,2,PFM3T7T03,PFM3T7T02,0.949428066586069
allsubs,0,NPV_cort,DAN,3,2,PFM3T7T03,PFM3T7T02,0.964102877888596
allsubs,0,NPV_cort,VAN,3,2,PFM3T7T03,PFM3T7T02,0.938516956598137
allsubs,0,NPV_cort,Sal,3,2,PFM3T7T03,PFM3T7T02,0.962819108890562
allsubs,0,NPV_cort,AMN,3,2,PFM3T7T03,PFM3T7T02,0.963666761815439
allsubs,0,NPV_cort,SMd,3,2,PFM3T7T03,PFM3T7T02,0.965980479148181
allsubs,0,NPV_cort,SMl,3,2,PFM3T7T03,PFM3T7T02,0.983703808329949
allsubs,0,NPV_cort,Aud,3,2,PFM3T7T03,PFM3T7T02,0.957196202973407
allsubs,0,NPV_cort,Tpole,3,2,PFM3T7T03,PFM3T7T02,0.990381039321094
allsubs,0,NPV_cort,MTL,3,2,PFM3T7T03,PFM3T7T02,0.96192050129973
allsubs,0,NPV_cort,PMN,3,2,PFM3T7T03,PFM3T7T02,0.98720711711867
allsubs,0,NPV_cort,PON,3,2,PFM3T7T03,PFM3T7T02,0.974090456126855
allsubs,0,NPV_cort,SCAN,3,2,PFM3T7T03,PFM3T7T02,0.956672503175748
allsubs,0,PPV_cort,DMN,3,2,PFM3T7T03,PFM3T7T02,0.564174330267893
allsubs,0,PPV_cort,Vis,3,2,PFM3T7T03,PFM3T7T02,0.884732824427481
allsubs,0,PPV_cort,FP,3,2,PFM3T7T03,PFM3T7T02,0.552328670090313
allsubs,0,PPV_cort,DAN,3,2,PFM3T7T03,PFM3T7T02,0.312241163440239
allsubs,0,PPV_cort,VAN,3,2,PFM3T7T03,PFM3T7T02,0.641886490807354
allsubs,0,PPV_cort,Sal,3,2,PFM3T7T03,PFM3T7T02,0.573347107438017
allsubs,0,PPV_cort,AMN,3,2,PFM3T7T03,PFM3T7T02,0.357707891182713
allsubs,0,PPV_cort,SMd,3,2,PFM3T7T03,PFM3T7T02,0.730894839973873
allsubs,0,PPV_cort,SMl,3,2,PFM3T7T03,PFM3T7T02,0.511720158672917
allsubs,0,PPV_cort,Aud,3,2,PFM3T7T03,PFM3T7T02,0.715304182509506
allsubs,0,PPV_cort,Tpole,3,2,PFM3T7T03,PFM3T7T02,0.352713178294574
allsubs,0,PPV_cort,MTL,3,2,PFM3T7T03,PFM3T7T02,0.639455782312925
allsubs,0,PPV_cort,PMN,3,2,PFM3T7T03,PFM3T7T02,0.279943302622254
allsubs,0,PPV_cort,PON,3,2,PFM3T7T03,PFM3T7T02,0.451875282422051
allsubs,0,PPV_cort,SCAN,3,2,PFM3T7T03,PFM3T7T02,0.808290155440414
allsubs,0,PPVcorr_Jeffreys_cort,DMN,3,2,PFM3T7T03,PFM3T7T02,0.559625529385541
allsubs,0,PPVcorr_Jeffreys_cort,Vis,3,2,PFM3T7T03,PFM3T7T02,0.843061346039309
allsubs,0,PPVcorr_Jeffreys_cort,FP,3,2,PFM3T7T03,PFM3T7T02,0.547425691724979
allsubs,0,PPVcorr_Jeffreys_cort,DAN,3,2,PFM3T7T03,PFM3T7T02,0.320870699794178
allsubs,0,PPVcorr_Jeffreys_cort,VAN,3,2,PFM3T7T03,PFM3T7T02,0.617842323651452
allsubs,0,PPVcorr_Jeffreys_cort,Sal,3,2,PFM3T7T03,PFM3T7T02,0.55722114764668
allsubs,0,PPVcorr_Jeffreys_cort,AMN,3,2,PFM3T7T03,PFM3T7T02,0.364864864864865
allsubs,0,PPVcorr_Jeffreys_cort,SMd,3,2,PFM3T7T03,PFM3T7T02,0.703306973400431
allsubs,0,PPVcorr_Jeffreys_cort,SMl,3,2,PFM3T7T03,PFM3T7T02,0.510807395583932
allsubs,0,PPVcorr_Jeffreys_cort,Aud,3,2,PFM3T7T03,PFM3T7T02,0.681214497159773
allsubs,0,PPVcorr_Jeffreys_cort,Tpole,3,2,PFM3T7T03,PFM3T7T02,0.382716049382716
allsubs,0,PPVcorr_Jeffreys_cort,MTL,3,2,PFM3T7T03,PFM3T7T02,0.613273575638507
allsubs,0,PPVcorr_Jeffreys_cort,PMN,3,2,PFM3T7T03,PFM3T7T02,0.296353380992982
allsubs,0,PPVcorr_Jeffreys_cort,PON,3,2,PFM3T7T03,PFM3T7T02,0.456728425158459
allsubs,0,PPVcorr_Jeffreys_cort,SCAN,3,2,PFM3T7T03,PFM3T7T02,0.737367021276596
allsubs,0,PPVcorr_d1d2_cort,DMN,3,2,PFM3T7T03,PFM3T7T02,0.571556621926792
allsubs,0,PPVcorr_d1d2_cort,Vis,3,2,PFM3T7T03,PFM3T7T02,0.883509682835637
allsubs,0,PPVcorr_d1d2_cort,FP,3,2,PFM3T7T03,PFM3T7T02,0.55953867982262
allsubs,0,PPVcorr_d1d2_cort,DAN,3,2,PFM3T7T03,PFM3T7T02,0.329080214537611
allsubs,0,PPVcorr_d1d2_cort,VAN,3,2,PFM3T7T03,PFM3T7T02,0.636001065597858
allsubs,0,PPVcorr_d1d2_cort,Sal,3,2,PFM3T7T03,PFM3T7T02,0.552838045807055
allsubs,0,PPVcorr_d1d2_cort,AMN,3,2,PFM3T7T03,PFM3T7T02,0.372343176568635
allsubs,0,PPVcorr_d1d2_cort,SMd,3,2,PFM3T7T03,PFM3T7T02,0.73101307118674
allsubs,0,PPVcorr_d1d2_cort,SMl,3,2,PFM3T7T03,PFM3T7T02,0.535108933296964
allsubs,0,PPVcorr_d1d2_cort,Aud,3,2,PFM3T7T03,PFM3T7T02,0.706874449291254
allsubs,0,PPVcorr_d1d2_cort,Tpole,3,2,PFM3T7T03,PFM3T7T02,0.363762977969106
allsubs,0,PPVcorr_d1d2_cort,MTL,3,2,PFM3T7T03,PFM3T7T02,0.624833968371779
allsubs,0,PPVcorr_d1d2_cort,PMN,3,2,PFM3T7T03,PFM3T7T02,0.343649804786568
allsubs,0,PPVcorr_d1d2_cort,PON,3,2,PFM3T7T03,PFM3T7T02,0.470899726083114
allsubs,0,PPVcorr_d1d2_cort,SCAN,3,2,PFM3T7T03,PFM3T7T02,0.770427488556383
allsubs,0,PPVcorr_bayes_cort,DMN,3,2,PFM3T7T03,PFM3T7T02,0.59159879074962
allsubs,0,PPVcorr_bayes_cort,Vis,3,2,PFM3T7T03,PFM3T7T02,0.881144039213923
allsubs,0,PPVcorr_bayes_cort,FP,3,2,PFM3T7T03,PFM3T7T02,0.572711661812488
allsubs,0,PPVcorr_bayes_cort,DAN,3,2,PFM3T7T03,PFM3T7T02,0.35373468370619
allsubs,0,PPVcorr_bayes_cort,VAN,3,2,PFM3T7T03,PFM3T7T02,0.627789359195142
allsubs,0,PPVcorr_bayes_cort,Sal,3,2,PFM3T7T03,PFM3T7T02,0.546318074905012
allsubs,0,PPVcorr_bayes_cort,AMN,3,2,PFM3T7T03,PFM3T7T02,0.397199642907485
allsubs,0,PPVcorr_bayes_cort,SMd,3,2,PFM3T7T03,PFM3T7T02,0.731208438431552
allsubs,0,PPVcorr_bayes_cort,SMl,3,2,PFM3T7T03,PFM3T7T02,0.538947113555394
allsubs,0,PPVcorr_bayes_cort,Aud,3,2,PFM3T7T03,PFM3T7T02,0.699422467323809
allsubs,0,PPVcorr_bayes_cort,Tpole,3,2,PFM3T7T03,PFM3T7T02,0.357534246575342
allsubs,0,PPVcorr_bayes_cort,MTL,3,2,PFM3T7T03,PFM3T7T02,0.617949759631661
allsubs,0,PPVcorr_bayes_cort,PMN,3,2,PFM3T7T03,PFM3T7T02,0.317289035640127
allsubs,0,PPVcorr_bayes_cort,PON,3,2,PFM3T7T03,PFM3T7T02,0.475236302981053
allsubs,0,PPVcorr_bayes_cort,SCAN,3,2,PFM3T7T03,PFM3T7T02,0.746546546546547
allsubs,0,MCC_cort,DMN,3,2,PFM3T7T03,PFM3T7T02,0.585956148619489
allsubs,0,MCC_cort,Vis,3,2,PFM3T7T03,PFM3T7T02,0.78194963868929
allsubs,0,MCC_cort,FP,3,2,PFM3T7T03,PFM3T7T02,0.494359459859765
allsubs,0,MCC_cort,DAN,3,2,PFM3T7T03,PFM3T7T02,0.377943466940156
allsubs,0,MCC_cort,VAN,3,2,PFM3T7T03,PFM3T7T02,0.415950977671963
allsubs,0,MCC_cort,Sal,3,2,PFM3T7T03,PFM3T7T02,0.324305760383124
allsubs,0,MCC_cort,AMN,3,2,PFM3T7T03,PFM3T7T02,0.421162651905414
allsubs,0,MCC_cort,SMd,3,2,PFM3T7T03,PFM3T7T02,0.604123140820569
allsubs,0,MCC_cort,SMl,3,2,PFM3T7T03,PFM3T7T02,0.537047073257493
allsubs,0,MCC_cort,Aud,3,2,PFM3T7T03,PFM3T7T02,0.498446668347158
allsubs,0,MCC_cort,Tpole,3,2,PFM3T7T03,PFM3T7T02,0.215244476094361
allsubs,0,MCC_cort,MTL,3,2,PFM3T7T03,PFM3T7T02,0.401598474753942
allsubs,0,MCC_cort,PMN,3,2,PFM3T7T03,PFM3T7T02,0.296903785585921
allsubs,0,MCC_cort,PON,3,2,PFM3T7T03,PFM3T7T02,0.40316991186136
allsubs,0,MCC_cort,SCAN,3,2,PFM3T7T03,PFM3T7T02,0.451555913700092
allsubs,0,muI_cort,WholeBrainOrSingleVal,3,2,PFM3T7T03,PFM3T7T02,1.41656934732449
allsubs,0,VIn_cort,WholeBrainOrSingleVal,3,2,PFM3T7T03,PFM3T7T02,0.270817277026755
allsubs,0,MIn_cort,WholeBrainOrSingleVal,3,2,PFM3T7T03,PFM3T7T02,0.397472533075906
allsubs,0,DC_cort,DMN,3,3,PFM3T7T03,PFM3T7T03,0.780720711665075
allsubs,0,DC_cort,Vis,3,3,PFM3T7T03,PFM3T7T03,0.856451312604729
allsubs,0,DC_cort,FP,3,3,PFM3T7T03,PFM3T7T03,0.640295005028495
allsubs,0,DC_cort,DAN,3,3,PFM3T7T03,PFM3T7T03,0.567049808429119
allsubs,0,DC_cort,VAN,3,3,PFM3T7T03,PFM3T7T03,0.59504132231405
allsubs,0,DC_cort,Sal,3,3,PFM3T7T03,PFM3T7T03,0.514285714285714
allsubs,0,DC_cort,AMN,3,3,PFM3T7T03,PFM3T7T03,0.705459542307489
allsubs,0,DC_cort,SMd,3,3,PFM3T7T03,PFM3T7T03,0.719741100323625
allsubs,0,DC_cort,SMl,3,3,PFM3T7T03,PFM3T7T03,0.423875077049517
allsubs,0,DC_cort,Aud,3,3,PFM3T7T03,PFM3T7T03,0.611444393170282
allsubs,0,DC_cort,Tpole,3,3,PFM3T7T03,PFM3T7T03,0.339784946236559
allsubs,0,DC_cort,MTL,3,3,PFM3T7T03,PFM3T7T03,0.385822196397443
allsubs,0,DC_cort,PMN,3,3,PFM3T7T03,PFM3T7T03,0.387541345093716
allsubs,0,DC_cort,PON,3,3,PFM3T7T03,PFM3T7T03,0.562135486765366
allsubs,0,DC_cort,SCAN,3,3,PFM3T7T03,PFM3T7T03,0.540676745860331
allsubs,0,cDC_cort,DMN,3,3,PFM3T7T03,PFM3T7T03,0.780720711665075
allsubs,0,cDC_cort,Vis,3,3,PFM3T7T03,PFM3T7T03,0.856451312604729
allsubs,0,cDC_cort,FP,3,3,PFM3T7T03,PFM3T7T03,0.640295005028495
allsubs,0,cDC_cort,DAN,3,3,PFM3T7T03,PFM3T7T03,0.567049808429119
allsubs,0,cDC_cort,VAN,3,3,PFM3T7T03,PFM3T7T03,0.59504132231405
allsubs,0,cDC_cort,Sal,3,3,PFM3T7T03,PFM3T7T03,0.514285714285714
allsubs,0,cDC_cort,AMN,3,3,PFM3T7T03,PFM3T7T03,0.705459542307489
allsubs,0,cDC_cort,SMd,3,3,PFM3T7T03,PFM3T7T03,0.719741100323625
allsubs,0,cDC_cort,SMl,3,3,PFM3T7T03,PFM3T7T03,0.423875077049517
allsubs,0,cDC_cort,Aud,3,3,PFM3T7T03,PFM3T7T03,0.611444393170282
allsubs,0,cDC_cort,Tpole,3,3,PFM3T7T03,PFM3T7T03,0.339784946236559
allsubs,0,cDC_cort,MTL,3,3,PFM3T7T03,PFM3T7T03,0.385822196397443
allsubs,0,cDC_cort,PMN,3,3,PFM3T7T03,PFM3T7T03,0.387541345093716
allsubs,0,cDC_cort,PON,3,3,PFM3T7T03,PFM3T7T03,0.562135486765366
allsubs,0,cDC_cort,SCAN,3,3,PFM3T7T03,PFM3T7T03,0.540676745860331
allsubs,0,TP_cort,DMN,3,3,PFM3T7T03,PFM3T7T03,7767.0
allsubs,0,TP_cort,Vis,3,3,PFM3T7T03,PFM3T7T03,4600.0
allsubs,0,TP_cort,FP,3,3,PFM3T7T03,PFM3T7T03,2865.0
allsubs,0,TP_cort,DAN,3,3,PFM3T7T03,PFM3T7T03,4810.0
allsubs,0,TP_cort,VAN,3,3,PFM3T7T03,PFM3T7T03,1656.0
allsubs,0,TP_cort,Sal,3,3,PFM3T7T03,PFM3T7T03,711.0
allsubs,0,TP_cort,AMN,3,3,PFM3T7T03,PFM3T7T03,6674.0
allsubs,0,TP_cort,SMd,3,3,PFM3T7T03,PFM3T7T03,2224.0
allsubs,0,TP_cort,SMl,3,3,PFM3T7T03,PFM3T7T03,2063.0
allsubs,0,TP_cort,Aud,3,3,PFM3T7T03,PFM3T7T03,1325.0
allsubs,0,TP_cort,Tpole,3,3,PFM3T7T03,PFM3T7T03,79.0
allsubs,0,TP_cort,MTL,3,3,PFM3T7T03,PFM3T7T03,664.0
allsubs,0,TP_cort,PMN,3,3,PFM3T7T03,PFM3T7T03,703.0
allsubs,0,TP_cort,PON,3,3,PFM3T7T03,PFM3T7T03,1253.0
allsubs,0,TP_cort,SCAN,3,3,PFM3T7T03,PFM3T7T03,751.0
allsubs,0,TN_cort,DMN,3,3,PFM3T7T03,PFM3T7T03,47282.0
allsubs,0,TN_cort,Vis,3,3,PFM3T7T03,PFM3T7T03,53270.0
allsubs,0,TN_cort,FP,3,3,PFM3T7T03,PFM3T7T03,53328.0
allsubs,0,TN_cort,DAN,3,3,PFM3T7T03,PFM3T7T03,47257.0
allsubs,0,TN_cort,VAN,3,3,PFM3T7T03,PFM3T7T03,55502.0
allsubs,0,TN_cort,Sal,3,3,PFM3T7T03,PFM3T7T03,57358.0
allsubs,0,TN_cort,AMN,3,3,PFM3T7T03,PFM3T7T03,47165.0
allsubs,0,TN_cort,SMd,3,3,PFM3T7T03,PFM3T7T03,55456.0
allsubs,0,TN_cort,SMl,3,3,PFM3T7T03,PFM3T7T03,51741.0
allsubs,0,TN_cort,Aud,3,3,PFM3T7T03,PFM3T7T03,56403.0
allsubs,0,TN_cort,Tpole,3,3,PFM3T7T03,PFM3T7T03,59026.0
allsubs,0,TN_cort,MTL,3,3,PFM3T7T03,PFM3T7T03,56634.0
allsubs,0,TN_cort,PMN,3,3,PFM3T7T03,PFM3T7T03,56487.0
allsubs,0,TN_cort,PON,3,3,PFM3T7T03,PFM3T7T03,56207.0
allsubs,0,TN_cort,SCAN,3,3,PFM3T7T03,PFM3T7T03,57385.0
allsubs,0,FP_cort,DMN,3,3,PFM3T7T03,PFM3T7T03,2237.0
allsubs,0,FP_cort,Vis,3,3,PFM3T7T03,PFM3T7T03,640.0
allsubs,0,FP_cort,FP,3,3,PFM3T7T03,PFM3T7T03,2782.0
allsubs,0,FP_cort,DAN,3,3,PFM3T7T03,PFM3T7T03,5573.0
allsubs,0,FP_cort,VAN,3,3,PFM3T7T03,PFM3T7T03,846.0
allsubs,0,FP_cort,Sal,3,3,PFM3T7T03,PFM3T7T03,257.0
allsubs,0,FP_cort,AMN,3,3,PFM3T7T03,PFM3T7T03,3692.0
allsubs,0,FP_cort,SMd,3,3,PFM3T7T03,PFM3T7T03,838.0
allsubs,0,FP_cort,SMl,3,3,PFM3T7T03,PFM3T7T03,710.0
allsubs,0,FP_cort,Aud,3,3,PFM3T7T03,PFM3T7T03,779.0
allsubs,0,FP_cort,Tpole,3,3,PFM3T7T03,PFM3T7T03,179.0
allsubs,0,FP_cort,MTL,3,3,PFM3T7T03,PFM3T7T03,659.0
allsubs,0,FP_cort,PMN,3,3,PFM3T7T03,PFM3T7T03,708.0
allsubs,0,FP_cort,PON,3,3,PFM3T7T03,PFM3T7T03,960.0
allsubs,0,FP_cort,SCAN,3,3,PFM3T7T03,PFM3T7T03,407.0
allsubs,0,FN_cort,DMN,3,3,PFM3T7T03,PFM3T7T03,2126.0
allsubs,0,FN_cort,Vis,3,3,PFM3T7T03,PFM3T7T03,902.0
allsubs,0,FN_cort,FP,3,3,PFM3T7T03,PFM3T7T03,437.0
allsubs,0,FN_cort,DAN,3,3,PFM3T7T03,PFM3T7T03,1772.0
allsubs,0,FN_cort,VAN,3,3,PFM3T7T03,PFM3T7T03,1408.0
allsubs,0,FN_cort,Sal,3,3,PFM3T7T03,PFM3T7T03,1086.0
allsubs,0,FN_cort,AMN,3,3,PFM3T7T03,PFM3T7T03,1881.0
allsubs,0,FN_cort,SMd,3,3,PFM3T7T03,PFM3T7T03,894.0
allsubs,0,FN_cort,SMl,3,3,PFM3T7T03,PFM3T7T03,4898.0
allsubs,0,FN_cort,Aud,3,3,PFM3T7T03,PFM3T7T03,905.0
allsubs,0,FN_cort,Tpole,3,3,PFM3T7T03,PFM3T7T03,128.0
allsubs,0,FN_cort,MTL,3,3,PFM3T7T03,PFM3T7T03,1455.0
allsubs,0,FN_cort,PMN,3,3,PFM3T7T03,PFM3T7T03,1514.0
allsubs,0,FN_cort,PON,3,3,PFM3T7T03,PFM3T7T03,992.0
allsubs,0,FN_cort,SCAN,3,3,PFM3T7T03,PFM3T7T03,869.0
allsubs,0,TPR_cort,DMN,3,3,PFM3T7T03,PFM3T7T03,0.785100576164965
allsubs,0,TPR_cort,Vis,3,3,PFM3T7T03,PFM3T7T03,0.836059614685569
allsubs,0,TPR_cort,FP,3,3,PFM3T7T03,PFM3T7T03,0.867655966081163
allsubs,0,TPR_cort,DAN,3,3,PFM3T7T03,PFM3T7T03,0.730780917654208
allsubs,0,TPR_cort,VAN,3,3,PFM3T7T03,PFM3T7T03,0.540469973890339
allsubs,0,TPR_cort,Sal,3,3,PFM3T7T03,PFM3T7T03,0.395659432387312
allsubs,0,TPR_cort,AMN,3,3,PFM3T7T03,PFM3T7T03,0.780128579777908
allsubs,0,TPR_cort,SMd,3,3,PFM3T7T03,PFM3T7T03,0.713277742142399
allsubs,0,TPR_cort,SMl,3,3,PFM3T7T03,PFM3T7T03,0.296365464732079
allsubs,0,TPR_cort,Aud,3,3,PFM3T7T03,PFM3T7T03,0.594170403587444
allsubs,0,TPR_cort,Tpole,3,3,PFM3T7T03,PFM3T7T03,0.381642512077295
allsubs,0,TPR_cort,MTL,3,3,PFM3T7T03,PFM3T7T03,0.313355356300142
allsubs,0,TPR_cort,PMN,3,3,PFM3T7T03,PFM3T7T03,0.317095173658097
allsubs,0,TPR_cort,PON,3,3,PFM3T7T03,PFM3T7T03,0.558129175946548
allsubs,0,TPR_cort,SCAN,3,3,PFM3T7T03,PFM3T7T03,0.46358024691358
allsubs,0,TNR_cort,DMN,3,3,PFM3T7T03,PFM3T7T03,0.954825420545649
allsubs,0,TNR_cort,Vis,3,3,PFM3T7T03,PFM3T7T03,0.988128362084956
allsubs,0,TNR_cort,FP,3,3,PFM3T7T03,PFM3T7T03,0.950418820174657
allsubs,0,TNR_cort,DAN,3,3,PFM3T7T03,PFM3T7T03,0.894510694681052
allsubs,0,TNR_cort,VAN,3,3,PFM3T7T03,PFM3T7T03,0.984986157450131
allsubs,0,TNR_cort,Sal,3,3,PFM3T7T03,PFM3T7T03,0.995539356070468
allsubs,0,TNR_cort,AMN,3,3,PFM3T7T03,PFM3T7T03,0.92740429046149
allsubs,0,TNR_cort,SMd,3,3,PFM3T7T03,PFM3T7T03,0.985113866486659
allsubs,0,TNR_cort,SMl,3,3,PFM3T7T03,PFM3T7T03,0.986463556462222
allsubs,0,TNR_cort,Aud,3,3,PFM3T7T03,PFM3T7T03,0.986376831870169
allsubs,0,TNR_cort,Tpole,3,3,PFM3T7T03,PFM3T7T03,0.996976606705515
allsubs,0,TNR_cort,MTL,3,3,PFM3T7T03,PFM3T7T03,0.988497722234828
allsubs,0,TNR_cort,PMN,3,3,PFM3T7T03,PFM3T7T03,0.987621295567794
allsubs,0,TNR_cort,PON,3,3,PFM3T7T03,PFM3T7T03,0.983207095002361
allsubs,0,TNR_cort,SCAN,3,3,PFM3T7T03,PFM3T7T03,0.992957502768549
allsubs,0,FPR_cort,DMN,3,3,PFM3T7T03,PFM3T7T03,0.0451745794543509
allsubs,0,FPR_cort,Vis,3,3,PFM3T7T03,PFM3T7T03,0.0118716379150436
allsubs,0,FPR_cort,FP,3,3,PFM3T7T03,PFM3T7T03,0.0495811798253431
allsubs,0,FPR_cort,DAN,3,3,PFM3T7T03,PFM3T7T03,0.105489305318948
allsubs,0,FPR_cort,VAN,3,3,PFM3T7T03,PFM3T7T03,0.0150138425498687
allsubs,0,FPR_cort,Sal,3,3,PFM3T7T03,PFM3T7T03,0.0044606439295322
allsubs,0,FPR_cort,AMN,3,3,PFM3T7T03,PFM3T7T03,0.0725957095385099
allsubs,0,FPR_cort,SMd,3,3,PFM3T7T03,PFM3T7T03,0.0148861335133407
allsubs,0,FPR_cort,SMl,3,3,PFM3T7T03,PFM3T7T03,0.0135364435377781
allsubs,0,FPR_cort,Aud,3,3,PFM3T7T03,PFM3T7T03,0.0136231681298311
allsubs,0,FPR_cort,Tpole,3,3,PFM3T7T03,PFM3T7T03,0.0030233932944852
allsubs,0,FPR_cort,MTL,3,3,PFM3T7T03,PFM3T7T03,0.011502277765172
allsubs,0,FPR_cort,PMN,3,3,PFM3T7T03,PFM3T7T03,0.0123787044322056
allsubs,0,FPR_cort,PON,3,3,PFM3T7T03,PFM3T7T03,0.0167929049976385
allsubs,0,FPR_cort,SCAN,3,3,PFM3T7T03,PFM3T7T03,0.0070424972314507
allsubs,0,FNR_cort,DMN,3,3,PFM3T7T03,PFM3T7T03,0.214899423835035
allsubs,0,FNR_cort,Vis,3,3,PFM3T7T03,PFM3T7T03,0.163940385314431
allsubs,0,FNR_cort,FP,3,3,PFM3T7T03,PFM3T7T03,0.132344033918837
allsubs,0,FNR_cort,DAN,3,3,PFM3T7T03,PFM3T7T03,0.269219082345792
allsubs,0,FNR_cort,VAN,3,3,PFM3T7T03,PFM3T7T03,0.459530026109661
allsubs,0,FNR_cort,Sal,3,3,PFM3T7T03,PFM3T7T03,0.604340567612688
allsubs,0,FNR_cort,AMN,3,3,PFM3T7T03,PFM3T7T03,0.219871420222092
allsubs,0,FNR_cort,SMd,3,3,PFM3T7T03,PFM3T7T03,0.286722257857601
allsubs,0,FNR_cort,SMl,3,3,PFM3T7T03,PFM3T7T03,0.703634535267921
allsubs,0,FNR_cort,Aud,3,3,PFM3T7T03,PFM3T7T03,0.405829596412556
allsubs,0,FNR_cort,Tpole,3,3,PFM3T7T03,PFM3T7T03,0.618357487922705
allsubs,0,FNR_cort,MTL,3,3,PFM3T7T03,PFM3T7T03,0.686644643699858
allsubs,0,FNR_cort,PMN,3,3,PFM3T7T03,PFM3T7T03,0.682904826341904
allsubs,0,FNR_cort,PON,3,3,PFM3T7T03,PFM3T7T03,0.441870824053452
allsubs,0,FNR_cort,SCAN,3,3,PFM3T7T03,PFM3T7T03,0.53641975308642
allsubs,0,NPV_cort,DMN,3,3,PFM3T7T03,PFM3T7T03,0.956970531088083
allsubs,0,NPV_cort,Vis,3,3,PFM3T7T03,PFM3T7T03,0.983349331758104
allsubs,0,NPV_cort,FP,3,3,PFM3T7T03,PFM3T7T03,0.991872035710964
allsubs,0,NPV_cort,DAN,3,3,PFM3T7T03,PFM3T7T03,0.963858124783291
allsubs,0,NPV_cort,VAN,3,3,PFM3T7T03,PFM3T7T03,0.97525918116324
allsubs,0,NPV_cort,Sal,3,3,PFM3T7T03,PFM3T7T03,0.981418109643419
allsubs,0,NPV_cort,AMN,3,3,PFM3T7T03,PFM3T7T03,0.961648248582963
allsubs,0,NPV_cort,SMd,3,3,PFM3T7T03,PFM3T7T03,0.98413487133984
allsubs,0,NPV_cort,SMl,3,3,PFM3T7T03,PFM3T7T03,0.913522484507142
allsubs,0,NPV_cort,Aud,3,3,PFM3T7T03,PFM3T7T03,0.984208138479793
allsubs,0,NPV_cort,Tpole,3,3,PFM3T7T03,PFM3T7T03,0.997836156472935
allsubs,0,NPV_cort,MTL,3,3,PFM3T7T03,PFM3T7T03,0.974952228476992
allsubs,0,NPV_cort,PMN,3,3,PFM3T7T03,PFM3T7T03,0.973897001775831
allsubs,0,NPV_cort,PON,3,3,PFM3T7T03,PFM3T7T03,0.982657039458732
allsubs,0,NPV_cort,SCAN,3,3,PFM3T7T03,PFM3T7T03,0.985082569437292
allsubs,0,PPV_cort,DMN,3,3,PFM3T7T03,PFM3T7T03,0.776389444222311
allsubs,0,PPV_cort,Vis,3,3,PFM3T7T03,PFM3T7T03,0.877862595419847
allsubs,0,PPV_cort,FP,3,3,PFM3T7T03,PFM3T7T03,0.50734903488578
allsubs,0,PPV_cort,DAN,3,3,PFM3T7T03,PFM3T7T03,0.463257247423673
allsubs,0,PPV_cort,VAN,3,3,PFM3T7T03,PFM3T7T03,0.661870503597122
allsubs,0,PPV_cort,Sal,3,3,PFM3T7T03,PFM3T7T03,0.734504132231405
allsubs,0,PPV_cort,AMN,3,3,PFM3T7T03,PFM3T7T03,0.643835616438356
allsubs,0,PPV_cort,SMd,3,3,PFM3T7T03,PFM3T7T03,0.726322664924886
allsubs,0,PPV_cort,SMl,3,3,PFM3T7T03,PFM3T7T03,0.743959610530112
allsubs,0,PPV_cort,Aud,3,3,PFM3T7T03,PFM3T7T03,0.629752851711027
allsubs,0,PPV_cort,Tpole,3,3,PFM3T7T03,PFM3T7T03,0.306201550387597
allsubs,0,PPV_cort,MTL,3,3,PFM3T7T03,PFM3T7T03,0.501889644746788
allsubs,0,PPV_cort,PMN,3,3,PFM3T7T03,PFM3T7T03,0.498228206945429
allsubs,0,PPV_cort,PON,3,3,PFM3T7T03,PFM3T7T03,0.56619972887483
allsubs,0,PPV_cort,SCAN,3,3,PFM3T7T03,PFM3T7T03,0.64853195164076
allsubs,0,PPVcorr_Jeffreys_cort,DMN,3,3,PFM3T7T03,PFM3T7T03,0.751516832980088
allsubs,0,PPVcorr_Jeffreys_cort,Vis,3,3,PFM3T7T03,PFM3T7T03,0.841957099927464
allsubs,0,PPVcorr_Jeffreys_cort,FP,3,3,PFM3T7T03,PFM3T7T03,0.506943050257646
allsubs,0,PPVcorr_Jeffreys_cort,DAN,3,3,PFM3T7T03,PFM3T7T03,0.465447596275767
allsubs,0,PPVcorr_Jeffreys_cort,VAN,3,3,PFM3T7T03,PFM3T7T03,0.644210226463467
allsubs,0,PPVcorr_Jeffreys_cort,Sal,3,3,PFM3T7T03,PFM3T7T03,0.697786878104034
allsubs,0,PPVcorr_Jeffreys_cort,AMN,3,3,PFM3T7T03,PFM3T7T03,0.632869937174175
allsubs,0,PPVcorr_Jeffreys_cort,SMd,3,3,PFM3T7T03,PFM3T7T03,0.705406366708163
allsubs,0,PPVcorr_Jeffreys_cort,SMl,3,3,PFM3T7T03,PFM3T7T03,0.695007350609668
allsubs,0,PPVcorr_Jeffreys_cort,Aud,3,3,PFM3T7T03,PFM3T7T03,0.61731843575419
allsubs,0,PPVcorr_Jeffreys_cort,Tpole,3,3,PFM3T7T03,PFM3T7T03,0.32059562253319
allsubs,0,PPVcorr_Jeffreys_cort,MTL,3,3,PFM3T7T03,PFM3T7T03,0.501628770603948
allsubs,0,PPVcorr_Jeffreys_cort,PMN,3,3,PFM3T7T03,PFM3T7T03,0.498468794022172
allsubs,0,PPVcorr_Jeffreys_cort,PON,3,3,PFM3T7T03,PFM3T7T03,0.560102564102564
allsubs,0,PPVcorr_Jeffreys_cort,SCAN,3,3,PFM3T7T03,PFM3T7T03,0.63030303030303
allsubs,0,PPVcorr_d1d2_cort,DMN,3,3,PFM3T7T03,PFM3T7T03,0.778685997571341
allsubs,0,PPVcorr_d1d2_cort,Vis,3,3,PFM3T7T03,PFM3T7T03,0.879187061456299
allsubs,0,PPVcorr_d1d2_cort,FP,3,3,PFM3T7T03,PFM3T7T03,0.528273758718172
allsubs,0,PPVcorr_d1d2_cort,DAN,3,3,PFM3T7T03,PFM3T7T03,0.473888630745918
allsubs,0,PPVcorr_d1d2_cort,VAN,3,3,PFM3T7T03,PFM3T7T03,0.667751810774673
allsubs,0,PPVcorr_d1d2_cort,Sal,3,3,PFM3T7T03,PFM3T7T03,0.715965909297952
allsubs,0,PPVcorr_d1d2_cort,AMN,3,3,PFM3T7T03,PFM3T7T03,0.649247053317272
allsubs,0,PPVcorr_d1d2_cort,SMd,3,3,PFM3T7T03,PFM3T7T03,0.734335749891962
allsubs,0,PPVcorr_d1d2_cort,SMl,3,3,PFM3T7T03,PFM3T7T03,0.731849767023891
allsubs,0,PPVcorr_d1d2_cort,Aud,3,3,PFM3T7T03,PFM3T7T03,0.643922800809412
allsubs,0,PPVcorr_d1d2_cort,Tpole,3,3,PFM3T7T03,PFM3T7T03,0.568628638327076
allsubs,0,PPVcorr_d1d2_cort,MTL,3,3,PFM3T7T03,PFM3T7T03,0.510488139677927
allsubs,0,PPVcorr_d1d2_cort,PMN,3,3,PFM3T7T03,PFM3T7T03,0.507370743867135
allsubs,0,PPVcorr_d1d2_cort,PON,3,3,PFM3T7T03,PFM3T7T03,0.584301905896711
allsubs,0,PPVcorr_d1d2_cort,SCAN,3,3,PFM3T7T03,PFM3T7T03,0.653678698555585
allsubs,0,PPVcorr_bayes_cort,DMN,3,3,PFM3T7T03,PFM3T7T03,0.787426247541585
allsubs,0,PPVcorr_bayes_cort,Vis,3,3,PFM3T7T03,PFM3T7T03,0.881510487482098
allsubs,0,PPVcorr_bayes_cort,FP,3,3,PFM3T7T03,PFM3T7T03,0.541509693623024
allsubs,0,PPVcorr_bayes_cort,DAN,3,3,PFM3T7T03,PFM3T7T03,0.49748905545547
allsubs,0,PPVcorr_bayes_cort,VAN,3,3,PFM3T7T03,PFM3T7T03,0.670732625555305
allsubs,0,PPVcorr_bayes_cort,Sal,3,3,PFM3T7T03,PFM3T7T03,0.717665391698541
allsubs,0,PPVcorr_bayes_cort,AMN,3,3,PFM3T7T03,PFM3T7T03,0.666323907455013
allsubs,0,PPVcorr_bayes_cort,SMd,3,3,PFM3T7T03,PFM3T7T03,0.738637422722048
allsubs,0,PPVcorr_bayes_cort,SMl,3,3,PFM3T7T03,PFM3T7T03,0.705353854038212
allsubs,0,PPVcorr_bayes_cort,Aud,3,3,PFM3T7T03,PFM3T7T03,0.64547710354162
allsubs,0,PPVcorr_bayes_cort,Tpole,3,3,PFM3T7T03,PFM3T7T03,0.343048078708001
allsubs,0,PPVcorr_bayes_cort,MTL,3,3,PFM3T7T03,PFM3T7T03,0.510961921745516
allsubs,0,PPVcorr_bayes_cort,PMN,3,3,PFM3T7T03,PFM3T7T03,0.508290376596513
allsubs,0,PPVcorr_bayes_cort,PON,3,3,PFM3T7T03,PFM3T7T03,0.58641590542719
allsubs,0,PPVcorr_bayes_cort,SCAN,3,3,PFM3T7T03,PFM3T7T03,0.652741935483871
allsubs,0,MCC_cort,DMN,3,3,PFM3T7T03,PFM3T7T03,0.736635670246299
allsubs,0,MCC_cort,Vis,3,3,PFM3T7T03,PFM3T7T03,0.842496596925733
allsubs,0,MCC_cort,FP,3,3,PFM3T7T03,PFM3T7T03,0.639061945841585
allsubs,0,MCC_cort,DAN,3,3,PFM3T7T03,PFM3T7T03,0.516789763579415
allsubs,0,MCC_cort,VAN,3,3,PFM3T7T03,PFM3T7T03,0.578604959636844
allsubs,0,MCC_cort,Sal,3,3,PFM3T7T03,PFM3T7T03,0.52921443069082
allsubs,0,MCC_cort,AMN,3,3,PFM3T7T03,PFM3T7T03,0.65452252589363
allsubs,0,MCC_cort,SMd,3,3,PFM3T7T03,PFM3T7T03,0.704398737658267
allsubs,0,MCC_cort,SMl,3,3,PFM3T7T03,PFM3T7T03,0.431225019441317
allsubs,0,MCC_cort,Aud,3,3,PFM3T7T03,PFM3T7T03,0.597020397921293
allsubs,0,MCC_cort,Tpole,3,3,PFM3T7T03,PFM3T7T03,0.339285261466337
allsubs,0,MCC_cort,MTL,3,3,PFM3T7T03,PFM3T7T03,0.379389229429328
allsubs,0,MCC_cort,PMN,3,3,PFM3T7T03,PFM3T7T03,0.379294511737356
allsubs,0,MCC_cort,PON,3,3,PFM3T7T03,PFM3T7T03,0.545083549792837
allsubs,0,MCC_cort,SCAN,3,3,PFM3T7T03,PFM3T7T03,0.537837287308061
allsubs,0,muI_cort,WholeBrainOrSingleVal,3,3,PFM3T7T03,PFM3T7T03,1.73183551693593
allsubs,0,VIn_cort,WholeBrainOrSingleVal,3,3,PFM3T7T03,PFM3T7T03,0.221155136571748
allsubs,0,MIn_cort,WholeBrainOrSingleVal,3,3,PFM3T7T03,PFM3T7T03,0.496879123233864
allsubs,0,DC_cort,DMN,3,4,PFM3T7T03,PFM3T7T04,0.601796407185629
allsubs,0,DC_cort,Vis,3,4,PFM3T7T03,PFM3T7T04,0.757687972951216
allsubs,0,DC_cort,FP,3,4,PFM3T7T03,PFM3T7T04,0.539374660563271
allsubs,0,DC_cort,DAN,3,4,PFM3T7T03,PFM3T7T04,0.349959724890018
allsubs,0,DC_cort,VAN,3,4,PFM3T7T03,PFM3T7T04,0.42297729696785
allsubs,0,DC_cort,Sal,3,4,PFM3T7T03,PFM3T7T04,0.283064516129032
allsubs,0,DC_cort,AMN,3,4,PFM3T7T03,PFM3T7T04,0.556388595564942
allsubs,0,DC_cort,SMd,3,4,PFM3T7T03,PFM3T7T04,0.627541099522715
allsubs,0,DC_cort,SMl,3,4,PFM3T7T03,PFM3T7T04,0.60682302771855
allsubs,0,DC_cort,Aud,3,4,PFM3T7T03,PFM3T7T04,0.577026507875528
allsubs,0,DC_cort,Tpole,3,4,PFM3T7T03,PFM3T7T04,0.164655784244145
allsubs,0,DC_cort,MTL,3,4,PFM3T7T03,PFM3T7T04,0.361205205919059
allsubs,0,DC_cort,PMN,3,4,PFM3T7T03,PFM3T7T04,0.309278350515464
allsubs,0,DC_cort,PON,3,4,PFM3T7T03,PFM3T7T04,0.432860717264387
allsubs,0,DC_cort,SCAN,3,4,PFM3T7T03,PFM3T7T04,0.541024722321748
allsubs,0,cDC_cort,DMN,3,4,PFM3T7T03,PFM3T7T04,0.601796407185629
allsubs,0,cDC_cort,Vis,3,4,PFM3T7T03,PFM3T7T04,0.757687972951216
allsubs,0,cDC_cort,FP,3,4,PFM3T7T03,PFM3T7T04,0.539374660563271
allsubs,0,cDC_cort,DAN,3,4,PFM3T7T03,PFM3T7T04,0.349959724890018
allsubs,0,cDC_cort,VAN,3,4,PFM3T7T03,PFM3T7T04,0.42297729696785
allsubs,0,cDC_cort,Sal,3,4,PFM3T7T03,PFM3T7T04,0.283064516129032
allsubs,0,cDC_cort,AMN,3,4,PFM3T7T03,PFM3T7T04,0.556388595564942
allsubs,0,cDC_cort,SMd,3,4,PFM3T7T03,PFM3T7T04,0.627541099522715
allsubs,0,cDC_cort,SMl,3,4,PFM3T7T03,PFM3T7T04,0.60682302771855
allsubs,0,cDC_cort,Aud,3,4,PFM3T7T03,PFM3T7T04,0.577026507875528
allsubs,0,cDC_cort,Tpole,3,4,PFM3T7T03,PFM3T7T04,0.164655784244145
allsubs,0,cDC_cort,MTL,3,4,PFM3T7T03,PFM3T7T04,0.361205205919059
allsubs,0,cDC_cort,PMN,3,4,PFM3T7T03,PFM3T7T04,0.309278350515464
allsubs,0,cDC_cort,PON,3,4,PFM3T7T03,PFM3T7T04,0.432860717264387
allsubs,0,cDC_cort,SCAN,3,4,PFM3T7T03,PFM3T7T04,0.541024722321748
allsubs,0,TP_cort,DMN,3,4,PFM3T7T03,PFM3T7T04,4824.0
allsubs,0,TP_cort,Vis,3,4,PFM3T7T03,PFM3T7T04,4706.0
allsubs,0,TP_cort,FP,3,4,PFM3T7T03,PFM3T7T04,3476.0
allsubs,0,TP_cort,DAN,3,4,PFM3T7T03,PFM3T7T04,2824.0
allsubs,0,TP_cort,VAN,3,4,PFM3T7T03,PFM3T7T04,1388.0
allsubs,0,TP_cort,Sal,3,4,PFM3T7T03,PFM3T7T04,351.0
allsubs,0,TP_cort,AMN,3,4,PFM3T7T03,PFM3T7T04,5269.0
allsubs,0,TP_cort,SMd,3,4,PFM3T7T03,PFM3T7T04,1775.0
allsubs,0,TP_cort,SMl,3,4,PFM3T7T03,PFM3T7T04,1423.0
allsubs,0,TP_cort,Aud,3,4,PFM3T7T03,PFM3T7T04,1502.0
allsubs,0,TP_cort,Tpole,3,4,PFM3T7T03,PFM3T7T04,116.0
allsubs,0,TP_cort,MTL,3,4,PFM3T7T03,PFM3T7T04,1013.0
allsubs,0,TP_cort,PMN,3,4,PFM3T7T03,PFM3T7T04,495.0
allsubs,0,TP_cort,PON,3,4,PFM3T7T03,PFM3T7T04,1038.0
allsubs,0,TP_cort,SCAN,3,4,PFM3T7T03,PFM3T7T04,755.0
allsubs,0,TN_cort,DMN,3,4,PFM3T7T03,PFM3T7T04,48204.0
allsubs,0,TN_cort,Vis,3,4,PFM3T7T03,PFM3T7T04,51696.0
allsubs,0,TN_cort,FP,3,4,PFM3T7T03,PFM3T7T04,49999.0
allsubs,0,TN_cort,DAN,3,4,PFM3T7T03,PFM3T7T04,46097.0
allsubs,0,TN_cort,VAN,3,4,PFM3T7T03,PFM3T7T04,54237.0
allsubs,0,TN_cort,Sal,3,4,PFM3T7T03,PFM3T7T04,57283.0
allsubs,0,TN_cort,AMN,3,4,PFM3T7T03,PFM3T7T04,45741.0
allsubs,0,TN_cort,SMd,3,4,PFM3T7T03,PFM3T7T04,55530.0
allsubs,0,TN_cort,SMl,3,4,PFM3T7T03,PFM3T7T04,56145.0
allsubs,0,TN_cort,Aud,3,4,PFM3T7T03,PFM3T7T04,55708.0
allsubs,0,TN_cort,Tpole,3,4,PFM3T7T03,PFM3T7T04,58119.0
allsubs,0,TN_cort,MTL,3,4,PFM3T7T03,PFM3T7T04,54816.0
allsubs,0,TN_cort,PMN,3,4,PFM3T7T03,PFM3T7T04,56706.0
allsubs,0,TN_cort,PON,3,4,PFM3T7T03,PFM3T7T04,55654.0
allsubs,0,TN_cort,SCAN,3,4,PFM3T7T03,PFM3T7T04,57376.0
allsubs,0,FP_cort,DMN,3,4,PFM3T7T03,PFM3T7T04,5180.0
allsubs,0,FP_cort,Vis,3,4,PFM3T7T03,PFM3T7T04,534.0
allsubs,0,FP_cort,FP,3,4,PFM3T7T03,PFM3T7T04,2171.0
allsubs,0,FP_cort,DAN,3,4,PFM3T7T03,PFM3T7T04,7559.0
allsubs,0,FP_cort,VAN,3,4,PFM3T7T03,PFM3T7T04,1114.0
allsubs,0,FP_cort,Sal,3,4,PFM3T7T03,PFM3T7T04,617.0
allsubs,0,FP_cort,AMN,3,4,PFM3T7T03,PFM3T7T04,5097.0
allsubs,0,FP_cort,SMd,3,4,PFM3T7T03,PFM3T7T04,1287.0
allsubs,0,FP_cort,SMl,3,4,PFM3T7T03,PFM3T7T04,1350.0
allsubs,0,FP_cort,Aud,3,4,PFM3T7T03,PFM3T7T04,602.0
allsubs,0,FP_cort,Tpole,3,4,PFM3T7T03,PFM3T7T04,142.0
allsubs,0,FP_cort,MTL,3,4,PFM3T7T03,PFM3T7T04,310.0
allsubs,0,FP_cort,PMN,3,4,PFM3T7T03,PFM3T7T04,916.0
allsubs,0,FP_cort,PON,3,4,PFM3T7T03,PFM3T7T04,1175.0
allsubs,0,FP_cort,SCAN,3,4,PFM3T7T03,PFM3T7T04,403.0
allsubs,0,FN_cort,DMN,3,4,PFM3T7T03,PFM3T7T04,1204.0
allsubs,0,FN_cort,Vis,3,4,PFM3T7T03,PFM3T7T04,2476.0
allsubs,0,FN_cort,FP,3,4,PFM3T7T03,PFM3T7T04,3766.0
allsubs,0,FN_cort,DAN,3,4,PFM3T7T03,PFM3T7T04,2932.0
allsubs,0,FN_cort,VAN,3,4,PFM3T7T03,PFM3T7T04,2673.0
allsubs,0,FN_cort,Sal,3,4,PFM3T7T03,PFM3T7T04,1161.0
allsubs,0,FN_cort,AMN,3,4,PFM3T7T03,PFM3T7T04,3305.0
allsubs,0,FN_cort,SMd,3,4,PFM3T7T03,PFM3T7T04,820.0
allsubs,0,FN_cort,SMl,3,4,PFM3T7T03,PFM3T7T04,494.0
allsubs,0,FN_cort,Aud,3,4,PFM3T7T03,PFM3T7T04,1600.0
allsubs,0,FN_cort,Tpole,3,4,PFM3T7T03,PFM3T7T04,1035.0
allsubs,0,FN_cort,MTL,3,4,PFM3T7T03,PFM3T7T04,3273.0
allsubs,0,FN_cort,PMN,3,4,PFM3T7T03,PFM3T7T04,1295.0
allsubs,0,FN_cort,PON,3,4,PFM3T7T03,PFM3T7T04,1545.0
allsubs,0,FN_cort,SCAN,3,4,PFM3T7T03,PFM3T7T04,878.0
allsubs,0,TPR_cort,DMN,3,4,PFM3T7T03,PFM3T7T04,0.800265428002654
allsubs,0,TPR_cort,Vis,3,4,PFM3T7T03,PFM3T7T04,0.655249234196603
allsubs,0,TPR_cort,FP,3,4,PFM3T7T03,PFM3T7T04,0.47997790665562
allsubs,0,TPR_cort,DAN,3,4,PFM3T7T03,PFM3T7T04,0.490618485059069
allsubs,0,TPR_cort,VAN,3,4,PFM3T7T03,PFM3T7T04,0.341787737010589
allsubs,0,TPR_cort,Sal,3,4,PFM3T7T03,PFM3T7T04,0.232142857142857
allsubs,0,TPR_cort,AMN,3,4,PFM3T7T03,PFM3T7T04,0.614532306974574
allsubs,0,TPR_cort,SMd,3,4,PFM3T7T03,PFM3T7T04,0.684007707129094
allsubs,0,TPR_cort,SMl,3,4,PFM3T7T03,PFM3T7T04,0.742305685967658
allsubs,0,TPR_cort,Aud,3,4,PFM3T7T03,PFM3T7T04,0.484203739522888
allsubs,0,TPR_cort,Tpole,3,4,PFM3T7T03,PFM3T7T04,0.100781928757602
allsubs,0,TPR_cort,MTL,3,4,PFM3T7T03,PFM3T7T04,0.236350909939337
allsubs,0,TPR_cort,PMN,3,4,PFM3T7T03,PFM3T7T04,0.276536312849162
allsubs,0,TPR_cort,PON,3,4,PFM3T7T03,PFM3T7T04,0.401858304297329
allsubs,0,TPR_cort,SCAN,3,4,PFM3T7T03,PFM3T7T04,0.462339252908757
allsubs,0,TNR_cort,DMN,3,4,PFM3T7T03,PFM3T7T04,0.902967181177881
allsubs,0,TNR_cort,Vis,3,4,PFM3T7T03,PFM3T7T04,0.989775990809879
allsubs,0,TNR_cort,FP,3,4,PFM3T7T03,PFM3T7T04,0.958386045620088
allsubs,0,TNR_cort,DAN,3,4,PFM3T7T03,PFM3T7T04,0.859121067541375
allsubs,0,TNR_cort,VAN,3,4,PFM3T7T03,PFM3T7T04,0.979873895683908
allsubs,0,TNR_cort,Sal,3,4,PFM3T7T03,PFM3T7T04,0.989343696027634
allsubs,0,TNR_cort,AMN,3,4,PFM3T7T03,PFM3T7T04,0.899740351705417
allsubs,0,TNR_cort,SMd,3,4,PFM3T7T03,PFM3T7T04,0.97734832884524
allsubs,0,TNR_cort,SMl,3,4,PFM3T7T03,PFM3T7T04,0.976519697364988
allsubs,0,TNR_cort,Aud,3,4,PFM3T7T03,PFM3T7T04,0.989309181317706
allsubs,0,TNR_cort,Tpole,3,4,PFM3T7T03,PFM3T7T04,0.997562692023824
allsubs,0,TNR_cort,MTL,3,4,PFM3T7T03,PFM3T7T04,0.994376519246816
allsubs,0,TNR_cort,PMN,3,4,PFM3T7T03,PFM3T7T04,0.984103293880809
allsubs,0,TNR_cort,PON,3,4,PFM3T7T03,PFM3T7T04,0.979323936722448
allsubs,0,TNR_cort,SCAN,3,4,PFM3T7T03,PFM3T7T04,0.993025147544956
allsubs,0,FPR_cort,DMN,3,4,PFM3T7T03,PFM3T7T04,0.097032818822119
allsubs,0,FPR_cort,Vis,3,4,PFM3T7T03,PFM3T7T04,0.0102240091901206
allsubs,0,FPR_cort,FP,3,4,PFM3T7T03,PFM3T7T04,0.0416139543799118
allsubs,0,FPR_cort,DAN,3,4,PFM3T7T03,PFM3T7T04,0.140878932458625
allsubs,0,FPR_cort,VAN,3,4,PFM3T7T03,PFM3T7T04,0.0201261043160918
allsubs,0,FPR_cort,Sal,3,4,PFM3T7T03,PFM3T7T04,0.0106563039723661
allsubs,0,FPR_cort,AMN,3,4,PFM3T7T03,PFM3T7T04,0.100259648294583
allsubs,0,FPR_cort,SMd,3,4,PFM3T7T03,PFM3T7T04,0.02265167115476
allsubs,0,FPR_cort,SMl,3,4,PFM3T7T03,PFM3T7T04,0.0234803026350117
allsubs,0,FPR_cort,Aud,3,4,PFM3T7T03,PFM3T7T04,0.0106908186822944
allsubs,0,FPR_cort,Tpole,3,4,PFM3T7T03,PFM3T7T04,0.0024373079761761
allsubs,0,FPR_cort,MTL,3,4,PFM3T7T03,PFM3T7T04,0.0056234807531836
allsubs,0,FPR_cort,PMN,3,4,PFM3T7T03,PFM3T7T04,0.0158967061191906
allsubs,0,FPR_cort,PON,3,4,PFM3T7T03,PFM3T7T04,0.020676063277552
allsubs,0,FPR_cort,SCAN,3,4,PFM3T7T03,PFM3T7T04,0.0069748524550442
allsubs,0,FNR_cort,DMN,3,4,PFM3T7T03,PFM3T7T04,0.199734571997346
allsubs,0,FNR_cort,Vis,3,4,PFM3T7T03,PFM3T7T04,0.344750765803397
allsubs,0,FNR_cort,FP,3,4,PFM3T7T03,PFM3T7T04,0.52002209334438
allsubs,0,FNR_cort,DAN,3,4,PFM3T7T03,PFM3T7T04,0.509381514940931
allsubs,0,FNR_cort,VAN,3,4,PFM3T7T03,PFM3T7T04,0.658212262989411
allsubs,0,FNR_cort,Sal,3,4,PFM3T7T03,PFM3T7T04,0.767857142857143
allsubs,0,FNR_cort,AMN,3,4,PFM3T7T03,PFM3T7T04,0.385467693025426
allsubs,0,FNR_cort,SMd,3,4,PFM3T7T03,PFM3T7T04,0.315992292870906
allsubs,0,FNR_cort,SMl,3,4,PFM3T7T03,PFM3T7T04,0.257694314032342
allsubs,0,FNR_cort,Aud,3,4,PFM3T7T03,PFM3T7T04,0.515796260477112
allsubs,0,FNR_cort,Tpole,3,4,PFM3T7T03,PFM3T7T04,0.899218071242398
allsubs,0,FNR_cort,MTL,3,4,PFM3T7T03,PFM3T7T04,0.763649090060663
allsubs,0,FNR_cort,PMN,3,4,PFM3T7T03,PFM3T7T04,0.723463687150838
allsubs,0,FNR_cort,PON,3,4,PFM3T7T03,PFM3T7T04,0.598141695702671
allsubs,0,FNR_cort,SCAN,3,4,PFM3T7T03,PFM3T7T04,0.537660747091243
allsubs,0,NPV_cort,DMN,3,4,PFM3T7T03,PFM3T7T04,0.975631476683938
allsubs,0,NPV_cort,Vis,3,4,PFM3T7T03,PFM3T7T04,0.954293731078786
allsubs,0,NPV_cort,FP,3,4,PFM3T7T03,PFM3T7T04,0.929954431321492
allsubs,0,NPV_cort,DAN,3,4,PFM3T7T03,PFM3T7T04,0.940198657937139
allsubs,0,NPV_cort,VAN,3,4,PFM3T7T03,PFM3T7T04,0.953031101739589
allsubs,0,NPV_cort,Sal,3,4,PFM3T7T03,PFM3T7T04,0.980134829922661
allsubs,0,NPV_cort,AMN,3,4,PFM3T7T03,PFM3T7T04,0.932614280471394
allsubs,0,NPV_cort,SMd,3,4,PFM3T7T03,PFM3T7T04,0.98544809228039
allsubs,0,NPV_cort,SMl,3,4,PFM3T7T03,PFM3T7T04,0.991278094599128
allsubs,0,NPV_cort,Aud,3,4,PFM3T7T03,PFM3T7T04,0.972080686815104
allsubs,0,NPV_cort,Tpole,3,4,PFM3T7T03,PFM3T7T04,0.982503296480373
allsubs,0,NPV_cort,MTL,3,4,PFM3T7T03,PFM3T7T04,0.943655425295667
allsubs,0,NPV_cort,PMN,3,4,PFM3T7T03,PFM3T7T04,0.977672798744849
allsubs,0,NPV_cort,PON,3,4,PFM3T7T03,PFM3T7T04,0.9729890382699
allsubs,0,NPV_cort,SCAN,3,4,PFM3T7T03,PFM3T7T04,0.984928073608679
allsubs,0,PPV_cort,DMN,3,4,PFM3T7T03,PFM3T7T04,0.482207117153139
allsubs,0,PPV_cort,Vis,3,4,PFM3T7T03,PFM3T7T04,0.898091603053435
allsubs,0,PPV_cort,FP,3,4,PFM3T7T03,PFM3T7T04,0.615548078625819
allsubs,0,PPV_cort,DAN,3,4,PFM3T7T03,PFM3T7T04,0.271983049215063
allsubs,0,PPV_cort,VAN,3,4,PFM3T7T03,PFM3T7T04,0.554756195043965
allsubs,0,PPV_cort,Sal,3,4,PFM3T7T03,PFM3T7T04,0.362603305785124
allsubs,0,PPV_cort,AMN,3,4,PFM3T7T03,PFM3T7T04,0.508296353463245
allsubs,0,PPV_cort,SMd,3,4,PFM3T7T03,PFM3T7T04,0.579686479425212
allsubs,0,PPV_cort,SMl,3,4,PFM3T7T03,PFM3T7T04,0.513162639740353
allsubs,0,PPV_cort,Aud,3,4,PFM3T7T03,PFM3T7T04,0.713878326996198
allsubs,0,PPV_cort,Tpole,3,4,PFM3T7T03,PFM3T7T04,0.449612403100775
allsubs,0,PPV_cort,MTL,3,4,PFM3T7T03,PFM3T7T04,0.765684051398337
allsubs,0,PPV_cort,PMN,3,4,PFM3T7T03,PFM3T7T04,0.350815024805103
allsubs,0,PPV_cort,PON,3,4,PFM3T7T03,PFM3T7T04,0.469046543154089
allsubs,0,PPV_cort,SCAN,3,4,PFM3T7T03,PFM3T7T04,0.651986183074266
allsubs,0,PPVcorr_Jeffreys_cort,DMN,3,4,PFM3T7T03,PFM3T7T04,0.48321831278048
allsubs,0,PPVcorr_Jeffreys_cort,Vis,3,4,PFM3T7T03,PFM3T7T04,0.850105736631869
allsubs,0,PPVcorr_Jeffreys_cort,FP,3,4,PFM3T7T03,PFM3T7T04,0.602413987945756
allsubs,0,PPVcorr_Jeffreys_cort,DAN,3,4,PFM3T7T03,PFM3T7T04,0.283959629879729
allsubs,0,PPVcorr_Jeffreys_cort,VAN,3,4,PFM3T7T03,PFM3T7T04,0.547109796774526
allsubs,0,PPVcorr_Jeffreys_cort,Sal,3,4,PFM3T7T03,PFM3T7T04,0.381165117941387
allsubs,0,PPVcorr_Jeffreys_cort,AMN,3,4,PFM3T7T03,PFM3T7T04,0.507662562146943
allsubs,0,PPVcorr_Jeffreys_cort,SMd,3,4,PFM3T7T03,PFM3T7T04,0.573460785789553
allsubs,0,PPVcorr_Jeffreys_cort,SMl,3,4,PFM3T7T03,PFM3T7T04,0.512311532364152
allsubs,0,PPVcorr_Jeffreys_cort,Aud,3,4,PFM3T7T03,PFM3T7T04,0.686397150194682
allsubs,0,PPVcorr_Jeffreys_cort,Tpole,3,4,PFM3T7T03,PFM3T7T04,0.465156794425087
allsubs,0,PPVcorr_Jeffreys_cort,MTL,3,4,PFM3T7T03,PFM3T7T04,0.700673669787623
allsubs,0,PPVcorr_Jeffreys_cort,PMN,3,4,PFM3T7T03,PFM3T7T04,0.367610062893082
allsubs,0,PPVcorr_Jeffreys_cort,PON,3,4,PFM3T7T03,PFM3T7T04,0.472281795006677
allsubs,0,PPVcorr_Jeffreys_cort,SCAN,3,4,PFM3T7T03,PFM3T7T04,0.63320214939832
allsubs,0,PPVcorr_d1d2_cort,DMN,3,4,PFM3T7T03,PFM3T7T04,0.493860352168193
allsubs,0,PPVcorr_d1d2_cort,Vis,3,4,PFM3T7T03,PFM3T7T04,0.894862418690009
allsubs,0,PPVcorr_d1d2_cort,FP,3,4,PFM3T7T03,PFM3T7T04,0.618384776847805
allsubs,0,PPVcorr_d1d2_cort,DAN,3,4,PFM3T7T03,PFM3T7T04,0.286616337705373
allsubs,0,PPVcorr_d1d2_cort,VAN,3,4,PFM3T7T03,PFM3T7T04,0.557091986468741
allsubs,0,PPVcorr_d1d2_cort,Sal,3,4,PFM3T7T03,PFM3T7T04,0.38870080825179
allsubs,0,PPVcorr_d1d2_cort,AMN,3,4,PFM3T7T03,PFM3T7T04,0.514990006357858
allsubs,0,PPVcorr_d1d2_cort,SMd,3,4,PFM3T7T03,PFM3T7T04,0.598639312815508
allsubs,0,PPVcorr_d1d2_cort,SMl,3,4,PFM3T7T03,PFM3T7T04,0.545634343704952
allsubs,0,PPVcorr_d1d2_cort,Aud,3,4,PFM3T7T03,PFM3T7T04,0.712166534354984
allsubs,0,PPVcorr_d1d2_cort,Tpole,3,4,PFM3T7T03,PFM3T7T04,0.386950671451977
allsubs,0,PPVcorr_d1d2_cort,MTL,3,4,PFM3T7T03,PFM3T7T04,0.733404453748027
allsubs,0,PPVcorr_d1d2_cort,PMN,3,4,PFM3T7T03,PFM3T7T04,0.379845777541308
allsubs,0,PPVcorr_d1d2_cort,PON,3,4,PFM3T7T03,PFM3T7T04,0.485814853518334
allsubs,0,PPVcorr_d1d2_cort,SCAN,3,4,PFM3T7T03,PFM3T7T04,0.656403837258451
allsubs,0,PPVcorr_bayes_cort,DMN,3,4,PFM3T7T03,PFM3T7T04,0.516640145928743
allsubs,0,PPVcorr_bayes_cort,Vis,3,4,PFM3T7T03,PFM3T7T04,0.887216299708934
allsubs,0,PPVcorr_bayes_cort,FP,3,4,PFM3T7T03,PFM3T7T04,0.625422205953312
allsubs,0,PPVcorr_bayes_cort,DAN,3,4,PFM3T7T03,PFM3T7T04,0.313316403980584
allsubs,0,PPVcorr_bayes_cort,VAN,3,4,PFM3T7T03,PFM3T7T04,0.55933925832856
allsubs,0,PPVcorr_bayes_cort,Sal,3,4,PFM3T7T03,PFM3T7T04,0.382825962090752
allsubs,0,PPVcorr_bayes_cort,AMN,3,4,PFM3T7T03,PFM3T7T04,0.536120862936169
allsubs,0,PPVcorr_bayes_cort,SMd,3,4,PFM3T7T03,PFM3T7T04,0.604056064521181
allsubs,0,PPVcorr_bayes_cort,SMl,3,4,PFM3T7T03,PFM3T7T04,0.544331585274492
allsubs,0,PPVcorr_bayes_cort,Aud,3,4,PFM3T7T03,PFM3T7T04,0.711340206185567
allsubs,0,PPVcorr_bayes_cort,Tpole,3,4,PFM3T7T03,PFM3T7T04,0.408782182909493
allsubs,0,PPVcorr_bayes_cort,MTL,3,4,PFM3T7T03,PFM3T7T04,0.701846193850354
allsubs,0,PPVcorr_bayes_cort,PMN,3,4,PFM3T7T03,PFM3T7T04,0.376989676989677
allsubs,0,PPVcorr_bayes_cort,PON,3,4,PFM3T7T03,PFM3T7T04,0.490429549964791
allsubs,0,PPVcorr_bayes_cort,SCAN,3,4,PFM3T7T03,PFM3T7T04,0.655624068028856
allsubs,0,MCC_cort,DMN,3,4,PFM3T7T03,PFM3T7T04,0.567421385680514
allsubs,0,MCC_cort,Vis,3,4,PFM3T7T03,PFM3T7T04,0.741491767952188
allsubs,0,MCC_cort,FP,3,4,PFM3T7T03,PFM3T7T04,0.489007807950775
allsubs,0,MCC_cort,DAN,3,4,PFM3T7T03,PFM3T7T04,0.272412068986324
allsubs,0,MCC_cort,VAN,3,4,PFM3T7T03,PFM3T7T04,0.404148105210111
allsubs,0,MCC_cort,Sal,3,4,PFM3T7T03,PFM3T7T04,0.275521121364583
allsubs,0,MCC_cort,AMN,3,4,PFM3T7T03,PFM3T7T04,0.476180936151215
allsubs,0,MCC_cort,SMd,3,4,PFM3T7T03,PFM3T7T04,0.611355183289772
allsubs,0,MCC_cort,SMl,3,4,PFM3T7T03,PFM3T7T04,0.602166757825587
allsubs,0,MCC_cort,Aud,3,4,PFM3T7T03,PFM3T7T04,0.569921447400186
allsubs,0,MCC_cort,Tpole,3,4,PFM3T7T03,PFM3T7T04,0.206146197173289
allsubs,0,MCC_cort,MTL,3,4,PFM3T7T03,PFM3T7T04,0.404554166803234
allsubs,0,MCC_cort,PMN,3,4,PFM3T7T03,PFM3T7T04,0.292603720320921
allsubs,0,MCC_cort,PON,3,4,PFM3T7T03,PFM3T7T04,0.410482781048945
allsubs,0,MCC_cort,SCAN,3,4,PFM3T7T03,PFM3T7T04,0.538542550440401
allsubs,0,muI_cort,WholeBrainOrSingleVal,3,4,PFM3T7T03,PFM3T7T04,1.3885699450651
allsubs,0,VIn_cort,WholeBrainOrSingleVal,3,4,PFM3T7T03,PFM3T7T04,0.270033627367201
allsubs,0,MIn_cort,WholeBrainOrSingleVal,3,4,PFM3T7T03,PFM3T7T04,0.393392725501216
allsubs,0,DC_cort,DMN,4,1,PFM3T7T04,PFM3T7T01,0.566514231110504
allsubs,0,DC_cort,Vis,4,1,PFM3T7T04,PFM3T7T01,0.823376025768847
allsubs,0,DC_cort,FP,4,1,PFM3T7T04,PFM3T7T01,0.560720720720721
allsubs,0,DC_cort,DAN,4,1,PFM3T7T04,PFM3T7T01,0.414782129067843
allsubs,0,DC_cort,VAN,4,1,PFM3T7T04,PFM3T7T01,0.324805339265851
allsubs,0,DC_cort,Sal,4,1,PFM3T7T04,PFM3T7T01,0.257861635220126
allsubs,0,DC_cort,AMN,4,1,PFM3T7T04,PFM3T7T01,0.449653591707038
allsubs,0,DC_cort,SMd,4,1,PFM3T7T04,PFM3T7T01,0.474212034383954
allsubs,0,DC_cort,SMl,4,1,PFM3T7T04,PFM3T7T01,0.333896872358411
allsubs,0,DC_cort,Aud,4,1,PFM3T7T04,PFM3T7T01,0.413702239789196
allsubs,0,DC_cort,Tpole,4,1,PFM3T7T04,PFM3T7T01,0.151174668028601
allsubs,0,DC_cort,MTL,4,1,PFM3T7T04,PFM3T7T01,0.417088479449281
allsubs,0,DC_cort,PMN,4,1,PFM3T7T04,PFM3T7T01,0.305846697815381
allsubs,0,DC_cort,PON,4,1,PFM3T7T04,PFM3T7T01,0.492564570832246
allsubs,0,DC_cort,SCAN,4,1,PFM3T7T04,PFM3T7T01,0.485041037860736
allsubs,0,cDC_cort,DMN,4,1,PFM3T7T04,PFM3T7T01,0.566514231110504
allsubs,0,cDC_cort,Vis,4,1,PFM3T7T04,PFM3T7T01,0.823376025768847
allsubs,0,cDC_cort,FP,4,1,PFM3T7T04,PFM3T7T01,0.560720720720721
allsubs,0,cDC_cort,DAN,4,1,PFM3T7T04,PFM3T7T01,0.414782129067843
allsubs,0,cDC_cort,VAN,4,1,PFM3T7T04,PFM3T7T01,0.324805339265851
allsubs,0,cDC_cort,Sal,4,1,PFM3T7T04,PFM3T7T01,0.257861635220126
allsubs,0,cDC_cort,AMN,4,1,PFM3T7T04,PFM3T7T01,0.449653591707038
allsubs,0,cDC_cort,SMd,4,1,PFM3T7T04,PFM3T7T01,0.474212034383954
allsubs,0,cDC_cort,SMl,4,1,PFM3T7T04,PFM3T7T01,0.333896872358411
allsubs,0,cDC_cort,Aud,4,1,PFM3T7T04,PFM3T7T01,0.413702239789196
allsubs,0,cDC_cort,Tpole,4,1,PFM3T7T04,PFM3T7T01,0.151174668028601
allsubs,0,cDC_cort,MTL,4,1,PFM3T7T04,PFM3T7T01,0.417088479449281
allsubs,0,cDC_cort,PMN,4,1,PFM3T7T04,PFM3T7T01,0.305846697815381
allsubs,0,cDC_cort,PON,4,1,PFM3T7T04,PFM3T7T01,0.492564570832246
allsubs,0,cDC_cort,SCAN,4,1,PFM3T7T04,PFM3T7T01,0.485041037860736
allsubs,0,TP_cort,DMN,4,1,PFM3T7T04,PFM3T7T01,4150.0
allsubs,0,TP_cort,Vis,4,1,PFM3T7T04,PFM3T7T01,5368.0
allsubs,0,TP_cort,FP,4,1,PFM3T7T04,PFM3T7T01,3890.0
allsubs,0,TP_cort,DAN,4,1,PFM3T7T04,PFM3T7T01,2256.0
allsubs,0,TP_cort,VAN,4,1,PFM3T7T04,PFM3T7T01,876.0
allsubs,0,TP_cort,Sal,4,1,PFM3T7T04,PFM3T7T01,287.0
allsubs,0,TP_cort,AMN,4,1,PFM3T7T04,PFM3T7T01,4316.0
allsubs,0,TP_cort,SMd,4,1,PFM3T7T04,PFM3T7T01,993.0
allsubs,0,TP_cort,SMl,4,1,PFM3T7T04,PFM3T7T01,1185.0
allsubs,0,TP_cort,Aud,4,1,PFM3T7T04,PFM3T7T01,1413.0
allsubs,0,TP_cort,Tpole,4,1,PFM3T7T04,PFM3T7T01,74.0
allsubs,0,TP_cort,MTL,4,1,PFM3T7T04,PFM3T7T01,1030.0
allsubs,0,TP_cort,PMN,4,1,PFM3T7T04,PFM3T7T01,1211.0
allsubs,0,TP_cort,PON,4,1,PFM3T7T04,PFM3T7T01,944.0
allsubs,0,TP_cort,SCAN,4,1,PFM3T7T04,PFM3T7T01,916.0
allsubs,0,TN_cort,DMN,4,1,PFM3T7T04,PFM3T7T01,48911.0
allsubs,0,TN_cort,Vis,4,1,PFM3T7T04,PFM3T7T01,51741.0
allsubs,0,TN_cort,FP,4,1,PFM3T7T04,PFM3T7T01,49427.0
allsubs,0,TN_cort,DAN,4,1,PFM3T7T04,PFM3T7T01,50790.0
allsubs,0,TN_cort,VAN,4,1,PFM3T7T04,PFM3T7T01,54894.0
allsubs,0,TN_cort,Sal,4,1,PFM3T7T04,PFM3T7T01,57473.0
allsubs,0,TN_cort,AMN,4,1,PFM3T7T04,PFM3T7T01,44531.0
allsubs,0,TN_cort,SMd,4,1,PFM3T7T04,PFM3T7T01,56217.0
allsubs,0,TN_cort,SMl,4,1,PFM3T7T04,PFM3T7T01,53499.0
allsubs,0,TN_cort,Aud,4,1,PFM3T7T04,PFM3T7T01,53994.0
allsubs,0,TN_cort,Tpole,4,1,PFM3T7T04,PFM3T7T01,58507.0
allsubs,0,TN_cort,MTL,4,1,PFM3T7T04,PFM3T7T01,55503.0
allsubs,0,TN_cort,PMN,4,1,PFM3T7T04,PFM3T7T01,52704.0
allsubs,0,TN_cort,PON,4,1,PFM3T7T04,PFM3T7T01,56523.0
allsubs,0,TN_cort,SCAN,4,1,PFM3T7T04,PFM3T7T01,56551.0
allsubs,0,FP_cort,DMN,4,1,PFM3T7T04,PFM3T7T01,2175.0
allsubs,0,FP_cort,Vis,4,1,PFM3T7T04,PFM3T7T01,459.0
allsubs,0,FP_cort,FP,4,1,PFM3T7T04,PFM3T7T01,2590.0
allsubs,0,FP_cort,DAN,4,1,PFM3T7T04,PFM3T7T01,1312.0
allsubs,0,FP_cort,VAN,4,1,PFM3T7T04,PFM3T7T01,2000.0
allsubs,0,FP_cort,Sal,4,1,PFM3T7T04,PFM3T7T01,318.0
allsubs,0,FP_cort,AMN,4,1,PFM3T7T04,PFM3T7T01,9344.0
allsubs,0,FP_cort,SMd,4,1,PFM3T7T04,PFM3T7T01,235.0
allsubs,0,FP_cort,SMl,4,1,PFM3T7T04,PFM3T7T01,3690.0
allsubs,0,FP_cort,Aud,4,1,PFM3T7T04,PFM3T7T01,404.0
allsubs,0,FP_cort,Tpole,4,1,PFM3T7T04,PFM3T7T01,397.0
allsubs,0,FP_cort,MTL,4,1,PFM3T7T04,PFM3T7T01,631.0
allsubs,0,FP_cort,PMN,4,1,PFM3T7T04,PFM3T7T01,4834.0
allsubs,0,FP_cort,PON,4,1,PFM3T7T04,PFM3T7T01,1147.0
allsubs,0,FP_cort,SCAN,4,1,PFM3T7T04,PFM3T7T01,967.0
allsubs,0,FN_cort,DMN,4,1,PFM3T7T04,PFM3T7T01,4176.0
allsubs,0,FN_cort,Vis,4,1,PFM3T7T04,PFM3T7T01,1844.0
allsubs,0,FN_cort,FP,4,1,PFM3T7T04,PFM3T7T01,3505.0
allsubs,0,FN_cort,DAN,4,1,PFM3T7T04,PFM3T7T01,5054.0
allsubs,0,FN_cort,VAN,4,1,PFM3T7T04,PFM3T7T01,1642.0
allsubs,0,FN_cort,Sal,4,1,PFM3T7T04,PFM3T7T01,1334.0
allsubs,0,FN_cort,AMN,4,1,PFM3T7T04,PFM3T7T01,1221.0
allsubs,0,FN_cort,SMd,4,1,PFM3T7T04,PFM3T7T01,1967.0
allsubs,0,FN_cort,SMl,4,1,PFM3T7T04,PFM3T7T01,1038.0
allsubs,0,FN_cort,Aud,4,1,PFM3T7T04,PFM3T7T01,3601.0
allsubs,0,FN_cort,Tpole,4,1,PFM3T7T04,PFM3T7T01,434.0
allsubs,0,FN_cort,MTL,4,1,PFM3T7T04,PFM3T7T01,2248.0
allsubs,0,FN_cort,PMN,4,1,PFM3T7T04,PFM3T7T01,663.0
allsubs,0,FN_cort,PON,4,1,PFM3T7T04,PFM3T7T01,798.0
allsubs,0,FN_cort,SCAN,4,1,PFM3T7T04,PFM3T7T01,978.0
allsubs,0,TPR_cort,DMN,4,1,PFM3T7T04,PFM3T7T01,0.498438625990872
allsubs,0,TPR_cort,Vis,4,1,PFM3T7T04,PFM3T7T01,0.744315030504714
allsubs,0,TPR_cort,FP,4,1,PFM3T7T04,PFM3T7T01,0.526031102096011
allsubs,0,TPR_cort,DAN,4,1,PFM3T7T04,PFM3T7T01,0.308618331053352
allsubs,0,TPR_cort,VAN,4,1,PFM3T7T04,PFM3T7T01,0.347895154884829
allsubs,0,TPR_cort,Sal,4,1,PFM3T7T04,PFM3T7T01,0.177051202961135
allsubs,0,TPR_cort,AMN,4,1,PFM3T7T04,PFM3T7T01,0.779483474805852
allsubs,0,TPR_cort,SMd,4,1,PFM3T7T04,PFM3T7T01,0.335472972972973
allsubs,0,TPR_cort,SMl,4,1,PFM3T7T04,PFM3T7T01,0.53306342780027
allsubs,0,TPR_cort,Aud,4,1,PFM3T7T04,PFM3T7T01,0.281810929397686
allsubs,0,TPR_cort,Tpole,4,1,PFM3T7T04,PFM3T7T01,0.145669291338583
allsubs,0,TPR_cort,MTL,4,1,PFM3T7T04,PFM3T7T01,0.314215985356925
allsubs,0,TPR_cort,PMN,4,1,PFM3T7T04,PFM3T7T01,0.646211312700107
allsubs,0,TPR_cort,PON,4,1,PFM3T7T04,PFM3T7T01,0.541905855338691
allsubs,0,TPR_cort,SCAN,4,1,PFM3T7T04,PFM3T7T01,0.48363252375924
allsubs,0,TNR_cort,DMN,4,1,PFM3T7T04,PFM3T7T01,0.957424734760991
allsubs,0,TNR_cort,Vis,4,1,PFM3T7T04,PFM3T7T01,0.991206896551724
allsubs,0,TNR_cort,FP,4,1,PFM3T7T04,PFM3T7T01,0.95020858565469
allsubs,0,TNR_cort,DAN,4,1,PFM3T7T04,PFM3T7T01,0.974818625004798
allsubs,0,TNR_cort,VAN,4,1,PFM3T7T04,PFM3T7T01,0.964846908285584
allsubs,0,TNR_cort,Sal,4,1,PFM3T7T04,PFM3T7T01,0.994497413092004
allsubs,0,TNR_cort,AMN,4,1,PFM3T7T04,PFM3T7T01,0.826561484918794
allsubs,0,TNR_cort,SMd,4,1,PFM3T7T04,PFM3T7T01,0.995837171402253
allsubs,0,TNR_cort,SMl,4,1,PFM3T7T04,PFM3T7T01,0.935477102239941
allsubs,0,TNR_cort,Aud,4,1,PFM3T7T04,PFM3T7T01,0.992573256369719
allsubs,0,TNR_cort,Tpole,4,1,PFM3T7T04,PFM3T7T01,0.993260220019014
allsubs,0,TNR_cort,MTL,4,1,PFM3T7T04,PFM3T7T01,0.988759040866498
allsubs,0,TNR_cort,PMN,4,1,PFM3T7T04,PFM3T7T01,0.915985957106608
allsubs,0,TNR_cort,PON,4,1,PFM3T7T04,PFM3T7T01,0.980110976244148
allsubs,0,TNR_cort,SCAN,4,1,PFM3T7T04,PFM3T7T01,0.983187871622796
allsubs,0,FPR_cort,DMN,4,1,PFM3T7T04,PFM3T7T01,0.0425752652390087
allsubs,0,FPR_cort,Vis,4,1,PFM3T7T04,PFM3T7T01,0.0087931034482758
allsubs,0,FPR_cort,FP,4,1,PFM3T7T04,PFM3T7T01,0.0497914143453102
allsubs,0,FPR_cort,DAN,4,1,PFM3T7T04,PFM3T7T01,0.0251813749952017
allsubs,0,FPR_cort,VAN,4,1,PFM3T7T04,PFM3T7T01,0.0351530917144163
allsubs,0,FPR_cort,Sal,4,1,PFM3T7T04,PFM3T7T01,0.005502586907996
allsubs,0,FPR_cort,AMN,4,1,PFM3T7T04,PFM3T7T01,0.173438515081207
allsubs,0,FPR_cort,SMd,4,1,PFM3T7T04,PFM3T7T01,0.0041628285977467
allsubs,0,FPR_cort,SMl,4,1,PFM3T7T04,PFM3T7T01,0.0645228977600587
allsubs,0,FPR_cort,Aud,4,1,PFM3T7T04,PFM3T7T01,0.0074267436302805
allsubs,0,FPR_cort,Tpole,4,1,PFM3T7T04,PFM3T7T01,0.006739779980986
allsubs,0,FPR_cort,MTL,4,1,PFM3T7T04,PFM3T7T01,0.011240959133502
allsubs,0,FPR_cort,PMN,4,1,PFM3T7T04,PFM3T7T01,0.0840140428933922
allsubs,0,FPR_cort,PON,4,1,PFM3T7T04,PFM3T7T01,0.0198890237558523
allsubs,0,FPR_cort,SCAN,4,1,PFM3T7T04,PFM3T7T01,0.0168121283772037
allsubs,0,FNR_cort,DMN,4,1,PFM3T7T04,PFM3T7T01,0.501561374009128
allsubs,0,FNR_cort,Vis,4,1,PFM3T7T04,PFM3T7T01,0.255684969495286
allsubs,0,FNR_cort,FP,4,1,PFM3T7T04,PFM3T7T01,0.473968897903989
allsubs,0,FNR_cort,DAN,4,1,PFM3T7T04,PFM3T7T01,0.691381668946648
allsubs,0,FNR_cort,VAN,4,1,PFM3T7T04,PFM3T7T01,0.652104845115171
allsubs,0,FNR_cort,Sal,4,1,PFM3T7T04,PFM3T7T01,0.822948797038865
allsubs,0,FNR_cort,AMN,4,1,PFM3T7T04,PFM3T7T01,0.220516525194148
allsubs,0,FNR_cort,SMd,4,1,PFM3T7T04,PFM3T7T01,0.664527027027027
allsubs,0,FNR_cort,SMl,4,1,PFM3T7T04,PFM3T7T01,0.46693657219973
allsubs,0,FNR_cort,Aud,4,1,PFM3T7T04,PFM3T7T01,0.718189070602314
allsubs,0,FNR_cort,Tpole,4,1,PFM3T7T04,PFM3T7T01,0.854330708661417
allsubs,0,FNR_cort,MTL,4,1,PFM3T7T04,PFM3T7T01,0.685784014643075
allsubs,0,FNR_cort,PMN,4,1,PFM3T7T04,PFM3T7T01,0.353788687299893
allsubs,0,FNR_cort,PON,4,1,PFM3T7T04,PFM3T7T01,0.458094144661309
allsubs,0,FNR_cort,SCAN,4,1,PFM3T7T04,PFM3T7T01,0.51636747624076
allsubs,0,NPV_cort,DMN,4,1,PFM3T7T04,PFM3T7T01,0.921336673761938
allsubs,0,NPV_cort,Vis,4,1,PFM3T7T04,PFM3T7T01,0.965587384529253
allsubs,0,NPV_cort,FP,4,1,PFM3T7T04,PFM3T7T01,0.933782966825361
allsubs,0,NPV_cort,DAN,4,1,PFM3T7T04,PFM3T7T01,0.909497886970847
allsubs,0,NPV_cort,VAN,4,1,PFM3T7T04,PFM3T7T01,0.970956558652894
allsubs,0,NPV_cort,Sal,4,1,PFM3T7T04,PFM3T7T01,0.977315625690819
allsubs,0,NPV_cort,AMN,4,1,PFM3T7T04,PFM3T7T01,0.973312642070292
allsubs,0,NPV_cort,SMd,4,1,PFM3T7T04,PFM3T7T01,0.966193455245428
allsubs,0,NPV_cort,SMl,4,1,PFM3T7T04,PFM3T7T01,0.980967049892733
allsubs,0,NPV_cort,Aud,4,1,PFM3T7T04,PFM3T7T01,0.937477211563504
allsubs,0,NPV_cort,Tpole,4,1,PFM3T7T04,PFM3T7T01,0.992636704501111
allsubs,0,NPV_cort,MTL,4,1,PFM3T7T04,PFM3T7T01,0.961074267112258
allsubs,0,NPV_cort,PMN,4,1,PFM3T7T04,PFM3T7T01,0.987576592276126
allsubs,0,NPV_cort,PON,4,1,PFM3T7T04,PFM3T7T01,0.986078400586173
allsubs,0,NPV_cort,SCAN,4,1,PFM3T7T04,PFM3T7T01,0.982999878322237
allsubs,0,PPV_cort,DMN,4,1,PFM3T7T04,PFM3T7T01,0.656126482213439
allsubs,0,PPV_cort,Vis,4,1,PFM3T7T04,PFM3T7T01,0.921228762656599
allsubs,0,PPV_cort,FP,4,1,PFM3T7T04,PFM3T7T01,0.600308641975309
allsubs,0,PPV_cort,DAN,4,1,PFM3T7T04,PFM3T7T01,0.632286995515695
allsubs,0,PPV_cort,VAN,4,1,PFM3T7T04,PFM3T7T01,0.304589707927677
allsubs,0,PPV_cort,Sal,4,1,PFM3T7T04,PFM3T7T01,0.474380165289256
allsubs,0,PPV_cort,AMN,4,1,PFM3T7T04,PFM3T7T01,0.315959004392387
allsubs,0,PPV_cort,SMd,4,1,PFM3T7T04,PFM3T7T01,0.808631921824104
allsubs,0,PPV_cort,SMl,4,1,PFM3T7T04,PFM3T7T01,0.243076923076923
allsubs,0,PPV_cort,Aud,4,1,PFM3T7T04,PFM3T7T01,0.777655476059439
allsubs,0,PPV_cort,Tpole,4,1,PFM3T7T04,PFM3T7T01,0.157112526539278
allsubs,0,PPV_cort,MTL,4,1,PFM3T7T04,PFM3T7T01,0.620108368452739
allsubs,0,PPV_cort,PMN,4,1,PFM3T7T04,PFM3T7T01,0.200330851943755
allsubs,0,PPV_cort,PON,4,1,PFM3T7T04,PFM3T7T01,0.451458632233381
allsubs,0,PPV_cort,SCAN,4,1,PFM3T7T04,PFM3T7T01,0.486457780138078
allsubs,0,PPVcorr_Jeffreys_cort,DMN,4,1,PFM3T7T04,PFM3T7T01,0.637965239745166
allsubs,0,PPVcorr_Jeffreys_cort,Vis,4,1,PFM3T7T04,PFM3T7T01,0.874835832747931
allsubs,0,PPVcorr_Jeffreys_cort,FP,4,1,PFM3T7T04,PFM3T7T01,0.590033935868135
allsubs,0,PPVcorr_Jeffreys_cort,DAN,4,1,PFM3T7T04,PFM3T7T01,0.609792975110491
allsubs,0,PPVcorr_Jeffreys_cort,VAN,4,1,PFM3T7T04,PFM3T7T01,0.320320992390818
allsubs,0,PPVcorr_Jeffreys_cort,Sal,4,1,PFM3T7T04,PFM3T7T01,0.479794029461609
allsubs,0,PPVcorr_Jeffreys_cort,AMN,4,1,PFM3T7T04,PFM3T7T01,0.323128390215074
allsubs,0,PPVcorr_Jeffreys_cort,SMd,4,1,PFM3T7T04,PFM3T7T01,0.748687664041995
allsubs,0,PPVcorr_Jeffreys_cort,SMl,4,1,PFM3T7T04,PFM3T7T01,0.254281678535695
allsubs,0,PPVcorr_Jeffreys_cort,Aud,4,1,PFM3T7T04,PFM3T7T01,0.717606970324362
allsubs,0,PPVcorr_Jeffreys_cort,Tpole,4,1,PFM3T7T04,PFM3T7T01,0.190494442315063
allsubs,0,PPVcorr_Jeffreys_cort,MTL,4,1,PFM3T7T04,PFM3T7T01,0.600311745776347
allsubs,0,PPVcorr_Jeffreys_cort,PMN,4,1,PFM3T7T04,PFM3T7T01,0.209341505679995
allsubs,0,PPVcorr_Jeffreys_cort,PON,4,1,PFM3T7T04,PFM3T7T01,0.455191594561187
allsubs,0,PPVcorr_Jeffreys_cort,SCAN,4,1,PFM3T7T04,PFM3T7T01,0.487695425593515
allsubs,0,PPVcorr_d1d2_cort,DMN,4,1,PFM3T7T04,PFM3T7T01,0.657713484411567
allsubs,0,PPVcorr_d1d2_cort,Vis,4,1,PFM3T7T04,PFM3T7T01,0.919246945973236
allsubs,0,PPVcorr_d1d2_cort,FP,4,1,PFM3T7T04,PFM3T7T01,0.604486669935856
allsubs,0,PPVcorr_d1d2_cort,DAN,4,1,PFM3T7T04,PFM3T7T01,0.628321027397439
allsubs,0,PPVcorr_d1d2_cort,VAN,4,1,PFM3T7T04,PFM3T7T01,0.332790605657406
allsubs,0,PPVcorr_d1d2_cort,Sal,4,1,PFM3T7T04,PFM3T7T01,0.460088725701793
allsubs,0,PPVcorr_d1d2_cort,AMN,4,1,PFM3T7T04,PFM3T7T01,0.331604097909385
allsubs,0,PPVcorr_d1d2_cort,SMd,4,1,PFM3T7T04,PFM3T7T01,0.778770870192992
allsubs,0,PPVcorr_d1d2_cort,SMl,4,1,PFM3T7T04,PFM3T7T01,0.282314759970666
allsubs,0,PPVcorr_d1d2_cort,Aud,4,1,PFM3T7T04,PFM3T7T01,0.75585950579254
allsubs,0,PPVcorr_d1d2_cort,Tpole,4,1,PFM3T7T04,PFM3T7T01,0.292336600407467
allsubs,0,PPVcorr_d1d2_cort,MTL,4,1,PFM3T7T04,PFM3T7T01,0.613604506776162
allsubs,0,PPVcorr_d1d2_cort,PMN,4,1,PFM3T7T04,PFM3T7T01,0.249604952557841
allsubs,0,PPVcorr_d1d2_cort,PON,4,1,PFM3T7T04,PFM3T7T01,0.485645275168235
allsubs,0,PPVcorr_d1d2_cort,SCAN,4,1,PFM3T7T04,PFM3T7T01,0.512056057754539
allsubs,0,PPVcorr_bayes_cort,DMN,4,1,PFM3T7T04,PFM3T7T01,0.66249647746318
allsubs,0,PPVcorr_bayes_cort,Vis,4,1,PFM3T7T04,PFM3T7T01,0.914560643764341
allsubs,0,PPVcorr_bayes_cort,FP,4,1,PFM3T7T04,PFM3T7T01,0.61518811808926
allsubs,0,PPVcorr_bayes_cort,DAN,4,1,PFM3T7T04,PFM3T7T01,0.618858813063922
allsubs,0,PPVcorr_bayes_cort,VAN,4,1,PFM3T7T04,PFM3T7T01,0.339771554164308
allsubs,0,PPVcorr_bayes_cort,Sal,4,1,PFM3T7T04,PFM3T7T01,0.462484535332218
allsubs,0,PPVcorr_bayes_cort,AMN,4,1,PFM3T7T04,PFM3T7T01,0.35869951247861
allsubs,0,PPVcorr_bayes_cort,SMd,4,1,PFM3T7T04,PFM3T7T01,0.766085693536674
allsubs,0,PPVcorr_bayes_cort,SMl,4,1,PFM3T7T04,PFM3T7T01,0.286586527375355
allsubs,0,PPVcorr_bayes_cort,Aud,4,1,PFM3T7T04,PFM3T7T01,0.727195823464011
allsubs,0,PPVcorr_bayes_cort,Tpole,4,1,PFM3T7T04,PFM3T7T01,0.197125050261359
allsubs,0,PPVcorr_bayes_cort,MTL,4,1,PFM3T7T04,PFM3T7T01,0.609863628895339
allsubs,0,PPVcorr_bayes_cort,PMN,4,1,PFM3T7T04,PFM3T7T01,0.246551134420249
allsubs,0,PPVcorr_bayes_cort,PON,4,1,PFM3T7T04,PFM3T7T01,0.481414345371942
allsubs,0,PPVcorr_bayes_cort,SCAN,4,1,PFM3T7T04,PFM3T7T01,0.510764643452772
allsubs,0,MCC_cort,DMN,4,1,PFM3T7T04,PFM3T7T01,0.51307338168464
allsubs,0,MCC_cort,Vis,4,1,PFM3T7T04,PFM3T7T01,0.807634026971935
allsubs,0,MCC_cort,FP,4,1,PFM3T7T04,PFM3T7T01,0.504336813058
allsubs,0,MCC_cort,DAN,4,1,PFM3T7T04,PFM3T7T01,0.391869695090483
allsubs,0,MCC_cort,VAN,4,1,PFM3T7T04,PFM3T7T01,0.293555630007861
allsubs,0,MCC_cort,Sal,4,1,PFM3T7T04,PFM3T7T01,0.278366283553989
allsubs,0,MCC_cort,AMN,4,1,PFM3T7T04,PFM3T7T01,0.418702308722983
allsubs,0,MCC_cort,SMd,4,1,PFM3T7T04,PFM3T7T01,0.506663110500948
allsubs,0,MCC_cort,SMl,4,1,PFM3T7T04,PFM3T7T01,0.323996422584444
allsubs,0,MCC_cort,Aud,4,1,PFM3T7T04,PFM3T7T01,0.442968509274731
allsubs,0,MCC_cort,Tpole,4,1,PFM3T7T04,PFM3T7T01,0.144237954417751
allsubs,0,MCC_cort,MTL,4,1,PFM3T7T04,PFM3T7T01,0.419623431484591
allsubs,0,MCC_cort,PMN,4,1,PFM3T7T04,PFM3T7T01,0.325024694626077
allsubs,0,MCC_cort,PON,4,1,PFM3T7T04,PFM3T7T01,0.477913899748292
allsubs,0,MCC_cort,SCAN,4,1,PFM3T7T04,PFM3T7T01,0.468137169788481
allsubs,0,muI_cort,WholeBrainOrSingleVal,4,1,PFM3T7T04,PFM3T7T01,1.28106489214755
allsubs,0,VIn_cort,WholeBrainOrSingleVal,4,1,PFM3T7T04,PFM3T7T01,0.28456842006603
allsubs,0,MIn_cort,WholeBrainOrSingleVal,4,1,PFM3T7T04,PFM3T7T01,0.362141115982582
allsubs,0,DC_cort,DMN,4,2,PFM3T7T04,PFM3T7T02,0.561868596403238
allsubs,0,DC_cort,Vis,4,2,PFM3T7T04,PFM3T7T02,0.80511811023622
allsubs,0,DC_cort,FP,4,2,PFM3T7T04,PFM3T7T02,0.569410618606917
allsubs,0,DC_cort,DAN,4,2,PFM3T7T04,PFM3T7T02,0.503150525087515
allsubs,0,DC_cort,VAN,4,2,PFM3T7T04,PFM3T7T02,0.425259992482145
allsubs,0,DC_cort,Sal,4,2,PFM3T7T04,PFM3T7T02,0.215421542154215
allsubs,0,DC_cort,AMN,4,2,PFM3T7T04,PFM3T7T02,0.436344647519582
allsubs,0,DC_cort,SMd,4,2,PFM3T7T04,PFM3T7T02,0.432472598922534
allsubs,0,DC_cort,SMl,4,2,PFM3T7T04,PFM3T7T02,0.364694471387003
allsubs,0,DC_cort,Aud,4,2,PFM3T7T04,PFM3T7T02,0.47965367965368
allsubs,0,DC_cort,Tpole,4,2,PFM3T7T04,PFM3T7T02,0.314765694076039
allsubs,0,DC_cort,MTL,4,2,PFM3T7T04,PFM3T7T02,0.424242424242424
allsubs,0,DC_cort,PMN,4,2,PFM3T7T04,PFM3T7T02,0.221386800334169
allsubs,0,DC_cort,PON,4,2,PFM3T7T04,PFM3T7T02,0.534441285808004
allsubs,0,DC_cort,SCAN,4,2,PFM3T7T04,PFM3T7T02,0.4566722814898
allsubs,0,cDC_cort,DMN,4,2,PFM3T7T04,PFM3T7T02,0.561868596403238
allsubs,0,cDC_cort,Vis,4,2,PFM3T7T04,PFM3T7T02,0.80511811023622
allsubs,0,cDC_cort,FP,4,2,PFM3T7T04,PFM3T7T02,0.569410618606917
allsubs,0,cDC_cort,DAN,4,2,PFM3T7T04,PFM3T7T02,0.503150525087515
allsubs,0,cDC_cort,VAN,4,2,PFM3T7T04,PFM3T7T02,0.425259992482145
allsubs,0,cDC_cort,Sal,4,2,PFM3T7T04,PFM3T7T02,0.215421542154215
allsubs,0,cDC_cort,AMN,4,2,PFM3T7T04,PFM3T7T02,0.436344647519582
allsubs,0,cDC_cort,SMd,4,2,PFM3T7T04,PFM3T7T02,0.432472598922534
allsubs,0,cDC_cort,SMl,4,2,PFM3T7T04,PFM3T7T02,0.364694471387003
allsubs,0,cDC_cort,Aud,4,2,PFM3T7T04,PFM3T7T02,0.47965367965368
allsubs,0,cDC_cort,Tpole,4,2,PFM3T7T04,PFM3T7T02,0.314765694076039
allsubs,0,cDC_cort,MTL,4,2,PFM3T7T04,PFM3T7T02,0.424242424242424
allsubs,0,cDC_cort,PMN,4,2,PFM3T7T04,PFM3T7T02,0.221386800334169
allsubs,0,cDC_cort,PON,4,2,PFM3T7T04,PFM3T7T02,0.534441285808004
allsubs,0,cDC_cort,SCAN,4,2,PFM3T7T04,PFM3T7T02,0.4566722814898
allsubs,0,TP_cort,DMN,4,2,PFM3T7T04,PFM3T7T02,3921.0
allsubs,0,TP_cort,Vis,4,2,PFM3T7T04,PFM3T7T02,4908.0
allsubs,0,TP_cort,FP,4,2,PFM3T7T04,PFM3T7T02,3507.0
allsubs,0,TP_cort,DAN,4,2,PFM3T7T04,PFM3T7T02,2156.0
allsubs,0,TP_cort,VAN,4,2,PFM3T7T04,PFM3T7T02,1697.0
allsubs,0,TP_cort,Sal,4,2,PFM3T7T04,PFM3T7T02,359.0
allsubs,0,TP_cort,AMN,4,2,PFM3T7T04,PFM3T7T02,4178.0
allsubs,0,TP_cort,SMd,4,2,PFM3T7T04,PFM3T7T02,1164.0
allsubs,0,TP_cort,SMl,4,2,PFM3T7T04,PFM3T7T02,1316.0
allsubs,0,TP_cort,Aud,4,2,PFM3T7T04,PFM3T7T02,1385.0
allsubs,0,TP_cort,Tpole,4,2,PFM3T7T04,PFM3T7T02,178.0
allsubs,0,TP_cort,MTL,4,2,PFM3T7T04,PFM3T7T02,1001.0
allsubs,0,TP_cort,PMN,4,2,PFM3T7T04,PFM3T7T02,795.0
allsubs,0,TP_cort,PON,4,2,PFM3T7T04,PFM3T7T02,1222.0
allsubs,0,TP_cort,SCAN,4,2,PFM3T7T04,PFM3T7T02,1220.0
allsubs,0,TN_cort,DMN,4,2,PFM3T7T04,PFM3T7T02,49376.0
allsubs,0,TN_cort,Vis,4,2,PFM3T7T04,PFM3T7T02,52128.0
allsubs,0,TN_cort,FP,4,2,PFM3T7T04,PFM3T7T02,50601.0
allsubs,0,TN_cort,DAN,4,2,PFM3T7T04,PFM3T7T02,52998.0
allsubs,0,TN_cort,VAN,4,2,PFM3T7T04,PFM3T7T02,53128.0
allsubs,0,TN_cort,Sal,4,2,PFM3T7T04,PFM3T7T02,56438.0
allsubs,0,TN_cort,AMN,4,2,PFM3T7T04,PFM3T7T02,44440.0
allsubs,0,TN_cort,SMd,4,2,PFM3T7T04,PFM3T7T02,55193.0
allsubs,0,TN_cort,SMl,4,2,PFM3T7T04,PFM3T7T02,53511.0
allsubs,0,TN_cort,Aud,4,2,PFM3T7T04,PFM3T7T02,55022.0
allsubs,0,TN_cort,Tpole,4,2,PFM3T7T04,PFM3T7T02,58459.0
allsubs,0,TN_cort,MTL,4,2,PFM3T7T04,PFM3T7T02,55694.0
allsubs,0,TN_cort,PMN,4,2,PFM3T7T04,PFM3T7T02,53025.0
allsubs,0,TN_cort,PON,4,2,PFM3T7T04,PFM3T7T02,56061.0
allsubs,0,TN_cort,SCAN,4,2,PFM3T7T04,PFM3T7T02,55289.0
allsubs,0,FP_cort,DMN,4,2,PFM3T7T04,PFM3T7T02,2404.0
allsubs,0,FP_cort,Vis,4,2,PFM3T7T04,PFM3T7T02,919.0
allsubs,0,FP_cort,FP,4,2,PFM3T7T04,PFM3T7T02,2973.0
allsubs,0,FP_cort,DAN,4,2,PFM3T7T04,PFM3T7T02,1412.0
allsubs,0,FP_cort,VAN,4,2,PFM3T7T04,PFM3T7T02,1179.0
allsubs,0,FP_cort,Sal,4,2,PFM3T7T04,PFM3T7T02,246.0
allsubs,0,FP_cort,AMN,4,2,PFM3T7T04,PFM3T7T02,9482.0
allsubs,0,FP_cort,SMd,4,2,PFM3T7T04,PFM3T7T02,64.0
allsubs,0,FP_cort,SMl,4,2,PFM3T7T04,PFM3T7T02,3559.0
allsubs,0,FP_cort,Aud,4,2,PFM3T7T04,PFM3T7T02,432.0
allsubs,0,FP_cort,Tpole,4,2,PFM3T7T04,PFM3T7T02,293.0
allsubs,0,FP_cort,MTL,4,2,PFM3T7T04,PFM3T7T02,660.0
allsubs,0,FP_cort,PMN,4,2,PFM3T7T04,PFM3T7T02,5250.0
allsubs,0,FP_cort,PON,4,2,PFM3T7T04,PFM3T7T02,869.0
allsubs,0,FP_cort,SCAN,4,2,PFM3T7T04,PFM3T7T02,663.0
allsubs,0,FN_cort,DMN,4,2,PFM3T7T04,PFM3T7T02,3711.0
allsubs,0,FN_cort,Vis,4,2,PFM3T7T04,PFM3T7T02,1457.0
allsubs,0,FN_cort,FP,4,2,PFM3T7T04,PFM3T7T02,2331.0
allsubs,0,FN_cort,DAN,4,2,PFM3T7T04,PFM3T7T02,2846.0
allsubs,0,FN_cort,VAN,4,2,PFM3T7T04,PFM3T7T02,3408.0
allsubs,0,FN_cort,Sal,4,2,PFM3T7T04,PFM3T7T02,2369.0
allsubs,0,FN_cort,AMN,4,2,PFM3T7T04,PFM3T7T02,1312.0
allsubs,0,FN_cort,SMd,4,2,PFM3T7T04,PFM3T7T02,2991.0
allsubs,0,FN_cort,SMl,4,2,PFM3T7T04,PFM3T7T02,1026.0
allsubs,0,FN_cort,Aud,4,2,PFM3T7T04,PFM3T7T02,2573.0
allsubs,0,FN_cort,Tpole,4,2,PFM3T7T04,PFM3T7T02,482.0
allsubs,0,FN_cort,MTL,4,2,PFM3T7T04,PFM3T7T02,2057.0
allsubs,0,FN_cort,PMN,4,2,PFM3T7T04,PFM3T7T02,342.0
allsubs,0,FN_cort,PON,4,2,PFM3T7T04,PFM3T7T02,1260.0
allsubs,0,FN_cort,SCAN,4,2,PFM3T7T04,PFM3T7T02,2240.0
allsubs,0,TPR_cort,DMN,4,2,PFM3T7T04,PFM3T7T02,0.51375786163522
allsubs,0,TPR_cort,Vis,4,2,PFM3T7T04,PFM3T7T02,0.771091908876669
allsubs,0,TPR_cort,FP,4,2,PFM3T7T04,PFM3T7T02,0.600719424460432
allsubs,0,TPR_cort,DAN,4,2,PFM3T7T04,PFM3T7T02,0.431027588964414
allsubs,0,TPR_cort,VAN,4,2,PFM3T7T04,PFM3T7T02,0.332419196865818
allsubs,0,TPR_cort,Sal,4,2,PFM3T7T04,PFM3T7T02,0.131598240469208
allsubs,0,TPR_cort,AMN,4,2,PFM3T7T04,PFM3T7T02,0.761020036429872
allsubs,0,TPR_cort,SMd,4,2,PFM3T7T04,PFM3T7T02,0.28014440433213
allsubs,0,TPR_cort,SMl,4,2,PFM3T7T04,PFM3T7T02,0.561912894961571
allsubs,0,TPR_cort,Aud,4,2,PFM3T7T04,PFM3T7T02,0.349924204143507
allsubs,0,TPR_cort,Tpole,4,2,PFM3T7T04,PFM3T7T02,0.26969696969697
allsubs,0,TPR_cort,MTL,4,2,PFM3T7T04,PFM3T7T02,0.327338129496403
allsubs,0,TPR_cort,PMN,4,2,PFM3T7T04,PFM3T7T02,0.699208443271768
allsubs,0,TPR_cort,PON,4,2,PFM3T7T04,PFM3T7T02,0.492344883158743
allsubs,0,TPR_cort,SCAN,4,2,PFM3T7T04,PFM3T7T02,0.352601156069364
allsubs,0,TNR_cort,DMN,4,2,PFM3T7T04,PFM3T7T02,0.95357280803399
allsubs,0,TNR_cort,Vis,4,2,PFM3T7T04,PFM3T7T02,0.982675740381171
allsubs,0,TNR_cort,FP,4,2,PFM3T7T04,PFM3T7T02,0.944506663680143
allsubs,0,TNR_cort,DAN,4,2,PFM3T7T04,PFM3T7T02,0.974048888072046
allsubs,0,TNR_cort,VAN,4,2,PFM3T7T04,PFM3T7T02,0.978290091516747
allsubs,0,TNR_cort,Sal,4,2,PFM3T7T04,PFM3T7T02,0.995660151012631
allsubs,0,TNR_cort,AMN,4,2,PFM3T7T04,PFM3T7T02,0.824153406772746
allsubs,0,TNR_cort,SMd,4,2,PFM3T7T04,PFM3T7T02,0.998841775702626
allsubs,0,TNR_cort,SMl,4,2,PFM3T7T04,PFM3T7T02,0.937637988435255
allsubs,0,TNR_cort,Aud,4,2,PFM3T7T04,PFM3T7T02,0.992209759440257
allsubs,0,TNR_cort,Tpole,4,2,PFM3T7T04,PFM3T7T02,0.995012935729848
allsubs,0,TNR_cort,MTL,4,2,PFM3T7T04,PFM3T7T02,0.988288320261206
allsubs,0,TNR_cort,PMN,4,2,PFM3T7T04,PFM3T7T02,0.90990990990991
allsubs,0,TNR_cort,PON,4,2,PFM3T7T04,PFM3T7T02,0.984735640259968
allsubs,0,TNR_cort,SCAN,4,2,PFM3T7T04,PFM3T7T02,0.988150557620818
allsubs,0,FPR_cort,DMN,4,2,PFM3T7T04,PFM3T7T02,0.04642719196601
allsubs,0,FPR_cort,Vis,4,2,PFM3T7T04,PFM3T7T02,0.0173242596188286
allsubs,0,FPR_cort,FP,4,2,PFM3T7T04,PFM3T7T02,0.0554933363198566
allsubs,0,FPR_cort,DAN,4,2,PFM3T7T04,PFM3T7T02,0.0259511119279544
allsubs,0,FPR_cort,VAN,4,2,PFM3T7T04,PFM3T7T02,0.0217099084832526
allsubs,0,FPR_cort,Sal,4,2,PFM3T7T04,PFM3T7T02,0.0043398489873685
allsubs,0,FPR_cort,AMN,4,2,PFM3T7T04,PFM3T7T02,0.175846593227254
allsubs,0,FPR_cort,SMd,4,2,PFM3T7T04,PFM3T7T02,0.001158224297374
allsubs,0,FPR_cort,SMl,4,2,PFM3T7T04,PFM3T7T02,0.0623620115647451
allsubs,0,FPR_cort,Aud,4,2,PFM3T7T04,PFM3T7T02,0.0077902405597432
allsubs,0,FPR_cort,Tpole,4,2,PFM3T7T04,PFM3T7T02,0.0049870642701525
allsubs,0,FPR_cort,MTL,4,2,PFM3T7T04,PFM3T7T02,0.0117116797387941
allsubs,0,FPR_cort,PMN,4,2,PFM3T7T04,PFM3T7T02,0.0900900900900901
allsubs,0,FPR_cort,PON,4,2,PFM3T7T04,PFM3T7T02,0.0152643597400316
allsubs,0,FPR_cort,SCAN,4,2,PFM3T7T04,PFM3T7T02,0.0118494423791822
allsubs,0,FNR_cort,DMN,4,2,PFM3T7T04,PFM3T7T02,0.48624213836478
allsubs,0,FNR_cort,Vis,4,2,PFM3T7T04,PFM3T7T02,0.228908091123331
allsubs,0,FNR_cort,FP,4,2,PFM3T7T04,PFM3T7T02,0.399280575539568
allsubs,0,FNR_cort,DAN,4,2,PFM3T7T04,PFM3T7T02,0.568972411035586
allsubs,0,FNR_cort,VAN,4,2,PFM3T7T04,PFM3T7T02,0.667580803134182
allsubs,0,FNR_cort,Sal,4,2,PFM3T7T04,PFM3T7T02,0.868401759530792
allsubs,0,FNR_cort,AMN,4,2,PFM3T7T04,PFM3T7T02,0.238979963570128
allsubs,0,FNR_cort,SMd,4,2,PFM3T7T04,PFM3T7T02,0.71985559566787
allsubs,0,FNR_cort,SMl,4,2,PFM3T7T04,PFM3T7T02,0.438087105038429
allsubs,0,FNR_cort,Aud,4,2,PFM3T7T04,PFM3T7T02,0.650075795856493
allsubs,0,FNR_cort,Tpole,4,2,PFM3T7T04,PFM3T7T02,0.73030303030303
allsubs,0,FNR_cort,MTL,4,2,PFM3T7T04,PFM3T7T02,0.672661870503597
allsubs,0,FNR_cort,PMN,4,2,PFM3T7T04,PFM3T7T02,0.300791556728232
allsubs,0,FNR_cort,PON,4,2,PFM3T7T04,PFM3T7T02,0.507655116841257
allsubs,0,FNR_cort,SCAN,4,2,PFM3T7T04,PFM3T7T02,0.647398843930636
allsubs,0,NPV_cort,DMN,4,2,PFM3T7T04,PFM3T7T02,0.930095880347354
allsubs,0,NPV_cort,Vis,4,2,PFM3T7T04,PFM3T7T02,0.972809554912755
allsubs,0,NPV_cort,FP,4,2,PFM3T7T04,PFM3T7T02,0.955962366810247
allsubs,0,NPV_cort,DAN,4,2,PFM3T7T04,PFM3T7T02,0.94903660196261
allsubs,0,NPV_cort,VAN,4,2,PFM3T7T04,PFM3T7T02,0.939719824536578
allsubs,0,NPV_cort,Sal,4,2,PFM3T7T04,PFM3T7T02,0.95971568010611
allsubs,0,NPV_cort,AMN,4,2,PFM3T7T04,PFM3T7T02,0.971323657982165
allsubs,0,NPV_cort,SMd,4,2,PFM3T7T04,PFM3T7T02,0.948594115220679
allsubs,0,NPV_cort,SMl,4,2,PFM3T7T04,PFM3T7T02,0.98118708399802
allsubs,0,NPV_cort,Aud,4,2,PFM3T7T04,PFM3T7T02,0.95532598315826
allsubs,0,NPV_cort,Tpole,4,2,PFM3T7T04,PFM3T7T02,0.991822330805382
allsubs,0,NPV_cort,MTL,4,2,PFM3T7T04,PFM3T7T02,0.964381569150318
allsubs,0,NPV_cort,PMN,4,2,PFM3T7T04,PFM3T7T02,0.993591545337006
allsubs,0,NPV_cort,PON,4,2,PFM3T7T04,PFM3T7T02,0.978018527241325
allsubs,0,NPV_cort,SCAN,4,2,PFM3T7T04,PFM3T7T02,0.961063115993673
allsubs,0,PPV_cort,DMN,4,2,PFM3T7T04,PFM3T7T02,0.619920948616601
allsubs,0,PPV_cort,Vis,4,2,PFM3T7T04,PFM3T7T02,0.842285910417024
allsubs,0,PPV_cort,FP,4,2,PFM3T7T04,PFM3T7T02,0.541203703703704
allsubs,0,PPV_cort,DAN,4,2,PFM3T7T04,PFM3T7T02,0.604260089686099
allsubs,0,PPV_cort,VAN,4,2,PFM3T7T04,PFM3T7T02,0.590055632823366
allsubs,0,PPV_cort,Sal,4,2,PFM3T7T04,PFM3T7T02,0.593388429752066
allsubs,0,PPV_cort,AMN,4,2,PFM3T7T04,PFM3T7T02,0.305856515373353
allsubs,0,PPV_cort,SMd,4,2,PFM3T7T04,PFM3T7T02,0.947882736156352
allsubs,0,PPV_cort,SMl,4,2,PFM3T7T04,PFM3T7T02,0.269948717948718
allsubs,0,PPV_cort,Aud,4,2,PFM3T7T04,PFM3T7T02,0.762245459548707
allsubs,0,PPV_cort,Tpole,4,2,PFM3T7T04,PFM3T7T02,0.37791932059448
allsubs,0,PPV_cort,MTL,4,2,PFM3T7T04,PFM3T7T02,0.602649006622517
allsubs,0,PPV_cort,PMN,4,2,PFM3T7T04,PFM3T7T02,0.13151364764268
allsubs,0,PPV_cort,PON,4,2,PFM3T7T04,PFM3T7T02,0.5844093735055
allsubs,0,PPV_cort,SCAN,4,2,PFM3T7T04,PFM3T7T02,0.647902283590016
allsubs,0,PPVcorr_Jeffreys_cort,DMN,4,2,PFM3T7T04,PFM3T7T02,0.607008831579244
allsubs,0,PPVcorr_Jeffreys_cort,Vis,4,2,PFM3T7T04,PFM3T7T02,0.808578943296975
allsubs,0,PPVcorr_Jeffreys_cort,FP,4,2,PFM3T7T04,PFM3T7T02,0.537798352161726
allsubs,0,PPVcorr_Jeffreys_cort,DAN,4,2,PFM3T7T04,PFM3T7T02,0.591440932107566
allsubs,0,PPVcorr_Jeffreys_cort,VAN,4,2,PFM3T7T04,PFM3T7T02,0.576480141739259
allsubs,0,PPVcorr_Jeffreys_cort,Sal,4,2,PFM3T7T04,PFM3T7T02,0.564365459102301
allsubs,0,PPVcorr_Jeffreys_cort,AMN,4,2,PFM3T7T04,PFM3T7T02,0.313357731015554
allsubs,0,PPVcorr_Jeffreys_cort,SMd,4,2,PFM3T7T04,PFM3T7T02,0.834651658046851
allsubs,0,PPVcorr_Jeffreys_cort,SMl,4,2,PFM3T7T04,PFM3T7T02,0.28049401080404
allsubs,0,PPVcorr_Jeffreys_cort,Aud,4,2,PFM3T7T04,PFM3T7T02,0.715338033261027
allsubs,0,PPVcorr_Jeffreys_cort,Tpole,4,2,PFM3T7T04,PFM3T7T02,0.39292364990689
allsubs,0,PPVcorr_Jeffreys_cort,MTL,4,2,PFM3T7T04,PFM3T7T02,0.58668903803132
allsubs,0,PPVcorr_Jeffreys_cort,PMN,4,2,PFM3T7T04,PFM3T7T02,0.138316527838667
allsubs,0,PPVcorr_Jeffreys_cort,PON,4,2,PFM3T7T04,PFM3T7T02,0.575453146374829
allsubs,0,PPVcorr_Jeffreys_cort,SCAN,4,2,PFM3T7T04,PFM3T7T02,0.624943921040826
allsubs,0,PPVcorr_d1d2_cort,DMN,4,2,PFM3T7T04,PFM3T7T02,0.623151997812868
allsubs,0,PPVcorr_d1d2_cort,Vis,4,2,PFM3T7T04,PFM3T7T02,0.843462807950446
allsubs,0,PPVcorr_d1d2_cort,FP,4,2,PFM3T7T04,PFM3T7T02,0.549839981272195
allsubs,0,PPVcorr_d1d2_cort,DAN,4,2,PFM3T7T04,PFM3T7T02,0.60720399765959
allsubs,0,PPVcorr_d1d2_cort,VAN,4,2,PFM3T7T04,PFM3T7T02,0.589128963582043
allsubs,0,PPVcorr_d1d2_cort,Sal,4,2,PFM3T7T04,PFM3T7T02,0.540619574156995
allsubs,0,PPVcorr_d1d2_cort,AMN,4,2,PFM3T7T04,PFM3T7T02,0.321729236911845
allsubs,0,PPVcorr_d1d2_cort,SMd,4,2,PFM3T7T04,PFM3T7T02,0.898461063438123
allsubs,0,PPVcorr_d1d2_cort,SMl,4,2,PFM3T7T04,PFM3T7T02,0.30640181324671
allsubs,0,PPVcorr_d1d2_cort,Aud,4,2,PFM3T7T04,PFM3T7T02,0.746301889337523
allsubs,0,PPVcorr_d1d2_cort,Tpole,4,2,PFM3T7T04,PFM3T7T02,0.436824539097266
allsubs,0,PPVcorr_d1d2_cort,MTL,4,2,PFM3T7T04,PFM3T7T02,0.599214839252321
allsubs,0,PPVcorr_d1d2_cort,PMN,4,2,PFM3T7T04,PFM3T7T02,0.215939191202292
allsubs,0,PPVcorr_d1d2_cort,PON,4,2,PFM3T7T04,PFM3T7T02,0.596143510648935
allsubs,0,PPVcorr_d1d2_cort,SCAN,4,2,PFM3T7T04,PFM3T7T02,0.642601797035241
allsubs,0,PPVcorr_bayes_cort,DMN,4,2,PFM3T7T04,PFM3T7T02,0.63178335022959
allsubs,0,PPVcorr_bayes_cort,Vis,4,2,PFM3T7T04,PFM3T7T02,0.846019930852146
allsubs,0,PPVcorr_bayes_cort,FP,4,2,PFM3T7T04,PFM3T7T02,0.565710404701088
allsubs,0,PPVcorr_bayes_cort,DAN,4,2,PFM3T7T04,PFM3T7T02,0.611374407582938
allsubs,0,PPVcorr_bayes_cort,VAN,4,2,PFM3T7T04,PFM3T7T02,0.587852182935589
allsubs,0,PPVcorr_bayes_cort,Sal,4,2,PFM3T7T04,PFM3T7T02,0.524986530172414
allsubs,0,PPVcorr_bayes_cort,AMN,4,2,PFM3T7T04,PFM3T7T02,0.348857235118941
allsubs,0,PPVcorr_bayes_cort,SMd,4,2,PFM3T7T04,PFM3T7T02,0.853245171393771
allsubs,0,PPVcorr_bayes_cort,SMl,4,2,PFM3T7T04,PFM3T7T02,0.312481224089243
allsubs,0,PPVcorr_bayes_cort,Aud,4,2,PFM3T7T04,PFM3T7T02,0.732352795277543
allsubs,0,PPVcorr_bayes_cort,Tpole,4,2,PFM3T7T04,PFM3T7T02,0.40009900990099
allsubs,0,PPVcorr_bayes_cort,MTL,4,2,PFM3T7T04,PFM3T7T02,0.597581133946774
allsubs,0,PPVcorr_bayes_cort,PMN,4,2,PFM3T7T04,PFM3T7T02,0.179874976445431
allsubs,0,PPVcorr_bayes_cort,PON,4,2,PFM3T7T04,PFM3T7T02,0.598822255313388
allsubs,0,PPVcorr_bayes_cort,SCAN,4,2,PFM3T7T04,PFM3T7T02,0.639110354885756
allsubs,0,MCC_cort,DMN,4,2,PFM3T7T04,PFM3T7T02,0.506990860873311
allsubs,0,MCC_cort,Vis,4,2,PFM3T7T04,PFM3T7T02,0.783831992726983
allsubs,0,MCC_cort,FP,4,2,PFM3T7T04,PFM3T7T02,0.520641826770134
allsubs,0,MCC_cort,DAN,4,2,PFM3T7T04,PFM3T7T02,0.473421033129061
allsubs,0,MCC_cort,VAN,4,2,PFM3T7T04,PFM3T7T02,0.405716841354726
allsubs,0,MCC_cort,Sal,4,2,PFM3T7T04,PFM3T7T02,0.265305746908253
allsubs,0,MCC_cort,AMN,4,2,PFM3T7T04,PFM3T7T02,0.402738719804723
allsubs,0,MCC_cort,SMd,4,2,PFM3T7T04,PFM3T7T02,0.500104641305461
allsubs,0,MCC_cort,SMl,4,2,PFM3T7T04,PFM3T7T02,0.354196430974485
allsubs,0,MCC_cort,Aud,4,2,PFM3T7T04,PFM3T7T02,0.49548517823226
allsubs,0,MCC_cort,Tpole,4,2,PFM3T7T04,PFM3T7T02,0.312848649628559
allsubs,0,MCC_cort,MTL,4,2,PFM3T7T04,PFM3T7T02,0.423048280383212
allsubs,0,MCC_cort,PMN,4,2,PFM3T7T04,PFM3T7T02,0.276050482923436
allsubs,0,MCC_cort,PON,4,2,PFM3T7T04,PFM3T7T02,0.517999418217417
allsubs,0,MCC_cort,SCAN,4,2,PFM3T7T04,PFM3T7T02,0.455528268591718
allsubs,0,muI_cort,WholeBrainOrSingleVal,4,2,PFM3T7T04,PFM3T7T02,1.37082167321619
allsubs,0,VIn_cort,WholeBrainOrSingleVal,4,2,PFM3T7T04,PFM3T7T02,0.280199690325908
allsubs,0,MIn_cort,WholeBrainOrSingleVal,4,2,PFM3T7T04,PFM3T7T02,0.381569151452183
allsubs,0,DC_cort,DMN,4,3,PFM3T7T04,PFM3T7T03,0.555185596251079
allsubs,0,DC_cort,Vis,4,3,PFM3T7T04,PFM3T7T03,0.773766440109454
allsubs,0,DC_cort,FP,4,3,PFM3T7T04,PFM3T7T03,0.421386219586997
allsubs,0,DC_cort,DAN,4,3,PFM3T7T04,PFM3T7T03,0.449852216748768
allsubs,0,DC_cort,VAN,4,3,PFM3T7T04,PFM3T7T03,0.390909090909091
allsubs,0,DC_cort,Sal,4,3,PFM3T7T04,PFM3T7T03,0.315570358034971
allsubs,0,DC_cort,AMN,4,3,PFM3T7T04,PFM3T7T03,0.567994598244429
allsubs,0,DC_cort,SMd,4,3,PFM3T7T04,PFM3T7T03,0.516797054763
allsubs,0,DC_cort,SMl,4,3,PFM3T7T04,PFM3T7T03,0.464346062859074
allsubs,0,DC_cort,Aud,4,3,PFM3T7T04,PFM3T7T03,0.694835680751174
allsubs,0,DC_cort,Tpole,4,3,PFM3T7T04,PFM3T7T03,0.0943952802359882
allsubs,0,DC_cort,MTL,4,3,PFM3T7T04,PFM3T7T03,0.358201058201058
allsubs,0,DC_cort,PMN,4,3,PFM3T7T04,PFM3T7T03,0.290728637133866
allsubs,0,DC_cort,PON,4,3,PFM3T7T04,PFM3T7T03,0.487546125461255
allsubs,0,DC_cort,SCAN,4,3,PFM3T7T04,PFM3T7T03,0.489294890094205
allsubs,0,cDC_cort,DMN,4,3,PFM3T7T04,PFM3T7T03,0.555185596251079
allsubs,0,cDC_cort,Vis,4,3,PFM3T7T04,PFM3T7T03,0.773766440109454
allsubs,0,cDC_cort,FP,4,3,PFM3T7T04,PFM3T7T03,0.421386219586997
allsubs,0,cDC_cort,DAN,4,3,PFM3T7T04,PFM3T7T03,0.449852216748768
allsubs,0,cDC_cort,VAN,4,3,PFM3T7T04,PFM3T7T03,0.390909090909091
allsubs,0,cDC_cort,Sal,4,3,PFM3T7T04,PFM3T7T03,0.315570358034971
allsubs,0,cDC_cort,AMN,4,3,PFM3T7T04,PFM3T7T03,0.567994598244429
allsubs,0,cDC_cort,SMd,4,3,PFM3T7T04,PFM3T7T03,0.516797054763
allsubs,0,cDC_cort,SMl,4,3,PFM3T7T04,PFM3T7T03,0.464346062859074
allsubs,0,cDC_cort,Aud,4,3,PFM3T7T04,PFM3T7T03,0.694835680751174
allsubs,0,cDC_cort,Tpole,4,3,PFM3T7T04,PFM3T7T03,0.0943952802359882
allsubs,0,cDC_cort,MTL,4,3,PFM3T7T04,PFM3T7T03,0.358201058201058
allsubs,0,cDC_cort,PMN,4,3,PFM3T7T04,PFM3T7T03,0.290728637133866
allsubs,0,cDC_cort,PON,4,3,PFM3T7T04,PFM3T7T03,0.487546125461255
allsubs,0,cDC_cort,SCAN,4,3,PFM3T7T04,PFM3T7T03,0.489294890094205
allsubs,0,TP_cort,DMN,4,3,PFM3T7T04,PFM3T7T03,4502.0
allsubs,0,TP_cort,Vis,4,3,PFM3T7T04,PFM3T7T03,4383.0
allsubs,0,TP_cort,FP,4,3,PFM3T7T04,PFM3T7T03,2061.0
allsubs,0,TP_cort,DAN,4,3,PFM3T7T04,PFM3T7T03,2283.0
allsubs,0,TP_cort,VAN,4,3,PFM3T7T04,PFM3T7T03,1161.0
allsubs,0,TP_cort,Sal,4,3,PFM3T7T04,PFM3T7T03,379.0
allsubs,0,TP_cort,AMN,4,3,PFM3T7T04,PFM3T7T03,6309.0
allsubs,0,TP_cort,SMd,4,3,PFM3T7T04,PFM3T7T03,1123.0
allsubs,0,TP_cort,SMl,4,3,PFM3T7T04,PFM3T7T03,2748.0
allsubs,0,TP_cort,Aud,4,3,PFM3T7T04,PFM3T7T03,1406.0
allsubs,0,TP_cort,Tpole,4,3,PFM3T7T04,PFM3T7T03,32.0
allsubs,0,TP_cort,MTL,4,3,PFM3T7T04,PFM3T7T03,677.0
allsubs,0,TP_cort,PMN,4,3,PFM3T7T04,PFM3T7T03,1201.0
allsubs,0,TP_cort,PON,4,3,PFM3T7T04,PFM3T7T03,1057.0
allsubs,0,TP_cort,SCAN,4,3,PFM3T7T04,PFM3T7T03,857.0
allsubs,0,TN_cort,DMN,4,3,PFM3T7T04,PFM3T7T03,47696.0
allsubs,0,TN_cort,Vis,4,3,PFM3T7T04,PFM3T7T03,52466.0
allsubs,0,TN_cort,FP,4,3,PFM3T7T04,PFM3T7T03,51691.0
allsubs,0,TN_cort,DAN,4,3,PFM3T7T04,PFM3T7T03,51545.0
allsubs,0,TN_cort,VAN,4,3,PFM3T7T04,PFM3T7T03,54633.0
allsubs,0,TN_cort,Sal,4,3,PFM3T7T04,PFM3T7T03,57389.0
allsubs,0,TN_cort,AMN,4,3,PFM3T7T04,PFM3T7T03,43506.0
allsubs,0,TN_cort,SMd,4,3,PFM3T7T04,PFM3T7T03,56189.0
allsubs,0,TN_cort,SMl,4,3,PFM3T7T04,PFM3T7T03,50324.0
allsubs,0,TN_cort,Aud,4,3,PFM3T7T04,PFM3T7T03,56771.0
allsubs,0,TN_cort,Tpole,4,3,PFM3T7T04,PFM3T7T03,58766.0
allsubs,0,TN_cort,MTL,4,3,PFM3T7T04,PFM3T7T03,56309.0
allsubs,0,TN_cort,PMN,4,3,PFM3T7T04,PFM3T7T03,52351.0
allsubs,0,TN_cort,PON,4,3,PFM3T7T04,PFM3T7T03,56133.0
allsubs,0,TN_cort,SCAN,4,3,PFM3T7T04,PFM3T7T03,56766.0
allsubs,0,FP_cort,DMN,4,3,PFM3T7T04,PFM3T7T03,1823.0
allsubs,0,FP_cort,Vis,4,3,PFM3T7T04,PFM3T7T03,1444.0
allsubs,0,FP_cort,FP,4,3,PFM3T7T04,PFM3T7T03,4419.0
allsubs,0,FP_cort,DAN,4,3,PFM3T7T04,PFM3T7T03,1285.0
allsubs,0,FP_cort,VAN,4,3,PFM3T7T04,PFM3T7T03,1715.0
allsubs,0,FP_cort,Sal,4,3,PFM3T7T04,PFM3T7T03,226.0
allsubs,0,FP_cort,AMN,4,3,PFM3T7T04,PFM3T7T03,7351.0
allsubs,0,FP_cort,SMd,4,3,PFM3T7T04,PFM3T7T03,105.0
allsubs,0,FP_cort,SMl,4,3,PFM3T7T04,PFM3T7T03,2127.0
allsubs,0,FP_cort,Aud,4,3,PFM3T7T04,PFM3T7T03,411.0
allsubs,0,FP_cort,Tpole,4,3,PFM3T7T04,PFM3T7T03,439.0
allsubs,0,FP_cort,MTL,4,3,PFM3T7T04,PFM3T7T03,984.0
allsubs,0,FP_cort,PMN,4,3,PFM3T7T04,PFM3T7T03,4844.0
allsubs,0,FP_cort,PON,4,3,PFM3T7T04,PFM3T7T03,1034.0
allsubs,0,FP_cort,SCAN,4,3,PFM3T7T04,PFM3T7T03,1026.0
allsubs,0,FN_cort,DMN,4,3,PFM3T7T04,PFM3T7T03,5391.0
allsubs,0,FN_cort,Vis,4,3,PFM3T7T04,PFM3T7T03,1119.0
allsubs,0,FN_cort,FP,4,3,PFM3T7T04,PFM3T7T03,1241.0
allsubs,0,FN_cort,DAN,4,3,PFM3T7T04,PFM3T7T03,4299.0
allsubs,0,FN_cort,VAN,4,3,PFM3T7T04,PFM3T7T03,1903.0
allsubs,0,FN_cort,Sal,4,3,PFM3T7T04,PFM3T7T03,1418.0
allsubs,0,FN_cort,AMN,4,3,PFM3T7T04,PFM3T7T03,2246.0
allsubs,0,FN_cort,SMd,4,3,PFM3T7T04,PFM3T7T03,1995.0
allsubs,0,FN_cort,SMl,4,3,PFM3T7T04,PFM3T7T03,4213.0
allsubs,0,FN_cort,Aud,4,3,PFM3T7T04,PFM3T7T03,824.0
allsubs,0,FN_cort,Tpole,4,3,PFM3T7T04,PFM3T7T03,175.0
allsubs,0,FN_cort,MTL,4,3,PFM3T7T04,PFM3T7T03,1442.0
allsubs,0,FN_cort,PMN,4,3,PFM3T7T04,PFM3T7T03,1016.0
allsubs,0,FN_cort,PON,4,3,PFM3T7T04,PFM3T7T03,1188.0
allsubs,0,FN_cort,SCAN,4,3,PFM3T7T04,PFM3T7T03,763.0
allsubs,0,TPR_cort,DMN,4,3,PFM3T7T04,PFM3T7T03,0.455069240877388
allsubs,0,TPR_cort,Vis,4,3,PFM3T7T04,PFM3T7T03,0.796619411123228
allsubs,0,TPR_cort,FP,4,3,PFM3T7T04,PFM3T7T03,0.624167171411266
allsubs,0,TPR_cort,DAN,4,3,PFM3T7T04,PFM3T7T03,0.346855059252507
allsubs,0,TPR_cort,VAN,4,3,PFM3T7T04,PFM3T7T03,0.378916449086162
allsubs,0,TPR_cort,Sal,4,3,PFM3T7T04,PFM3T7T03,0.210907067334446
allsubs,0,TPR_cort,AMN,4,3,PFM3T7T04,PFM3T7T03,0.737463471654003
allsubs,0,TPR_cort,SMd,4,3,PFM3T7T04,PFM3T7T03,0.360166773572803
allsubs,0,TPR_cort,SMl,4,3,PFM3T7T04,PFM3T7T03,0.394770866254848
allsubs,0,TPR_cort,Aud,4,3,PFM3T7T04,PFM3T7T03,0.630493273542601
allsubs,0,TPR_cort,Tpole,4,3,PFM3T7T04,PFM3T7T03,0.154589371980676
allsubs,0,TPR_cort,MTL,4,3,PFM3T7T04,PFM3T7T03,0.319490325625295
allsubs,0,TPR_cort,PMN,4,3,PFM3T7T04,PFM3T7T03,0.541723049165539
allsubs,0,TPR_cort,PON,4,3,PFM3T7T04,PFM3T7T03,0.470824053452116
allsubs,0,TPR_cort,SCAN,4,3,PFM3T7T04,PFM3T7T03,0.529012345679012
allsubs,0,TNR_cort,DMN,4,3,PFM3T7T04,PFM3T7T03,0.963185847856378
allsubs,0,TNR_cort,Vis,4,3,PFM3T7T04,PFM3T7T03,0.973214616954183
allsubs,0,TNR_cort,FP,4,3,PFM3T7T04,PFM3T7T03,0.921243985029407
allsubs,0,TNR_cort,DAN,4,3,PFM3T7T04,PFM3T7T03,0.975676698845353
allsubs,0,TNR_cort,VAN,4,3,PFM3T7T04,PFM3T7T03,0.969564137147725
allsubs,0,TNR_cort,Sal,4,3,PFM3T7T04,PFM3T7T03,0.996077410396598
allsubs,0,TNR_cort,AMN,4,3,PFM3T7T04,PFM3T7T03,0.855457459150166
allsubs,0,TNR_cort,SMd,4,3,PFM3T7T04,PFM3T7T03,0.998134792340214
allsubs,0,TNR_cort,SMl,4,3,PFM3T7T04,PFM3T7T03,0.959447865626966
allsubs,0,TNR_cort,Aud,4,3,PFM3T7T04,PFM3T7T03,0.992812423489909
allsubs,0,TNR_cort,Tpole,4,3,PFM3T7T04,PFM3T7T03,0.992585085719112
allsubs,0,TNR_cort,MTL,4,3,PFM3T7T04,PFM3T7T03,0.982825126978863
allsubs,0,TNR_cort,PMN,4,3,PFM3T7T04,PFM3T7T03,0.915307282105079
allsubs,0,TNR_cort,PON,4,3,PFM3T7T04,PFM3T7T03,0.981912641908794
allsubs,0,TNR_cort,SCAN,4,3,PFM3T7T04,PFM3T7T03,0.982246677740864
allsubs,0,FPR_cort,DMN,4,3,PFM3T7T04,PFM3T7T03,0.0368141521436216
allsubs,0,FPR_cort,Vis,4,3,PFM3T7T04,PFM3T7T03,0.0267853830458171
allsubs,0,FPR_cort,FP,4,3,PFM3T7T04,PFM3T7T03,0.0787560149705935
allsubs,0,FPR_cort,DAN,4,3,PFM3T7T04,PFM3T7T03,0.024323301154647
allsubs,0,FPR_cort,VAN,4,3,PFM3T7T04,PFM3T7T03,0.0304358628522751
allsubs,0,FPR_cort,Sal,4,3,PFM3T7T04,PFM3T7T03,0.0039225896034018
allsubs,0,FPR_cort,AMN,4,3,PFM3T7T04,PFM3T7T03,0.144542540849834
allsubs,0,FPR_cort,SMd,4,3,PFM3T7T04,PFM3T7T03,0.0018652076597861
allsubs,0,FPR_cort,SMl,4,3,PFM3T7T04,PFM3T7T03,0.0405521343730339
allsubs,0,FPR_cort,Aud,4,3,PFM3T7T04,PFM3T7T03,0.0071875765100905
allsubs,0,FPR_cort,Tpole,4,3,PFM3T7T04,PFM3T7T03,0.0074149142808884
allsubs,0,FPR_cort,MTL,4,3,PFM3T7T04,PFM3T7T03,0.017174873021137
allsubs,0,FPR_cort,PMN,4,3,PFM3T7T04,PFM3T7T03,0.0846927178949209
allsubs,0,FPR_cort,PON,4,3,PFM3T7T04,PFM3T7T03,0.0180873580912065
allsubs,0,FPR_cort,SCAN,4,3,PFM3T7T04,PFM3T7T03,0.0177533222591362
allsubs,0,FNR_cort,DMN,4,3,PFM3T7T04,PFM3T7T03,0.544930759122612
allsubs,0,FNR_cort,Vis,4,3,PFM3T7T04,PFM3T7T03,0.203380588876772
allsubs,0,FNR_cort,FP,4,3,PFM3T7T04,PFM3T7T03,0.375832828588734
allsubs,0,FNR_cort,DAN,4,3,PFM3T7T04,PFM3T7T03,0.653144940747493
allsubs,0,FNR_cort,VAN,4,3,PFM3T7T04,PFM3T7T03,0.621083550913838
allsubs,0,FNR_cort,Sal,4,3,PFM3T7T04,PFM3T7T03,0.789092932665554
allsubs,0,FNR_cort,AMN,4,3,PFM3T7T04,PFM3T7T03,0.262536528345997
allsubs,0,FNR_cort,SMd,4,3,PFM3T7T04,PFM3T7T03,0.639833226427197
allsubs,0,FNR_cort,SMl,4,3,PFM3T7T04,PFM3T7T03,0.605229133745152
allsubs,0,FNR_cort,Aud,4,3,PFM3T7T04,PFM3T7T03,0.369506726457399
allsubs,0,FNR_cort,Tpole,4,3,PFM3T7T04,PFM3T7T03,0.845410628019324
allsubs,0,FNR_cort,MTL,4,3,PFM3T7T04,PFM3T7T03,0.680509674374705
allsubs,0,FNR_cort,PMN,4,3,PFM3T7T04,PFM3T7T03,0.458276950834461
allsubs,0,FNR_cort,PON,4,3,PFM3T7T04,PFM3T7T03,0.529175946547884
allsubs,0,FNR_cort,SCAN,4,3,PFM3T7T04,PFM3T7T03,0.470987654320988
allsubs,0,NPV_cort,DMN,4,3,PFM3T7T04,PFM3T7T03,0.898449714619398
allsubs,0,NPV_cort,Vis,4,3,PFM3T7T04,PFM3T7T03,0.979117290286461
allsubs,0,NPV_cort,FP,4,3,PFM3T7T04,PFM3T7T03,0.976554825058566
allsubs,0,NPV_cort,DAN,4,3,PFM3T7T04,PFM3T7T03,0.923017692142397
allsubs,0,NPV_cort,VAN,4,3,PFM3T7T04,PFM3T7T03,0.966340031130607
allsubs,0,NPV_cort,Sal,4,3,PFM3T7T04,PFM3T7T03,0.975887224310031
allsubs,0,NPV_cort,AMN,4,3,PFM3T7T04,PFM3T7T03,0.950909249868858
allsubs,0,NPV_cort,SMd,4,3,PFM3T7T04,PFM3T7T03,0.965712223291627
allsubs,0,NPV_cort,SMl,4,3,PFM3T7T04,PFM3T7T03,0.922749692869061
allsubs,0,NPV_cort,Aud,4,3,PFM3T7T04,PFM3T7T03,0.985693202534942
allsubs,0,NPV_cort,Tpole,4,3,PFM3T7T04,PFM3T7T03,0.997030929234319
allsubs,0,NPV_cort,MTL,4,3,PFM3T7T04,PFM3T7T03,0.975030735398521
allsubs,0,NPV_cort,PMN,4,3,PFM3T7T04,PFM3T7T03,0.98096201772631
allsubs,0,NPV_cort,PON,4,3,PFM3T7T04,PFM3T7T03,0.979274611398964
allsubs,0,NPV_cort,SCAN,4,3,PFM3T7T04,PFM3T7T03,0.986737123885345
allsubs,0,PPV_cort,DMN,4,3,PFM3T7T04,PFM3T7T03,0.711778656126482
allsubs,0,PPV_cort,Vis,4,3,PFM3T7T04,PFM3T7T03,0.752188089926206
allsubs,0,PPV_cort,FP,4,3,PFM3T7T04,PFM3T7T03,0.318055555555556
allsubs,0,PPV_cort,DAN,4,3,PFM3T7T04,PFM3T7T03,0.639854260089686
allsubs,0,PPV_cort,VAN,4,3,PFM3T7T04,PFM3T7T03,0.403685674547983
allsubs,0,PPV_cort,Sal,4,3,PFM3T7T04,PFM3T7T03,0.626446280991735
allsubs,0,PPV_cort,AMN,4,3,PFM3T7T04,PFM3T7T03,0.46185944363104
allsubs,0,PPV_cort,SMd,4,3,PFM3T7T04,PFM3T7T03,0.914495114006515
allsubs,0,PPV_cort,SMl,4,3,PFM3T7T04,PFM3T7T03,0.563692307692308
allsubs,0,PPV_cort,Aud,4,3,PFM3T7T04,PFM3T7T03,0.773802971931756
allsubs,0,PPV_cort,Tpole,4,3,PFM3T7T04,PFM3T7T03,0.0679405520169851
allsubs,0,PPV_cort,MTL,4,3,PFM3T7T04,PFM3T7T03,0.407585791691752
allsubs,0,PPV_cort,PMN,4,3,PFM3T7T04,PFM3T7T03,0.198676592224979
allsubs,0,PPV_cort,PON,4,3,PFM3T7T04,PFM3T7T03,0.505499760879962
allsubs,0,PPV_cort,SCAN,4,3,PFM3T7T04,PFM3T7T03,0.455124800849708
allsubs,0,PPVcorr_Jeffreys_cort,DMN,4,3,PFM3T7T04,PFM3T7T03,0.68313440794061
allsubs,0,PPVcorr_Jeffreys_cort,Vis,4,3,PFM3T7T04,PFM3T7T03,0.73043028288277
allsubs,0,PPVcorr_Jeffreys_cort,FP,4,3,PFM3T7T04,PFM3T7T03,0.32687733106223
allsubs,0,PPVcorr_Jeffreys_cort,DAN,4,3,PFM3T7T04,PFM3T7T03,0.61807297335668
allsubs,0,PPVcorr_Jeffreys_cort,VAN,4,3,PFM3T7T04,PFM3T7T03,0.412958773252891
allsubs,0,PPVcorr_Jeffreys_cort,Sal,4,3,PFM3T7T04,PFM3T7T03,0.597489486427934
allsubs,0,PPVcorr_Jeffreys_cort,AMN,4,3,PFM3T7T04,PFM3T7T03,0.464107333540009
allsubs,0,PPVcorr_Jeffreys_cort,SMd,4,3,PFM3T7T04,PFM3T7T03,0.830562410702689
allsubs,0,PPVcorr_Jeffreys_cort,SMl,4,3,PFM3T7T04,PFM3T7T03,0.555734056111001
allsubs,0,PPVcorr_Jeffreys_cort,Aud,4,3,PFM3T7T04,PFM3T7T03,0.743872549019608
allsubs,0,PPVcorr_Jeffreys_cort,Tpole,4,3,PFM3T7T04,PFM3T7T03,0.0861297539149888
allsubs,0,PPVcorr_Jeffreys_cort,MTL,4,3,PFM3T7T04,PFM3T7T03,0.418041539857974
allsubs,0,PPVcorr_Jeffreys_cort,PMN,4,3,PFM3T7T04,PFM3T7T03,0.209336652464614
allsubs,0,PPVcorr_Jeffreys_cort,PON,4,3,PFM3T7T04,PFM3T7T03,0.504966529907148
allsubs,0,PPVcorr_Jeffreys_cort,SCAN,4,3,PFM3T7T04,PFM3T7T03,0.458679706601467
allsubs,0,PPVcorr_d1d2_cort,DMN,4,3,PFM3T7T04,PFM3T7T03,0.710618439902663
allsubs,0,PPVcorr_d1d2_cort,Vis,4,3,PFM3T7T04,PFM3T7T03,0.757322358793833
allsubs,0,PPVcorr_d1d2_cort,FP,4,3,PFM3T7T04,PFM3T7T03,0.34307015653878
allsubs,0,PPVcorr_d1d2_cort,DAN,4,3,PFM3T7T04,PFM3T7T03,0.637151389283309
allsubs,0,PPVcorr_d1d2_cort,VAN,4,3,PFM3T7T04,PFM3T7T03,0.421687682151499
allsubs,0,PPVcorr_d1d2_cort,Sal,4,3,PFM3T7T04,PFM3T7T03,0.585222695679453
allsubs,0,PPVcorr_d1d2_cort,AMN,4,3,PFM3T7T04,PFM3T7T03,0.470109200350256
allsubs,0,PPVcorr_d1d2_cort,SMd,4,3,PFM3T7T04,PFM3T7T03,0.875006938039327
allsubs,0,PPVcorr_d1d2_cort,SMl,4,3,PFM3T7T04,PFM3T7T03,0.5664254504079
allsubs,0,PPVcorr_d1d2_cort,Aud,4,3,PFM3T7T04,PFM3T7T03,0.775797612423255
allsubs,0,PPVcorr_d1d2_cort,Tpole,4,3,PFM3T7T04,PFM3T7T03,0.454608797000101
allsubs,0,PPVcorr_d1d2_cort,MTL,4,3,PFM3T7T04,PFM3T7T03,0.428993207234261
allsubs,0,PPVcorr_d1d2_cort,PMN,4,3,PFM3T7T04,PFM3T7T03,0.239857755376942
allsubs,0,PPVcorr_d1d2_cort,PON,4,3,PFM3T7T04,PFM3T7T03,0.524927149545624
allsubs,0,PPVcorr_d1d2_cort,SCAN,4,3,PFM3T7T04,PFM3T7T03,0.490793633014735
allsubs,0,PPVcorr_bayes_cort,DMN,4,3,PFM3T7T04,PFM3T7T03,0.706494249081832
allsubs,0,PPVcorr_bayes_cort,Vis,4,3,PFM3T7T04,PFM3T7T03,0.765979584145762
allsubs,0,PPVcorr_bayes_cort,FP,4,3,PFM3T7T04,PFM3T7T03,0.358932306164517
allsubs,0,PPVcorr_bayes_cort,DAN,4,3,PFM3T7T04,PFM3T7T03,0.631564095328493
allsubs,0,PPVcorr_bayes_cort,VAN,4,3,PFM3T7T04,PFM3T7T03,0.430763645963963
allsubs,0,PPVcorr_bayes_cort,Sal,4,3,PFM3T7T04,PFM3T7T03,0.588848171301286
allsubs,0,PPVcorr_bayes_cort,AMN,4,3,PFM3T7T04,PFM3T7T03,0.496317984207258
allsubs,0,PPVcorr_bayes_cort,SMd,4,3,PFM3T7T04,PFM3T7T03,0.855585240811611
allsubs,0,PPVcorr_bayes_cort,SMl,4,3,PFM3T7T04,PFM3T7T03,0.572783568304285
allsubs,0,PPVcorr_bayes_cort,Aud,4,3,PFM3T7T04,PFM3T7T03,0.776030059600933
allsubs,0,PPVcorr_bayes_cort,Tpole,4,3,PFM3T7T04,PFM3T7T03,0.116201928060537
allsubs,0,PPVcorr_bayes_cort,MTL,4,3,PFM3T7T04,PFM3T7T03,0.430187505302752
allsubs,0,PPVcorr_bayes_cort,PMN,4,3,PFM3T7T04,PFM3T7T03,0.244240155274207
allsubs,0,PPVcorr_bayes_cort,PON,4,3,PFM3T7T04,PFM3T7T03,0.527186117727118
allsubs,0,PPVcorr_bayes_cort,SCAN,4,3,PFM3T7T04,PFM3T7T03,0.484300254452926
allsubs,0,MCC_cort,DMN,4,3,PFM3T7T04,PFM3T7T03,0.505204039328844
allsubs,0,MCC_cort,Vis,4,3,PFM3T7T04,PFM3T7T03,0.750322441756742
allsubs,0,MCC_cort,FP,4,3,PFM3T7T04,PFM3T7T03,0.400853824217974
allsubs,0,MCC_cort,DAN,4,3,PFM3T7T04,PFM3T7T03,0.426079899006499
allsubs,0,MCC_cort,VAN,4,3,PFM3T7T04,PFM3T7T03,0.359091596722177
allsubs,0,MCC_cort,Sal,4,3,PFM3T7T04,PFM3T7T03,0.353091611362824
allsubs,0,MCC_cort,AMN,4,3,PFM3T7T04,PFM3T7T03,0.494711226835192
allsubs,0,MCC_cort,SMd,4,3,PFM3T7T04,PFM3T7T03,0.561586740657266
allsubs,0,MCC_cort,SMl,4,3,PFM3T7T04,PFM3T7T03,0.415098625115648
allsubs,0,MCC_cort,Aud,4,3,PFM3T7T04,PFM3T7T03,0.688039455568858
allsubs,0,MCC_cort,Tpole,4,3,PFM3T7T04,PFM3T7T03,0.097786208225458
allsubs,0,MCC_cort,MTL,4,3,PFM3T7T04,PFM3T7T03,0.340104231907113
allsubs,0,MCC_cort,PMN,4,3,PFM3T7T04,PFM3T7T03,0.28653148765019
allsubs,0,MCC_cort,PON,4,3,PFM3T7T04,PFM3T7T03,0.468481747031002
allsubs,0,MCC_cort,SCAN,4,3,PFM3T7T04,PFM3T7T03,0.475295588162219
allsubs,0,muI_cort,WholeBrainOrSingleVal,4,3,PFM3T7T04,PFM3T7T03,1.32122557932685
allsubs,0,VIn_cort,WholeBrainOrSingleVal,4,3,PFM3T7T04,PFM3T7T03,0.276552372060843
allsubs,0,MIn_cort,WholeBrainOrSingleVal,4,3,PFM3T7T04,PFM3T7T03,0.375981162054464
allsubs,0,DC_cort,DMN,4,4,PFM3T7T04,PFM3T7T04,0.755929733667935
allsubs,0,DC_cort,Vis,4,4,PFM3T7T04,PFM3T7T04,0.858636328695519
allsubs,0,DC_cort,FP,4,4,PFM3T7T04,PFM3T7T04,0.769858621192246
allsubs,0,DC_cort,DAN,4,4,PFM3T7T04,PFM3T7T04,0.558558558558559
allsubs,0,DC_cort,VAN,4,4,PFM3T7T04,PFM3T7T04,0.677526308202393
allsubs,0,DC_cort,Sal,4,4,PFM3T7T04,PFM3T7T04,0.397732640529051
allsubs,0,DC_cort,AMN,4,4,PFM3T7T04,PFM3T7T04,0.667626158136188
allsubs,0,DC_cort,SMd,4,4,PFM3T7T04,PFM3T7T04,0.590635626471358
allsubs,0,DC_cort,SMl,4,4,PFM3T7T04,PFM3T7T04,0.418433451118963
allsubs,0,DC_cort,Aud,4,4,PFM3T7T04,PFM3T7T04,0.653384834315918
allsubs,0,DC_cort,Tpole,4,4,PFM3T7T04,PFM3T7T04,0.262638717632552
allsubs,0,DC_cort,MTL,4,4,PFM3T7T04,PFM3T7T04,0.374978980998823
allsubs,0,DC_cort,PMN,4,4,PFM3T7T04,PFM3T7T04,0.398213146139119
allsubs,0,DC_cort,PON,4,4,PFM3T7T04,PFM3T7T04,0.661103979460847
allsubs,0,DC_cort,SCAN,4,4,PFM3T7T04,PFM3T7T04,0.627986348122867
allsubs,0,cDC_cort,DMN,4,4,PFM3T7T04,PFM3T7T04,0.755929733667935
allsubs,0,cDC_cort,Vis,4,4,PFM3T7T04,PFM3T7T04,0.858636328695519
allsubs,0,cDC_cort,FP,4,4,PFM3T7T04,PFM3T7T04,0.769858621192246
allsubs,0,cDC_cort,DAN,4,4,PFM3T7T04,PFM3T7T04,0.558558558558559
allsubs,0,cDC_cort,VAN,4,4,PFM3T7T04,PFM3T7T04,0.677526308202393
allsubs,0,cDC_cort,Sal,4,4,PFM3T7T04,PFM3T7T04,0.397732640529051
allsubs,0,cDC_cort,AMN,4,4,PFM3T7T04,PFM3T7T04,0.667626158136188
allsubs,0,cDC_cort,SMd,4,4,PFM3T7T04,PFM3T7T04,0.590635626471358
allsubs,0,cDC_cort,SMl,4,4,PFM3T7T04,PFM3T7T04,0.418433451118963
allsubs,0,cDC_cort,Aud,4,4,PFM3T7T04,PFM3T7T04,0.653384834315918
allsubs,0,cDC_cort,Tpole,4,4,PFM3T7T04,PFM3T7T04,0.262638717632552
allsubs,0,cDC_cort,MTL,4,4,PFM3T7T04,PFM3T7T04,0.374978980998823
allsubs,0,cDC_cort,PMN,4,4,PFM3T7T04,PFM3T7T04,0.398213146139119
allsubs,0,cDC_cort,PON,4,4,PFM3T7T04,PFM3T7T04,0.661103979460847
allsubs,0,cDC_cort,SCAN,4,4,PFM3T7T04,PFM3T7T04,0.627986348122867
allsubs,0,TP_cort,DMN,4,4,PFM3T7T04,PFM3T7T04,4669.0
allsubs,0,TP_cort,Vis,4,4,PFM3T7T04,PFM3T7T04,5585.0
allsubs,0,TP_cort,FP,4,4,PFM3T7T04,PFM3T7T04,5282.0
allsubs,0,TP_cort,DAN,4,4,PFM3T7T04,PFM3T7T04,2604.0
allsubs,0,TP_cort,VAN,4,4,PFM3T7T04,PFM3T7T04,2350.0
allsubs,0,TP_cort,Sal,4,4,PFM3T7T04,PFM3T7T04,421.0
allsubs,0,TP_cort,AMN,4,4,PFM3T7T04,PFM3T7T04,7422.0
allsubs,0,TP_cort,SMd,4,4,PFM3T7T04,PFM3T7T04,1129.0
allsubs,0,TP_cort,SMl,4,4,PFM3T7T04,PFM3T7T04,1421.0
allsubs,0,TP_cort,Aud,4,4,PFM3T7T04,PFM3T7T04,1607.0
allsubs,0,TP_cort,Tpole,4,4,PFM3T7T04,PFM3T7T04,213.0
allsubs,0,TP_cort,MTL,4,4,PFM3T7T04,PFM3T7T04,1115.0
allsubs,0,TP_cort,PMN,4,4,PFM3T7T04,PFM3T7T04,1560.0
allsubs,0,TP_cort,PON,4,4,PFM3T7T04,PFM3T7T04,1545.0
allsubs,0,TP_cort,SCAN,4,4,PFM3T7T04,PFM3T7T04,1104.0
allsubs,0,TN_cort,DMN,4,4,PFM3T7T04,PFM3T7T04,51728.0
allsubs,0,TN_cort,Vis,4,4,PFM3T7T04,PFM3T7T04,51988.0
allsubs,0,TN_cort,FP,4,4,PFM3T7T04,PFM3T7T04,50972.0
allsubs,0,TN_cort,DAN,4,4,PFM3T7T04,PFM3T7T04,52692.0
allsubs,0,TN_cort,VAN,4,4,PFM3T7T04,PFM3T7T04,54825.0
allsubs,0,TN_cort,Sal,4,4,PFM3T7T04,PFM3T7T04,57716.0
allsubs,0,TN_cort,AMN,4,4,PFM3T7T04,PFM3T7T04,44600.0
allsubs,0,TN_cort,SMd,4,4,PFM3T7T04,PFM3T7T04,56718.0
allsubs,0,TN_cort,SMl,4,4,PFM3T7T04,PFM3T7T04,54041.0
allsubs,0,TN_cort,Aud,4,4,PFM3T7T04,PFM3T7T04,56100.0
allsubs,0,TN_cort,Tpole,4,4,PFM3T7T04,PFM3T7T04,58003.0
allsubs,0,TN_cort,MTL,4,4,PFM3T7T04,PFM3T7T04,54580.0
allsubs,0,TN_cort,PMN,4,4,PFM3T7T04,PFM3T7T04,53137.0
allsubs,0,TN_cort,PON,4,4,PFM3T7T04,PFM3T7T04,56283.0
allsubs,0,TN_cort,SCAN,4,4,PFM3T7T04,PFM3T7T04,57000.0
allsubs,0,FP_cort,DMN,4,4,PFM3T7T04,PFM3T7T04,1656.0
allsubs,0,FP_cort,Vis,4,4,PFM3T7T04,PFM3T7T04,242.0
allsubs,0,FP_cort,FP,4,4,PFM3T7T04,PFM3T7T04,1198.0
allsubs,0,FP_cort,DAN,4,4,PFM3T7T04,PFM3T7T04,964.0
allsubs,0,FP_cort,VAN,4,4,PFM3T7T04,PFM3T7T04,526.0
allsubs,0,FP_cort,Sal,4,4,PFM3T7T04,PFM3T7T04,184.0
allsubs,0,FP_cort,AMN,4,4,PFM3T7T04,PFM3T7T04,6238.0
allsubs,0,FP_cort,SMd,4,4,PFM3T7T04,PFM3T7T04,99.0
allsubs,0,FP_cort,SMl,4,4,PFM3T7T04,PFM3T7T04,3454.0
allsubs,0,FP_cort,Aud,4,4,PFM3T7T04,PFM3T7T04,210.0
allsubs,0,FP_cort,Tpole,4,4,PFM3T7T04,PFM3T7T04,258.0
allsubs,0,FP_cort,MTL,4,4,PFM3T7T04,PFM3T7T04,546.0
allsubs,0,FP_cort,PMN,4,4,PFM3T7T04,PFM3T7T04,4485.0
allsubs,0,FP_cort,PON,4,4,PFM3T7T04,PFM3T7T04,546.0
allsubs,0,FP_cort,SCAN,4,4,PFM3T7T04,PFM3T7T04,779.0
allsubs,0,FN_cort,DMN,4,4,PFM3T7T04,PFM3T7T04,1359.0
allsubs,0,FN_cort,Vis,4,4,PFM3T7T04,PFM3T7T04,1597.0
allsubs,0,FN_cort,FP,4,4,PFM3T7T04,PFM3T7T04,1960.0
allsubs,0,FN_cort,DAN,4,4,PFM3T7T04,PFM3T7T04,3152.0
allsubs,0,FN_cort,VAN,4,4,PFM3T7T04,PFM3T7T04,1711.0
allsubs,0,FN_cort,Sal,4,4,PFM3T7T04,PFM3T7T04,1091.0
allsubs,0,FN_cort,AMN,4,4,PFM3T7T04,PFM3T7T04,1152.0
allsubs,0,FN_cort,SMd,4,4,PFM3T7T04,PFM3T7T04,1466.0
allsubs,0,FN_cort,SMl,4,4,PFM3T7T04,PFM3T7T04,496.0
allsubs,0,FN_cort,Aud,4,4,PFM3T7T04,PFM3T7T04,1495.0
allsubs,0,FN_cort,Tpole,4,4,PFM3T7T04,PFM3T7T04,938.0
allsubs,0,FN_cort,MTL,4,4,PFM3T7T04,PFM3T7T04,3171.0
allsubs,0,FN_cort,PMN,4,4,PFM3T7T04,PFM3T7T04,230.0
allsubs,0,FN_cort,PON,4,4,PFM3T7T04,PFM3T7T04,1038.0
allsubs,0,FN_cort,SCAN,4,4,PFM3T7T04,PFM3T7T04,529.0
allsubs,0,TPR_cort,DMN,4,4,PFM3T7T04,PFM3T7T04,0.774552090245521
allsubs,0,TPR_cort,Vis,4,4,PFM3T7T04,PFM3T7T04,0.777638540796436
allsubs,0,TPR_cort,FP,4,4,PFM3T7T04,PFM3T7T04,0.729356531344932
allsubs,0,TPR_cort,DAN,4,4,PFM3T7T04,PFM3T7T04,0.452397498262682
allsubs,0,TPR_cort,VAN,4,4,PFM3T7T04,PFM3T7T04,0.578675203151933
allsubs,0,TPR_cort,Sal,4,4,PFM3T7T04,PFM3T7T04,0.278439153439153
allsubs,0,TPR_cort,AMN,4,4,PFM3T7T04,PFM3T7T04,0.865640307907628
allsubs,0,TPR_cort,SMd,4,4,PFM3T7T04,PFM3T7T04,0.435067437379576
allsubs,0,TPR_cort,SMl,4,4,PFM3T7T04,PFM3T7T04,0.741262389149713
allsubs,0,TPR_cort,Aud,4,4,PFM3T7T04,PFM3T7T04,0.518052869116699
allsubs,0,TPR_cort,Tpole,4,4,PFM3T7T04,PFM3T7T04,0.185056472632493
allsubs,0,TPR_cort,MTL,4,4,PFM3T7T04,PFM3T7T04,0.260149323378441
allsubs,0,TPR_cort,PMN,4,4,PFM3T7T04,PFM3T7T04,0.871508379888268
allsubs,0,TPR_cort,PON,4,4,PFM3T7T04,PFM3T7T04,0.598141695702671
allsubs,0,TPR_cort,SCAN,4,4,PFM3T7T04,PFM3T7T04,0.676056338028169
allsubs,0,TNR_cort,DMN,4,4,PFM3T7T04,PFM3T7T04,0.968979469503971
allsubs,0,TNR_cort,Vis,4,4,PFM3T7T04,PFM3T7T04,0.995366647520582
allsubs,0,TNR_cort,FP,4,4,PFM3T7T04,PFM3T7T04,0.977036611079164
allsubs,0,TNR_cort,DAN,4,4,PFM3T7T04,PFM3T7T04,0.982033696138363
allsubs,0,TNR_cort,VAN,4,4,PFM3T7T04,PFM3T7T04,0.990497009990786
allsubs,0,TNR_cort,Sal,4,4,PFM3T7T04,PFM3T7T04,0.996822107081174
allsubs,0,TNR_cort,AMN,4,4,PFM3T7T04,PFM3T7T04,0.877296510484283
allsubs,0,TNR_cort,SMd,4,4,PFM3T7T04,PFM3T7T04,0.998257563757326
allsubs,0,TNR_cort,SMl,4,4,PFM3T7T04,PFM3T7T04,0.939925210887903
allsubs,0,TNR_cort,Aud,4,4,PFM3T7T04,PFM3T7T04,0.996270644645711
allsubs,0,TNR_cort,Tpole,4,4,PFM3T7T04,PFM3T7T04,0.995571651705257
allsubs,0,TNR_cort,MTL,4,4,PFM3T7T04,PFM3T7T04,0.990095417770199
allsubs,0,TNR_cort,PMN,4,4,PFM3T7T04,PFM3T7T04,0.92216514525702
allsubs,0,TNR_cort,PON,4,4,PFM3T7T04,PFM3T7T04,0.990392229319538
allsubs,0,TNR_cort,SCAN,4,4,PFM3T7T04,PFM3T7T04,0.986517592897073
allsubs,0,FPR_cort,DMN,4,4,PFM3T7T04,PFM3T7T04,0.0310205304960288
allsubs,0,FPR_cort,Vis,4,4,PFM3T7T04,PFM3T7T04,0.0046333524794179
allsubs,0,FPR_cort,FP,4,4,PFM3T7T04,PFM3T7T04,0.0229633889208357
allsubs,0,FPR_cort,DAN,4,4,PFM3T7T04,PFM3T7T04,0.0179663038616371
allsubs,0,FPR_cort,VAN,4,4,PFM3T7T04,PFM3T7T04,0.0095029900092139
allsubs,0,FPR_cort,Sal,4,4,PFM3T7T04,PFM3T7T04,0.0031778929188255
allsubs,0,FPR_cort,AMN,4,4,PFM3T7T04,PFM3T7T04,0.122703489515717
allsubs,0,FPR_cort,SMd,4,4,PFM3T7T04,PFM3T7T04,0.0017424362426738
allsubs,0,FPR_cort,SMl,4,4,PFM3T7T04,PFM3T7T04,0.0600747891120967
allsubs,0,FPR_cort,Aud,4,4,PFM3T7T04,PFM3T7T04,0.0037293553542887
allsubs,0,FPR_cort,Tpole,4,4,PFM3T7T04,PFM3T7T04,0.0044283482947426
allsubs,0,FPR_cort,MTL,4,4,PFM3T7T04,PFM3T7T04,0.0099045822298008
allsubs,0,FPR_cort,PMN,4,4,PFM3T7T04,PFM3T7T04,0.0778348547429801
allsubs,0,FPR_cort,PON,4,4,PFM3T7T04,PFM3T7T04,0.0096077706804624
allsubs,0,FPR_cort,SCAN,4,4,PFM3T7T04,PFM3T7T04,0.0134824071029267
allsubs,0,FNR_cort,DMN,4,4,PFM3T7T04,PFM3T7T04,0.225447909754479
allsubs,0,FNR_cort,Vis,4,4,PFM3T7T04,PFM3T7T04,0.222361459203564
allsubs,0,FNR_cort,FP,4,4,PFM3T7T04,PFM3T7T04,0.270643468655068
allsubs,0,FNR_cort,DAN,4,4,PFM3T7T04,PFM3T7T04,0.547602501737318
allsubs,0,FNR_cort,VAN,4,4,PFM3T7T04,PFM3T7T04,0.421324796848067
allsubs,0,FNR_cort,Sal,4,4,PFM3T7T04,PFM3T7T04,0.721560846560847
allsubs,0,FNR_cort,AMN,4,4,PFM3T7T04,PFM3T7T04,0.134359692092372
allsubs,0,FNR_cort,SMd,4,4,PFM3T7T04,PFM3T7T04,0.564932562620424
allsubs,0,FNR_cort,SMl,4,4,PFM3T7T04,PFM3T7T04,0.258737610850287
allsubs,0,FNR_cort,Aud,4,4,PFM3T7T04,PFM3T7T04,0.481947130883301
allsubs,0,FNR_cort,Tpole,4,4,PFM3T7T04,PFM3T7T04,0.814943527367507
allsubs,0,FNR_cort,MTL,4,4,PFM3T7T04,PFM3T7T04,0.739850676621559
allsubs,0,FNR_cort,PMN,4,4,PFM3T7T04,PFM3T7T04,0.128491620111732
allsubs,0,FNR_cort,PON,4,4,PFM3T7T04,PFM3T7T04,0.401858304297329
allsubs,0,FNR_cort,SCAN,4,4,PFM3T7T04,PFM3T7T04,0.323943661971831
allsubs,0,NPV_cort,DMN,4,4,PFM3T7T04,PFM3T7T04,0.974400512366493
allsubs,0,NPV_cort,Vis,4,4,PFM3T7T04,PFM3T7T04,0.970196883456191
allsubs,0,NPV_cort,FP,4,4,PFM3T7T04,PFM3T7T04,0.962971359480088
allsubs,0,NPV_cort,DAN,4,4,PFM3T7T04,PFM3T7T04,0.943557051787121
allsubs,0,NPV_cort,VAN,4,4,PFM3T7T04,PFM3T7T04,0.969736097353898
allsubs,0,NPV_cort,Sal,4,4,PFM3T7T04,PFM3T7T04,0.981447786828099
allsubs,0,NPV_cort,AMN,4,4,PFM3T7T04,PFM3T7T04,0.974820772862389
allsubs,0,NPV_cort,SMd,4,4,PFM3T7T04,PFM3T7T04,0.974804069847381
allsubs,0,NPV_cort,SMl,4,4,PFM3T7T04,PFM3T7T04,0.990905256981499
allsubs,0,NPV_cort,Aud,4,4,PFM3T7T04,PFM3T7T04,0.974042885667159
allsubs,0,NPV_cort,Tpole,4,4,PFM3T7T04,PFM3T7T04,0.98408578069595
allsubs,0,NPV_cort,MTL,4,4,PFM3T7T04,PFM3T7T04,0.945091859881214
allsubs,0,NPV_cort,PMN,4,4,PFM3T7T04,PFM3T7T04,0.995690220548279
allsubs,0,NPV_cort,PON,4,4,PFM3T7T04,PFM3T7T04,0.981891453394044
allsubs,0,NPV_cort,SCAN,4,4,PFM3T7T04,PFM3T7T04,0.990804637661006
allsubs,0,PPV_cort,DMN,4,4,PFM3T7T04,PFM3T7T04,0.738181818181818
allsubs,0,PPV_cort,Vis,4,4,PFM3T7T04,PFM3T7T04,0.958469195126137
allsubs,0,PPV_cort,FP,4,4,PFM3T7T04,PFM3T7T04,0.815123456790123
allsubs,0,PPV_cort,DAN,4,4,PFM3T7T04,PFM3T7T04,0.729820627802691
allsubs,0,PPV_cort,VAN,4,4,PFM3T7T04,PFM3T7T04,0.817107093184979
allsubs,0,PPV_cort,Sal,4,4,PFM3T7T04,PFM3T7T04,0.695867768595041
allsubs,0,PPV_cort,AMN,4,4,PFM3T7T04,PFM3T7T04,0.543338213762811
allsubs,0,PPV_cort,SMd,4,4,PFM3T7T04,PFM3T7T04,0.919381107491857
allsubs,0,PPV_cort,SMl,4,4,PFM3T7T04,PFM3T7T04,0.29148717948718
allsubs,0,PPV_cort,Aud,4,4,PFM3T7T04,PFM3T7T04,0.88442487616951
allsubs,0,PPV_cort,Tpole,4,4,PFM3T7T04,PFM3T7T04,0.452229299363057
allsubs,0,PPV_cort,MTL,4,4,PFM3T7T04,PFM3T7T04,0.671282360024082
allsubs,0,PPV_cort,PMN,4,4,PFM3T7T04,PFM3T7T04,0.258064516129032
allsubs,0,PPV_cort,PON,4,4,PFM3T7T04,PFM3T7T04,0.738880918220947
allsubs,0,PPV_cort,SCAN,4,4,PFM3T7T04,PFM3T7T04,0.586298459904408
allsubs,0,PPVcorr_Jeffreys_cort,DMN,4,4,PFM3T7T04,PFM3T7T04,0.717457201420364
allsubs,0,PPVcorr_Jeffreys_cort,Vis,4,4,PFM3T7T04,PFM3T7T04,0.908161706288578
allsubs,0,PPVcorr_Jeffreys_cort,FP,4,4,PFM3T7T04,PFM3T7T04,0.783445767746592
allsubs,0,PPVcorr_Jeffreys_cort,DAN,4,4,PFM3T7T04,PFM3T7T04,0.697895549763491
allsubs,0,PPVcorr_Jeffreys_cort,VAN,4,4,PFM3T7T04,PFM3T7T04,0.777870875354194
allsubs,0,PPVcorr_Jeffreys_cort,Sal,4,4,PFM3T7T04,PFM3T7T04,0.656704575509125
allsubs,0,PPVcorr_Jeffreys_cort,AMN,4,4,PFM3T7T04,PFM3T7T04,0.540778651824707
allsubs,0,PPVcorr_Jeffreys_cort,SMd,4,4,PFM3T7T04,PFM3T7T04,0.846218487394958
allsubs,0,PPVcorr_Jeffreys_cort,SMl,4,4,PFM3T7T04,PFM3T7T04,0.299376319892632
allsubs,0,PPVcorr_Jeffreys_cort,Aud,4,4,PFM3T7T04,PFM3T7T04,0.828365927040241
allsubs,0,PPVcorr_Jeffreys_cort,Tpole,4,4,PFM3T7T04,PFM3T7T04,0.46161064664733
allsubs,0,PPVcorr_Jeffreys_cort,MTL,4,4,PFM3T7T04,PFM3T7T04,0.63615045941807
allsubs,0,PPVcorr_Jeffreys_cort,PMN,4,4,PFM3T7T04,PFM3T7T04,0.265022493573265
allsubs,0,PPVcorr_Jeffreys_cort,PON,4,4,PFM3T7T04,PFM3T7T04,0.712616524071
allsubs,0,PPVcorr_Jeffreys_cort,SCAN,4,4,PFM3T7T04,PFM3T7T04,0.579411620974442
allsubs,0,PPVcorr_d1d2_cort,DMN,4,4,PFM3T7T04,PFM3T7T04,0.742985839915853
allsubs,0,PPVcorr_d1d2_cort,Vis,4,4,PFM3T7T04,PFM3T7T04,0.955909815962909
allsubs,0,PPVcorr_d1d2_cort,FP,4,4,PFM3T7T04,PFM3T7T04,0.81628598157408
allsubs,0,PPVcorr_d1d2_cort,DAN,4,4,PFM3T7T04,PFM3T7T04,0.726761376754814
allsubs,0,PPVcorr_d1d2_cort,VAN,4,4,PFM3T7T04,PFM3T7T04,0.813342289242561
allsubs,0,PPVcorr_d1d2_cort,Sal,4,4,PFM3T7T04,PFM3T7T04,0.653701455401172
allsubs,0,PPVcorr_d1d2_cort,AMN,4,4,PFM3T7T04,PFM3T7T04,0.550964237410462
allsubs,0,PPVcorr_d1d2_cort,SMd,4,4,PFM3T7T04,PFM3T7T04,0.885494185582913
allsubs,0,PPVcorr_d1d2_cort,SMl,4,4,PFM3T7T04,PFM3T7T04,0.336777250678059
allsubs,0,PPVcorr_d1d2_cort,Aud,4,4,PFM3T7T04,PFM3T7T04,0.868652300745793
allsubs,0,PPVcorr_d1d2_cort,Tpole,4,4,PFM3T7T04,PFM3T7T04,0.444791850200191
allsubs,0,PPVcorr_d1d2_cort,MTL,4,4,PFM3T7T04,PFM3T7T04,0.6550817724524
allsubs,0,PPVcorr_d1d2_cort,PMN,4,4,PFM3T7T04,PFM3T7T04,0.308852830655175
allsubs,0,PPVcorr_d1d2_cort,PON,4,4,PFM3T7T04,PFM3T7T04,0.74199469933959
allsubs,0,PPVcorr_d1d2_cort,SCAN,4,4,PFM3T7T04,PFM3T7T04,0.61482320906505
allsubs,0,PPVcorr_bayes_cort,DMN,4,4,PFM3T7T04,PFM3T7T04,0.752293508766635
allsubs,0,PPVcorr_bayes_cort,Vis,4,4,PFM3T7T04,PFM3T7T04,0.949855344183866
allsubs,0,PPVcorr_bayes_cort,FP,4,4,PFM3T7T04,PFM3T7T04,0.819292425947305
allsubs,0,PPVcorr_bayes_cort,DAN,4,4,PFM3T7T04,PFM3T7T04,0.721556730968679
allsubs,0,PPVcorr_bayes_cort,VAN,4,4,PFM3T7T04,PFM3T7T04,0.809824515835782
allsubs,0,PPVcorr_bayes_cort,Sal,4,4,PFM3T7T04,PFM3T7T04,0.662778755868545
allsubs,0,PPVcorr_bayes_cort,AMN,4,4,PFM3T7T04,PFM3T7T04,0.575278394855817
allsubs,0,PPVcorr_bayes_cort,SMd,4,4,PFM3T7T04,PFM3T7T04,0.876467341306348
allsubs,0,PPVcorr_bayes_cort,SMl,4,4,PFM3T7T04,PFM3T7T04,0.334935687923006
allsubs,0,PPVcorr_bayes_cort,Aud,4,4,PFM3T7T04,PFM3T7T04,0.860752115959657
allsubs,0,PPVcorr_bayes_cort,Tpole,4,4,PFM3T7T04,PFM3T7T04,0.447644226229818
allsubs,0,PPVcorr_bayes_cort,MTL,4,4,PFM3T7T04,PFM3T7T04,0.63878377658157
allsubs,0,PPVcorr_bayes_cort,PMN,4,4,PFM3T7T04,PFM3T7T04,0.303601988428001
allsubs,0,PPVcorr_bayes_cort,PON,4,4,PFM3T7T04,PFM3T7T04,0.742880940053576
allsubs,0,PPVcorr_bayes_cort,SCAN,4,4,PFM3T7T04,PFM3T7T04,0.609798285554397
allsubs,0,MCC_cort,DMN,4,4,PFM3T7T04,PFM3T7T04,0.727892472610147
allsubs,0,MCC_cort,Vis,4,4,PFM3T7T04,PFM3T7T04,0.847268373632675
allsubs,0,MCC_cort,FP,4,4,PFM3T7T04,PFM3T7T04,0.741377665140389
allsubs,0,MCC_cort,DAN,4,4,PFM3T7T04,PFM3T7T04,0.540866221562418
allsubs,0,MCC_cort,VAN,4,4,PFM3T7T04,PFM3T7T04,0.669215421337024
allsubs,0,MCC_cort,Sal,4,4,PFM3T7T04,PFM3T7T04,0.431785518001472
allsubs,0,MCC_cort,AMN,4,4,PFM3T7T04,PFM3T7T04,0.620450956115391
allsubs,0,MCC_cort,SMd,4,4,PFM3T7T04,PFM3T7T04,0.622473126317214
allsubs,0,MCC_cort,SMl,4,4,PFM3T7T04,PFM3T7T04,0.438591183298153
allsubs,0,MCC_cort,Aud,4,4,PFM3T7T04,PFM3T7T04,0.664477355309861
allsubs,0,MCC_cort,Tpole,4,4,PFM3T7T04,PFM3T7T04,0.280732567635702
allsubs,0,MCC_cort,MTL,4,4,PFM3T7T04,PFM3T7T04,0.392739617445065
allsubs,0,MCC_cort,PMN,4,4,PFM3T7T04,PFM3T7T04,0.448774349067542
allsubs,0,MCC_cort,PON,4,4,PFM3T7T04,PFM3T7T04,0.651305606389302
allsubs,0,MCC_cort,SCAN,4,4,PFM3T7T04,PFM3T7T04,0.618363540243965
allsubs,0,muI_cort,WholeBrainOrSingleVal,4,4,PFM3T7T04,PFM3T7T04,1.86726697812395
allsubs,0,VIn_cort,WholeBrainOrSingleVal,4,4,PFM3T7T04,PFM3T7T04,0.213275383320185
allsubs,0,MIn_cort,WholeBrainOrSingleVal,4,4,PFM3T7T04,PFM3T7T04,0.524752391216661
