Subject,Threshold,Metric,Network,SubjIndex_Exp,SubjIndex_Ref,SubjectID_Exp,SubjectID_Ref,Value
allsubs,0,DC_cort,DMN,1,1,PFM3T7T01,PFM3T7T01,0.855120946989192
allsubs,0,DC_cort,Vis,1,1,PFM3T7T01,PFM3T7T01,0.923023190835429
allsubs,0,DC_cort,FP,1,1,PFM3T7T01,PFM3T7T01,0.829374727261393
allsubs,0,DC_cort,DAN,1,1,PFM3T7T01,PFM3T7T01,0.688684617261856
allsubs,0,DC_cort,VAN,1,1,PFM3T7T01,PFM3T7T01,0.682775119617225
allsubs,0,DC_cort,Sal,1,1,PFM3T7T01,PFM3T7T01,0.689595375722543
allsubs,0,DC_cort,AMN,1,1,PFM3T7T01,PFM3T7T01,0.733408323959505
allsubs,0,DC_cort,SMd,1,1,PFM3T7T01,PFM3T7T01,0.642064932446058
allsubs,0,DC_cort,SMl,1,1,PFM3T7T01,PFM3T7T01,0.471067368063805
allsubs,0,DC_cort,Aud,1,1,PFM3T7T01,PFM3T7T01,0.677167247805699
allsubs,0,DC_cort,Tpole,1,1,PFM3T7T01,PFM3T7T01,0.391014975041597
allsubs,0,DC_cort,MTL,1,1,PFM3T7T01,PFM3T7T01,0.72992700729927
allsubs,0,DC_cort,PMN,1,1,PFM3T7T01,PFM3T7T01,0.72093567251462
allsubs,0,DC_cort,PON,1,1,PFM3T7T01,PFM3T7T01,0.729574223245109
allsubs,0,DC_cort,SCAN,1,1,PFM3T7T01,PFM3T7T01,0.678957718780728
allsubs,0,cDC_cort,DMN,1,1,PFM3T7T01,PFM3T7T01,0.855120946989192
allsubs,0,cDC_cort,Vis,1,1,PFM3T7T01,PFM3T7T01,0.923023190835429
allsubs,0,cDC_cort,FP,1,1,PFM3T7T01,PFM3T7T01,0.829374727261393
allsubs,0,cDC_cort,DAN,1,1,PFM3T7T01,PFM3T7T01,0.688684617261856
allsubs,0,cDC_cort,VAN,1,1,PFM3T7T01,PFM3T7T01,0.682775119617225
allsubs,0,cDC_cort,Sal,1,1,PFM3T7T01,PFM3T7T01,0.689595375722543
allsubs,0,cDC_cort,AMN,1,1,PFM3T7T01,PFM3T7T01,0.733408323959505
allsubs,0,cDC_cort,SMd,1,1,PFM3T7T01,PFM3T7T01,0.642064932446058
allsubs,0,cDC_cort,SMl,1,1,PFM3T7T01,PFM3T7T01,0.471067368063805
allsubs,0,cDC_cort,Aud,1,1,PFM3T7T01,PFM3T7T01,0.677167247805699
allsubs,0,cDC_cort,Tpole,1,1,PFM3T7T01,PFM3T7T01,0.391014975041597
allsubs,0,cDC_cort,MTL,1,1,PFM3T7T01,PFM3T7T01,0.72992700729927
allsubs,0,cDC_cort,PMN,1,1,PFM3T7T01,PFM3T7T01,0.72093567251462
allsubs,0,cDC_cort,PON,1,1,PFM3T7T01,PFM3T7T01,0.729574223245109
allsubs,0,cDC_cort,SCAN,1,1,PFM3T7T01,PFM3T7T01,0.678957718780728
allsubs,0,TP_cort,DMN,1,1,PFM3T7T01,PFM3T7T01,6646.0
allsubs,0,TP_cort,Vis,1,1,PFM3T7T01,PFM3T7T01,6607.0
allsubs,0,TP_cort,FP,1,1,PFM3T7T01,PFM3T7T01,6652.0
allsubs,0,TP_cort,DAN,1,1,PFM3T7T01,PFM3T7T01,4233.0
allsubs,0,TP_cort,VAN,1,1,PFM3T7T01,PFM3T7T01,1427.0
allsubs,0,TP_cort,Sal,1,1,PFM3T7T01,PFM3T7T01,1193.0
allsubs,0,TP_cort,AMN,1,1,PFM3T7T01,PFM3T7T01,5216.0
allsubs,0,TP_cort,SMd,1,1,PFM3T7T01,PFM3T7T01,1592.0
allsubs,0,TP_cort,SMl,1,1,PFM3T7T01,PFM3T7T01,1388.0
allsubs,0,TP_cort,Aud,1,1,PFM3T7T01,PFM3T7T01,2816.0
allsubs,0,TP_cort,Tpole,1,1,PFM3T7T01,PFM3T7T01,235.0
allsubs,0,TP_cort,MTL,1,1,PFM3T7T01,PFM3T7T01,2400.0
allsubs,0,TP_cort,PMN,1,1,PFM3T7T01,PFM3T7T01,1541.0
allsubs,0,TP_cort,PON,1,1,PFM3T7T01,PFM3T7T01,1268.0
allsubs,0,TP_cort,SCAN,1,1,PFM3T7T01,PFM3T7T01,1381.0
allsubs,0,TN_cort,DMN,1,1,PFM3T7T01,PFM3T7T01,50514.0
allsubs,0,TN_cort,Vis,1,1,PFM3T7T01,PFM3T7T01,51703.0
allsubs,0,TN_cort,FP,1,1,PFM3T7T01,PFM3T7T01,50023.0
allsubs,0,TN_cort,DAN,1,1,PFM3T7T01,PFM3T7T01,51352.0
allsubs,0,TN_cort,VAN,1,1,PFM3T7T01,PFM3T7T01,56659.0
allsubs,0,TN_cort,Sal,1,1,PFM3T7T01,PFM3T7T01,57145.0
allsubs,0,TN_cort,AMN,1,1,PFM3T7T01,PFM3T7T01,50404.0
allsubs,0,TN_cort,SMd,1,1,PFM3T7T01,PFM3T7T01,56045.0
allsubs,0,TN_cort,SMl,1,1,PFM3T7T01,PFM3T7T01,54907.0
allsubs,0,TN_cort,Aud,1,1,PFM3T7T01,PFM3T7T01,53911.0
allsubs,0,TN_cort,Tpole,1,1,PFM3T7T01,PFM3T7T01,58445.0
allsubs,0,TN_cort,MTL,1,1,PFM3T7T01,PFM3T7T01,55236.0
allsubs,0,TN_cort,PMN,1,1,PFM3T7T01,PFM3T7T01,56678.0
allsubs,0,TN_cort,PON,1,1,PFM3T7T01,PFM3T7T01,57204.0
allsubs,0,TN_cort,SCAN,1,1,PFM3T7T01,PFM3T7T01,56725.0
allsubs,0,FP_cort,DMN,1,1,PFM3T7T01,PFM3T7T01,572.0
allsubs,0,FP_cort,Vis,1,1,PFM3T7T01,PFM3T7T01,497.0
allsubs,0,FP_cort,FP,1,1,PFM3T7T01,PFM3T7T01,1994.0
allsubs,0,FP_cort,DAN,1,1,PFM3T7T01,PFM3T7T01,750.0
allsubs,0,FP_cort,VAN,1,1,PFM3T7T01,PFM3T7T01,235.0
allsubs,0,FP_cort,Sal,1,1,PFM3T7T01,PFM3T7T01,646.0
allsubs,0,FP_cort,AMN,1,1,PFM3T7T01,PFM3T7T01,3471.0
allsubs,0,FP_cort,SMd,1,1,PFM3T7T01,PFM3T7T01,407.0
allsubs,0,FP_cort,SMl,1,1,PFM3T7T01,PFM3T7T01,2282.0
allsubs,0,FP_cort,Aud,1,1,PFM3T7T01,PFM3T7T01,487.0
allsubs,0,FP_cort,Tpole,1,1,PFM3T7T01,PFM3T7T01,459.0
allsubs,0,FP_cort,MTL,1,1,PFM3T7T01,PFM3T7T01,898.0
allsubs,0,FP_cort,PMN,1,1,PFM3T7T01,PFM3T7T01,860.0
allsubs,0,FP_cort,PON,1,1,PFM3T7T01,PFM3T7T01,466.0
allsubs,0,FP_cort,SCAN,1,1,PFM3T7T01,PFM3T7T01,793.0
allsubs,0,FN_cort,DMN,1,1,PFM3T7T01,PFM3T7T01,1680.0
allsubs,0,FN_cort,Vis,1,1,PFM3T7T01,PFM3T7T01,605.0
allsubs,0,FN_cort,FP,1,1,PFM3T7T01,PFM3T7T01,743.0
allsubs,0,FN_cort,DAN,1,1,PFM3T7T01,PFM3T7T01,3077.0
allsubs,0,FN_cort,VAN,1,1,PFM3T7T01,PFM3T7T01,1091.0
allsubs,0,FN_cort,Sal,1,1,PFM3T7T01,PFM3T7T01,428.0
allsubs,0,FN_cort,AMN,1,1,PFM3T7T01,PFM3T7T01,321.0
allsubs,0,FN_cort,SMd,1,1,PFM3T7T01,PFM3T7T01,1368.0
allsubs,0,FN_cort,SMl,1,1,PFM3T7T01,PFM3T7T01,835.0
allsubs,0,FN_cort,Aud,1,1,PFM3T7T01,PFM3T7T01,2198.0
allsubs,0,FN_cort,Tpole,1,1,PFM3T7T01,PFM3T7T01,273.0
allsubs,0,FN_cort,MTL,1,1,PFM3T7T01,PFM3T7T01,878.0
allsubs,0,FN_cort,PMN,1,1,PFM3T7T01,PFM3T7T01,333.0
allsubs,0,FN_cort,PON,1,1,PFM3T7T01,PFM3T7T01,474.0
allsubs,0,FN_cort,SCAN,1,1,PFM3T7T01,PFM3T7T01,513.0
allsubs,0,TPR_cort,DMN,1,1,PFM3T7T01,PFM3T7T01,0.798222435743454
allsubs,0,TPR_cort,Vis,1,1,PFM3T7T01,PFM3T7T01,0.916112035496395
allsubs,0,TPR_cort,FP,1,1,PFM3T7T01,PFM3T7T01,0.899526707234618
allsubs,0,TPR_cort,DAN,1,1,PFM3T7T01,PFM3T7T01,0.57906976744186
allsubs,0,TPR_cort,VAN,1,1,PFM3T7T01,PFM3T7T01,0.566719618745036
allsubs,0,TPR_cort,Sal,1,1,PFM3T7T01,PFM3T7T01,0.735965453423812
allsubs,0,TPR_cort,AMN,1,1,PFM3T7T01,PFM3T7T01,0.942026368069352
allsubs,0,TPR_cort,SMd,1,1,PFM3T7T01,PFM3T7T01,0.537837837837838
allsubs,0,TPR_cort,SMl,1,1,PFM3T7T01,PFM3T7T01,0.62438146648673
allsubs,0,TPR_cort,Aud,1,1,PFM3T7T01,PFM3T7T01,0.561627443159154
allsubs,0,TPR_cort,Tpole,1,1,PFM3T7T01,PFM3T7T01,0.46259842519685
allsubs,0,TPR_cort,MTL,1,1,PFM3T7T01,PFM3T7T01,0.732153752287981
allsubs,0,TPR_cort,PMN,1,1,PFM3T7T01,PFM3T7T01,0.82230522945571
allsubs,0,TPR_cort,PON,1,1,PFM3T7T01,PFM3T7T01,0.727898966704937
allsubs,0,TPR_cort,SCAN,1,1,PFM3T7T01,PFM3T7T01,0.729144667370644
allsubs,0,TNR_cort,DMN,1,1,PFM3T7T01,PFM3T7T01,0.988803194613005
allsubs,0,TNR_cort,Vis,1,1,PFM3T7T01,PFM3T7T01,0.990478927203065
allsubs,0,TNR_cort,FP,1,1,PFM3T7T01,PFM3T7T01,0.961666378299402
allsubs,0,TNR_cort,DAN,1,1,PFM3T7T01,PFM3T7T01,0.985605159110975
allsubs,0,TNR_cort,VAN,1,1,PFM3T7T01,PFM3T7T01,0.995869511723556
allsubs,0,TNR_cort,Sal,1,1,PFM3T7T01,PFM3T7T01,0.988821788859857
allsubs,0,TNR_cort,AMN,1,1,PFM3T7T01,PFM3T7T01,0.935573085846868
allsubs,0,TNR_cort,SMd,1,1,PFM3T7T01,PFM3T7T01,0.992790335151988
allsubs,0,TNR_cort,SMl,1,1,PFM3T7T01,PFM3T7T01,0.960097221493644
allsubs,0,TNR_cort,Aud,1,1,PFM3T7T01,PFM3T7T01,0.99104746498033
allsubs,0,TNR_cort,Tpole,1,1,PFM3T7T01,PFM3T7T01,0.992207659921228
allsubs,0,TNR_cort,MTL,1,1,PFM3T7T01,PFM3T7T01,0.984002565290198
allsubs,0,TNR_cort,PMN,1,1,PFM3T7T01,PFM3T7T01,0.985053356042963
allsubs,0,TNR_cort,PON,1,1,PFM3T7T01,PFM3T7T01,0.991919542222993
allsubs,0,TNR_cort,SCAN,1,1,PFM3T7T01,PFM3T7T01,0.986213011578984
allsubs,0,FPR_cort,DMN,1,1,PFM3T7T01,PFM3T7T01,0.0111968053869945
allsubs,0,FPR_cort,Vis,1,1,PFM3T7T01,PFM3T7T01,0.0095210727969348
allsubs,0,FPR_cort,FP,1,1,PFM3T7T01,PFM3T7T01,0.0383336217005979
allsubs,0,FPR_cort,DAN,1,1,PFM3T7T01,PFM3T7T01,0.0143948408890254
allsubs,0,FPR_cort,VAN,1,1,PFM3T7T01,PFM3T7T01,0.0041304882764439
allsubs,0,FPR_cort,Sal,1,1,PFM3T7T01,PFM3T7T01,0.0111782111401429
allsubs,0,FPR_cort,AMN,1,1,PFM3T7T01,PFM3T7T01,0.0644269141531322
allsubs,0,FPR_cort,SMd,1,1,PFM3T7T01,PFM3T7T01,0.0072096648480124
allsubs,0,FPR_cort,SMl,1,1,PFM3T7T01,PFM3T7T01,0.0399027785063561
allsubs,0,FPR_cort,Aud,1,1,PFM3T7T01,PFM3T7T01,0.0089525350196698
allsubs,0,FPR_cort,Tpole,1,1,PFM3T7T01,PFM3T7T01,0.0077923400787722
allsubs,0,FPR_cort,MTL,1,1,PFM3T7T01,PFM3T7T01,0.0159974347098015
allsubs,0,FPR_cort,PMN,1,1,PFM3T7T01,PFM3T7T01,0.0149466439570371
allsubs,0,FPR_cort,PON,1,1,PFM3T7T01,PFM3T7T01,0.0080804577770071
allsubs,0,FPR_cort,SCAN,1,1,PFM3T7T01,PFM3T7T01,0.013786988421016
allsubs,0,FNR_cort,DMN,1,1,PFM3T7T01,PFM3T7T01,0.201777564256546
allsubs,0,FNR_cort,Vis,1,1,PFM3T7T01,PFM3T7T01,0.0838879645036051
allsubs,0,FNR_cort,FP,1,1,PFM3T7T01,PFM3T7T01,0.100473292765382
allsubs,0,FNR_cort,DAN,1,1,PFM3T7T01,PFM3T7T01,0.42093023255814
allsubs,0,FNR_cort,VAN,1,1,PFM3T7T01,PFM3T7T01,0.433280381254964
allsubs,0,FNR_cort,Sal,1,1,PFM3T7T01,PFM3T7T01,0.264034546576188
allsubs,0,FNR_cort,AMN,1,1,PFM3T7T01,PFM3T7T01,0.0579736319306484
allsubs,0,FNR_cort,SMd,1,1,PFM3T7T01,PFM3T7T01,0.462162162162162
allsubs,0,FNR_cort,SMl,1,1,PFM3T7T01,PFM3T7T01,0.37561853351327
allsubs,0,FNR_cort,Aud,1,1,PFM3T7T01,PFM3T7T01,0.438372556840846
allsubs,0,FNR_cort,Tpole,1,1,PFM3T7T01,PFM3T7T01,0.53740157480315
allsubs,0,FNR_cort,MTL,1,1,PFM3T7T01,PFM3T7T01,0.26784624771202
allsubs,0,FNR_cort,PMN,1,1,PFM3T7T01,PFM3T7T01,0.17769477054429
allsubs,0,FNR_cort,PON,1,1,PFM3T7T01,PFM3T7T01,0.272101033295063
allsubs,0,FNR_cort,SCAN,1,1,PFM3T7T01,PFM3T7T01,0.270855332629356
allsubs,0,NPV_cort,DMN,1,1,PFM3T7T01,PFM3T7T01,0.967812392228992
allsubs,0,NPV_cort,Vis,1,1,PFM3T7T01,PFM3T7T01,0.988433891565344
allsubs,0,NPV_cort,FP,1,1,PFM3T7T01,PFM3T7T01,0.985364220147343
allsubs,0,NPV_cort,DAN,1,1,PFM3T7T01,PFM3T7T01,0.943467636737768
allsubs,0,NPV_cort,VAN,1,1,PFM3T7T01,PFM3T7T01,0.981108225108225
allsubs,0,NPV_cort,Sal,1,1,PFM3T7T01,PFM3T7T01,0.992565959738072
allsubs,0,NPV_cort,AMN,1,1,PFM3T7T01,PFM3T7T01,0.993671759487432
allsubs,0,NPV_cort,SMd,1,1,PFM3T7T01,PFM3T7T01,0.976172643826311
allsubs,0,NPV_cort,SMl,1,1,PFM3T7T01,PFM3T7T01,0.985020271967278
allsubs,0,NPV_cort,Aud,1,1,PFM3T7T01,PFM3T7T01,0.960826248908375
allsubs,0,NPV_cort,Tpole,1,1,PFM3T7T01,PFM3T7T01,0.995350659082394
allsubs,0,NPV_cort,MTL,1,1,PFM3T7T01,PFM3T7T01,0.984353280821185
allsubs,0,NPV_cort,PMN,1,1,PFM3T7T01,PFM3T7T01,0.994159021943134
allsubs,0,NPV_cort,PON,1,1,PFM3T7T01,PFM3T7T01,0.991781961926558
allsubs,0,NPV_cort,SCAN,1,1,PFM3T7T01,PFM3T7T01,0.991037422691219
allsubs,0,PPV_cort,DMN,1,1,PFM3T7T01,PFM3T7T01,0.920753671377113
allsubs,0,PPV_cort,Vis,1,1,PFM3T7T01,PFM3T7T01,0.930039414414414
allsubs,0,PPV_cort,FP,1,1,PFM3T7T01,PFM3T7T01,0.769373120518159
allsubs,0,PPV_cort,DAN,1,1,PFM3T7T01,PFM3T7T01,0.849488260084287
allsubs,0,PPV_cort,VAN,1,1,PFM3T7T01,PFM3T7T01,0.858604091456077
allsubs,0,PPV_cort,Sal,1,1,PFM3T7T01,PFM3T7T01,0.648722131593257
allsubs,0,PPV_cort,AMN,1,1,PFM3T7T01,PFM3T7T01,0.600437435248072
allsubs,0,PPV_cort,SMd,1,1,PFM3T7T01,PFM3T7T01,0.79639819909955
allsubs,0,PPV_cort,SMl,1,1,PFM3T7T01,PFM3T7T01,0.378201634877384
allsubs,0,PPV_cort,Aud,1,1,PFM3T7T01,PFM3T7T01,0.852558280351196
allsubs,0,PPV_cort,Tpole,1,1,PFM3T7T01,PFM3T7T01,0.338616714697406
allsubs,0,PPV_cort,MTL,1,1,PFM3T7T01,PFM3T7T01,0.727713765918739
allsubs,0,PPV_cort,PMN,1,1,PFM3T7T01,PFM3T7T01,0.641815910037484
allsubs,0,PPV_cort,PON,1,1,PFM3T7T01,PFM3T7T01,0.731257208765859
allsubs,0,PPV_cort,SCAN,1,1,PFM3T7T01,PFM3T7T01,0.635234590616375
allsubs,0,PPVcorr_Jeffreys_cort,DMN,1,1,PFM3T7T01,PFM3T7T01,0.877238963555511
allsubs,0,PPVcorr_Jeffreys_cort,Vis,1,1,PFM3T7T01,PFM3T7T01,0.890405357051577
allsubs,0,PPVcorr_Jeffreys_cort,FP,1,1,PFM3T7T01,PFM3T7T01,0.74814874007778
allsubs,0,PPVcorr_Jeffreys_cort,DAN,1,1,PFM3T7T01,PFM3T7T01,0.804777738886944
allsubs,0,PPVcorr_Jeffreys_cort,VAN,1,1,PFM3T7T01,PFM3T7T01,0.811422301180897
allsubs,0,PPVcorr_Jeffreys_cort,Sal,1,1,PFM3T7T01,PFM3T7T01,0.636674828844136
allsubs,0,PPVcorr_Jeffreys_cort,AMN,1,1,PFM3T7T01,PFM3T7T01,0.594419253952623
allsubs,0,PPVcorr_Jeffreys_cort,SMd,1,1,PFM3T7T01,PFM3T7T01,0.758169934640523
allsubs,0,PPVcorr_Jeffreys_cort,SMl,1,1,PFM3T7T01,PFM3T7T01,0.385157875806079
allsubs,0,PPVcorr_Jeffreys_cort,Aud,1,1,PFM3T7T01,PFM3T7T01,0.80609294501104
allsubs,0,PPVcorr_Jeffreys_cort,Tpole,1,1,PFM3T7T01,PFM3T7T01,0.349624060150376
allsubs,0,PPVcorr_Jeffreys_cort,MTL,1,1,PFM3T7T01,PFM3T7T01,0.707126703072425
allsubs,0,PPVcorr_Jeffreys_cort,PMN,1,1,PFM3T7T01,PFM3T7T01,0.631548446917015
allsubs,0,PPVcorr_Jeffreys_cort,PON,1,1,PFM3T7T01,PFM3T7T01,0.710145687034902
allsubs,0,PPVcorr_Jeffreys_cort,SCAN,1,1,PFM3T7T01,PFM3T7T01,0.624397055090125
allsubs,0,PPVcorr_d1d2_cort,DMN,1,1,PFM3T7T01,PFM3T7T01,0.919960689877648
allsubs,0,PPVcorr_d1d2_cort,Vis,1,1,PFM3T7T01,PFM3T7T01,0.930742886306768
allsubs,0,PPVcorr_d1d2_cort,FP,1,1,PFM3T7T01,PFM3T7T01,0.77391297995882
allsubs,0,PPVcorr_d1d2_cort,DAN,1,1,PFM3T7T01,PFM3T7T01,0.846118586676798
allsubs,0,PPVcorr_d1d2_cort,VAN,1,1,PFM3T7T01,PFM3T7T01,0.84713826754796
allsubs,0,PPVcorr_d1d2_cort,Sal,1,1,PFM3T7T01,PFM3T7T01,0.673684787931594
allsubs,0,PPVcorr_d1d2_cort,AMN,1,1,PFM3T7T01,PFM3T7T01,0.611446291834573
allsubs,0,PPVcorr_d1d2_cort,SMd,1,1,PFM3T7T01,PFM3T7T01,0.790492277992278
allsubs,0,PPVcorr_d1d2_cort,SMl,1,1,PFM3T7T01,PFM3T7T01,0.41198414683739
allsubs,0,PPVcorr_d1d2_cort,Aud,1,1,PFM3T7T01,PFM3T7T01,0.846761324460723
allsubs,0,PPVcorr_d1d2_cort,Tpole,1,1,PFM3T7T01,PFM3T7T01,0.468068142425593
allsubs,0,PPVcorr_d1d2_cort,MTL,1,1,PFM3T7T01,PFM3T7T01,0.735837048581026
allsubs,0,PPVcorr_d1d2_cort,PMN,1,1,PFM3T7T01,PFM3T7T01,0.667314814103893
allsubs,0,PPVcorr_d1d2_cort,PON,1,1,PFM3T7T01,PFM3T7T01,0.745526298501206
allsubs,0,PPVcorr_d1d2_cort,SCAN,1,1,PFM3T7T01,PFM3T7T01,0.657707044803138
allsubs,0,PPVcorr_bayes_cort,DMN,1,1,PFM3T7T01,PFM3T7T01,0.917763545636714
allsubs,0,PPVcorr_bayes_cort,Vis,1,1,PFM3T7T01,PFM3T7T01,0.932637698242606
allsubs,0,PPVcorr_bayes_cort,FP,1,1,PFM3T7T01,PFM3T7T01,0.78573765492001
allsubs,0,PPVcorr_bayes_cort,DAN,1,1,PFM3T7T01,PFM3T7T01,0.837956818394242
allsubs,0,PPVcorr_bayes_cort,VAN,1,1,PFM3T7T01,PFM3T7T01,0.844429537704735
allsubs,0,PPVcorr_bayes_cort,Sal,1,1,PFM3T7T01,PFM3T7T01,0.669139272793524
allsubs,0,PPVcorr_bayes_cort,AMN,1,1,PFM3T7T01,PFM3T7T01,0.630334026782378
allsubs,0,PPVcorr_bayes_cort,SMd,1,1,PFM3T7T01,PFM3T7T01,0.787918994413408
allsubs,0,PPVcorr_bayes_cort,SMl,1,1,PFM3T7T01,PFM3T7T01,0.41563660880716
allsubs,0,PPVcorr_bayes_cort,Aud,1,1,PFM3T7T01,PFM3T7T01,0.838790896559485
allsubs,0,PPVcorr_bayes_cort,Tpole,1,1,PFM3T7T01,PFM3T7T01,0.375069405885619
allsubs,0,PPVcorr_bayes_cort,MTL,1,1,PFM3T7T01,PFM3T7T01,0.740824164717433
allsubs,0,PPVcorr_bayes_cort,PMN,1,1,PFM3T7T01,PFM3T7T01,0.665765115999519
allsubs,0,PPVcorr_bayes_cort,PON,1,1,PFM3T7T01,PFM3T7T01,0.743757203227046
allsubs,0,PPVcorr_bayes_cort,SCAN,1,1,PFM3T7T01,PFM3T7T01,0.656562541305018
allsubs,0,MCC_cort,DMN,1,1,PFM3T7T01,PFM3T7T01,0.836256100918225
allsubs,0,MCC_cort,Vis,1,1,PFM3T7T01,PFM3T7T01,0.912512793708639
allsubs,0,MCC_cort,FP,1,1,PFM3T7T01,PFM3T7T01,0.806210009349589
allsubs,0,MCC_cort,DAN,1,1,PFM3T7T01,PFM3T7T01,0.669150441080054
allsubs,0,MCC_cort,VAN,1,1,PFM3T7T01,PFM3T7T01,0.687323084160337
allsubs,0,MCC_cort,Sal,1,1,PFM3T7T01,PFM3T7T01,0.681760535104073
allsubs,0,MCC_cort,AMN,1,1,PFM3T7T01,PFM3T7T01,0.722073337595623
allsubs,0,MCC_cort,SMd,1,1,PFM3T7T01,PFM3T7T01,0.640271703956187
allsubs,0,MCC_cort,SMl,1,1,PFM3T7T01,PFM3T7T01,0.460755318535009
allsubs,0,MCC_cort,Aud,1,1,PFM3T7T01,PFM3T7T01,0.67047536866809
allsubs,0,MCC_cort,Tpole,1,1,PFM3T7T01,PFM3T7T01,0.389731181490469
allsubs,0,MCC_cort,MTL,1,1,PFM3T7T01,PFM3T7T01,0.714108755066085
allsubs,0,MCC_cort,PMN,1,1,PFM3T7T01,PFM3T7T01,0.716561107998813
allsubs,0,MCC_cort,PON,1,1,PFM3T7T01,PFM3T7T01,0.721427042565153
allsubs,0,MCC_cort,SCAN,1,1,PFM3T7T01,PFM3T7T01,0.669334366240694
allsubs,0,muI_cort,WholeBrainOrSingleVal,1,1,PFM3T7T01,PFM3T7T01,2.28689827488883
allsubs,0,VIn_cort,WholeBrainOrSingleVal,1,1,PFM3T7T01,PFM3T7T01,0.167007418383801
allsubs,0,MIn_cort,WholeBrainOrSingleVal,1,1,PFM3T7T01,PFM3T7T01,0.633290003786074
allsubs,0,DC_cort,DMN,1,2,PFM3T7T01,PFM3T7T02,0.588821548821549
allsubs,0,DC_cort,Vis,1,2,PFM3T7T01,PFM3T7T02,0.857821664563071
allsubs,0,DC_cort,FP,1,2,PFM3T7T01,PFM3T7T02,0.526097763048882
allsubs,0,DC_cort,DAN,1,2,PFM3T7T01,PFM3T7T02,0.541612418627942
allsubs,0,DC_cort,VAN,1,2,PFM3T7T01,PFM3T7T02,0.339293630855623
allsubs,0,DC_cort,Sal,1,2,PFM3T7T01,PFM3T7T02,0.409459163564703
allsubs,0,DC_cort,AMN,1,2,PFM3T7T01,PFM3T7T02,0.488960993157932
allsubs,0,DC_cort,SMd,1,2,PFM3T7T01,PFM3T7T02,0.477738056548586
allsubs,0,DC_cort,SMl,1,2,PFM3T7T01,PFM3T7T02,0.38622754491018
allsubs,0,DC_cort,Aud,1,2,PFM3T7T01,PFM3T7T02,0.627461782123674
allsubs,0,DC_cort,Tpole,1,2,PFM3T7T01,PFM3T7T02,0.30576070901034
allsubs,0,DC_cort,MTL,1,2,PFM3T7T01,PFM3T7T02,0.623977344241661
allsubs,0,DC_cort,PMN,1,2,PFM3T7T01,PFM3T7T02,0.442622950819672
allsubs,0,DC_cort,PON,1,2,PFM3T7T01,PFM3T7T02,0.526565464895636
allsubs,0,DC_cort,SCAN,1,2,PFM3T7T01,PFM3T7T02,0.503372381966631
allsubs,0,cDC_cort,DMN,1,2,PFM3T7T01,PFM3T7T02,0.588821548821549
allsubs,0,cDC_cort,Vis,1,2,PFM3T7T01,PFM3T7T02,0.857821664563071
allsubs,0,cDC_cort,FP,1,2,PFM3T7T01,PFM3T7T02,0.526097763048882
allsubs,0,cDC_cort,DAN,1,2,PFM3T7T01,PFM3T7T02,0.541612418627942
allsubs,0,cDC_cort,VAN,1,2,PFM3T7T01,PFM3T7T02,0.339293630855623
allsubs,0,cDC_cort,Sal,1,2,PFM3T7T01,PFM3T7T02,0.409459163564703
allsubs,0,cDC_cort,AMN,1,2,PFM3T7T01,PFM3T7T02,0.488960993157932
allsubs,0,cDC_cort,SMd,1,2,PFM3T7T01,PFM3T7T02,0.477738056548586
allsubs,0,cDC_cort,SMl,1,2,PFM3T7T01,PFM3T7T02,0.38622754491018
allsubs,0,cDC_cort,Aud,1,2,PFM3T7T01,PFM3T7T02,0.627461782123674
allsubs,0,cDC_cort,Tpole,1,2,PFM3T7T01,PFM3T7T02,0.30576070901034
allsubs,0,cDC_cort,MTL,1,2,PFM3T7T01,PFM3T7T02,0.623977344241661
allsubs,0,cDC_cort,PMN,1,2,PFM3T7T01,PFM3T7T02,0.442622950819672
allsubs,0,cDC_cort,PON,1,2,PFM3T7T01,PFM3T7T02,0.526565464895636
allsubs,0,cDC_cort,SCAN,1,2,PFM3T7T01,PFM3T7T02,0.503372381966631
allsubs,0,TP_cort,DMN,1,2,PFM3T7T01,PFM3T7T02,4372.0
allsubs,0,TP_cort,Vis,1,2,PFM3T7T01,PFM3T7T02,5777.0
allsubs,0,TP_cort,FP,1,2,PFM3T7T01,PFM3T7T02,3810.0
allsubs,0,TP_cort,DAN,1,2,PFM3T7T01,PFM3T7T02,2704.0
allsubs,0,TP_cort,VAN,1,2,PFM3T7T01,PFM3T7T02,1148.0
allsubs,0,TP_cort,Sal,1,2,PFM3T7T01,PFM3T7T02,935.0
allsubs,0,TP_cort,AMN,1,2,PFM3T7T01,PFM3T7T02,3466.0
allsubs,0,TP_cort,SMd,1,2,PFM3T7T01,PFM3T7T02,1470.0
allsubs,0,TP_cort,SMl,1,2,PFM3T7T01,PFM3T7T02,1161.0
allsubs,0,TP_cort,Aud,1,2,PFM3T7T01,PFM3T7T02,2278.0
allsubs,0,TP_cort,Tpole,1,2,PFM3T7T01,PFM3T7T02,207.0
allsubs,0,TP_cort,MTL,1,2,PFM3T7T01,PFM3T7T02,1983.0
allsubs,0,TP_cort,PMN,1,2,PFM3T7T01,PFM3T7T02,783.0
allsubs,0,TP_cort,PON,1,2,PFM3T7T01,PFM3T7T02,1110.0
allsubs,0,TP_cort,SCAN,1,2,PFM3T7T01,PFM3T7T02,1418.0
allsubs,0,TN_cort,DMN,1,2,PFM3T7T01,PFM3T7T02,48934.0
allsubs,0,TN_cort,Vis,1,2,PFM3T7T01,PFM3T7T02,51720.0
allsubs,0,TN_cort,FP,1,2,PFM3T7T01,PFM3T7T02,48738.0
allsubs,0,TN_cort,DAN,1,2,PFM3T7T01,PFM3T7T02,52131.0
allsubs,0,TN_cort,VAN,1,2,PFM3T7T01,PFM3T7T02,53793.0
allsubs,0,TN_cort,Sal,1,2,PFM3T7T01,PFM3T7T02,55780.0
allsubs,0,TN_cort,AMN,1,2,PFM3T7T01,PFM3T7T02,48701.0
allsubs,0,TN_cort,SMd,1,2,PFM3T7T01,PFM3T7T02,54728.0
allsubs,0,TN_cort,SMl,1,2,PFM3T7T01,PFM3T7T02,54561.0
allsubs,0,TN_cort,Aud,1,2,PFM3T7T01,PFM3T7T02,54429.0
allsubs,0,TN_cort,Tpole,1,2,PFM3T7T01,PFM3T7T02,58265.0
allsubs,0,TN_cort,MTL,1,2,PFM3T7T01,PFM3T7T02,55039.0
allsubs,0,TN_cort,PMN,1,2,PFM3T7T01,PFM3T7T02,56657.0
allsubs,0,TN_cort,PON,1,2,PFM3T7T01,PFM3T7T02,56306.0
allsubs,0,TN_cort,SCAN,1,2,PFM3T7T01,PFM3T7T02,55196.0
allsubs,0,FP_cort,DMN,1,2,PFM3T7T01,PFM3T7T02,2846.0
allsubs,0,FP_cort,Vis,1,2,PFM3T7T01,PFM3T7T02,1327.0
allsubs,0,FP_cort,FP,1,2,PFM3T7T01,PFM3T7T02,4836.0
allsubs,0,FP_cort,DAN,1,2,PFM3T7T01,PFM3T7T02,2279.0
allsubs,0,FP_cort,VAN,1,2,PFM3T7T01,PFM3T7T02,514.0
allsubs,0,FP_cort,Sal,1,2,PFM3T7T01,PFM3T7T02,904.0
allsubs,0,FP_cort,AMN,1,2,PFM3T7T01,PFM3T7T02,5221.0
allsubs,0,FP_cort,SMd,1,2,PFM3T7T01,PFM3T7T02,529.0
allsubs,0,FP_cort,SMl,1,2,PFM3T7T01,PFM3T7T02,2509.0
allsubs,0,FP_cort,Aud,1,2,PFM3T7T01,PFM3T7T02,1025.0
allsubs,0,FP_cort,Tpole,1,2,PFM3T7T01,PFM3T7T02,487.0
allsubs,0,FP_cort,MTL,1,2,PFM3T7T01,PFM3T7T02,1315.0
allsubs,0,FP_cort,PMN,1,2,PFM3T7T01,PFM3T7T02,1618.0
allsubs,0,FP_cort,PON,1,2,PFM3T7T01,PFM3T7T02,624.0
allsubs,0,FP_cort,SCAN,1,2,PFM3T7T01,PFM3T7T02,756.0
allsubs,0,FN_cort,DMN,1,2,PFM3T7T01,PFM3T7T02,3260.0
allsubs,0,FN_cort,Vis,1,2,PFM3T7T01,PFM3T7T02,588.0
allsubs,0,FN_cort,FP,1,2,PFM3T7T01,PFM3T7T02,2028.0
allsubs,0,FN_cort,DAN,1,2,PFM3T7T01,PFM3T7T02,2298.0
allsubs,0,FN_cort,VAN,1,2,PFM3T7T01,PFM3T7T02,3957.0
allsubs,0,FN_cort,Sal,1,2,PFM3T7T01,PFM3T7T02,1793.0
allsubs,0,FN_cort,AMN,1,2,PFM3T7T01,PFM3T7T02,2024.0
allsubs,0,FN_cort,SMd,1,2,PFM3T7T01,PFM3T7T02,2685.0
allsubs,0,FN_cort,SMl,1,2,PFM3T7T01,PFM3T7T02,1181.0
allsubs,0,FN_cort,Aud,1,2,PFM3T7T01,PFM3T7T02,1680.0
allsubs,0,FN_cort,Tpole,1,2,PFM3T7T01,PFM3T7T02,453.0
allsubs,0,FN_cort,MTL,1,2,PFM3T7T01,PFM3T7T02,1075.0
allsubs,0,FN_cort,PMN,1,2,PFM3T7T01,PFM3T7T02,354.0
allsubs,0,FN_cort,PON,1,2,PFM3T7T01,PFM3T7T02,1372.0
allsubs,0,FN_cort,SCAN,1,2,PFM3T7T01,PFM3T7T02,2042.0
allsubs,0,TPR_cort,DMN,1,2,PFM3T7T01,PFM3T7T02,0.572851153039832
allsubs,0,TPR_cort,Vis,1,2,PFM3T7T01,PFM3T7T02,0.907619795758052
allsubs,0,TPR_cort,FP,1,2,PFM3T7T01,PFM3T7T02,0.65262076053443
allsubs,0,TPR_cort,DAN,1,2,PFM3T7T01,PFM3T7T02,0.540583766493403
allsubs,0,TPR_cort,VAN,1,2,PFM3T7T01,PFM3T7T02,0.224877571008815
allsubs,0,TPR_cort,Sal,1,2,PFM3T7T01,PFM3T7T02,0.342741935483871
allsubs,0,TPR_cort,AMN,1,2,PFM3T7T01,PFM3T7T02,0.631329690346084
allsubs,0,TPR_cort,SMd,1,2,PFM3T7T01,PFM3T7T02,0.353790613718412
allsubs,0,TPR_cort,SMl,1,2,PFM3T7T01,PFM3T7T02,0.495730145175064
allsubs,0,TPR_cort,Aud,1,2,PFM3T7T01,PFM3T7T02,0.575543203638201
allsubs,0,TPR_cort,Tpole,1,2,PFM3T7T01,PFM3T7T02,0.313636363636364
allsubs,0,TPR_cort,MTL,1,2,PFM3T7T01,PFM3T7T02,0.648463047743623
allsubs,0,TPR_cort,PMN,1,2,PFM3T7T01,PFM3T7T02,0.688654353562005
allsubs,0,TPR_cort,PON,1,2,PFM3T7T01,PFM3T7T02,0.447219983883965
allsubs,0,TPR_cort,SCAN,1,2,PFM3T7T01,PFM3T7T02,0.409826589595376
allsubs,0,TNR_cort,DMN,1,2,PFM3T7T01,PFM3T7T02,0.945036693704133
allsubs,0,TNR_cort,Vis,1,2,PFM3T7T01,PFM3T7T02,0.974984447753879
allsubs,0,TNR_cort,FP,1,2,PFM3T7T01,PFM3T7T02,0.909732332848023
allsubs,0,TNR_cort,DAN,1,2,PFM3T7T01,PFM3T7T02,0.958114317221099
allsubs,0,TNR_cort,VAN,1,2,PFM3T7T01,PFM3T7T02,0.990535290109931
allsubs,0,TNR_cort,Sal,1,2,PFM3T7T01,PFM3T7T02,0.984051937054548
allsubs,0,TNR_cort,AMN,1,2,PFM3T7T01,PFM3T7T02,0.903174956418531
allsubs,0,TNR_cort,SMd,1,2,PFM3T7T01,PFM3T7T02,0.990426552292017
allsubs,0,TNR_cort,SMl,1,2,PFM3T7T01,PFM3T7T02,0.956036446469248
allsubs,0,TNR_cort,Aud,1,2,PFM3T7T01,PFM3T7T02,0.981516211634869
allsubs,0,TNR_cort,Tpole,1,2,PFM3T7T01,PFM3T7T02,0.991710920479303
allsubs,0,TNR_cort,MTL,1,2,PFM3T7T01,PFM3T7T02,0.976665365368918
allsubs,0,TNR_cort,PMN,1,2,PFM3T7T01,PFM3T7T02,0.972235092235092
allsubs,0,TNR_cort,PON,1,2,PFM3T7T01,PFM3T7T02,0.989039170911646
allsubs,0,TNR_cort,SCAN,1,2,PFM3T7T01,PFM3T7T02,0.986488418644553
allsubs,0,FPR_cort,DMN,1,2,PFM3T7T01,PFM3T7T02,0.0549633062958671
allsubs,0,FPR_cort,Vis,1,2,PFM3T7T01,PFM3T7T02,0.0250155522461214
allsubs,0,FPR_cort,FP,1,2,PFM3T7T01,PFM3T7T02,0.0902676671519767
allsubs,0,FPR_cort,DAN,1,2,PFM3T7T01,PFM3T7T02,0.0418856827789009
allsubs,0,FPR_cort,VAN,1,2,PFM3T7T01,PFM3T7T02,0.0094647098900694
allsubs,0,FPR_cort,Sal,1,2,PFM3T7T01,PFM3T7T02,0.015948062945452
allsubs,0,FPR_cort,AMN,1,2,PFM3T7T01,PFM3T7T02,0.0968250435814695
allsubs,0,FPR_cort,SMd,1,2,PFM3T7T01,PFM3T7T02,0.0095734477079827
allsubs,0,FPR_cort,SMl,1,2,PFM3T7T01,PFM3T7T02,0.0439635535307517
allsubs,0,FPR_cort,Aud,1,2,PFM3T7T01,PFM3T7T02,0.0184837883651315
allsubs,0,FPR_cort,Tpole,1,2,PFM3T7T01,PFM3T7T02,0.0082890795206971
allsubs,0,FPR_cort,MTL,1,2,PFM3T7T01,PFM3T7T02,0.0233346346310821
allsubs,0,FPR_cort,PMN,1,2,PFM3T7T01,PFM3T7T02,0.0277649077649078
allsubs,0,FPR_cort,PON,1,2,PFM3T7T01,PFM3T7T02,0.0109608290883541
allsubs,0,FPR_cort,SCAN,1,2,PFM3T7T01,PFM3T7T02,0.0135115813554475
allsubs,0,FNR_cort,DMN,1,2,PFM3T7T01,PFM3T7T02,0.427148846960168
allsubs,0,FNR_cort,Vis,1,2,PFM3T7T01,PFM3T7T02,0.0923802042419481
allsubs,0,FNR_cort,FP,1,2,PFM3T7T01,PFM3T7T02,0.34737923946557
allsubs,0,FNR_cort,DAN,1,2,PFM3T7T01,PFM3T7T02,0.459416233506597
allsubs,0,FNR_cort,VAN,1,2,PFM3T7T01,PFM3T7T02,0.775122428991185
allsubs,0,FNR_cort,Sal,1,2,PFM3T7T01,PFM3T7T02,0.657258064516129
allsubs,0,FNR_cort,AMN,1,2,PFM3T7T01,PFM3T7T02,0.368670309653916
allsubs,0,FNR_cort,SMd,1,2,PFM3T7T01,PFM3T7T02,0.646209386281588
allsubs,0,FNR_cort,SMl,1,2,PFM3T7T01,PFM3T7T02,0.504269854824936
allsubs,0,FNR_cort,Aud,1,2,PFM3T7T01,PFM3T7T02,0.424456796361799
allsubs,0,FNR_cort,Tpole,1,2,PFM3T7T01,PFM3T7T02,0.686363636363636
allsubs,0,FNR_cort,MTL,1,2,PFM3T7T01,PFM3T7T02,0.351536952256377
allsubs,0,FNR_cort,PMN,1,2,PFM3T7T01,PFM3T7T02,0.311345646437995
allsubs,0,FNR_cort,PON,1,2,PFM3T7T01,PFM3T7T02,0.552780016116035
allsubs,0,FNR_cort,SCAN,1,2,PFM3T7T01,PFM3T7T02,0.590173410404624
allsubs,0,NPV_cort,DMN,1,2,PFM3T7T01,PFM3T7T02,0.937540713491972
allsubs,0,NPV_cort,Vis,1,2,PFM3T7T01,PFM3T7T02,0.98875888965359
allsubs,0,NPV_cort,FP,1,2,PFM3T7T01,PFM3T7T02,0.960052003309302
allsubs,0,NPV_cort,DAN,1,2,PFM3T7T01,PFM3T7T02,0.957779860001102
allsubs,0,NPV_cort,VAN,1,2,PFM3T7T01,PFM3T7T02,0.931480519480519
allsubs,0,NPV_cort,Sal,1,2,PFM3T7T01,PFM3T7T02,0.968856929463464
allsubs,0,NPV_cort,AMN,1,2,PFM3T7T01,PFM3T7T02,0.960098570724495
allsubs,0,NPV_cort,SMd,1,2,PFM3T7T01,PFM3T7T02,0.953233588211729
allsubs,0,NPV_cort,SMl,1,2,PFM3T7T01,PFM3T7T02,0.978813103225575
allsubs,0,NPV_cort,Aud,1,2,PFM3T7T01,PFM3T7T02,0.970058279420414
allsubs,0,NPV_cort,Tpole,1,2,PFM3T7T01,PFM3T7T02,0.99228515957628
allsubs,0,NPV_cort,MTL,1,2,PFM3T7T01,PFM3T7T02,0.98084257048152
allsubs,0,NPV_cort,PMN,1,2,PFM3T7T01,PFM3T7T02,0.993790671975584
allsubs,0,NPV_cort,PON,1,2,PFM3T7T01,PFM3T7T02,0.97621276743299
allsubs,0,NPV_cort,SCAN,1,2,PFM3T7T01,PFM3T7T02,0.964324399874209
allsubs,0,PPV_cort,DMN,1,2,PFM3T7T01,PFM3T7T02,0.605707952341369
allsubs,0,PPV_cort,Vis,1,2,PFM3T7T01,PFM3T7T02,0.813203828828829
allsubs,0,PPV_cort,FP,1,2,PFM3T7T01,PFM3T7T02,0.440666204024983
allsubs,0,PPV_cort,DAN,1,2,PFM3T7T01,PFM3T7T02,0.542644992976119
allsubs,0,PPV_cort,VAN,1,2,PFM3T7T01,PFM3T7T02,0.690734055354994
allsubs,0,PPV_cort,Sal,1,2,PFM3T7T01,PFM3T7T02,0.508428493746601
allsubs,0,PPV_cort,AMN,1,2,PFM3T7T01,PFM3T7T02,0.398986992057097
allsubs,0,PPV_cort,SMd,1,2,PFM3T7T01,PFM3T7T02,0.735367683841921
allsubs,0,PPV_cort,SMl,1,2,PFM3T7T01,PFM3T7T02,0.316348773841962
allsubs,0,PPV_cort,Aud,1,2,PFM3T7T01,PFM3T7T02,0.689676052073872
allsubs,0,PPV_cort,Tpole,1,2,PFM3T7T01,PFM3T7T02,0.298270893371758
allsubs,0,PPV_cort,MTL,1,2,PFM3T7T01,PFM3T7T02,0.601273499090358
allsubs,0,PPV_cort,PMN,1,2,PFM3T7T01,PFM3T7T02,0.326114119117035
allsubs,0,PPV_cort,PON,1,2,PFM3T7T01,PFM3T7T02,0.640138408304498
allsubs,0,PPV_cort,SCAN,1,2,PFM3T7T01,PFM3T7T02,0.652253909843606
allsubs,0,PPVcorr_Jeffreys_cort,DMN,1,2,PFM3T7T01,PFM3T7T02,0.595599659199118
allsubs,0,PPVcorr_Jeffreys_cort,Vis,1,2,PFM3T7T01,PFM3T7T02,0.787449131193075
allsubs,0,PPVcorr_Jeffreys_cort,FP,1,2,PFM3T7T01,PFM3T7T02,0.444419164012221
allsubs,0,PPVcorr_Jeffreys_cort,DAN,1,2,PFM3T7T01,PFM3T7T02,0.538754741756638
allsubs,0,PPVcorr_Jeffreys_cort,VAN,1,2,PFM3T7T01,PFM3T7T02,0.645914844649022
allsubs,0,PPVcorr_Jeffreys_cort,Sal,1,2,PFM3T7T01,PFM3T7T02,0.507339710199829
allsubs,0,PPVcorr_Jeffreys_cort,AMN,1,2,PFM3T7T01,PFM3T7T02,0.404991338241663
allsubs,0,PPVcorr_Jeffreys_cort,SMd,1,2,PFM3T7T01,PFM3T7T02,0.694864361151377
allsubs,0,PPVcorr_Jeffreys_cort,SMl,1,2,PFM3T7T01,PFM3T7T02,0.327365401362635
allsubs,0,PPVcorr_Jeffreys_cort,Aud,1,2,PFM3T7T01,PFM3T7T02,0.669379258137774
allsubs,0,PPVcorr_Jeffreys_cort,Tpole,1,2,PFM3T7T01,PFM3T7T02,0.315789473684211
allsubs,0,PPVcorr_Jeffreys_cort,MTL,1,2,PFM3T7T01,PFM3T7T02,0.592679948942783
allsubs,0,PPVcorr_Jeffreys_cort,PMN,1,2,PFM3T7T01,PFM3T7T02,0.333976219827415
allsubs,0,PPVcorr_Jeffreys_cort,PON,1,2,PFM3T7T01,PFM3T7T02,0.622591060437897
allsubs,0,PPVcorr_Jeffreys_cort,SCAN,1,2,PFM3T7T01,PFM3T7T02,0.631349206349206
allsubs,0,PPVcorr_d1d2_cort,DMN,1,2,PFM3T7T01,PFM3T7T02,0.610339591706259
allsubs,0,PPVcorr_d1d2_cort,Vis,1,2,PFM3T7T01,PFM3T7T02,0.817364381569271
allsubs,0,PPVcorr_d1d2_cort,FP,1,2,PFM3T7T01,PFM3T7T02,0.452566441514348
allsubs,0,PPVcorr_d1d2_cort,DAN,1,2,PFM3T7T01,PFM3T7T02,0.551557858367275
allsubs,0,PPVcorr_d1d2_cort,VAN,1,2,PFM3T7T01,PFM3T7T02,0.669912828891631
allsubs,0,PPVcorr_d1d2_cort,Sal,1,2,PFM3T7T01,PFM3T7T02,0.516964960546603
allsubs,0,PPVcorr_d1d2_cort,AMN,1,2,PFM3T7T01,PFM3T7T02,0.412463945287206
allsubs,0,PPVcorr_d1d2_cort,SMd,1,2,PFM3T7T01,PFM3T7T02,0.723147957137127
allsubs,0,PPVcorr_d1d2_cort,SMl,1,2,PFM3T7T01,PFM3T7T02,0.349563424045386
allsubs,0,PPVcorr_d1d2_cort,Aud,1,2,PFM3T7T01,PFM3T7T02,0.693875216803463
allsubs,0,PPVcorr_d1d2_cort,Tpole,1,2,PFM3T7T01,PFM3T7T02,0.393272346102535
allsubs,0,PPVcorr_d1d2_cort,MTL,1,2,PFM3T7T01,PFM3T7T02,0.615283397128883
allsubs,0,PPVcorr_d1d2_cort,PMN,1,2,PFM3T7T01,PFM3T7T02,0.39754985809066
allsubs,0,PPVcorr_d1d2_cort,PON,1,2,PFM3T7T01,PFM3T7T02,0.643249598745847
allsubs,0,PPVcorr_d1d2_cort,SCAN,1,2,PFM3T7T01,PFM3T7T02,0.6511351076669
allsubs,0,PPVcorr_bayes_cort,DMN,1,2,PFM3T7T01,PFM3T7T02,0.622766623687604
allsubs,0,PPVcorr_bayes_cort,Vis,1,2,PFM3T7T01,PFM3T7T02,0.826147576869969
allsubs,0,PPVcorr_bayes_cort,FP,1,2,PFM3T7T01,PFM3T7T02,0.474644531206301
allsubs,0,PPVcorr_bayes_cort,DAN,1,2,PFM3T7T01,PFM3T7T02,0.564309050266522
allsubs,0,PPVcorr_bayes_cort,VAN,1,2,PFM3T7T01,PFM3T7T02,0.642043529258439
allsubs,0,PPVcorr_bayes_cort,Sal,1,2,PFM3T7T01,PFM3T7T02,0.519859340214532
allsubs,0,PPVcorr_bayes_cort,AMN,1,2,PFM3T7T01,PFM3T7T02,0.435241283124128
allsubs,0,PPVcorr_bayes_cort,SMd,1,2,PFM3T7T01,PFM3T7T02,0.711335069641037
allsubs,0,PPVcorr_bayes_cort,SMl,1,2,PFM3T7T01,PFM3T7T02,0.355059264538951
allsubs,0,PPVcorr_bayes_cort,Aud,1,2,PFM3T7T01,PFM3T7T02,0.697806904823096
allsubs,0,PPVcorr_bayes_cort,Tpole,1,2,PFM3T7T01,PFM3T7T02,0.332692307692308
allsubs,0,PPVcorr_bayes_cort,MTL,1,2,PFM3T7T01,PFM3T7T02,0.622381876647643
allsubs,0,PPVcorr_bayes_cort,PMN,1,2,PFM3T7T01,PFM3T7T02,0.367468532037334
allsubs,0,PPVcorr_bayes_cort,PON,1,2,PFM3T7T01,PFM3T7T02,0.643967511161315
allsubs,0,PPVcorr_bayes_cort,SCAN,1,2,PFM3T7T01,PFM3T7T02,0.650425894378194
allsubs,0,MCC_cort,DMN,1,2,PFM3T7T01,PFM3T7T02,0.530416705803052
allsubs,0,MCC_cort,Vis,1,2,PFM3T7T01,PFM3T7T02,0.841317834394913
allsubs,0,MCC_cort,FP,1,2,PFM3T7T01,PFM3T7T02,0.474705301707392
allsubs,0,MCC_cort,DAN,1,2,PFM3T7T01,PFM3T7T02,0.499560722257917
allsubs,0,MCC_cort,VAN,1,2,PFM3T7T01,PFM3T7T02,0.366105205910954
allsubs,0,MCC_cort,Sal,1,2,PFM3T7T01,PFM3T7T02,0.394935376684535
allsubs,0,MCC_cort,AMN,1,2,PFM3T7T01,PFM3T7T02,0.438101474424416
allsubs,0,MCC_cort,SMd,1,2,PFM3T7T01,PFM3T7T02,0.486855603210525
allsubs,0,MCC_cort,SMl,1,2,PFM3T7T01,PFM3T7T02,0.365163354111744
allsubs,0,MCC_cort,Aud,1,2,PFM3T7T01,PFM3T7T02,0.606227037451957
allsubs,0,MCC_cort,Tpole,1,2,PFM3T7T01,PFM3T7T02,0.297859869151672
allsubs,0,MCC_cort,MTL,1,2,PFM3T7T01,PFM3T7T02,0.603239003064936
allsubs,0,MCC_cort,PMN,1,2,PFM3T7T01,PFM3T7T02,0.459806154909911
allsubs,0,MCC_cort,PON,1,2,PFM3T7T01,PFM3T7T02,0.518544928607461
allsubs,0,MCC_cort,SCAN,1,2,PFM3T7T01,PFM3T7T02,0.494327055598191
allsubs,0,muI_cort,WholeBrainOrSingleVal,1,2,PFM3T7T01,PFM3T7T02,1.61238223424404
allsubs,0,VIn_cort,WholeBrainOrSingleVal,1,2,PFM3T7T01,PFM3T7T02,0.259025411837027
allsubs,0,MIn_cort,WholeBrainOrSingleVal,1,2,PFM3T7T01,PFM3T7T02,0.439789965035389
allsubs,0,DC_cort,DMN,1,3,PFM3T7T01,PFM3T7T03,0.621354684121325
allsubs,0,DC_cort,Vis,1,3,PFM3T7T01,PFM3T7T03,0.801205775027765
allsubs,0,DC_cort,FP,1,3,PFM3T7T01,PFM3T7T03,0.397221292266488
allsubs,0,DC_cort,DAN,1,3,PFM3T7T01,PFM3T7T03,0.503415477734544
allsubs,0,DC_cort,VAN,1,3,PFM3T7T01,PFM3T7T03,0.398645789250952
allsubs,0,DC_cort,Sal,1,3,PFM3T7T01,PFM3T7T03,0.481298129812981
allsubs,0,DC_cort,AMN,1,3,PFM3T7T01,PFM3T7T03,0.555504001855933
allsubs,0,DC_cort,SMd,1,3,PFM3T7T01,PFM3T7T03,0.578854797733047
allsubs,0,DC_cort,SMl,1,3,PFM3T7T01,PFM3T7T03,0.422349731916094
allsubs,0,DC_cort,Aud,1,3,PFM3T7T01,PFM3T7T03,0.647749864449666
allsubs,0,DC_cort,Tpole,1,3,PFM3T7T01,PFM3T7T03,0.2330743618202
allsubs,0,DC_cort,MTL,1,3,PFM3T7T01,PFM3T7T03,0.485139376038398
allsubs,0,DC_cort,PMN,1,3,PFM3T7T01,PFM3T7T03,0.484625378951927
allsubs,0,DC_cort,PON,1,3,PFM3T7T01,PFM3T7T03,0.583061070620759
allsubs,0,DC_cort,SCAN,1,3,PFM3T7T01,PFM3T7T03,0.527148128624143
allsubs,0,cDC_cort,DMN,1,3,PFM3T7T01,PFM3T7T03,0.621354684121325
allsubs,0,cDC_cort,Vis,1,3,PFM3T7T01,PFM3T7T03,0.801205775027765
allsubs,0,cDC_cort,FP,1,3,PFM3T7T01,PFM3T7T03,0.397221292266488
allsubs,0,cDC_cort,DAN,1,3,PFM3T7T01,PFM3T7T03,0.503415477734544
allsubs,0,cDC_cort,VAN,1,3,PFM3T7T01,PFM3T7T03,0.398645789250952
allsubs,0,cDC_cort,Sal,1,3,PFM3T7T01,PFM3T7T03,0.481298129812981
allsubs,0,cDC_cort,AMN,1,3,PFM3T7T01,PFM3T7T03,0.555504001855933
allsubs,0,cDC_cort,SMd,1,3,PFM3T7T01,PFM3T7T03,0.578854797733047
allsubs,0,cDC_cort,SMl,1,3,PFM3T7T01,PFM3T7T03,0.422349731916094
allsubs,0,cDC_cort,Aud,1,3,PFM3T7T01,PFM3T7T03,0.647749864449666
allsubs,0,cDC_cort,Tpole,1,3,PFM3T7T01,PFM3T7T03,0.2330743618202
allsubs,0,cDC_cort,MTL,1,3,PFM3T7T01,PFM3T7T03,0.485139376038398
allsubs,0,cDC_cort,PMN,1,3,PFM3T7T01,PFM3T7T03,0.484625378951927
allsubs,0,cDC_cort,PON,1,3,PFM3T7T01,PFM3T7T03,0.583061070620759
allsubs,0,cDC_cort,SCAN,1,3,PFM3T7T01,PFM3T7T03,0.527148128624143
allsubs,0,TP_cort,DMN,1,3,PFM3T7T01,PFM3T7T03,5316.0
allsubs,0,TP_cort,Vis,1,3,PFM3T7T01,PFM3T7T03,5050.0
allsubs,0,TP_cort,FP,1,3,PFM3T7T01,PFM3T7T03,2373.0
allsubs,0,TP_cort,DAN,1,3,PFM3T7T01,PFM3T7T03,2911.0
allsubs,0,TP_cort,VAN,1,3,PFM3T7T01,PFM3T7T03,942.0
allsubs,0,TP_cort,Sal,1,3,PFM3T7T01,PFM3T7T03,875.0
allsubs,0,TP_cort,AMN,1,3,PFM3T7T01,PFM3T7T03,4789.0
allsubs,0,TP_cort,SMd,1,3,PFM3T7T01,PFM3T7T03,1481.0
allsubs,0,TP_cort,SMl,1,3,PFM3T7T01,PFM3T7T03,2245.0
allsubs,0,TP_cort,Aud,1,3,PFM3T7T01,PFM3T7T03,1792.0
allsubs,0,TP_cort,Tpole,1,3,PFM3T7T01,PFM3T7T03,105.0
allsubs,0,TP_cort,MTL,1,3,PFM3T7T01,PFM3T7T03,1314.0
allsubs,0,TP_cort,PMN,1,3,PFM3T7T01,PFM3T7T03,1119.0
allsubs,0,TP_cort,PON,1,3,PFM3T7T01,PFM3T7T03,1160.0
allsubs,0,TP_cort,SCAN,1,3,PFM3T7T01,PFM3T7T03,1000.0
allsubs,0,TN_cort,DMN,1,3,PFM3T7T01,PFM3T7T03,47617.0
allsubs,0,TN_cort,Vis,1,3,PFM3T7T01,PFM3T7T03,51856.0
allsubs,0,TN_cort,FP,1,3,PFM3T7T01,PFM3T7T03,49837.0
allsubs,0,TN_cort,DAN,1,3,PFM3T7T01,PFM3T7T03,50758.0
allsubs,0,TN_cort,VAN,1,3,PFM3T7T01,PFM3T7T03,55628.0
allsubs,0,TN_cort,Sal,1,3,PFM3T7T01,PFM3T7T03,56651.0
allsubs,0,TN_cort,AMN,1,3,PFM3T7T01,PFM3T7T03,46959.0
allsubs,0,TN_cort,SMd,1,3,PFM3T7T01,PFM3T7T03,55776.0
allsubs,0,TN_cort,SMl,1,3,PFM3T7T01,PFM3T7T03,51026.0
allsubs,0,TN_cort,Aud,1,3,PFM3T7T01,PFM3T7T03,55671.0
allsubs,0,TN_cort,Tpole,1,3,PFM3T7T01,PFM3T7T03,58616.0
allsubs,0,TN_cort,MTL,1,3,PFM3T7T01,PFM3T7T03,55309.0
allsubs,0,TN_cort,PMN,1,3,PFM3T7T01,PFM3T7T03,55913.0
allsubs,0,TN_cort,PON,1,3,PFM3T7T01,PFM3T7T03,56593.0
allsubs,0,TN_cort,SCAN,1,3,PFM3T7T01,PFM3T7T03,56618.0
allsubs,0,FP_cort,DMN,1,3,PFM3T7T01,PFM3T7T03,1902.0
allsubs,0,FP_cort,Vis,1,3,PFM3T7T01,PFM3T7T03,2054.0
allsubs,0,FP_cort,FP,1,3,PFM3T7T01,PFM3T7T03,6273.0
allsubs,0,FP_cort,DAN,1,3,PFM3T7T01,PFM3T7T03,2072.0
allsubs,0,FP_cort,VAN,1,3,PFM3T7T01,PFM3T7T03,720.0
allsubs,0,FP_cort,Sal,1,3,PFM3T7T01,PFM3T7T03,964.0
allsubs,0,FP_cort,AMN,1,3,PFM3T7T01,PFM3T7T03,3898.0
allsubs,0,FP_cort,SMd,1,3,PFM3T7T01,PFM3T7T03,518.0
allsubs,0,FP_cort,SMl,1,3,PFM3T7T01,PFM3T7T03,1425.0
allsubs,0,FP_cort,Aud,1,3,PFM3T7T01,PFM3T7T03,1511.0
allsubs,0,FP_cort,Tpole,1,3,PFM3T7T01,PFM3T7T03,589.0
allsubs,0,FP_cort,MTL,1,3,PFM3T7T01,PFM3T7T03,1984.0
allsubs,0,FP_cort,PMN,1,3,PFM3T7T01,PFM3T7T03,1282.0
allsubs,0,FP_cort,PON,1,3,PFM3T7T01,PFM3T7T03,574.0
allsubs,0,FP_cort,SCAN,1,3,PFM3T7T01,PFM3T7T03,1174.0
allsubs,0,FN_cort,DMN,1,3,PFM3T7T01,PFM3T7T03,4577.0
allsubs,0,FN_cort,Vis,1,3,PFM3T7T01,PFM3T7T03,452.0
allsubs,0,FN_cort,FP,1,3,PFM3T7T01,PFM3T7T03,929.0
allsubs,0,FN_cort,DAN,1,3,PFM3T7T01,PFM3T7T03,3671.0
allsubs,0,FN_cort,VAN,1,3,PFM3T7T01,PFM3T7T03,2122.0
allsubs,0,FN_cort,Sal,1,3,PFM3T7T01,PFM3T7T03,922.0
allsubs,0,FN_cort,AMN,1,3,PFM3T7T01,PFM3T7T03,3766.0
allsubs,0,FN_cort,SMd,1,3,PFM3T7T01,PFM3T7T03,1637.0
allsubs,0,FN_cort,SMl,1,3,PFM3T7T01,PFM3T7T03,4716.0
allsubs,0,FN_cort,Aud,1,3,PFM3T7T01,PFM3T7T03,438.0
allsubs,0,FN_cort,Tpole,1,3,PFM3T7T01,PFM3T7T03,102.0
allsubs,0,FN_cort,MTL,1,3,PFM3T7T01,PFM3T7T03,805.0
allsubs,0,FN_cort,PMN,1,3,PFM3T7T01,PFM3T7T03,1098.0
allsubs,0,FN_cort,PON,1,3,PFM3T7T01,PFM3T7T03,1085.0
allsubs,0,FN_cort,SCAN,1,3,PFM3T7T01,PFM3T7T03,620.0
allsubs,0,TPR_cort,DMN,1,3,PFM3T7T01,PFM3T7T03,0.537349641160417
allsubs,0,TPR_cort,Vis,1,3,PFM3T7T01,PFM3T7T03,0.917848055252635
allsubs,0,TPR_cort,FP,1,3,PFM3T7T01,PFM3T7T03,0.718655360387644
allsubs,0,TPR_cort,DAN,1,3,PFM3T7T01,PFM3T7T03,0.44226678821027
allsubs,0,TPR_cort,VAN,1,3,PFM3T7T01,PFM3T7T03,0.307441253263708
allsubs,0,TPR_cort,Sal,1,3,PFM3T7T01,PFM3T7T03,0.48692264885921
allsubs,0,TPR_cort,AMN,1,3,PFM3T7T01,PFM3T7T03,0.55978959672706
allsubs,0,TPR_cort,SMd,1,3,PFM3T7T01,PFM3T7T03,0.474983964079538
allsubs,0,TPR_cort,SMl,1,3,PFM3T7T01,PFM3T7T03,0.322511133457836
allsubs,0,TPR_cort,Aud,1,3,PFM3T7T01,PFM3T7T03,0.803587443946188
allsubs,0,TPR_cort,Tpole,1,3,PFM3T7T01,PFM3T7T03,0.507246376811594
allsubs,0,TPR_cort,MTL,1,3,PFM3T7T01,PFM3T7T03,0.62010382255781
allsubs,0,TPR_cort,PMN,1,3,PFM3T7T01,PFM3T7T03,0.504736129905277
allsubs,0,TPR_cort,PON,1,3,PFM3T7T01,PFM3T7T03,0.516703786191537
allsubs,0,TPR_cort,SCAN,1,3,PFM3T7T01,PFM3T7T03,0.617283950617284
allsubs,0,TNR_cort,DMN,1,3,PFM3T7T01,PFM3T7T03,0.961590500615925
allsubs,0,TNR_cort,Vis,1,3,PFM3T7T01,PFM3T7T03,0.961899462066407
allsubs,0,TNR_cort,FP,1,3,PFM3T7T01,PFM3T7T03,0.888201746569239
allsubs,0,TNR_cort,DAN,1,3,PFM3T7T01,PFM3T7T03,0.960779859928071
allsubs,0,TNR_cort,VAN,1,3,PFM3T7T01,PFM3T7T03,0.987222261659686
allsubs,0,TNR_cort,Sal,1,3,PFM3T7T01,PFM3T7T03,0.983268246116463
allsubs,0,TNR_cort,AMN,1,3,PFM3T7T01,PFM3T7T03,0.923353717285723
allsubs,0,TNR_cort,SMd,1,3,PFM3T7T01,PFM3T7T03,0.990798308878388
allsubs,0,TNR_cort,SMl,1,3,PFM3T7T01,PFM3T7T03,0.972831785857276
allsubs,0,TNR_cort,Aud,1,3,PFM3T7T01,PFM3T7T03,0.973575600713511
allsubs,0,TNR_cort,Tpole,1,3,PFM3T7T01,PFM3T7T03,0.990051515919264
allsubs,0,TNR_cort,MTL,1,3,PFM3T7T01,PFM3T7T03,0.96537098772974
allsubs,0,TNR_cort,PMN,1,3,PFM3T7T01,PFM3T7T03,0.977585453273888
allsubs,0,TNR_cort,PON,1,3,PFM3T7T01,PFM3T7T03,0.989959242220162
allsubs,0,TNR_cort,SCAN,1,3,PFM3T7T01,PFM3T7T03,0.9796857696567
allsubs,0,FPR_cort,DMN,1,3,PFM3T7T01,PFM3T7T03,0.0384094993840748
allsubs,0,FPR_cort,Vis,1,3,PFM3T7T01,PFM3T7T03,0.038100537933593
allsubs,0,FPR_cort,FP,1,3,PFM3T7T01,PFM3T7T03,0.111798253430761
allsubs,0,FPR_cort,DAN,1,3,PFM3T7T01,PFM3T7T03,0.0392201400719288
allsubs,0,FPR_cort,VAN,1,3,PFM3T7T01,PFM3T7T03,0.0127777383403138
allsubs,0,FPR_cort,Sal,1,3,PFM3T7T01,PFM3T7T03,0.0167317538835373
allsubs,0,FPR_cort,AMN,1,3,PFM3T7T01,PFM3T7T03,0.0766462827142773
allsubs,0,FPR_cort,SMd,1,3,PFM3T7T01,PFM3T7T03,0.0092016911216115
allsubs,0,FPR_cort,SMl,1,3,PFM3T7T01,PFM3T7T03,0.0271682141427237
allsubs,0,FPR_cort,Aud,1,3,PFM3T7T01,PFM3T7T03,0.0264243992864888
allsubs,0,FPR_cort,Tpole,1,3,PFM3T7T01,PFM3T7T03,0.0099484840807364
allsubs,0,FPR_cort,MTL,1,3,PFM3T7T01,PFM3T7T03,0.0346290122702599
allsubs,0,FPR_cort,PMN,1,3,PFM3T7T01,PFM3T7T03,0.0224145467261124
allsubs,0,FPR_cort,PON,1,3,PFM3T7T01,PFM3T7T03,0.010040757779838
allsubs,0,FPR_cort,SCAN,1,3,PFM3T7T01,PFM3T7T03,0.0203142303433001
allsubs,0,FNR_cort,DMN,1,3,PFM3T7T01,PFM3T7T03,0.462650358839584
allsubs,0,FNR_cort,Vis,1,3,PFM3T7T01,PFM3T7T03,0.0821519447473646
allsubs,0,FNR_cort,FP,1,3,PFM3T7T01,PFM3T7T03,0.281344639612356
allsubs,0,FNR_cort,DAN,1,3,PFM3T7T01,PFM3T7T03,0.55773321178973
allsubs,0,FNR_cort,VAN,1,3,PFM3T7T01,PFM3T7T03,0.692558746736292
allsubs,0,FNR_cort,Sal,1,3,PFM3T7T01,PFM3T7T03,0.51307735114079
allsubs,0,FNR_cort,AMN,1,3,PFM3T7T01,PFM3T7T03,0.44021040327294
allsubs,0,FNR_cort,SMd,1,3,PFM3T7T01,PFM3T7T03,0.525016035920462
allsubs,0,FNR_cort,SMl,1,3,PFM3T7T01,PFM3T7T03,0.677488866542163
allsubs,0,FNR_cort,Aud,1,3,PFM3T7T01,PFM3T7T03,0.196412556053812
allsubs,0,FNR_cort,Tpole,1,3,PFM3T7T01,PFM3T7T03,0.492753623188406
allsubs,0,FNR_cort,MTL,1,3,PFM3T7T01,PFM3T7T03,0.37989617744219
allsubs,0,FNR_cort,PMN,1,3,PFM3T7T01,PFM3T7T03,0.495263870094723
allsubs,0,FNR_cort,PON,1,3,PFM3T7T01,PFM3T7T03,0.483296213808463
allsubs,0,FNR_cort,SCAN,1,3,PFM3T7T01,PFM3T7T03,0.382716049382716
allsubs,0,NPV_cort,DMN,1,3,PFM3T7T01,PFM3T7T03,0.912307928114343
allsubs,0,NPV_cort,Vis,1,3,PFM3T7T01,PFM3T7T03,0.991358874359563
allsubs,0,NPV_cort,FP,1,3,PFM3T7T01,PFM3T7T03,0.981700350628373
allsubs,0,NPV_cort,DAN,1,3,PFM3T7T01,PFM3T7T03,0.932554336842492
allsubs,0,NPV_cort,VAN,1,3,PFM3T7T01,PFM3T7T03,0.963255411255411
allsubs,0,NPV_cort,Sal,1,3,PFM3T7T01,PFM3T7T03,0.983985548781547
allsubs,0,NPV_cort,AMN,1,3,PFM3T7T01,PFM3T7T03,0.925756530310498
allsubs,0,NPV_cort,SMd,1,3,PFM3T7T01,PFM3T7T03,0.971487293818473
allsubs,0,NPV_cort,SMl,1,3,PFM3T7T01,PFM3T7T03,0.915395931254709
allsubs,0,NPV_cort,Aud,1,3,PFM3T7T01,PFM3T7T03,0.992193765706036
allsubs,0,NPV_cort,Tpole,1,3,PFM3T7T01,PFM3T7T03,0.998262883613202
allsubs,0,NPV_cort,MTL,1,3,PFM3T7T01,PFM3T7T03,0.985654203941975
allsubs,0,NPV_cort,PMN,1,3,PFM3T7T01,PFM3T7T03,0.980740558839522
allsubs,0,NPV_cort,PON,1,3,PFM3T7T01,PFM3T7T03,0.981188668123028
allsubs,0,NPV_cort,SCAN,1,3,PFM3T7T01,PFM3T7T03,0.989168035221356
allsubs,0,PPV_cort,DMN,1,3,PFM3T7T01,PFM3T7T03,0.736492103075644
allsubs,0,PPV_cort,Vis,1,3,PFM3T7T01,PFM3T7T03,0.710867117117117
allsubs,0,PPV_cort,FP,1,3,PFM3T7T01,PFM3T7T03,0.274462179042332
allsubs,0,PPV_cort,DAN,1,3,PFM3T7T01,PFM3T7T03,0.584186233192856
allsubs,0,PPV_cort,VAN,1,3,PFM3T7T01,PFM3T7T03,0.566787003610108
allsubs,0,PPV_cort,Sal,1,3,PFM3T7T01,PFM3T7T03,0.475802066340402
allsubs,0,PPV_cort,AMN,1,3,PFM3T7T01,PFM3T7T03,0.551283527109474
allsubs,0,PPV_cort,SMd,1,3,PFM3T7T01,PFM3T7T03,0.740870435217609
allsubs,0,PPV_cort,SMl,1,3,PFM3T7T01,PFM3T7T03,0.611716621253406
allsubs,0,PPV_cort,Aud,1,3,PFM3T7T01,PFM3T7T03,0.542537087496216
allsubs,0,PPV_cort,Tpole,1,3,PFM3T7T01,PFM3T7T03,0.151296829971182
allsubs,0,PPV_cort,MTL,1,3,PFM3T7T01,PFM3T7T03,0.398423286840509
allsubs,0,PPV_cort,PMN,1,3,PFM3T7T01,PFM3T7T03,0.466055810079134
allsubs,0,PPV_cort,PON,1,3,PFM3T7T01,PFM3T7T03,0.668973471741638
allsubs,0,PPV_cort,SCAN,1,3,PFM3T7T01,PFM3T7T03,0.459981600735971
allsubs,0,PPVcorr_Jeffreys_cort,DMN,1,3,PFM3T7T01,PFM3T7T03,0.70798557381843
allsubs,0,PPVcorr_Jeffreys_cort,Vis,1,3,PFM3T7T01,PFM3T7T03,0.695709545086358
allsubs,0,PPVcorr_Jeffreys_cort,FP,1,3,PFM3T7T01,PFM3T7T03,0.282758851184243
allsubs,0,PPVcorr_Jeffreys_cort,DAN,1,3,PFM3T7T01,PFM3T7T03,0.574363610579309
allsubs,0,PPVcorr_Jeffreys_cort,VAN,1,3,PFM3T7T01,PFM3T7T03,0.556390977443609
allsubs,0,PPVcorr_Jeffreys_cort,Sal,1,3,PFM3T7T01,PFM3T7T03,0.477956110368059
allsubs,0,PPVcorr_Jeffreys_cort,AMN,1,3,PFM3T7T01,PFM3T7T03,0.546685878962536
allsubs,0,PPVcorr_Jeffreys_cort,SMd,1,3,PFM3T7T01,PFM3T7T03,0.708369395880215
allsubs,0,PPVcorr_Jeffreys_cort,SMl,1,3,PFM3T7T01,PFM3T7T03,0.593905315957033
allsubs,0,PPVcorr_Jeffreys_cort,Aud,1,3,PFM3T7T01,PFM3T7T03,0.539846851956892
allsubs,0,PPVcorr_Jeffreys_cort,Tpole,1,3,PFM3T7T01,PFM3T7T03,0.161396390093746
allsubs,0,PPVcorr_Jeffreys_cort,MTL,1,3,PFM3T7T01,PFM3T7T03,0.404555685347161
allsubs,0,PPVcorr_Jeffreys_cort,PMN,1,3,PFM3T7T01,PFM3T7T03,0.4689251534678
allsubs,0,PPVcorr_Jeffreys_cort,PON,1,3,PFM3T7T01,PFM3T7T03,0.649604288996681
allsubs,0,PPVcorr_Jeffreys_cort,SCAN,1,3,PFM3T7T01,PFM3T7T03,0.462756849315068
allsubs,0,PPVcorr_d1d2_cort,DMN,1,3,PFM3T7T01,PFM3T7T03,0.736365716527964
allsubs,0,PPVcorr_d1d2_cort,Vis,1,3,PFM3T7T01,PFM3T7T03,0.718891975689365
allsubs,0,PPVcorr_d1d2_cort,FP,1,3,PFM3T7T01,PFM3T7T03,0.301285161575169
allsubs,0,PPVcorr_d1d2_cort,DAN,1,3,PFM3T7T01,PFM3T7T03,0.587570116482474
allsubs,0,PPVcorr_d1d2_cort,VAN,1,3,PFM3T7T01,PFM3T7T03,0.565367453115906
allsubs,0,PPVcorr_d1d2_cort,Sal,1,3,PFM3T7T01,PFM3T7T03,0.504039808615734
allsubs,0,PPVcorr_d1d2_cort,AMN,1,3,PFM3T7T01,PFM3T7T03,0.556559280534239
allsubs,0,PPVcorr_d1d2_cort,SMd,1,3,PFM3T7T01,PFM3T7T03,0.736005528574483
allsubs,0,PPVcorr_d1d2_cort,SMl,1,3,PFM3T7T01,PFM3T7T03,0.60944638292573
allsubs,0,PPVcorr_d1d2_cort,Aud,1,3,PFM3T7T01,PFM3T7T03,0.570098881295021
allsubs,0,PPVcorr_d1d2_cort,Tpole,1,3,PFM3T7T01,PFM3T7T03,0.554422264758606
allsubs,0,PPVcorr_d1d2_cort,MTL,1,3,PFM3T7T01,PFM3T7T03,0.432521168747269
allsubs,0,PPVcorr_d1d2_cort,PMN,1,3,PFM3T7T01,PFM3T7T03,0.490727219757798
allsubs,0,PPVcorr_d1d2_cort,PON,1,3,PFM3T7T01,PFM3T7T03,0.674516788746412
allsubs,0,PPVcorr_d1d2_cort,SCAN,1,3,PFM3T7T01,PFM3T7T03,0.498768145434812
allsubs,0,PPVcorr_bayes_cort,DMN,1,3,PFM3T7T01,PFM3T7T03,0.736019912752069
allsubs,0,PPVcorr_bayes_cort,Vis,1,3,PFM3T7T01,PFM3T7T03,0.732469749732388
allsubs,0,PPVcorr_bayes_cort,FP,1,3,PFM3T7T01,PFM3T7T03,0.318403104821779
allsubs,0,PPVcorr_bayes_cort,DAN,1,3,PFM3T7T01,PFM3T7T03,0.594878696053152
allsubs,0,PPVcorr_bayes_cort,VAN,1,3,PFM3T7T01,PFM3T7T03,0.564695518114745
allsubs,0,PPVcorr_bayes_cort,Sal,1,3,PFM3T7T01,PFM3T7T03,0.501308391843926
allsubs,0,PPVcorr_bayes_cort,AMN,1,3,PFM3T7T01,PFM3T7T03,0.573057620053205
allsubs,0,PPVcorr_bayes_cort,SMd,1,3,PFM3T7T01,PFM3T7T03,0.73354515515562
allsubs,0,PPVcorr_bayes_cort,SMl,1,3,PFM3T7T01,PFM3T7T03,0.604371679874597
allsubs,0,PPVcorr_bayes_cort,Aud,1,3,PFM3T7T01,PFM3T7T03,0.573166447079491
allsubs,0,PPVcorr_bayes_cort,Tpole,1,3,PFM3T7T01,PFM3T7T03,0.198766569788048
allsubs,0,PPVcorr_bayes_cort,MTL,1,3,PFM3T7T01,PFM3T7T03,0.434485087886753
allsubs,0,PPVcorr_bayes_cort,PMN,1,3,PFM3T7T01,PFM3T7T03,0.493284517579641
allsubs,0,PPVcorr_bayes_cort,PON,1,3,PFM3T7T01,PFM3T7T03,0.675165786980647
allsubs,0,PPVcorr_bayes_cort,SCAN,1,3,PFM3T7T01,PFM3T7T03,0.491666666666667
allsubs,0,MCC_cort,DMN,1,3,PFM3T7T01,PFM3T7T03,0.568957273919955
allsubs,0,MCC_cort,Vis,1,3,PFM3T7T01,PFM3T7T03,0.785990822210102
allsubs,0,MCC_cort,FP,1,3,PFM3T7T01,PFM3T7T03,0.394276618209501
allsubs,0,MCC_cort,DAN,1,3,PFM3T7T01,PFM3T7T03,0.456366688869644
allsubs,0,MCC_cort,VAN,1,3,PFM3T7T01,PFM3T7T03,0.395201418295478
allsubs,0,MCC_cort,Sal,1,3,PFM3T7T01,PFM3T7T03,0.464960159855572
allsubs,0,MCC_cort,AMN,1,3,PFM3T7T01,PFM3T7T03,0.480081987017565
allsubs,0,MCC_cort,SMd,1,3,PFM3T7T01,PFM3T7T03,0.576023959735681
allsubs,0,MCC_cort,SMl,1,3,PFM3T7T01,PFM3T7T03,0.394561731628129
allsubs,0,MCC_cort,Aud,1,3,PFM3T7T01,PFM3T7T03,0.644649562125145
allsubs,0,MCC_cort,Tpole,1,3,PFM3T7T01,PFM3T7T03,0.272719141981168
allsubs,0,MCC_cort,MTL,1,3,PFM3T7T01,PFM3T7T03,0.474202167911107
allsubs,0,MCC_cort,PMN,1,3,PFM3T7T01,PFM3T7T03,0.46421927148229
allsubs,0,MCC_cort,PON,1,3,PFM3T7T01,PFM3T7T03,0.573945222771705
allsubs,0,MCC_cort,SCAN,1,3,PFM3T7T01,PFM3T7T03,0.517811483590898
allsubs,0,muI_cort,WholeBrainOrSingleVal,1,3,PFM3T7T01,PFM3T7T03,1.53070515032499
allsubs,0,VIn_cort,WholeBrainOrSingleVal,1,3,PFM3T7T01,PFM3T7T03,0.259424006782419
allsubs,0,MIn_cort,WholeBrainOrSingleVal,1,3,PFM3T7T01,PFM3T7T03,0.426649013043975
allsubs,0,DC_cort,DMN,1,4,PFM3T7T01,PFM3T7T04,0.595198550505813
allsubs,0,DC_cort,Vis,1,4,PFM3T7T01,PFM3T7T04,0.891082178356433
allsubs,0,DC_cort,FP,1,4,PFM3T7T01,PFM3T7T04,0.585473313192346
allsubs,0,DC_cort,DAN,1,4,PFM3T7T01,PFM3T7T04,0.534872893193035
allsubs,0,DC_cort,VAN,1,4,PFM3T7T01,PFM3T7T04,0.36414467936397
allsubs,0,DC_cort,Sal,1,4,PFM3T7T01,PFM3T7T04,0.371829304685169
allsubs,0,DC_cort,AMN,1,4,PFM3T7T01,PFM3T7T04,0.580846996118417
allsubs,0,DC_cort,SMd,1,4,PFM3T7T01,PFM3T7T04,0.574227252938616
allsubs,0,DC_cort,SMl,1,4,PFM3T7T01,PFM3T7T04,0.452120995167353
allsubs,0,DC_cort,Aud,1,4,PFM3T7T01,PFM3T7T04,0.676034348165496
allsubs,0,DC_cort,Tpole,1,4,PFM3T7T01,PFM3T7T04,0.448780487804878
allsubs,0,DC_cort,MTL,1,4,PFM3T7T01,PFM3T7T04,0.54746835443038
allsubs,0,DC_cort,PMN,1,4,PFM3T7T01,PFM3T7T04,0.46146504414221
allsubs,0,DC_cort,PON,1,4,PFM3T7T01,PFM3T7T04,0.545749362983553
allsubs,0,DC_cort,SCAN,1,4,PFM3T7T01,PFM3T7T04,0.538481744155503
allsubs,0,cDC_cort,DMN,1,4,PFM3T7T01,PFM3T7T04,0.595198550505813
allsubs,0,cDC_cort,Vis,1,4,PFM3T7T01,PFM3T7T04,0.891082178356433
allsubs,0,cDC_cort,FP,1,4,PFM3T7T01,PFM3T7T04,0.585473313192346
allsubs,0,cDC_cort,DAN,1,4,PFM3T7T01,PFM3T7T04,0.534872893193035
allsubs,0,cDC_cort,VAN,1,4,PFM3T7T01,PFM3T7T04,0.36414467936397
allsubs,0,cDC_cort,Sal,1,4,PFM3T7T01,PFM3T7T04,0.371829304685169
allsubs,0,cDC_cort,AMN,1,4,PFM3T7T01,PFM3T7T04,0.580846996118417
allsubs,0,cDC_cort,SMd,1,4,PFM3T7T01,PFM3T7T04,0.574227252938616
allsubs,0,cDC_cort,SMl,1,4,PFM3T7T01,PFM3T7T04,0.452120995167353
allsubs,0,cDC_cort,Aud,1,4,PFM3T7T01,PFM3T7T04,0.676034348165496
allsubs,0,cDC_cort,Tpole,1,4,PFM3T7T01,PFM3T7T04,0.448780487804878
allsubs,0,cDC_cort,MTL,1,4,PFM3T7T01,PFM3T7T04,0.54746835443038
allsubs,0,cDC_cort,PMN,1,4,PFM3T7T01,PFM3T7T04,0.46146504414221
allsubs,0,cDC_cort,PON,1,4,PFM3T7T01,PFM3T7T04,0.545749362983553
allsubs,0,cDC_cort,SCAN,1,4,PFM3T7T01,PFM3T7T04,0.538481744155503
allsubs,0,TP_cort,DMN,1,4,PFM3T7T01,PFM3T7T04,3942.0
allsubs,0,TP_cort,Vis,1,4,PFM3T7T01,PFM3T7T04,6365.0
allsubs,0,TP_cort,FP,1,4,PFM3T7T01,PFM3T7T04,4651.0
allsubs,0,TP_cort,DAN,1,4,PFM3T7T01,PFM3T7T04,2872.0
allsubs,0,TP_cort,VAN,1,4,PFM3T7T01,PFM3T7T04,1042.0
allsubs,0,TP_cort,Sal,1,4,PFM3T7T01,PFM3T7T04,623.0
allsubs,0,TP_cort,AMN,1,4,PFM3T7T01,PFM3T7T04,5013.0
allsubs,0,TP_cort,SMd,1,4,PFM3T7T01,PFM3T7T04,1319.0
allsubs,0,TP_cort,SMl,1,4,PFM3T7T01,PFM3T7T04,1263.0
allsubs,0,TP_cort,Aud,1,4,PFM3T7T01,PFM3T7T04,2165.0
allsubs,0,TP_cort,Tpole,1,4,PFM3T7T01,PFM3T7T04,414.0
allsubs,0,TP_cort,MTL,1,4,PFM3T7T01,PFM3T7T04,2076.0
allsubs,0,TP_cort,PMN,1,4,PFM3T7T01,PFM3T7T04,967.0
allsubs,0,TP_cort,PON,1,4,PFM3T7T01,PFM3T7T04,1178.0
allsubs,0,TP_cort,SCAN,1,4,PFM3T7T01,PFM3T7T04,1025.0
allsubs,0,TN_cort,DMN,1,4,PFM3T7T01,PFM3T7T04,50108.0
allsubs,0,TN_cort,Vis,1,4,PFM3T7T01,PFM3T7T04,51491.0
allsubs,0,TN_cort,FP,1,4,PFM3T7T01,PFM3T7T04,48175.0
allsubs,0,TN_cort,DAN,1,4,PFM3T7T01,PFM3T7T04,51545.0
allsubs,0,TN_cort,VAN,1,4,PFM3T7T01,PFM3T7T04,54731.0
allsubs,0,TN_cort,Sal,1,4,PFM3T7T01,PFM3T7T04,56684.0
allsubs,0,TN_cort,AMN,1,4,PFM3T7T01,PFM3T7T04,47164.0
allsubs,0,TN_cort,SMd,1,4,PFM3T7T01,PFM3T7T04,56137.0
allsubs,0,TN_cort,SMl,1,4,PFM3T7T01,PFM3T7T04,55088.0
allsubs,0,TN_cort,Aud,1,4,PFM3T7T01,PFM3T7T04,55172.0
allsubs,0,TN_cort,Tpole,1,4,PFM3T7T01,PFM3T7T04,57981.0
allsubs,0,TN_cort,MTL,1,4,PFM3T7T01,PFM3T7T04,53904.0
allsubs,0,TN_cort,PMN,1,4,PFM3T7T01,PFM3T7T04,56188.0
allsubs,0,TN_cort,PON,1,4,PFM3T7T01,PFM3T7T04,56273.0
allsubs,0,TN_cort,SCAN,1,4,PFM3T7T01,PFM3T7T04,56630.0
allsubs,0,FP_cort,DMN,1,4,PFM3T7T01,PFM3T7T04,3276.0
allsubs,0,FP_cort,Vis,1,4,PFM3T7T01,PFM3T7T04,739.0
allsubs,0,FP_cort,FP,1,4,PFM3T7T01,PFM3T7T04,3995.0
allsubs,0,FP_cort,DAN,1,4,PFM3T7T01,PFM3T7T04,2111.0
allsubs,0,FP_cort,VAN,1,4,PFM3T7T01,PFM3T7T04,620.0
allsubs,0,FP_cort,Sal,1,4,PFM3T7T01,PFM3T7T04,1216.0
allsubs,0,FP_cort,AMN,1,4,PFM3T7T01,PFM3T7T04,3674.0
allsubs,0,FP_cort,SMd,1,4,PFM3T7T01,PFM3T7T04,680.0
allsubs,0,FP_cort,SMl,1,4,PFM3T7T01,PFM3T7T04,2407.0
allsubs,0,FP_cort,Aud,1,4,PFM3T7T01,PFM3T7T04,1138.0
allsubs,0,FP_cort,Tpole,1,4,PFM3T7T01,PFM3T7T04,280.0
allsubs,0,FP_cort,MTL,1,4,PFM3T7T01,PFM3T7T04,1222.0
allsubs,0,FP_cort,PMN,1,4,PFM3T7T01,PFM3T7T04,1434.0
allsubs,0,FP_cort,PON,1,4,PFM3T7T01,PFM3T7T04,556.0
allsubs,0,FP_cort,SCAN,1,4,PFM3T7T01,PFM3T7T04,1149.0
allsubs,0,FN_cort,DMN,1,4,PFM3T7T01,PFM3T7T04,2086.0
allsubs,0,FN_cort,Vis,1,4,PFM3T7T01,PFM3T7T04,817.0
allsubs,0,FN_cort,FP,1,4,PFM3T7T01,PFM3T7T04,2591.0
allsubs,0,FN_cort,DAN,1,4,PFM3T7T01,PFM3T7T04,2884.0
allsubs,0,FN_cort,VAN,1,4,PFM3T7T01,PFM3T7T04,3019.0
allsubs,0,FN_cort,Sal,1,4,PFM3T7T01,PFM3T7T04,889.0
allsubs,0,FN_cort,AMN,1,4,PFM3T7T01,PFM3T7T04,3561.0
allsubs,0,FN_cort,SMd,1,4,PFM3T7T01,PFM3T7T04,1276.0
allsubs,0,FN_cort,SMl,1,4,PFM3T7T01,PFM3T7T04,654.0
allsubs,0,FN_cort,Aud,1,4,PFM3T7T01,PFM3T7T04,937.0
allsubs,0,FN_cort,Tpole,1,4,PFM3T7T01,PFM3T7T04,737.0
allsubs,0,FN_cort,MTL,1,4,PFM3T7T01,PFM3T7T04,2210.0
allsubs,0,FN_cort,PMN,1,4,PFM3T7T01,PFM3T7T04,823.0
allsubs,0,FN_cort,PON,1,4,PFM3T7T01,PFM3T7T04,1405.0
allsubs,0,FN_cort,SCAN,1,4,PFM3T7T01,PFM3T7T04,608.0
allsubs,0,TPR_cort,DMN,1,4,PFM3T7T01,PFM3T7T04,0.653948241539482
allsubs,0,TPR_cort,Vis,1,4,PFM3T7T01,PFM3T7T04,0.886243386243386
allsubs,0,TPR_cort,FP,1,4,PFM3T7T01,PFM3T7T04,0.642225904446286
allsubs,0,TPR_cort,DAN,1,4,PFM3T7T01,PFM3T7T04,0.498957609451008
allsubs,0,TPR_cort,VAN,1,4,PFM3T7T01,PFM3T7T04,0.25658704752524
allsubs,0,TPR_cort,Sal,1,4,PFM3T7T01,PFM3T7T04,0.412037037037037
allsubs,0,TPR_cort,AMN,1,4,PFM3T7T01,PFM3T7T04,0.584674597620714
allsubs,0,TPR_cort,SMd,1,4,PFM3T7T01,PFM3T7T04,0.508285163776493
allsubs,0,TPR_cort,SMl,1,4,PFM3T7T01,PFM3T7T04,0.658841940532081
allsubs,0,TPR_cort,Aud,1,4,PFM3T7T01,PFM3T7T04,0.697936814958092
allsubs,0,TPR_cort,Tpole,1,4,PFM3T7T01,PFM3T7T04,0.359687228496959
allsubs,0,TPR_cort,MTL,1,4,PFM3T7T01,PFM3T7T04,0.484367708819412
allsubs,0,TPR_cort,PMN,1,4,PFM3T7T01,PFM3T7T04,0.540223463687151
allsubs,0,TPR_cort,PON,1,4,PFM3T7T01,PFM3T7T04,0.456058846302749
allsubs,0,TPR_cort,SCAN,1,4,PFM3T7T01,PFM3T7T04,0.627679118187385
allsubs,0,TNR_cort,DMN,1,4,PFM3T7T01,PFM3T7T04,0.938633298366552
allsubs,0,TNR_cort,Vis,1,4,PFM3T7T01,PFM3T7T04,0.985851043461612
allsubs,0,TNR_cort,FP,1,4,PFM3T7T01,PFM3T7T04,0.923423423423423
allsubs,0,TNR_cort,DAN,1,4,PFM3T7T01,PFM3T7T04,0.960656776502162
allsubs,0,TNR_cort,VAN,1,4,PFM3T7T01,PFM3T7T04,0.98879875702336
allsubs,0,TNR_cort,Sal,1,4,PFM3T7T01,PFM3T7T04,0.978998272884283
allsubs,0,TNR_cort,AMN,1,4,PFM3T7T01,PFM3T7T04,0.927731224674456
allsubs,0,TNR_cort,SMd,1,4,PFM3T7T01,PFM3T7T04,0.988031751060422
allsubs,0,TNR_cort,SMl,1,4,PFM3T7T01,PFM3T7T04,0.958135490042612
allsubs,0,TNR_cort,Aud,1,4,PFM3T7T01,PFM3T7T04,0.979790445746759
allsubs,0,TNR_cort,Tpole,1,4,PFM3T7T01,PFM3T7T04,0.995194040610357
allsubs,0,TNR_cort,MTL,1,4,PFM3T7T01,PFM3T7T04,0.97783260167616
allsubs,0,TNR_cort,PMN,1,4,PFM3T7T01,PFM3T7T04,0.975113671861442
allsubs,0,TNR_cort,PON,1,4,PFM3T7T01,PFM3T7T04,0.990216262823558
allsubs,0,TNR_cort,SCAN,1,4,PFM3T7T01,PFM3T7T04,0.980113882206338
allsubs,0,FPR_cort,DMN,1,4,PFM3T7T01,PFM3T7T04,0.0613667016334482
allsubs,0,FPR_cort,Vis,1,4,PFM3T7T01,PFM3T7T04,0.0141489565383879
allsubs,0,FPR_cort,FP,1,4,PFM3T7T01,PFM3T7T04,0.0765765765765766
allsubs,0,FPR_cort,DAN,1,4,PFM3T7T01,PFM3T7T04,0.0393432234978381
allsubs,0,FPR_cort,VAN,1,4,PFM3T7T01,PFM3T7T04,0.01120124297664
allsubs,0,FPR_cort,Sal,1,4,PFM3T7T01,PFM3T7T04,0.0210017271157168
allsubs,0,FPR_cort,AMN,1,4,PFM3T7T01,PFM3T7T04,0.0722687753255439
allsubs,0,FPR_cort,SMd,1,4,PFM3T7T01,PFM3T7T04,0.0119682489395779
allsubs,0,FPR_cort,SMl,1,4,PFM3T7T01,PFM3T7T04,0.0418645099573876
allsubs,0,FPR_cort,Aud,1,4,PFM3T7T01,PFM3T7T04,0.020209554253241
allsubs,0,FPR_cort,Tpole,1,4,PFM3T7T01,PFM3T7T04,0.0048059593896431
allsubs,0,FPR_cort,MTL,1,4,PFM3T7T01,PFM3T7T04,0.0221673983238399
allsubs,0,FPR_cort,PMN,1,4,PFM3T7T01,PFM3T7T04,0.0248863281385582
allsubs,0,FPR_cort,PON,1,4,PFM3T7T01,PFM3T7T04,0.0097837371764416
allsubs,0,FPR_cort,SCAN,1,4,PFM3T7T01,PFM3T7T04,0.0198861177936621
allsubs,0,FNR_cort,DMN,1,4,PFM3T7T01,PFM3T7T04,0.346051758460518
allsubs,0,FNR_cort,Vis,1,4,PFM3T7T01,PFM3T7T04,0.113756613756614
allsubs,0,FNR_cort,FP,1,4,PFM3T7T01,PFM3T7T04,0.357774095553714
allsubs,0,FNR_cort,DAN,1,4,PFM3T7T01,PFM3T7T04,0.501042390548992
allsubs,0,FNR_cort,VAN,1,4,PFM3T7T01,PFM3T7T04,0.74341295247476
allsubs,0,FNR_cort,Sal,1,4,PFM3T7T01,PFM3T7T04,0.587962962962963
allsubs,0,FNR_cort,AMN,1,4,PFM3T7T01,PFM3T7T04,0.415325402379286
allsubs,0,FNR_cort,SMd,1,4,PFM3T7T01,PFM3T7T04,0.491714836223507
allsubs,0,FNR_cort,SMl,1,4,PFM3T7T01,PFM3T7T04,0.341158059467919
allsubs,0,FNR_cort,Aud,1,4,PFM3T7T01,PFM3T7T04,0.302063185041908
allsubs,0,FNR_cort,Tpole,1,4,PFM3T7T01,PFM3T7T04,0.640312771503041
allsubs,0,FNR_cort,MTL,1,4,PFM3T7T01,PFM3T7T04,0.515632291180588
allsubs,0,FNR_cort,PMN,1,4,PFM3T7T01,PFM3T7T04,0.459776536312849
allsubs,0,FNR_cort,PON,1,4,PFM3T7T01,PFM3T7T04,0.543941153697251
allsubs,0,FNR_cort,SCAN,1,4,PFM3T7T01,PFM3T7T04,0.372320881812615
allsubs,0,NPV_cort,DMN,1,4,PFM3T7T01,PFM3T7T04,0.960033720350998
allsubs,0,NPV_cort,Vis,1,4,PFM3T7T01,PFM3T7T04,0.984380974229563
allsubs,0,NPV_cort,FP,1,4,PFM3T7T01,PFM3T7T04,0.948961903636292
allsubs,0,NPV_cort,DAN,1,4,PFM3T7T01,PFM3T7T04,0.947013540575796
allsubs,0,NPV_cort,VAN,1,4,PFM3T7T01,PFM3T7T04,0.947722943722944
allsubs,0,NPV_cort,Sal,1,4,PFM3T7T01,PFM3T7T04,0.984558734128845
allsubs,0,NPV_cort,AMN,1,4,PFM3T7T01,PFM3T7T04,0.929797930014786
allsubs,0,NPV_cort,SMd,1,4,PFM3T7T01,PFM3T7T04,0.977775068364308
allsubs,0,NPV_cort,SMl,1,4,PFM3T7T01,PFM3T7T04,0.988267374690539
allsubs,0,NPV_cort,Aud,1,4,PFM3T7T01,PFM3T7T04,0.98330036179579
allsubs,0,NPV_cort,Tpole,1,4,PFM3T7T01,PFM3T7T04,0.987448482577744
allsubs,0,NPV_cort,MTL,1,4,PFM3T7T01,PFM3T7T04,0.960615889082938
allsubs,0,NPV_cort,PMN,1,4,PFM3T7T01,PFM3T7T04,0.985564189366964
allsubs,0,NPV_cort,PON,1,4,PFM3T7T01,PFM3T7T04,0.975640625541801
allsubs,0,NPV_cort,SCAN,1,4,PFM3T7T01,PFM3T7T04,0.989377686152556
allsubs,0,PPV_cort,DMN,1,4,PFM3T7T01,PFM3T7T04,0.546134663341646
allsubs,0,PPV_cort,Vis,1,4,PFM3T7T01,PFM3T7T04,0.895974099099099
allsubs,0,PPV_cort,FP,1,4,PFM3T7T01,PFM3T7T04,0.53793661808929
allsubs,0,PPV_cort,DAN,1,4,PFM3T7T01,PFM3T7T04,0.576359622717239
allsubs,0,PPV_cort,VAN,1,4,PFM3T7T01,PFM3T7T04,0.626955475330927
allsubs,0,PPV_cort,Sal,1,4,PFM3T7T01,PFM3T7T04,0.338771071234367
allsubs,0,PPV_cort,AMN,1,4,PFM3T7T01,PFM3T7T04,0.577069183837919
allsubs,0,PPV_cort,SMd,1,4,PFM3T7T01,PFM3T7T04,0.659829914957479
allsubs,0,PPV_cort,SMl,1,4,PFM3T7T01,PFM3T7T04,0.344141689373297
allsubs,0,PPV_cort,Aud,1,4,PFM3T7T01,PFM3T7T04,0.655464729034211
allsubs,0,PPV_cort,Tpole,1,4,PFM3T7T01,PFM3T7T04,0.596541786743516
allsubs,0,PPV_cort,MTL,1,4,PFM3T7T01,PFM3T7T04,0.629472407519709
allsubs,0,PPV_cort,PMN,1,4,PFM3T7T01,PFM3T7T04,0.402748854643898
allsubs,0,PPV_cort,PON,1,4,PFM3T7T01,PFM3T7T04,0.679354094579008
allsubs,0,PPV_cort,SCAN,1,4,PFM3T7T01,PFM3T7T04,0.47148114075437
allsubs,0,PPVcorr_Jeffreys_cort,DMN,1,4,PFM3T7T01,PFM3T7T04,0.542578764320786
allsubs,0,PPVcorr_Jeffreys_cort,Vis,1,4,PFM3T7T01,PFM3T7T04,0.859617498913349
allsubs,0,PPVcorr_Jeffreys_cort,FP,1,4,PFM3T7T01,PFM3T7T04,0.535004589016243
allsubs,0,PPVcorr_Jeffreys_cort,DAN,1,4,PFM3T7T01,PFM3T7T04,0.568452488036556
allsubs,0,PPVcorr_Jeffreys_cort,VAN,1,4,PFM3T7T01,PFM3T7T04,0.602026014215947
allsubs,0,PPVcorr_Jeffreys_cort,Sal,1,4,PFM3T7T01,PFM3T7T04,0.351019997990152
allsubs,0,PPVcorr_Jeffreys_cort,AMN,1,4,PFM3T7T01,PFM3T7T04,0.570145844683793
allsubs,0,PPVcorr_Jeffreys_cort,SMd,1,4,PFM3T7T01,PFM3T7T04,0.641465574496347
allsubs,0,PPVcorr_Jeffreys_cort,SMl,1,4,PFM3T7T01,PFM3T7T04,0.35187870626926
allsubs,0,PPVcorr_Jeffreys_cort,Aud,1,4,PFM3T7T01,PFM3T7T04,0.642117790324366
allsubs,0,PPVcorr_Jeffreys_cort,Tpole,1,4,PFM3T7T01,PFM3T7T04,0.582808058336423
allsubs,0,PPVcorr_Jeffreys_cort,MTL,1,4,PFM3T7T01,PFM3T7T04,0.614581656201363
allsubs,0,PPVcorr_Jeffreys_cort,PMN,1,4,PFM3T7T01,PFM3T7T04,0.409496124031008
allsubs,0,PPVcorr_Jeffreys_cort,PON,1,4,PFM3T7T01,PFM3T7T04,0.656100988806907
allsubs,0,PPVcorr_Jeffreys_cort,SCAN,1,4,PFM3T7T01,PFM3T7T04,0.473473666196038
allsubs,0,PPVcorr_d1d2_cort,DMN,1,4,PFM3T7T01,PFM3T7T04,0.555026807992542
allsubs,0,PPVcorr_d1d2_cort,Vis,1,4,PFM3T7T01,PFM3T7T04,0.897212207015341
allsubs,0,PPVcorr_d1d2_cort,FP,1,4,PFM3T7T01,PFM3T7T04,0.545431223241506
allsubs,0,PPVcorr_d1d2_cort,DAN,1,4,PFM3T7T01,PFM3T7T04,0.582035903834346
allsubs,0,PPVcorr_d1d2_cort,VAN,1,4,PFM3T7T01,PFM3T7T04,0.614535383054477
allsubs,0,PPVcorr_d1d2_cort,Sal,1,4,PFM3T7T01,PFM3T7T04,0.38408607429226
allsubs,0,PPVcorr_d1d2_cort,AMN,1,4,PFM3T7T01,PFM3T7T04,0.582022978829307
allsubs,0,PPVcorr_d1d2_cort,SMd,1,4,PFM3T7T01,PFM3T7T04,0.665015597761263
allsubs,0,PPVcorr_d1d2_cort,SMl,1,4,PFM3T7T01,PFM3T7T04,0.385824705938174
allsubs,0,PPVcorr_d1d2_cort,Aud,1,4,PFM3T7T01,PFM3T7T04,0.667444092397839
allsubs,0,PPVcorr_d1d2_cort,Tpole,1,4,PFM3T7T01,PFM3T7T04,0.597226912337645
allsubs,0,PPVcorr_d1d2_cort,MTL,1,4,PFM3T7T01,PFM3T7T04,0.633553457915005
allsubs,0,PPVcorr_d1d2_cort,PMN,1,4,PFM3T7T01,PFM3T7T04,0.440301390172778
allsubs,0,PPVcorr_d1d2_cort,PON,1,4,PFM3T7T01,PFM3T7T04,0.678818115935149
allsubs,0,PPVcorr_d1d2_cort,SCAN,1,4,PFM3T7T01,PFM3T7T04,0.509287564854007
allsubs,0,PPVcorr_bayes_cort,DMN,1,4,PFM3T7T01,PFM3T7T04,0.572230200521249
allsubs,0,PPVcorr_bayes_cort,Vis,1,4,PFM3T7T01,PFM3T7T04,0.90040326362187
allsubs,0,PPVcorr_bayes_cort,FP,1,4,PFM3T7T01,PFM3T7T04,0.564296100609384
allsubs,0,PPVcorr_bayes_cort,DAN,1,4,PFM3T7T01,PFM3T7T04,0.592141204142798
allsubs,0,PPVcorr_bayes_cort,VAN,1,4,PFM3T7T01,PFM3T7T04,0.603199271187803
allsubs,0,PPVcorr_bayes_cort,Sal,1,4,PFM3T7T01,PFM3T7T04,0.373486114011276
allsubs,0,PPVcorr_bayes_cort,AMN,1,4,PFM3T7T01,PFM3T7T04,0.597568199019382
allsubs,0,PPVcorr_bayes_cort,SMd,1,4,PFM3T7T01,PFM3T7T04,0.666486676840005
allsubs,0,PPVcorr_bayes_cort,SMl,1,4,PFM3T7T01,PFM3T7T04,0.384140594926796
allsubs,0,PPVcorr_bayes_cort,Aud,1,4,PFM3T7T01,PFM3T7T04,0.673773524905322
allsubs,0,PPVcorr_bayes_cort,Tpole,1,4,PFM3T7T01,PFM3T7T04,0.596903860208624
allsubs,0,PPVcorr_bayes_cort,MTL,1,4,PFM3T7T01,PFM3T7T04,0.637975692368998
allsubs,0,PPVcorr_bayes_cort,PMN,1,4,PFM3T7T01,PFM3T7T04,0.436504113987558
allsubs,0,PPVcorr_bayes_cort,PON,1,4,PFM3T7T01,PFM3T7T04,0.678700748330338
allsubs,0,PPVcorr_bayes_cort,SCAN,1,4,PFM3T7T01,PFM3T7T04,0.502603416568808
allsubs,0,MCC_cort,DMN,1,4,PFM3T7T01,PFM3T7T04,0.547673297012311
allsubs,0,MCC_cort,Vis,1,4,PFM3T7T01,PFM3T7T04,0.876215016769549
allsubs,0,MCC_cort,FP,1,4,PFM3T7T01,PFM3T7T04,0.52479883913251
allsubs,0,MCC_cort,DAN,1,4,PFM3T7T01,PFM3T7T04,0.49045880058502
allsubs,0,MCC_cort,VAN,1,4,PFM3T7T01,PFM3T7T04,0.375523536168176
allsubs,0,MCC_cort,Sal,1,4,PFM3T7T01,PFM3T7T04,0.355574704734467
allsubs,0,MCC_cort,AMN,1,4,PFM3T7T01,PFM3T7T04,0.509628943711083
allsubs,0,MCC_cort,SMd,1,4,PFM3T7T01,PFM3T7T04,0.562542565684511
allsubs,0,MCC_cort,SMl,1,4,PFM3T7T01,PFM3T7T04,0.452867409123072
allsubs,0,MCC_cort,Aud,1,4,PFM3T7T01,PFM3T7T04,0.657957836979013
allsubs,0,MCC_cort,Tpole,1,4,PFM3T7T01,PFM3T7T04,0.455244119042797
allsubs,0,MCC_cort,MTL,1,4,PFM3T7T01,PFM3T7T04,0.522244189924165
allsubs,0,MCC_cort,PMN,1,4,PFM3T7T01,PFM3T7T04,0.44733894509277
allsubs,0,MCC_cort,PON,1,4,PFM3T7T01,PFM3T7T04,0.540655010333826
allsubs,0,MCC_cort,SCAN,1,4,PFM3T7T01,PFM3T7T04,0.529251139973918
allsubs,0,muI_cort,WholeBrainOrSingleVal,1,4,PFM3T7T01,PFM3T7T04,1.61352594788096
allsubs,0,VIn_cort,WholeBrainOrSingleVal,1,4,PFM3T7T01,PFM3T7T04,0.25456636071731
allsubs,0,MIn_cort,WholeBrainOrSingleVal,1,4,PFM3T7T01,PFM3T7T04,0.444247598123324
allsubs,0,DC_cort,DMN,2,1,PFM3T7T02,PFM3T7T01,0.623539568345324
allsubs,0,DC_cort,Vis,2,1,PFM3T7T02,PFM3T7T01,0.851833249623305
allsubs,0,DC_cort,FP,2,1,PFM3T7T02,PFM3T7T01,0.528442317916002
allsubs,0,DC_cort,DAN,2,1,PFM3T7T02,PFM3T7T01,0.564110929853181
allsubs,0,DC_cort,VAN,2,1,PFM3T7T02,PFM3T7T01,0.460332693538068
allsubs,0,DC_cort,Sal,2,1,PFM3T7T02,PFM3T7T01,0.436789528074406
allsubs,0,DC_cort,AMN,2,1,PFM3T7T02,PFM3T7T01,0.554664415365133
allsubs,0,DC_cort,SMd,2,1,PFM3T7T02,PFM3T7T01,0.561292270531401
allsubs,0,DC_cort,SMl,2,1,PFM3T7T02,PFM3T7T01,0.392405063291139
allsubs,0,DC_cort,Aud,2,1,PFM3T7T02,PFM3T7T01,0.629059829059829
allsubs,0,DC_cort,Tpole,2,1,PFM3T7T02,PFM3T7T01,0.411067193675889
allsubs,0,DC_cort,MTL,2,1,PFM3T7T02,PFM3T7T01,0.698569157392687
allsubs,0,DC_cort,PMN,2,1,PFM3T7T02,PFM3T7T01,0.473413379073756
allsubs,0,DC_cort,PON,2,1,PFM3T7T02,PFM3T7T01,0.438143151154814
allsubs,0,DC_cort,SCAN,2,1,PFM3T7T02,PFM3T7T01,0.43248730964467
allsubs,0,cDC_cort,DMN,2,1,PFM3T7T02,PFM3T7T01,0.623539568345324
allsubs,0,cDC_cort,Vis,2,1,PFM3T7T02,PFM3T7T01,0.851833249623305
allsubs,0,cDC_cort,FP,2,1,PFM3T7T02,PFM3T7T01,0.528442317916002
allsubs,0,cDC_cort,DAN,2,1,PFM3T7T02,PFM3T7T01,0.564110929853181
allsubs,0,cDC_cort,VAN,2,1,PFM3T7T02,PFM3T7T01,0.460332693538068
allsubs,0,cDC_cort,Sal,2,1,PFM3T7T02,PFM3T7T01,0.436789528074406
allsubs,0,cDC_cort,AMN,2,1,PFM3T7T02,PFM3T7T01,0.554664415365133
allsubs,0,cDC_cort,SMd,2,1,PFM3T7T02,PFM3T7T01,0.561292270531401
allsubs,0,cDC_cort,SMl,2,1,PFM3T7T02,PFM3T7T01,0.392405063291139
allsubs,0,cDC_cort,Aud,2,1,PFM3T7T02,PFM3T7T01,0.629059829059829
allsubs,0,cDC_cort,Tpole,2,1,PFM3T7T02,PFM3T7T01,0.411067193675889
allsubs,0,cDC_cort,MTL,2,1,PFM3T7T02,PFM3T7T01,0.698569157392687
allsubs,0,cDC_cort,PMN,2,1,PFM3T7T02,PFM3T7T01,0.473413379073756
allsubs,0,cDC_cort,PON,2,1,PFM3T7T02,PFM3T7T01,0.438143151154814
allsubs,0,cDC_cort,SCAN,2,1,PFM3T7T02,PFM3T7T01,0.43248730964467
allsubs,0,TP_cort,DMN,2,1,PFM3T7T02,PFM3T7T01,5417.0
allsubs,0,TP_cort,Vis,2,1,PFM3T7T02,PFM3T7T01,5936.0
allsubs,0,TP_cort,FP,2,1,PFM3T7T02,PFM3T7T01,3479.0
allsubs,0,TP_cort,DAN,2,1,PFM3T7T02,PFM3T7T01,3458.0
allsubs,0,TP_cort,VAN,2,1,PFM3T7T02,PFM3T7T01,1439.0
allsubs,0,TP_cort,Sal,2,1,PFM3T7T02,PFM3T7T01,634.0
allsubs,0,TP_cort,AMN,2,1,PFM3T7T02,PFM3T7T01,3942.0
allsubs,0,TP_cort,SMd,2,1,PFM3T7T02,PFM3T7T01,1859.0
allsubs,0,TP_cort,SMl,2,1,PFM3T7T02,PFM3T7T01,1054.0
allsubs,0,TP_cort,Aud,2,1,PFM3T7T02,PFM3T7T01,2576.0
allsubs,0,TP_cort,Tpole,2,1,PFM3T7T02,PFM3T7T01,208.0
allsubs,0,TP_cort,MTL,2,1,PFM3T7T02,PFM3T7T01,2197.0
allsubs,0,TP_cort,PMN,2,1,PFM3T7T02,PFM3T7T01,690.0
allsubs,0,TP_cort,PON,2,1,PFM3T7T02,PFM3T7T01,958.0
allsubs,0,TP_cort,SCAN,2,1,PFM3T7T02,PFM3T7T01,852.0
allsubs,0,TN_cort,DMN,2,1,PFM3T7T02,PFM3T7T01,47454.0
allsubs,0,TN_cort,Vis,2,1,PFM3T7T02,PFM3T7T01,51411.0
allsubs,0,TN_cort,FP,2,1,PFM3T7T02,PFM3T7T01,49724.0
allsubs,0,TN_cort,DAN,2,1,PFM3T7T02,PFM3T7T01,50610.0
allsubs,0,TN_cort,VAN,2,1,PFM3T7T02,PFM3T7T01,54599.0
allsubs,0,TN_cort,Sal,2,1,PFM3T7T02,PFM3T7T01,57143.0
allsubs,0,TN_cort,AMN,2,1,PFM3T7T02,PFM3T7T01,49140.0
allsubs,0,TN_cort,SMd,2,1,PFM3T7T02,PFM3T7T01,54647.0
allsubs,0,TN_cort,SMl,2,1,PFM3T7T02,PFM3T7T01,55094.0
allsubs,0,TN_cort,Aud,2,1,PFM3T7T02,PFM3T7T01,53798.0
allsubs,0,TN_cort,Tpole,2,1,PFM3T7T02,PFM3T7T01,58608.0
allsubs,0,TN_cort,MTL,2,1,PFM3T7T02,PFM3T7T01,55319.0
allsubs,0,TN_cort,PMN,2,1,PFM3T7T02,PFM3T7T01,57187.0
allsubs,0,TN_cort,PON,2,1,PFM3T7T02,PFM3T7T01,55997.0
allsubs,0,TN_cort,SCAN,2,1,PFM3T7T02,PFM3T7T01,56324.0
allsubs,0,FP_cort,DMN,2,1,PFM3T7T02,PFM3T7T01,3632.0
allsubs,0,FP_cort,Vis,2,1,PFM3T7T02,PFM3T7T01,789.0
allsubs,0,FP_cort,FP,2,1,PFM3T7T02,PFM3T7T01,2293.0
allsubs,0,FP_cort,DAN,2,1,PFM3T7T02,PFM3T7T01,1492.0
allsubs,0,FP_cort,VAN,2,1,PFM3T7T02,PFM3T7T01,2295.0
allsubs,0,FP_cort,Sal,2,1,PFM3T7T02,PFM3T7T01,648.0
allsubs,0,FP_cort,AMN,2,1,PFM3T7T02,PFM3T7T01,4735.0
allsubs,0,FP_cort,SMd,2,1,PFM3T7T02,PFM3T7T01,1805.0
allsubs,0,FP_cort,SMl,2,1,PFM3T7T02,PFM3T7T01,2095.0
allsubs,0,FP_cort,Aud,2,1,PFM3T7T02,PFM3T7T01,600.0
allsubs,0,FP_cort,Tpole,2,1,PFM3T7T02,PFM3T7T01,296.0
allsubs,0,FP_cort,MTL,2,1,PFM3T7T02,PFM3T7T01,815.0
allsubs,0,FP_cort,PMN,2,1,PFM3T7T02,PFM3T7T01,351.0
allsubs,0,FP_cort,PON,2,1,PFM3T7T02,PFM3T7T01,1673.0
allsubs,0,FP_cort,SCAN,2,1,PFM3T7T02,PFM3T7T01,1194.0
allsubs,0,FN_cort,DMN,2,1,PFM3T7T02,PFM3T7T01,2909.0
allsubs,0,FN_cort,Vis,2,1,PFM3T7T02,PFM3T7T01,1276.0
allsubs,0,FN_cort,FP,2,1,PFM3T7T02,PFM3T7T01,3916.0
allsubs,0,FN_cort,DAN,2,1,PFM3T7T02,PFM3T7T01,3852.0
allsubs,0,FN_cort,VAN,2,1,PFM3T7T02,PFM3T7T01,1079.0
allsubs,0,FN_cort,Sal,2,1,PFM3T7T02,PFM3T7T01,987.0
allsubs,0,FN_cort,AMN,2,1,PFM3T7T02,PFM3T7T01,1595.0
allsubs,0,FN_cort,SMd,2,1,PFM3T7T02,PFM3T7T01,1101.0
allsubs,0,FN_cort,SMl,2,1,PFM3T7T02,PFM3T7T01,1169.0
allsubs,0,FN_cort,Aud,2,1,PFM3T7T02,PFM3T7T01,2438.0
allsubs,0,FN_cort,Tpole,2,1,PFM3T7T02,PFM3T7T01,300.0
allsubs,0,FN_cort,MTL,2,1,PFM3T7T02,PFM3T7T01,1081.0
allsubs,0,FN_cort,PMN,2,1,PFM3T7T02,PFM3T7T01,1184.0
allsubs,0,FN_cort,PON,2,1,PFM3T7T02,PFM3T7T01,784.0
allsubs,0,FN_cort,SCAN,2,1,PFM3T7T02,PFM3T7T01,1042.0
allsubs,0,TPR_cort,DMN,2,1,PFM3T7T02,PFM3T7T01,0.65061253903435
allsubs,0,TPR_cort,Vis,2,1,PFM3T7T02,PFM3T7T01,0.823072656683306
allsubs,0,TPR_cort,FP,2,1,PFM3T7T02,PFM3T7T01,0.470453008789723
allsubs,0,TPR_cort,DAN,2,1,PFM3T7T02,PFM3T7T01,0.473050615595075
allsubs,0,TPR_cort,VAN,2,1,PFM3T7T02,PFM3T7T01,0.571485305798253
allsubs,0,TPR_cort,Sal,2,1,PFM3T7T02,PFM3T7T01,0.391116594694633
allsubs,0,TPR_cort,AMN,2,1,PFM3T7T02,PFM3T7T01,0.71193787249413
allsubs,0,TPR_cort,SMd,2,1,PFM3T7T02,PFM3T7T01,0.628040540540541
allsubs,0,TPR_cort,SMl,2,1,PFM3T7T02,PFM3T7T01,0.474134053081421
allsubs,0,TPR_cort,Aud,2,1,PFM3T7T02,PFM3T7T01,0.513761467889908
allsubs,0,TPR_cort,Tpole,2,1,PFM3T7T02,PFM3T7T01,0.409448818897638
allsubs,0,TPR_cort,MTL,2,1,PFM3T7T02,PFM3T7T01,0.670225747406956
allsubs,0,TPR_cort,PMN,2,1,PFM3T7T02,PFM3T7T01,0.368196371398079
allsubs,0,TPR_cort,PON,2,1,PFM3T7T02,PFM3T7T01,0.549942594718714
allsubs,0,TPR_cort,SCAN,2,1,PFM3T7T02,PFM3T7T01,0.449841605068638
allsubs,0,TNR_cort,DMN,2,1,PFM3T7T02,PFM3T7T01,0.928904200759504
allsubs,0,TNR_cort,Vis,2,1,PFM3T7T02,PFM3T7T01,0.984885057471264
allsubs,0,TNR_cort,FP,2,1,PFM3T7T02,PFM3T7T01,0.955918257492743
allsubs,0,TNR_cort,DAN,2,1,PFM3T7T02,PFM3T7T01,0.971363863191432
allsubs,0,TNR_cort,VAN,2,1,PFM3T7T02,PFM3T7T01,0.959661827257707
allsubs,0,TNR_cort,Sal,2,1,PFM3T7T02,PFM3T7T01,0.988787181395027
allsubs,0,TNR_cort,AMN,2,1,PFM3T7T02,PFM3T7T01,0.912111368909513
allsubs,0,TNR_cort,SMd,2,1,PFM3T7T02,PFM3T7T01,0.968025933536456
allsubs,0,TNR_cort,SMl,2,1,PFM3T7T02,PFM3T7T01,0.963367081082026
allsubs,0,TNR_cort,Aud,2,1,PFM3T7T02,PFM3T7T01,0.988970182727306
allsubs,0,TNR_cort,Tpole,2,1,PFM3T7T02,PFM3T7T01,0.994974874371859
allsubs,0,TNR_cort,MTL,2,1,PFM3T7T02,PFM3T7T01,0.985481170057363
allsubs,0,TNR_cort,PMN,2,1,PFM3T7T02,PFM3T7T01,0.993899683687302
allsubs,0,TNR_cort,PON,2,1,PFM3T7T02,PFM3T7T01,0.970990116178256
allsubs,0,TNR_cort,SCAN,2,1,PFM3T7T02,PFM3T7T01,0.979241280990299
allsubs,0,FPR_cort,DMN,2,1,PFM3T7T02,PFM3T7T01,0.0710957992404964
allsubs,0,FPR_cort,Vis,2,1,PFM3T7T02,PFM3T7T01,0.0151149425287356
allsubs,0,FPR_cort,FP,2,1,PFM3T7T02,PFM3T7T01,0.0440817425072572
allsubs,0,FPR_cort,DAN,2,1,PFM3T7T02,PFM3T7T01,0.0286361368085678
allsubs,0,FPR_cort,VAN,2,1,PFM3T7T02,PFM3T7T01,0.0403381727422927
allsubs,0,FPR_cort,Sal,2,1,PFM3T7T02,PFM3T7T01,0.0112128186049731
allsubs,0,FPR_cort,AMN,2,1,PFM3T7T02,PFM3T7T01,0.0878886310904872
allsubs,0,FPR_cort,SMd,2,1,PFM3T7T02,PFM3T7T01,0.0319740664635442
allsubs,0,FPR_cort,SMl,2,1,PFM3T7T02,PFM3T7T01,0.0366329189179737
allsubs,0,FPR_cort,Aud,2,1,PFM3T7T02,PFM3T7T01,0.0110298172726938
allsubs,0,FPR_cort,Tpole,2,1,PFM3T7T02,PFM3T7T01,0.0050251256281407
allsubs,0,FPR_cort,MTL,2,1,PFM3T7T02,PFM3T7T01,0.0145188299426373
allsubs,0,FPR_cort,PMN,2,1,PFM3T7T02,PFM3T7T01,0.0061003163126977
allsubs,0,FPR_cort,PON,2,1,PFM3T7T02,PFM3T7T01,0.0290098838217444
allsubs,0,FPR_cort,SCAN,2,1,PFM3T7T02,PFM3T7T01,0.0207587190097013
allsubs,0,FNR_cort,DMN,2,1,PFM3T7T02,PFM3T7T01,0.34938746096565
allsubs,0,FNR_cort,Vis,2,1,PFM3T7T02,PFM3T7T01,0.176927343316694
allsubs,0,FNR_cort,FP,2,1,PFM3T7T02,PFM3T7T01,0.529546991210277
allsubs,0,FNR_cort,DAN,2,1,PFM3T7T02,PFM3T7T01,0.526949384404925
allsubs,0,FNR_cort,VAN,2,1,PFM3T7T02,PFM3T7T01,0.428514694201747
allsubs,0,FNR_cort,Sal,2,1,PFM3T7T02,PFM3T7T01,0.608883405305367
allsubs,0,FNR_cort,AMN,2,1,PFM3T7T02,PFM3T7T01,0.28806212750587
allsubs,0,FNR_cort,SMd,2,1,PFM3T7T02,PFM3T7T01,0.371959459459459
allsubs,0,FNR_cort,SMl,2,1,PFM3T7T02,PFM3T7T01,0.525865946918578
allsubs,0,FNR_cort,Aud,2,1,PFM3T7T02,PFM3T7T01,0.486238532110092
allsubs,0,FNR_cort,Tpole,2,1,PFM3T7T02,PFM3T7T01,0.590551181102362
allsubs,0,FNR_cort,MTL,2,1,PFM3T7T02,PFM3T7T01,0.329774252593045
allsubs,0,FNR_cort,PMN,2,1,PFM3T7T02,PFM3T7T01,0.631803628601921
allsubs,0,FNR_cort,PON,2,1,PFM3T7T02,PFM3T7T01,0.450057405281286
allsubs,0,FNR_cort,SCAN,2,1,PFM3T7T02,PFM3T7T01,0.550158394931362
allsubs,0,NPV_cort,DMN,2,1,PFM3T7T02,PFM3T7T01,0.942239342374362
allsubs,0,NPV_cort,Vis,2,1,PFM3T7T02,PFM3T7T01,0.975781502078311
allsubs,0,NPV_cort,FP,2,1,PFM3T7T02,PFM3T7T01,0.926994780014914
allsubs,0,NPV_cort,DAN,2,1,PFM3T7T02,PFM3T7T01,0.929271785832324
allsubs,0,NPV_cort,VAN,2,1,PFM3T7T02,PFM3T7T01,0.98062071195086
allsubs,0,NPV_cort,Sal,2,1,PFM3T7T02,PFM3T7T01,0.983020815413728
allsubs,0,NPV_cort,AMN,2,1,PFM3T7T02,PFM3T7T01,0.968562136592096
allsubs,0,NPV_cort,SMd,2,1,PFM3T7T02,PFM3T7T01,0.980250412570855
allsubs,0,NPV_cort,SMl,2,1,PFM3T7T02,PFM3T7T01,0.979222579670476
allsubs,0,NPV_cort,Aud,2,1,PFM3T7T02,PFM3T7T01,0.956646987694715
allsubs,0,NPV_cort,Tpole,2,1,PFM3T7T02,PFM3T7T01,0.994907313098391
allsubs,0,NPV_cort,MTL,2,1,PFM3T7T02,PFM3T7T01,0.980833333333333
allsubs,0,NPV_cort,PMN,2,1,PFM3T7T02,PFM3T7T01,0.979715954840589
allsubs,0,NPV_cort,PON,2,1,PFM3T7T02,PFM3T7T01,0.986192564414153
allsubs,0,NPV_cort,SCAN,2,1,PFM3T7T02,PFM3T7T01,0.981835930690653
allsubs,0,PPV_cort,DMN,2,1,PFM3T7T02,PFM3T7T01,0.598629682837883
allsubs,0,PPV_cort,Vis,2,1,PFM3T7T02,PFM3T7T01,0.882676579925651
allsubs,0,PPV_cort,FP,2,1,PFM3T7T02,PFM3T7T01,0.602737352737353
allsubs,0,PPV_cort,DAN,2,1,PFM3T7T02,PFM3T7T01,0.698585858585859
allsubs,0,PPV_cort,VAN,2,1,PFM3T7T02,PFM3T7T01,0.385377611140868
allsubs,0,PPV_cort,Sal,2,1,PFM3T7T02,PFM3T7T01,0.494539781591264
allsubs,0,PPV_cort,AMN,2,1,PFM3T7T02,PFM3T7T01,0.454304483116284
allsubs,0,PPV_cort,SMd,2,1,PFM3T7T02,PFM3T7T01,0.507368995633188
allsubs,0,PPV_cort,SMl,2,1,PFM3T7T02,PFM3T7T01,0.334709431565576
allsubs,0,PPV_cort,Aud,2,1,PFM3T7T02,PFM3T7T01,0.811083123425693
allsubs,0,PPV_cort,Tpole,2,1,PFM3T7T02,PFM3T7T01,0.412698412698413
allsubs,0,PPV_cort,MTL,2,1,PFM3T7T02,PFM3T7T01,0.72941567065073
allsubs,0,PPV_cort,PMN,2,1,PFM3T7T02,PFM3T7T01,0.662824207492795
allsubs,0,PPV_cort,PON,2,1,PFM3T7T02,PFM3T7T01,0.364120106423413
allsubs,0,PPV_cort,SCAN,2,1,PFM3T7T02,PFM3T7T01,0.416422287390029
allsubs,0,PPVcorr_Jeffreys_cort,DMN,2,1,PFM3T7T02,PFM3T7T01,0.590319381476684
allsubs,0,PPVcorr_Jeffreys_cort,Vis,2,1,PFM3T7T02,PFM3T7T01,0.845612527195079
allsubs,0,PPVcorr_Jeffreys_cort,FP,2,1,PFM3T7T02,PFM3T7T01,0.591069646010904
allsubs,0,PPVcorr_Jeffreys_cort,DAN,2,1,PFM3T7T02,PFM3T7T01,0.673032916740011
allsubs,0,PPVcorr_Jeffreys_cort,VAN,2,1,PFM3T7T02,PFM3T7T01,0.392618796728386
allsubs,0,PPVcorr_Jeffreys_cort,Sal,2,1,PFM3T7T02,PFM3T7T01,0.495152690256907
allsubs,0,PPVcorr_Jeffreys_cort,AMN,2,1,PFM3T7T02,PFM3T7T01,0.457045511174667
allsubs,0,PPVcorr_Jeffreys_cort,SMd,2,1,PFM3T7T02,PFM3T7T01,0.506818181818182
allsubs,0,PPVcorr_Jeffreys_cort,SMl,2,1,PFM3T7T02,PFM3T7T01,0.345608518968944
allsubs,0,PPVcorr_Jeffreys_cort,Aud,2,1,PFM3T7T02,PFM3T7T01,0.768668080709197
allsubs,0,PPVcorr_Jeffreys_cort,Tpole,2,1,PFM3T7T02,PFM3T7T01,0.420692141312185
allsubs,0,PPVcorr_Jeffreys_cort,MTL,2,1,PFM3T7T02,PFM3T7T01,0.706898616683634
allsubs,0,PPVcorr_Jeffreys_cort,PMN,2,1,PFM3T7T02,PFM3T7T01,0.637984369912081
allsubs,0,PPVcorr_Jeffreys_cort,PON,2,1,PFM3T7T02,PFM3T7T01,0.372558106373877
allsubs,0,PPVcorr_Jeffreys_cort,SCAN,2,1,PFM3T7T02,PFM3T7T01,0.423503623512571
allsubs,0,PPVcorr_d1d2_cort,DMN,2,1,PFM3T7T02,PFM3T7T01,0.603954496350231
allsubs,0,PPVcorr_d1d2_cort,Vis,2,1,PFM3T7T02,PFM3T7T01,0.883350038895684
allsubs,0,PPVcorr_d1d2_cort,FP,2,1,PFM3T7T02,PFM3T7T01,0.605747103411666
allsubs,0,PPVcorr_d1d2_cort,DAN,2,1,PFM3T7T02,PFM3T7T01,0.698122244758728
allsubs,0,PPVcorr_d1d2_cort,VAN,2,1,PFM3T7T02,PFM3T7T01,0.414026674177991
allsubs,0,PPVcorr_d1d2_cort,Sal,2,1,PFM3T7T02,PFM3T7T01,0.515970342258579
allsubs,0,PPVcorr_d1d2_cort,AMN,2,1,PFM3T7T02,PFM3T7T01,0.46698671786597
allsubs,0,PPVcorr_d1d2_cort,SMd,2,1,PFM3T7T02,PFM3T7T01,0.526768601270593
allsubs,0,PPVcorr_d1d2_cort,SMl,2,1,PFM3T7T02,PFM3T7T01,0.368047821723935
allsubs,0,PPVcorr_d1d2_cort,Aud,2,1,PFM3T7T02,PFM3T7T01,0.805566872324169
allsubs,0,PPVcorr_d1d2_cort,Tpole,2,1,PFM3T7T02,PFM3T7T01,0.508615865165615
allsubs,0,PPVcorr_d1d2_cort,MTL,2,1,PFM3T7T02,PFM3T7T01,0.735427335660823
allsubs,0,PPVcorr_d1d2_cort,PMN,2,1,PFM3T7T02,PFM3T7T01,0.653283385698292
allsubs,0,PPVcorr_d1d2_cort,PON,2,1,PFM3T7T02,PFM3T7T01,0.40612492498651
allsubs,0,PPVcorr_d1d2_cort,SCAN,2,1,PFM3T7T02,PFM3T7T01,0.447380225053106
allsubs,0,PPVcorr_bayes_cort,DMN,2,1,PFM3T7T02,PFM3T7T01,0.620089158382895
allsubs,0,PPVcorr_bayes_cort,Vis,2,1,PFM3T7T02,PFM3T7T01,0.885156492535207
allsubs,0,PPVcorr_bayes_cort,FP,2,1,PFM3T7T02,PFM3T7T01,0.613422327133613
allsubs,0,PPVcorr_bayes_cort,DAN,2,1,PFM3T7T02,PFM3T7T01,0.697075143421424
allsubs,0,PPVcorr_bayes_cort,VAN,2,1,PFM3T7T02,PFM3T7T01,0.421197130202803
allsubs,0,PPVcorr_bayes_cort,Sal,2,1,PFM3T7T02,PFM3T7T01,0.512151314101389
allsubs,0,PPVcorr_bayes_cort,AMN,2,1,PFM3T7T02,PFM3T7T01,0.488712820426919
allsubs,0,PPVcorr_bayes_cort,SMd,2,1,PFM3T7T02,PFM3T7T01,0.535719905586153
allsubs,0,PPVcorr_bayes_cort,SMl,2,1,PFM3T7T02,PFM3T7T01,0.371632706253929
allsubs,0,PPVcorr_bayes_cort,Aud,2,1,PFM3T7T02,PFM3T7T01,0.79799865799224
allsubs,0,PPVcorr_bayes_cort,Tpole,2,1,PFM3T7T02,PFM3T7T01,0.440610859728507
allsubs,0,PPVcorr_bayes_cort,MTL,2,1,PFM3T7T02,PFM3T7T01,0.739116749032075
allsubs,0,PPVcorr_bayes_cort,PMN,2,1,PFM3T7T02,PFM3T7T01,0.653825834287224
allsubs,0,PPVcorr_bayes_cort,PON,2,1,PFM3T7T02,PFM3T7T01,0.400886322680299
allsubs,0,PPVcorr_bayes_cort,SCAN,2,1,PFM3T7T02,PFM3T7T01,0.445814072932717
allsubs,0,MCC_cort,DMN,2,1,PFM3T7T02,PFM3T7T01,0.559859495004309
allsubs,0,MCC_cort,Vis,2,1,PFM3T7T02,PFM3T7T01,0.832825209532851
allsubs,0,MCC_cort,FP,2,1,PFM3T7T02,PFM3T7T01,0.475249997613988
allsubs,0,MCC_cort,DAN,2,1,PFM3T7T02,PFM3T7T01,0.528231982935746
allsubs,0,MCC_cort,VAN,2,1,PFM3T7T02,PFM3T7T01,0.440906974330709
allsubs,0,MCC_cort,Sal,2,1,PFM3T7T02,PFM3T7T01,0.425942571380026
allsubs,0,MCC_cort,AMN,2,1,PFM3T7T02,PFM3T7T01,0.513701852482486
allsubs,0,MCC_cort,SMd,2,1,PFM3T7T02,PFM3T7T01,0.539122974227305
allsubs,0,MCC_cort,SMl,2,1,PFM3T7T02,PFM3T7T01,0.370601687753827
allsubs,0,MCC_cort,Aud,2,1,PFM3T7T02,PFM3T7T01,0.621258582228125
allsubs,0,MCC_cort,Tpole,2,1,PFM3T7T02,PFM3T7T01,0.406011592229258
allsubs,0,MCC_cort,MTL,2,1,PFM3T7T02,PFM3T7T01,0.682433282478582
allsubs,0,MCC_cort,PMN,2,1,PFM3T7T02,PFM3T7T01,0.482349725836803
allsubs,0,MCC_cort,PON,2,1,PFM3T7T02,PFM3T7T01,0.427187697951347
allsubs,0,MCC_cort,SCAN,2,1,PFM3T7T02,PFM3T7T01,0.413383339783727
allsubs,0,muI_cort,WholeBrainOrSingleVal,2,1,PFM3T7T02,PFM3T7T01,1.61799488526924
allsubs,0,VIn_cort,WholeBrainOrSingleVal,2,1,PFM3T7T02,PFM3T7T01,0.251804302449384
allsubs,0,MIn_cort,WholeBrainOrSingleVal,2,1,PFM3T7T02,PFM3T7T01,0.447626411189242
allsubs,0,DC_cort,DMN,2,2,PFM3T7T02,PFM3T7T02,0.878004915772436
allsubs,0,DC_cort,Vis,2,2,PFM3T7T02,PFM3T7T02,0.929564553093965
allsubs,0,DC_cort,FP,2,2,PFM3T7T02,PFM3T7T02,0.862876830318691
allsubs,0,DC_cort,DAN,2,2,PFM3T7T02,PFM3T7T02,0.831591639871383
allsubs,0,DC_cort,VAN,2,2,PFM3T7T02,PFM3T7T02,0.777916053852246
allsubs,0,DC_cort,Sal,2,2,PFM3T7T02,PFM3T7T02,0.602992518703242
allsubs,0,DC_cort,AMN,2,2,PFM3T7T02,PFM3T7T02,0.739464953765794
allsubs,0,DC_cort,SMd,2,2,PFM3T7T02,PFM3T7T02,0.682951784115616
allsubs,0,DC_cort,SMl,2,2,PFM3T7T02,PFM3T7T02,0.65015479876161
allsubs,0,DC_cort,Aud,2,2,PFM3T7T02,PFM3T7T02,0.770675637790861
allsubs,0,DC_cort,Tpole,2,2,PFM3T7T02,PFM3T7T02,0.587628865979381
allsubs,0,DC_cort,MTL,2,2,PFM3T7T02,PFM3T7T02,0.780560131795717
allsubs,0,DC_cort,PMN,2,2,PFM3T7T02,PFM3T7T02,0.746556473829201
allsubs,0,DC_cort,PON,2,2,PFM3T7T02,PFM3T7T02,0.804224525718756
allsubs,0,DC_cort,SCAN,2,2,PFM3T7T02,PFM3T7T02,0.548492553577915
allsubs,0,cDC_cort,DMN,2,2,PFM3T7T02,PFM3T7T02,0.878004915772436
allsubs,0,cDC_cort,Vis,2,2,PFM3T7T02,PFM3T7T02,0.929564553093965
allsubs,0,cDC_cort,FP,2,2,PFM3T7T02,PFM3T7T02,0.862876830318691
allsubs,0,cDC_cort,DAN,2,2,PFM3T7T02,PFM3T7T02,0.831591639871383
allsubs,0,cDC_cort,VAN,2,2,PFM3T7T02,PFM3T7T02,0.777916053852246
allsubs,0,cDC_cort,Sal,2,2,PFM3T7T02,PFM3T7T02,0.602992518703242
allsubs,0,cDC_cort,AMN,2,2,PFM3T7T02,PFM3T7T02,0.739464953765794
allsubs,0,cDC_cort,SMd,2,2,PFM3T7T02,PFM3T7T02,0.682951784115616
allsubs,0,cDC_cort,SMl,2,2,PFM3T7T02,PFM3T7T02,0.65015479876161
allsubs,0,cDC_cort,Aud,2,2,PFM3T7T02,PFM3T7T02,0.770675637790861
allsubs,0,cDC_cort,Tpole,2,2,PFM3T7T02,PFM3T7T02,0.587628865979381
allsubs,0,cDC_cort,MTL,2,2,PFM3T7T02,PFM3T7T02,0.780560131795717
allsubs,0,cDC_cort,PMN,2,2,PFM3T7T02,PFM3T7T02,0.746556473829201
allsubs,0,cDC_cort,PON,2,2,PFM3T7T02,PFM3T7T02,0.804224525718756
allsubs,0,cDC_cort,SCAN,2,2,PFM3T7T02,PFM3T7T02,0.548492553577915
allsubs,0,TP_cort,DMN,2,2,PFM3T7T02,PFM3T7T02,7323.0
allsubs,0,TP_cort,Vis,2,2,PFM3T7T02,PFM3T7T02,6084.0
allsubs,0,TP_cort,FP,2,2,PFM3T7T02,PFM3T7T02,5009.0
allsubs,0,TP_cort,DAN,2,2,PFM3T7T02,PFM3T7T02,4138.0
allsubs,0,TP_cort,VAN,2,2,PFM3T7T02,PFM3T7T02,3438.0
allsubs,0,TP_cort,Sal,2,2,PFM3T7T02,PFM3T7T02,1209.0
allsubs,0,TP_cort,AMN,2,2,PFM3T7T02,PFM3T7T02,5238.0
allsubs,0,TP_cort,SMd,2,2,PFM3T7T02,PFM3T7T02,2670.0
allsubs,0,TP_cort,SMl,2,2,PFM3T7T02,PFM3T7T02,1785.0
allsubs,0,TP_cort,Aud,2,2,PFM3T7T02,PFM3T7T02,2749.0
allsubs,0,TP_cort,Tpole,2,2,PFM3T7T02,PFM3T7T02,342.0
allsubs,0,TP_cort,MTL,2,2,PFM3T7T02,PFM3T7T02,2369.0
allsubs,0,TP_cort,PMN,2,2,PFM3T7T02,PFM3T7T02,813.0
allsubs,0,TP_cort,PON,2,2,PFM3T7T02,PFM3T7T02,2056.0
allsubs,0,TP_cort,SCAN,2,2,PFM3T7T02,PFM3T7T02,1510.0
allsubs,0,TN_cort,DMN,2,2,PFM3T7T02,PFM3T7T02,50054.0
allsubs,0,TN_cort,Vis,2,2,PFM3T7T02,PFM3T7T02,52406.0
allsubs,0,TN_cort,FP,2,2,PFM3T7T02,PFM3T7T02,52811.0
allsubs,0,TN_cort,DAN,2,2,PFM3T7T02,PFM3T7T02,53598.0
allsubs,0,TN_cort,VAN,2,2,PFM3T7T02,PFM3T7T02,54011.0
allsubs,0,TN_cort,Sal,2,2,PFM3T7T02,PFM3T7T02,56611.0
allsubs,0,TN_cort,AMN,2,2,PFM3T7T02,PFM3T7T02,50483.0
allsubs,0,TN_cort,SMd,2,2,PFM3T7T02,PFM3T7T02,54263.0
allsubs,0,TN_cort,SMl,2,2,PFM3T7T02,PFM3T7T02,55706.0
allsubs,0,TN_cort,Aud,2,2,PFM3T7T02,PFM3T7T02,55027.0
allsubs,0,TN_cort,Tpole,2,2,PFM3T7T02,PFM3T7T02,58590.0
allsubs,0,TN_cort,MTL,2,2,PFM3T7T02,PFM3T7T02,55711.0
allsubs,0,TN_cort,PMN,2,2,PFM3T7T02,PFM3T7T02,58047.0
allsubs,0,TN_cort,PON,2,2,PFM3T7T02,PFM3T7T02,56355.0
allsubs,0,TN_cort,SCAN,2,2,PFM3T7T02,PFM3T7T02,55416.0
allsubs,0,FP_cort,DMN,2,2,PFM3T7T02,PFM3T7T02,1726.0
allsubs,0,FP_cort,Vis,2,2,PFM3T7T02,PFM3T7T02,641.0
allsubs,0,FP_cort,FP,2,2,PFM3T7T02,PFM3T7T02,763.0
allsubs,0,FP_cort,DAN,2,2,PFM3T7T02,PFM3T7T02,812.0
allsubs,0,FP_cort,VAN,2,2,PFM3T7T02,PFM3T7T02,296.0
allsubs,0,FP_cort,Sal,2,2,PFM3T7T02,PFM3T7T02,73.0
allsubs,0,FP_cort,AMN,2,2,PFM3T7T02,PFM3T7T02,3439.0
allsubs,0,FP_cort,SMd,2,2,PFM3T7T02,PFM3T7T02,994.0
allsubs,0,FP_cort,SMl,2,2,PFM3T7T02,PFM3T7T02,1364.0
allsubs,0,FP_cort,Aud,2,2,PFM3T7T02,PFM3T7T02,427.0
allsubs,0,FP_cort,Tpole,2,2,PFM3T7T02,PFM3T7T02,162.0
allsubs,0,FP_cort,MTL,2,2,PFM3T7T02,PFM3T7T02,643.0
allsubs,0,FP_cort,PMN,2,2,PFM3T7T02,PFM3T7T02,228.0
allsubs,0,FP_cort,PON,2,2,PFM3T7T02,PFM3T7T02,575.0
allsubs,0,FP_cort,SCAN,2,2,PFM3T7T02,PFM3T7T02,536.0
allsubs,0,FN_cort,DMN,2,2,PFM3T7T02,PFM3T7T02,309.0
allsubs,0,FN_cort,Vis,2,2,PFM3T7T02,PFM3T7T02,281.0
allsubs,0,FN_cort,FP,2,2,PFM3T7T02,PFM3T7T02,829.0
allsubs,0,FN_cort,DAN,2,2,PFM3T7T02,PFM3T7T02,864.0
allsubs,0,FN_cort,VAN,2,2,PFM3T7T02,PFM3T7T02,1667.0
allsubs,0,FN_cort,Sal,2,2,PFM3T7T02,PFM3T7T02,1519.0
allsubs,0,FN_cort,AMN,2,2,PFM3T7T02,PFM3T7T02,252.0
allsubs,0,FN_cort,SMd,2,2,PFM3T7T02,PFM3T7T02,1485.0
allsubs,0,FN_cort,SMl,2,2,PFM3T7T02,PFM3T7T02,557.0
allsubs,0,FN_cort,Aud,2,2,PFM3T7T02,PFM3T7T02,1209.0
allsubs,0,FN_cort,Tpole,2,2,PFM3T7T02,PFM3T7T02,318.0
allsubs,0,FN_cort,MTL,2,2,PFM3T7T02,PFM3T7T02,689.0
allsubs,0,FN_cort,PMN,2,2,PFM3T7T02,PFM3T7T02,324.0
allsubs,0,FN_cort,PON,2,2,PFM3T7T02,PFM3T7T02,426.0
allsubs,0,FN_cort,SCAN,2,2,PFM3T7T02,PFM3T7T02,1950.0
allsubs,0,TPR_cort,DMN,2,2,PFM3T7T02,PFM3T7T02,0.959512578616352
allsubs,0,TPR_cort,Vis,2,2,PFM3T7T02,PFM3T7T02,0.955852317360566
allsubs,0,TPR_cort,FP,2,2,PFM3T7T02,PFM3T7T02,0.857999314833847
allsubs,0,TPR_cort,DAN,2,2,PFM3T7T02,PFM3T7T02,0.827269092363055
allsubs,0,TPR_cort,VAN,2,2,PFM3T7T02,PFM3T7T02,0.673457394711068
allsubs,0,TPR_cort,Sal,2,2,PFM3T7T02,PFM3T7T02,0.443181818181818
allsubs,0,TPR_cort,AMN,2,2,PFM3T7T02,PFM3T7T02,0.954098360655738
allsubs,0,TPR_cort,SMd,2,2,PFM3T7T02,PFM3T7T02,0.642599277978339
allsubs,0,TPR_cort,SMl,2,2,PFM3T7T02,PFM3T7T02,0.762169086251067
allsubs,0,TPR_cort,Aud,2,2,PFM3T7T02,PFM3T7T02,0.694542698332491
allsubs,0,TPR_cort,Tpole,2,2,PFM3T7T02,PFM3T7T02,0.518181818181818
allsubs,0,TPR_cort,MTL,2,2,PFM3T7T02,PFM3T7T02,0.774689339437541
allsubs,0,TPR_cort,PMN,2,2,PFM3T7T02,PFM3T7T02,0.715039577836412
allsubs,0,TPR_cort,PON,2,2,PFM3T7T02,PFM3T7T02,0.828364222401289
allsubs,0,TPR_cort,SCAN,2,2,PFM3T7T02,PFM3T7T02,0.436416184971098
allsubs,0,TNR_cort,DMN,2,2,PFM3T7T02,PFM3T7T02,0.966666666666667
allsubs,0,TNR_cort,Vis,2,2,PFM3T7T02,PFM3T7T02,0.987916376043886
allsubs,0,TNR_cort,FP,2,2,PFM3T7T02,PFM3T7T02,0.98575801694852
allsubs,0,TNR_cort,DAN,2,2,PFM3T7T02,PFM3T7T02,0.985076272743981
allsubs,0,TNR_cort,VAN,2,2,PFM3T7T02,PFM3T7T02,0.994549505588598
allsubs,0,TNR_cort,Sal,2,2,PFM3T7T02,PFM3T7T02,0.99871215863383
allsubs,0,TNR_cort,AMN,2,2,PFM3T7T02,PFM3T7T02,0.936222692036646
allsubs,0,TNR_cort,SMd,2,2,PFM3T7T02,PFM3T7T02,0.982011328881409
allsubs,0,TNR_cort,SMl,2,2,PFM3T7T02,PFM3T7T02,0.976099526896793
allsubs,0,TNR_cort,Aud,2,2,PFM3T7T02,PFM3T7T02,0.99229992426155
allsubs,0,TNR_cort,Tpole,2,2,PFM3T7T02,PFM3T7T02,0.997242647058823
allsubs,0,TNR_cort,MTL,2,2,PFM3T7T02,PFM3T7T02,0.988589984739326
allsubs,0,TNR_cort,PMN,2,2,PFM3T7T02,PFM3T7T02,0.996087516087516
allsubs,0,TNR_cort,PON,2,2,PFM3T7T02,PFM3T7T02,0.989899877041981
allsubs,0,TNR_cort,SCAN,2,2,PFM3T7T02,PFM3T7T02,0.990420360308836
allsubs,0,FPR_cort,DMN,2,2,PFM3T7T02,PFM3T7T02,0.0333333333333333
allsubs,0,FPR_cort,Vis,2,2,PFM3T7T02,PFM3T7T02,0.0120836239561144
allsubs,0,FPR_cort,FP,2,2,PFM3T7T02,PFM3T7T02,0.0142419830514802
allsubs,0,FPR_cort,DAN,2,2,PFM3T7T02,PFM3T7T02,0.0149237272560191
allsubs,0,FPR_cort,VAN,2,2,PFM3T7T02,PFM3T7T02,0.0054504944114018
allsubs,0,FPR_cort,Sal,2,2,PFM3T7T02,PFM3T7T02,0.0012878413661703
allsubs,0,FPR_cort,AMN,2,2,PFM3T7T02,PFM3T7T02,0.0637773079633545
allsubs,0,FPR_cort,SMd,2,2,PFM3T7T02,PFM3T7T02,0.0179886711185913
allsubs,0,FPR_cort,SMl,2,2,PFM3T7T02,PFM3T7T02,0.0239004731032066
allsubs,0,FPR_cort,Aud,2,2,PFM3T7T02,PFM3T7T02,0.0077000757384498
allsubs,0,FPR_cort,Tpole,2,2,PFM3T7T02,PFM3T7T02,0.0027573529411764
allsubs,0,FPR_cort,MTL,2,2,PFM3T7T02,PFM3T7T02,0.0114100152606736
allsubs,0,FPR_cort,PMN,2,2,PFM3T7T02,PFM3T7T02,0.0039124839124839
allsubs,0,FPR_cort,PON,2,2,PFM3T7T02,PFM3T7T02,0.0101001229580186
allsubs,0,FPR_cort,SCAN,2,2,PFM3T7T02,PFM3T7T02,0.0095796396911638
allsubs,0,FNR_cort,DMN,2,2,PFM3T7T02,PFM3T7T02,0.0404874213836478
allsubs,0,FNR_cort,Vis,2,2,PFM3T7T02,PFM3T7T02,0.0441476826394344
allsubs,0,FNR_cort,FP,2,2,PFM3T7T02,PFM3T7T02,0.142000685166153
allsubs,0,FNR_cort,DAN,2,2,PFM3T7T02,PFM3T7T02,0.172730907636945
allsubs,0,FNR_cort,VAN,2,2,PFM3T7T02,PFM3T7T02,0.326542605288932
allsubs,0,FNR_cort,Sal,2,2,PFM3T7T02,PFM3T7T02,0.556818181818182
allsubs,0,FNR_cort,AMN,2,2,PFM3T7T02,PFM3T7T02,0.0459016393442623
allsubs,0,FNR_cort,SMd,2,2,PFM3T7T02,PFM3T7T02,0.357400722021661
allsubs,0,FNR_cort,SMl,2,2,PFM3T7T02,PFM3T7T02,0.237830913748933
allsubs,0,FNR_cort,Aud,2,2,PFM3T7T02,PFM3T7T02,0.305457301667509
allsubs,0,FNR_cort,Tpole,2,2,PFM3T7T02,PFM3T7T02,0.481818181818182
allsubs,0,FNR_cort,MTL,2,2,PFM3T7T02,PFM3T7T02,0.225310660562459
allsubs,0,FNR_cort,PMN,2,2,PFM3T7T02,PFM3T7T02,0.284960422163588
allsubs,0,FNR_cort,PON,2,2,PFM3T7T02,PFM3T7T02,0.171635777598711
allsubs,0,FNR_cort,SCAN,2,2,PFM3T7T02,PFM3T7T02,0.563583815028902
allsubs,0,NPV_cort,DMN,2,2,PFM3T7T02,PFM3T7T02,0.993864543414808
allsubs,0,NPV_cort,Vis,2,2,PFM3T7T02,PFM3T7T02,0.994666616053296
allsubs,0,NPV_cort,FP,2,2,PFM3T7T02,PFM3T7T02,0.984545115585384
allsubs,0,NPV_cort,DAN,2,2,PFM3T7T02,PFM3T7T02,0.984135727663325
allsubs,0,NPV_cort,VAN,2,2,PFM3T7T02,PFM3T7T02,0.970059987786918
allsubs,0,NPV_cort,Sal,2,2,PFM3T7T02,PFM3T7T02,0.973868914501978
allsubs,0,NPV_cort,AMN,2,2,PFM3T7T02,PFM3T7T02,0.995033014684143
allsubs,0,NPV_cort,SMd,2,2,PFM3T7T02,PFM3T7T02,0.97336227308603
allsubs,0,NPV_cort,SMl,2,2,PFM3T7T02,PFM3T7T02,0.990100065762579
allsubs,0,NPV_cort,Aud,2,2,PFM3T7T02,PFM3T7T02,0.978501315883064
allsubs,0,NPV_cort,Tpole,2,2,PFM3T7T02,PFM3T7T02,0.994601751884294
allsubs,0,NPV_cort,MTL,2,2,PFM3T7T02,PFM3T7T02,0.987783687943262
allsubs,0,NPV_cort,PMN,2,2,PFM3T7T02,PFM3T7T02,0.994449298452999
allsubs,0,NPV_cort,PON,2,2,PFM3T7T02,PFM3T7T02,0.99249749035769
allsubs,0,NPV_cort,SCAN,2,2,PFM3T7T02,PFM3T7T02,0.966007739776174
allsubs,0,PPV_cort,DMN,2,2,PFM3T7T02,PFM3T7T02,0.809260691789148
allsubs,0,PPV_cort,Vis,2,2,PFM3T7T02,PFM3T7T02,0.904684014869888
allsubs,0,PPV_cort,FP,2,2,PFM3T7T02,PFM3T7T02,0.867810117810118
allsubs,0,PPV_cort,DAN,2,2,PFM3T7T02,PFM3T7T02,0.835959595959596
allsubs,0,PPV_cort,VAN,2,2,PFM3T7T02,PFM3T7T02,0.920728441349759
allsubs,0,PPV_cort,Sal,2,2,PFM3T7T02,PFM3T7T02,0.943057722308892
allsubs,0,PPV_cort,AMN,2,2,PFM3T7T02,PFM3T7T02,0.603664861127118
allsubs,0,PPV_cort,SMd,2,2,PFM3T7T02,PFM3T7T02,0.728711790393013
allsubs,0,PPV_cort,SMl,2,2,PFM3T7T02,PFM3T7T02,0.56684661797396
allsubs,0,PPV_cort,Aud,2,2,PFM3T7T02,PFM3T7T02,0.865554156171285
allsubs,0,PPV_cort,Tpole,2,2,PFM3T7T02,PFM3T7T02,0.678571428571429
allsubs,0,PPV_cort,MTL,2,2,PFM3T7T02,PFM3T7T02,0.786520584329349
allsubs,0,PPV_cort,PMN,2,2,PFM3T7T02,PFM3T7T02,0.780979827089337
allsubs,0,PPV_cort,PON,2,2,PFM3T7T02,PFM3T7T02,0.781451919422273
allsubs,0,PPV_cort,SCAN,2,2,PFM3T7T02,PFM3T7T02,0.73802541544477
allsubs,0,PPVcorr_Jeffreys_cort,DMN,2,2,PFM3T7T02,PFM3T7T02,0.78520617190844
allsubs,0,PPVcorr_Jeffreys_cort,Vis,2,2,PFM3T7T02,PFM3T7T02,0.869693676560484
allsubs,0,PPVcorr_Jeffreys_cort,FP,2,2,PFM3T7T02,PFM3T7T02,0.834025614399446
allsubs,0,PPVcorr_Jeffreys_cort,DAN,2,2,PFM3T7T02,PFM3T7T02,0.805126417379179
allsubs,0,PPVcorr_Jeffreys_cort,VAN,2,2,PFM3T7T02,PFM3T7T02,0.870126045470609
allsubs,0,PPVcorr_Jeffreys_cort,Sal,2,2,PFM3T7T02,PFM3T7T02,0.865320298430666
allsubs,0,PPVcorr_Jeffreys_cort,AMN,2,2,PFM3T7T02,PFM3T7T02,0.597496206373293
allsubs,0,PPVcorr_Jeffreys_cort,SMd,2,2,PFM3T7T02,PFM3T7T02,0.705417330555215
allsubs,0,PPVcorr_Jeffreys_cort,SMl,2,2,PFM3T7T02,PFM3T7T02,0.56221920075668
allsubs,0,PPVcorr_Jeffreys_cort,Aud,2,2,PFM3T7T02,PFM3T7T02,0.8250461951957
allsubs,0,PPVcorr_Jeffreys_cort,Tpole,2,2,PFM3T7T02,PFM3T7T02,0.657894736842105
allsubs,0,PPVcorr_Jeffreys_cort,MTL,2,2,PFM3T7T02,PFM3T7T02,0.760112122490807
allsubs,0,PPVcorr_Jeffreys_cort,PMN,2,2,PFM3T7T02,PFM3T7T02,0.753312548713952
allsubs,0,PPVcorr_Jeffreys_cort,PON,2,2,PFM3T7T02,PFM3T7T02,0.757189497082523
allsubs,0,PPVcorr_Jeffreys_cort,SCAN,2,2,PFM3T7T02,PFM3T7T02,0.703595317725752
allsubs,0,PPVcorr_d1d2_cort,DMN,2,2,PFM3T7T02,PFM3T7T02,0.813340607851898
allsubs,0,PPVcorr_d1d2_cort,Vis,2,2,PFM3T7T02,PFM3T7T02,0.906849682225602
allsubs,0,PPVcorr_d1d2_cort,FP,2,2,PFM3T7T02,PFM3T7T02,0.869805802119512
allsubs,0,PPVcorr_d1d2_cort,DAN,2,2,PFM3T7T02,PFM3T7T02,0.838934946710288
allsubs,0,PPVcorr_d1d2_cort,VAN,2,2,PFM3T7T02,PFM3T7T02,0.915682914339931
allsubs,0,PPVcorr_d1d2_cort,Sal,2,2,PFM3T7T02,PFM3T7T02,0.908527935572929
allsubs,0,PPVcorr_d1d2_cort,AMN,2,2,PFM3T7T02,PFM3T7T02,0.614781385488892
allsubs,0,PPVcorr_d1d2_cort,SMd,2,2,PFM3T7T02,PFM3T7T02,0.73271790495459
allsubs,0,PPVcorr_d1d2_cort,SMl,2,2,PFM3T7T02,PFM3T7T02,0.590756224134533
allsubs,0,PPVcorr_d1d2_cort,Aud,2,2,PFM3T7T02,PFM3T7T02,0.863516187592548
allsubs,0,PPVcorr_d1d2_cort,Tpole,2,2,PFM3T7T02,PFM3T7T02,0.692336589030804
allsubs,0,PPVcorr_d1d2_cort,MTL,2,2,PFM3T7T02,PFM3T7T02,0.792803003165905
allsubs,0,PPVcorr_d1d2_cort,PMN,2,2,PFM3T7T02,PFM3T7T02,0.792519026473021
allsubs,0,PPVcorr_d1d2_cort,PON,2,2,PFM3T7T02,PFM3T7T02,0.791545835727339
allsubs,0,PPVcorr_d1d2_cort,SCAN,2,2,PFM3T7T02,PFM3T7T02,0.731081950618015
allsubs,0,PPVcorr_bayes_cort,DMN,2,2,PFM3T7T02,PFM3T7T02,0.824457144068875
allsubs,0,PPVcorr_bayes_cort,Vis,2,2,PFM3T7T02,PFM3T7T02,0.911488093125599
allsubs,0,PPVcorr_bayes_cort,FP,2,2,PFM3T7T02,PFM3T7T02,0.873567577371432
allsubs,0,PPVcorr_bayes_cort,DAN,2,2,PFM3T7T02,PFM3T7T02,0.843283151640999
allsubs,0,PPVcorr_bayes_cort,VAN,2,2,PFM3T7T02,PFM3T7T02,0.908514504103753
allsubs,0,PPVcorr_bayes_cort,Sal,2,2,PFM3T7T02,PFM3T7T02,0.897280541073693
allsubs,0,PPVcorr_bayes_cort,AMN,2,2,PFM3T7T02,PFM3T7T02,0.633605138229545
allsubs,0,PPVcorr_bayes_cort,SMd,2,2,PFM3T7T02,PFM3T7T02,0.736866567684462
allsubs,0,PPVcorr_bayes_cort,SMl,2,2,PFM3T7T02,PFM3T7T02,0.594701723240795
allsubs,0,PPVcorr_bayes_cort,Aud,2,2,PFM3T7T02,PFM3T7T02,0.861744051675605
allsubs,0,PPVcorr_bayes_cort,Tpole,2,2,PFM3T7T02,PFM3T7T02,0.683457249070632
allsubs,0,PPVcorr_bayes_cort,MTL,2,2,PFM3T7T02,PFM3T7T02,0.796013771755267
allsubs,0,PPVcorr_bayes_cort,PMN,2,2,PFM3T7T02,PFM3T7T02,0.787687127451427
allsubs,0,PPVcorr_bayes_cort,PON,2,2,PFM3T7T02,PFM3T7T02,0.793893545226951
allsubs,0,PPVcorr_bayes_cort,SCAN,2,2,PFM3T7T02,PFM3T7T02,0.726486486486487
allsubs,0,MCC_cort,DMN,2,2,PFM3T7T02,PFM3T7T02,0.862460389936226
allsubs,0,MCC_cort,Vis,2,2,PFM3T7T02,PFM3T7T02,0.921292011177153
allsubs,0,MCC_cort,FP,2,2,PFM3T7T02,PFM3T7T02,0.848045386439031
allsubs,0,MCC_cort,DAN,2,2,PFM3T7T02,PFM3T7T02,0.816211146144816
allsubs,0,MCC_cort,VAN,2,2,PFM3T7T02,PFM3T7T02,0.77139666668349
allsubs,0,MCC_cort,Sal,2,2,PFM3T7T02,PFM3T7T02,0.636540931903482
allsubs,0,MCC_cort,AMN,2,2,PFM3T7T02,PFM3T7T02,0.730091311437806
allsubs,0,MCC_cort,SMd,2,2,PFM3T7T02,PFM3T7T02,0.662210621215135
allsubs,0,MCC_cort,SMl,2,2,PFM3T7T02,PFM3T7T02,0.641230267376295
allsubs,0,MCC_cort,Aud,2,2,PFM3T7T02,PFM3T7T02,0.761402176277859
allsubs,0,MCC_cort,Tpole,2,2,PFM3T7T02,PFM3T7T02,0.589041532110201
allsubs,0,MCC_cort,MTL,2,2,PFM3T7T02,PFM3T7T02,0.76877203490209
allsubs,0,MCC_cort,PMN,2,2,PFM3T7T02,PFM3T7T02,0.742582426799136
allsubs,0,MCC_cort,PON,2,2,PFM3T7T02,PFM3T7T02,0.795798351850676
allsubs,0,MCC_cort,SCAN,2,2,PFM3T7T02,PFM3T7T02,0.54818526041571
allsubs,0,muI_cort,WholeBrainOrSingleVal,2,2,PFM3T7T02,PFM3T7T02,2.52476627747316
allsubs,0,VIn_cort,WholeBrainOrSingleVal,2,2,PFM3T7T02,PFM3T7T02,0.144397287255294
allsubs,0,MIn_cort,WholeBrainOrSingleVal,2,2,PFM3T7T02,PFM3T7T02,0.687998567808608
allsubs,0,DC_cort,DMN,2,3,PFM3T7T02,PFM3T7T03,0.689473128497519
allsubs,0,DC_cort,Vis,2,3,PFM3T7T02,PFM3T7T03,0.846814427087593
allsubs,0,DC_cort,FP,2,3,PFM3T7T02,PFM3T7T03,0.452722063037249
allsubs,0,DC_cort,DAN,2,3,PFM3T7T02,PFM3T7T03,0.567117585848075
allsubs,0,DC_cort,VAN,2,3,PFM3T7T02,PFM3T7T03,0.512503677552221
allsubs,0,DC_cort,Sal,2,3,PFM3T7T02,PFM3T7T03,0.469632997726535
allsubs,0,DC_cort,AMN,2,3,PFM3T7T02,PFM3T7T03,0.639159702878366
allsubs,0,DC_cort,SMd,2,3,PFM3T7T02,PFM3T7T03,0.647301680920083
allsubs,0,DC_cort,SMl,2,3,PFM3T7T02,PFM3T7T03,0.438180019782394
allsubs,0,DC_cort,Aud,2,3,PFM3T7T02,PFM3T7T03,0.708472068072512
allsubs,0,DC_cort,Tpole,2,3,PFM3T7T02,PFM3T7T03,0.323488045007032
allsubs,0,DC_cort,MTL,2,3,PFM3T7T02,PFM3T7T03,0.568310270902358
allsubs,0,DC_cort,PMN,2,3,PFM3T7T02,PFM3T7T03,0.420503376304481
allsubs,0,DC_cort,PON,2,3,PFM3T7T02,PFM3T7T03,0.552912223133716
allsubs,0,DC_cort,SCAN,2,3,PFM3T7T02,PFM3T7T03,0.544462629569013
allsubs,0,cDC_cort,DMN,2,3,PFM3T7T02,PFM3T7T03,0.689473128497519
allsubs,0,cDC_cort,Vis,2,3,PFM3T7T02,PFM3T7T03,0.846814427087593
allsubs,0,cDC_cort,FP,2,3,PFM3T7T02,PFM3T7T03,0.452722063037249
allsubs,0,cDC_cort,DAN,2,3,PFM3T7T02,PFM3T7T03,0.567117585848075
allsubs,0,cDC_cort,VAN,2,3,PFM3T7T02,PFM3T7T03,0.512503677552221
allsubs,0,cDC_cort,Sal,2,3,PFM3T7T02,PFM3T7T03,0.469632997726535
allsubs,0,cDC_cort,AMN,2,3,PFM3T7T02,PFM3T7T03,0.639159702878366
allsubs,0,cDC_cort,SMd,2,3,PFM3T7T02,PFM3T7T03,0.647301680920083
allsubs,0,cDC_cort,SMl,2,3,PFM3T7T02,PFM3T7T03,0.438180019782394
allsubs,0,cDC_cort,Aud,2,3,PFM3T7T02,PFM3T7T03,0.708472068072512
allsubs,0,cDC_cort,Tpole,2,3,PFM3T7T02,PFM3T7T03,0.323488045007032
allsubs,0,cDC_cort,MTL,2,3,PFM3T7T02,PFM3T7T03,0.568310270902358
allsubs,0,cDC_cort,PMN,2,3,PFM3T7T02,PFM3T7T03,0.420503376304481
allsubs,0,cDC_cort,PON,2,3,PFM3T7T02,PFM3T7T03,0.552912223133716
allsubs,0,cDC_cort,SCAN,2,3,PFM3T7T02,PFM3T7T03,0.544462629569013
allsubs,0,TP_cort,DMN,2,3,PFM3T7T02,PFM3T7T03,6530.0
allsubs,0,TP_cort,Vis,2,3,PFM3T7T02,PFM3T7T03,5177.0
allsubs,0,TP_cort,FP,2,3,PFM3T7T02,PFM3T7T03,2054.0
allsubs,0,TP_cort,DAN,2,3,PFM3T7T02,PFM3T7T03,3270.0
allsubs,0,TP_cort,VAN,2,3,PFM3T7T02,PFM3T7T03,1742.0
allsubs,0,TP_cort,Sal,2,3,PFM3T7T02,PFM3T7T03,723.0
allsubs,0,TP_cort,AMN,2,3,PFM3T7T02,PFM3T7T03,5507.0
allsubs,0,TP_cort,SMd,2,3,PFM3T7T02,PFM3T7T03,2195.0
allsubs,0,TP_cort,SMl,2,3,PFM3T7T02,PFM3T7T03,2215.0
allsubs,0,TP_cort,Aud,2,3,PFM3T7T02,PFM3T7T03,1915.0
allsubs,0,TP_cort,Tpole,2,3,PFM3T7T02,PFM3T7T03,115.0
allsubs,0,TP_cort,MTL,2,3,PFM3T7T02,PFM3T7T03,1458.0
allsubs,0,TP_cort,PMN,2,3,PFM3T7T02,PFM3T7T03,685.0
allsubs,0,TP_cort,PON,2,3,PFM3T7T02,PFM3T7T03,1348.0
allsubs,0,TP_cort,SCAN,2,3,PFM3T7T02,PFM3T7T03,998.0
allsubs,0,TN_cort,DMN,2,3,PFM3T7T02,PFM3T7T03,47000.0
allsubs,0,TN_cort,Vis,2,3,PFM3T7T02,PFM3T7T03,52362.0
allsubs,0,TN_cort,FP,2,3,PFM3T7T02,PFM3T7T03,52392.0
allsubs,0,TN_cort,DAN,2,3,PFM3T7T02,PFM3T7T03,51150.0
allsubs,0,TN_cort,VAN,2,3,PFM3T7T02,PFM3T7T03,54356.0
allsubs,0,TN_cort,Sal,2,3,PFM3T7T02,PFM3T7T03,57056.0
allsubs,0,TN_cort,AMN,2,3,PFM3T7T02,PFM3T7T03,47687.0
allsubs,0,TN_cort,SMd,2,3,PFM3T7T02,PFM3T7T03,54825.0
allsubs,0,TN_cort,SMl,2,3,PFM3T7T02,PFM3T7T03,51517.0
allsubs,0,TN_cort,Aud,2,3,PFM3T7T02,PFM3T7T03,55921.0
allsubs,0,TN_cort,Tpole,2,3,PFM3T7T02,PFM3T7T03,58816.0
allsubs,0,TN_cort,MTL,2,3,PFM3T7T02,PFM3T7T03,55739.0
allsubs,0,TN_cort,PMN,2,3,PFM3T7T02,PFM3T7T03,56839.0
allsubs,0,TN_cort,PON,2,3,PFM3T7T02,PFM3T7T03,55884.0
allsubs,0,TN_cort,SCAN,2,3,PFM3T7T02,PFM3T7T03,56744.0
allsubs,0,FP_cort,DMN,2,3,PFM3T7T02,PFM3T7T03,2519.0
allsubs,0,FP_cort,Vis,2,3,PFM3T7T02,PFM3T7T03,1548.0
allsubs,0,FP_cort,FP,2,3,PFM3T7T02,PFM3T7T03,3718.0
allsubs,0,FP_cort,DAN,2,3,PFM3T7T02,PFM3T7T03,1680.0
allsubs,0,FP_cort,VAN,2,3,PFM3T7T02,PFM3T7T03,1992.0
allsubs,0,FP_cort,Sal,2,3,PFM3T7T02,PFM3T7T03,559.0
allsubs,0,FP_cort,AMN,2,3,PFM3T7T02,PFM3T7T03,3170.0
allsubs,0,FP_cort,SMd,2,3,PFM3T7T02,PFM3T7T03,1469.0
allsubs,0,FP_cort,SMl,2,3,PFM3T7T02,PFM3T7T03,934.0
allsubs,0,FP_cort,Aud,2,3,PFM3T7T02,PFM3T7T03,1261.0
allsubs,0,FP_cort,Tpole,2,3,PFM3T7T02,PFM3T7T03,389.0
allsubs,0,FP_cort,MTL,2,3,PFM3T7T02,PFM3T7T03,1554.0
allsubs,0,FP_cort,PMN,2,3,PFM3T7T02,PFM3T7T03,356.0
allsubs,0,FP_cort,PON,2,3,PFM3T7T02,PFM3T7T03,1283.0
allsubs,0,FP_cort,SCAN,2,3,PFM3T7T02,PFM3T7T03,1048.0
allsubs,0,FN_cort,DMN,2,3,PFM3T7T02,PFM3T7T03,3363.0
allsubs,0,FN_cort,Vis,2,3,PFM3T7T02,PFM3T7T03,325.0
allsubs,0,FN_cort,FP,2,3,PFM3T7T02,PFM3T7T03,1248.0
allsubs,0,FN_cort,DAN,2,3,PFM3T7T02,PFM3T7T03,3312.0
allsubs,0,FN_cort,VAN,2,3,PFM3T7T02,PFM3T7T03,1322.0
allsubs,0,FN_cort,Sal,2,3,PFM3T7T02,PFM3T7T03,1074.0
allsubs,0,FN_cort,AMN,2,3,PFM3T7T02,PFM3T7T03,3048.0
allsubs,0,FN_cort,SMd,2,3,PFM3T7T02,PFM3T7T03,923.0
allsubs,0,FN_cort,SMl,2,3,PFM3T7T02,PFM3T7T03,4746.0
allsubs,0,FN_cort,Aud,2,3,PFM3T7T02,PFM3T7T03,315.0
allsubs,0,FN_cort,Tpole,2,3,PFM3T7T02,PFM3T7T03,92.0
allsubs,0,FN_cort,MTL,2,3,PFM3T7T02,PFM3T7T03,661.0
allsubs,0,FN_cort,PMN,2,3,PFM3T7T02,PFM3T7T03,1532.0
allsubs,0,FN_cort,PON,2,3,PFM3T7T02,PFM3T7T03,897.0
allsubs,0,FN_cort,SCAN,2,3,PFM3T7T02,PFM3T7T03,622.0
allsubs,0,TPR_cort,DMN,2,3,PFM3T7T02,PFM3T7T03,0.660062670575154
allsubs,0,TPR_cort,Vis,2,3,PFM3T7T02,PFM3T7T03,0.940930570701563
allsubs,0,TPR_cort,FP,2,3,PFM3T7T02,PFM3T7T03,0.622047244094488
allsubs,0,TPR_cort,DAN,2,3,PFM3T7T02,PFM3T7T03,0.496809480401094
allsubs,0,TPR_cort,VAN,2,3,PFM3T7T02,PFM3T7T03,0.568537859007833
allsubs,0,TPR_cort,Sal,2,3,PFM3T7T02,PFM3T7T03,0.402337228714524
allsubs,0,TPR_cort,AMN,2,3,PFM3T7T02,PFM3T7T03,0.643717124488603
allsubs,0,TPR_cort,SMd,2,3,PFM3T7T02,PFM3T7T03,0.703976908274535
allsubs,0,TPR_cort,SMl,2,3,PFM3T7T02,PFM3T7T03,0.318201407843701
allsubs,0,TPR_cort,Aud,2,3,PFM3T7T02,PFM3T7T03,0.858744394618834
allsubs,0,TPR_cort,Tpole,2,3,PFM3T7T02,PFM3T7T03,0.555555555555556
allsubs,0,TPR_cort,MTL,2,3,PFM3T7T02,PFM3T7T03,0.688060405851817
allsubs,0,TPR_cort,PMN,2,3,PFM3T7T02,PFM3T7T03,0.308976093820478
allsubs,0,TPR_cort,PON,2,3,PFM3T7T02,PFM3T7T03,0.600445434298441
allsubs,0,TPR_cort,SCAN,2,3,PFM3T7T02,PFM3T7T03,0.616049382716049
allsubs,0,TNR_cort,DMN,2,3,PFM3T7T02,PFM3T7T03,0.949130636725297
allsubs,0,TNR_cort,Vis,2,3,PFM3T7T02,PFM3T7T03,0.971285475792988
allsubs,0,TNR_cort,FP,2,3,PFM3T7T02,PFM3T7T03,0.933737301728747
allsubs,0,TNR_cort,DAN,2,3,PFM3T7T02,PFM3T7T03,0.968199886428166
allsubs,0,TNR_cort,VAN,2,3,PFM3T7T02,PFM3T7T03,0.964648257258465
allsubs,0,TNR_cort,Sal,2,3,PFM3T7T02,PFM3T7T03,0.990297665538488
allsubs,0,TNR_cort,AMN,2,3,PFM3T7T02,PFM3T7T03,0.937668364236978
allsubs,0,TNR_cort,SMd,2,3,PFM3T7T02,PFM3T7T03,0.973904856645468
allsubs,0,TNR_cort,SMl,2,3,PFM3T7T02,PFM3T7T03,0.98219290385312
allsubs,0,TNR_cort,Aud,2,3,PFM3T7T02,PFM3T7T03,0.977947605889965
allsubs,0,TNR_cort,Tpole,2,3,PFM3T7T02,PFM3T7T03,0.993429608985728
allsubs,0,TNR_cort,MTL,2,3,PFM3T7T02,PFM3T7T03,0.972876267606863
allsubs,0,TNR_cort,PMN,2,3,PFM3T7T02,PFM3T7T03,0.993775679692281
allsubs,0,TNR_cort,PON,2,3,PFM3T7T02,PFM3T7T03,0.977556982175031
allsubs,0,TNR_cort,SCAN,2,3,PFM3T7T02,PFM3T7T03,0.981866002214839
allsubs,0,FPR_cort,DMN,2,3,PFM3T7T02,PFM3T7T03,0.0508693632747026
allsubs,0,FPR_cort,Vis,2,3,PFM3T7T02,PFM3T7T03,0.0287145242070117
allsubs,0,FPR_cort,FP,2,3,PFM3T7T02,PFM3T7T03,0.0662626982712529
allsubs,0,FPR_cort,DAN,2,3,PFM3T7T02,PFM3T7T03,0.0318001135718342
allsubs,0,FPR_cort,VAN,2,3,PFM3T7T02,PFM3T7T03,0.0353517427415347
allsubs,0,FPR_cort,Sal,2,3,PFM3T7T02,PFM3T7T03,0.0097023344615117
allsubs,0,FPR_cort,AMN,2,3,PFM3T7T02,PFM3T7T03,0.0623316357630218
allsubs,0,FPR_cort,SMd,2,3,PFM3T7T02,PFM3T7T03,0.0260951433545316
allsubs,0,FPR_cort,SMl,2,3,PFM3T7T02,PFM3T7T03,0.0178070961468799
allsubs,0,FPR_cort,Aud,2,3,PFM3T7T02,PFM3T7T03,0.0220523941100346
allsubs,0,FPR_cort,Tpole,2,3,PFM3T7T02,PFM3T7T03,0.0065703910142724
allsubs,0,FPR_cort,MTL,2,3,PFM3T7T02,PFM3T7T03,0.027123732393137
allsubs,0,FPR_cort,PMN,2,3,PFM3T7T02,PFM3T7T03,0.0062243203077192
allsubs,0,FPR_cort,PON,2,3,PFM3T7T02,PFM3T7T03,0.0224430178249689
allsubs,0,FPR_cort,SCAN,2,3,PFM3T7T02,PFM3T7T03,0.0181339977851606
allsubs,0,FNR_cort,DMN,2,3,PFM3T7T02,PFM3T7T03,0.339937329424846
allsubs,0,FNR_cort,Vis,2,3,PFM3T7T02,PFM3T7T03,0.0590694292984369
allsubs,0,FNR_cort,FP,2,3,PFM3T7T02,PFM3T7T03,0.377952755905512
allsubs,0,FNR_cort,DAN,2,3,PFM3T7T02,PFM3T7T03,0.503190519598906
allsubs,0,FNR_cort,VAN,2,3,PFM3T7T02,PFM3T7T03,0.431462140992167
allsubs,0,FNR_cort,Sal,2,3,PFM3T7T02,PFM3T7T03,0.597662771285476
allsubs,0,FNR_cort,AMN,2,3,PFM3T7T02,PFM3T7T03,0.356282875511397
allsubs,0,FNR_cort,SMd,2,3,PFM3T7T02,PFM3T7T03,0.296023091725465
allsubs,0,FNR_cort,SMl,2,3,PFM3T7T02,PFM3T7T03,0.681798592156299
allsubs,0,FNR_cort,Aud,2,3,PFM3T7T02,PFM3T7T03,0.141255605381166
allsubs,0,FNR_cort,Tpole,2,3,PFM3T7T02,PFM3T7T03,0.444444444444444
allsubs,0,FNR_cort,MTL,2,3,PFM3T7T02,PFM3T7T03,0.311939594148183
allsubs,0,FNR_cort,PMN,2,3,PFM3T7T02,PFM3T7T03,0.691023906179522
allsubs,0,FNR_cort,PON,2,3,PFM3T7T02,PFM3T7T03,0.399554565701559
allsubs,0,FNR_cort,SCAN,2,3,PFM3T7T02,PFM3T7T03,0.383950617283951
allsubs,0,NPV_cort,DMN,2,3,PFM3T7T02,PFM3T7T03,0.933224788038838
allsubs,0,NPV_cort,Vis,2,3,PFM3T7T02,PFM3T7T03,0.993831495435307
allsubs,0,NPV_cort,FP,2,3,PFM3T7T02,PFM3T7T03,0.976733780760626
allsubs,0,NPV_cort,DAN,2,3,PFM3T7T02,PFM3T7T03,0.939186956042745
allsubs,0,NPV_cort,VAN,2,3,PFM3T7T02,PFM3T7T03,0.976256331046374
allsubs,0,NPV_cort,Sal,2,3,PFM3T7T02,PFM3T7T03,0.981524169963874
allsubs,0,NPV_cort,AMN,2,3,PFM3T7T02,PFM3T7T03,0.939923129989159
allsubs,0,NPV_cort,SMd,2,3,PFM3T7T02,PFM3T7T03,0.983443352227883
allsubs,0,NPV_cort,SMl,2,3,PFM3T7T02,PFM3T7T03,0.915646161775945
allsubs,0,NPV_cort,Aud,2,3,PFM3T7T02,PFM3T7T03,0.99439860587524
allsubs,0,NPV_cort,Tpole,2,3,PFM3T7T02,PFM3T7T03,0.998438242683506
allsubs,0,NPV_cort,MTL,2,3,PFM3T7T02,PFM3T7T03,0.988280141843972
allsubs,0,NPV_cort,PMN,2,3,PFM3T7T02,PFM3T7T03,0.973754090216032
allsubs,0,NPV_cort,PON,2,3,PFM3T7T02,PFM3T7T03,0.984202462091192
allsubs,0,NPV_cort,SCAN,2,3,PFM3T7T02,PFM3T7T03,0.989157340585015
allsubs,0,PPV_cort,DMN,2,3,PFM3T7T02,PFM3T7T03,0.721626699082772
allsubs,0,PPV_cort,Vis,2,3,PFM3T7T02,PFM3T7T03,0.769814126394052
allsubs,0,PPV_cort,FP,2,3,PFM3T7T02,PFM3T7T03,0.355855855855856
allsubs,0,PPV_cort,DAN,2,3,PFM3T7T02,PFM3T7T03,0.660606060606061
allsubs,0,PPV_cort,VAN,2,3,PFM3T7T02,PFM3T7T03,0.466523835029459
allsubs,0,PPV_cort,Sal,2,3,PFM3T7T02,PFM3T7T03,0.56396255850234
allsubs,0,PPV_cort,AMN,2,3,PFM3T7T02,PFM3T7T03,0.634666359340786
allsubs,0,PPV_cort,SMd,2,3,PFM3T7T02,PFM3T7T03,0.599072052401747
allsubs,0,PPV_cort,SMl,2,3,PFM3T7T02,PFM3T7T03,0.703397904096539
allsubs,0,PPV_cort,Aud,2,3,PFM3T7T02,PFM3T7T03,0.602959697732998
allsubs,0,PPV_cort,Tpole,2,3,PFM3T7T02,PFM3T7T03,0.228174603174603
allsubs,0,PPV_cort,MTL,2,3,PFM3T7T02,PFM3T7T03,0.48406374501992
allsubs,0,PPV_cort,PMN,2,3,PFM3T7T02,PFM3T7T03,0.658021133525456
allsubs,0,PPV_cort,PON,2,3,PFM3T7T02,PFM3T7T03,0.512352717597871
allsubs,0,PPV_cort,SCAN,2,3,PFM3T7T02,PFM3T7T03,0.487781036168133
allsubs,0,PPVcorr_Jeffreys_cort,DMN,2,3,PFM3T7T02,PFM3T7T03,0.699784824123607
allsubs,0,PPVcorr_Jeffreys_cort,Vis,2,3,PFM3T7T02,PFM3T7T03,0.749408950956675
allsubs,0,PPVcorr_Jeffreys_cort,FP,2,3,PFM3T7T02,PFM3T7T03,0.363655730720068
allsubs,0,PPVcorr_Jeffreys_cort,DAN,2,3,PFM3T7T02,PFM3T7T03,0.641756713383973
allsubs,0,PPVcorr_Jeffreys_cort,VAN,2,3,PFM3T7T02,PFM3T7T03,0.469062469062469
allsubs,0,PPVcorr_Jeffreys_cort,Sal,2,3,PFM3T7T02,PFM3T7T03,0.556099062735172
allsubs,0,PPVcorr_Jeffreys_cort,AMN,2,3,PFM3T7T02,PFM3T7T03,0.62258064516129
allsubs,0,PPVcorr_Jeffreys_cort,SMd,2,3,PFM3T7T02,PFM3T7T03,0.591302379395342
allsubs,0,PPVcorr_Jeffreys_cort,SMl,2,3,PFM3T7T02,PFM3T7T03,0.666575641725833
allsubs,0,PPVcorr_Jeffreys_cort,Aud,2,3,PFM3T7T02,PFM3T7T03,0.596204766107679
allsubs,0,PPVcorr_Jeffreys_cort,Tpole,2,3,PFM3T7T02,PFM3T7T03,0.238898418143701
allsubs,0,PPVcorr_Jeffreys_cort,MTL,2,3,PFM3T7T02,PFM3T7T03,0.485111200719625
allsubs,0,PPVcorr_Jeffreys_cort,PMN,2,3,PFM3T7T02,PFM3T7T03,0.630276391858716
allsubs,0,PPVcorr_Jeffreys_cort,PON,2,3,PFM3T7T02,PFM3T7T03,0.511381544388023
allsubs,0,PPVcorr_Jeffreys_cort,SCAN,2,3,PFM3T7T02,PFM3T7T03,0.488677536231884
allsubs,0,PPVcorr_d1d2_cort,DMN,2,3,PFM3T7T02,PFM3T7T03,0.723712427896526
allsubs,0,PPVcorr_d1d2_cort,Vis,2,3,PFM3T7T02,PFM3T7T03,0.776403205482746
allsubs,0,PPVcorr_d1d2_cort,FP,2,3,PFM3T7T02,PFM3T7T03,0.379585075703439
allsubs,0,PPVcorr_d1d2_cort,DAN,2,3,PFM3T7T02,PFM3T7T03,0.662384697056297
allsubs,0,PPVcorr_d1d2_cort,VAN,2,3,PFM3T7T02,PFM3T7T03,0.486145199669119
allsubs,0,PPVcorr_d1d2_cort,Sal,2,3,PFM3T7T02,PFM3T7T03,0.574722432462556
allsubs,0,PPVcorr_d1d2_cort,AMN,2,3,PFM3T7T02,PFM3T7T03,0.63897540061833
allsubs,0,PPVcorr_d1d2_cort,SMd,2,3,PFM3T7T02,PFM3T7T03,0.614345610928107
allsubs,0,PPVcorr_d1d2_cort,SMl,2,3,PFM3T7T02,PFM3T7T03,0.695611616368117
allsubs,0,PPVcorr_d1d2_cort,Aud,2,3,PFM3T7T02,PFM3T7T03,0.627989479604418
allsubs,0,PPVcorr_d1d2_cort,Tpole,2,3,PFM3T7T02,PFM3T7T03,0.593352497305067
allsubs,0,PPVcorr_d1d2_cort,MTL,2,3,PFM3T7T02,PFM3T7T03,0.514180057840228
allsubs,0,PPVcorr_d1d2_cort,PMN,2,3,PFM3T7T02,PFM3T7T03,0.641379461524425
allsubs,0,PPVcorr_d1d2_cort,PON,2,3,PFM3T7T02,PFM3T7T03,0.53649112881399
allsubs,0,PPVcorr_d1d2_cort,SCAN,2,3,PFM3T7T02,PFM3T7T03,0.523892080249789
allsubs,0,PPVcorr_bayes_cort,DMN,2,3,PFM3T7T02,PFM3T7T03,0.731608807028021
allsubs,0,PPVcorr_bayes_cort,Vis,2,3,PFM3T7T02,PFM3T7T03,0.787554812815129
allsubs,0,PPVcorr_bayes_cort,FP,2,3,PFM3T7T02,PFM3T7T03,0.394587494316364
allsubs,0,PPVcorr_bayes_cort,DAN,2,3,PFM3T7T02,PFM3T7T03,0.666275259938259
allsubs,0,PPVcorr_bayes_cort,VAN,2,3,PFM3T7T02,PFM3T7T03,0.496167892598117
allsubs,0,PPVcorr_bayes_cort,Sal,2,3,PFM3T7T02,PFM3T7T03,0.57369705357468
allsubs,0,PPVcorr_bayes_cort,AMN,2,3,PFM3T7T02,PFM3T7T03,0.652483320978503
allsubs,0,PPVcorr_bayes_cort,SMd,2,3,PFM3T7T02,PFM3T7T03,0.622549661074616
allsubs,0,PPVcorr_bayes_cort,SMl,2,3,PFM3T7T02,PFM3T7T03,0.678363659753291
allsubs,0,PPVcorr_bayes_cort,Aud,2,3,PFM3T7T02,PFM3T7T03,0.630773909077087
allsubs,0,PPVcorr_bayes_cort,Tpole,2,3,PFM3T7T02,PFM3T7T03,0.273018337052489
allsubs,0,PPVcorr_bayes_cort,MTL,2,3,PFM3T7T02,PFM3T7T03,0.515910803315218
allsubs,0,PPVcorr_bayes_cort,PMN,2,3,PFM3T7T02,PFM3T7T03,0.639762328143297
allsubs,0,PPVcorr_bayes_cort,PON,2,3,PFM3T7T02,PFM3T7T03,0.53932768515988
allsubs,0,PPVcorr_bayes_cort,SCAN,2,3,PFM3T7T02,PFM3T7T03,0.517293233082707
allsubs,0,MCC_cort,DMN,2,3,PFM3T7T02,PFM3T7T03,0.631609961313335
allsubs,0,MCC_cort,Vis,2,3,PFM3T7T02,PFM3T7T03,0.834631529519494
allsubs,0,MCC_cort,FP,2,3,PFM3T7T02,PFM3T7T03,0.42993974011762
allsubs,0,MCC_cort,DAN,2,3,PFM3T7T02,PFM3T7T03,0.528118709099075
allsubs,0,MCC_cort,VAN,2,3,PFM3T7T02,PFM3T7T03,0.485885003997571
allsubs,0,MCC_cort,Sal,2,3,PFM3T7T02,PFM3T7T03,0.46279274405262
allsubs,0,MCC_cort,AMN,2,3,PFM3T7T02,PFM3T7T03,0.577977500488274
allsubs,0,MCC_cort,SMd,2,3,PFM3T7T02,PFM3T7T03,0.628392051655193
allsubs,0,MCC_cort,SMl,2,3,PFM3T7T02,PFM3T7T03,0.431227684730197
allsubs,0,MCC_cort,Aud,2,3,PFM3T7T02,PFM3T7T03,0.706968821141724
allsubs,0,MCC_cort,Tpole,2,3,PFM3T7T02,PFM3T7T03,0.352713893220246
allsubs,0,MCC_cort,MTL,2,3,PFM3T7T02,PFM3T7T03,0.558739113820004
allsubs,0,MCC_cort,PMN,2,3,PFM3T7T02,PFM3T7T03,0.437345480654774
allsubs,0,MCC_cort,PON,2,3,PFM3T7T02,PFM3T7T03,0.535733230043366
allsubs,0,MCC_cort,SCAN,2,3,PFM3T7T02,PFM3T7T03,0.534011978446806
allsubs,0,muI_cort,WholeBrainOrSingleVal,2,3,PFM3T7T02,PFM3T7T03,1.68412125014251
allsubs,0,VIn_cort,WholeBrainOrSingleVal,2,3,PFM3T7T02,PFM3T7T03,0.240513577499903
allsubs,0,MIn_cort,WholeBrainOrSingleVal,2,3,PFM3T7T02,PFM3T7T03,0.46895655464434
allsubs,0,DC_cort,DMN,2,4,PFM3T7T02,PFM3T7T04,0.601313258605823
allsubs,0,DC_cort,Vis,2,4,PFM3T7T02,PFM3T7T04,0.844610627741425
allsubs,0,DC_cort,FP,2,4,PFM3T7T02,PFM3T7T04,0.595051483018288
allsubs,0,DC_cort,DAN,2,4,PFM3T7T02,PFM3T7T04,0.538389688025406
allsubs,0,DC_cort,VAN,2,4,PFM3T7T02,PFM3T7T04,0.504169339320077
allsubs,0,DC_cort,Sal,2,4,PFM3T7T02,PFM3T7T04,0.345025053686471
allsubs,0,DC_cort,AMN,2,4,PFM3T7T02,PFM3T7T04,0.622688539794795
allsubs,0,DC_cort,SMd,2,4,PFM3T7T02,PFM3T7T04,0.629173989455185
allsubs,0,DC_cort,SMl,2,4,PFM3T7T02,PFM3T7T04,0.524279510461903
allsubs,0,DC_cort,Aud,2,4,PFM3T7T02,PFM3T7T04,0.73685887225231
allsubs,0,DC_cort,Tpole,2,4,PFM3T7T02,PFM3T7T04,0.419335347432024
allsubs,0,DC_cort,MTL,2,4,PFM3T7T02,PFM3T7T04,0.554124417648671
allsubs,0,DC_cort,PMN,2,4,PFM3T7T02,PFM3T7T04,0.446485340868951
allsubs,0,DC_cort,PON,2,4,PFM3T7T02,PFM3T7T04,0.529344073647871
allsubs,0,DC_cort,SCAN,2,4,PFM3T7T02,PFM3T7T04,0.550693123131286
allsubs,0,cDC_cort,DMN,2,4,PFM3T7T02,PFM3T7T04,0.601313258605823
allsubs,0,cDC_cort,Vis,2,4,PFM3T7T02,PFM3T7T04,0.844610627741425
allsubs,0,cDC_cort,FP,2,4,PFM3T7T02,PFM3T7T04,0.595051483018288
allsubs,0,cDC_cort,DAN,2,4,PFM3T7T02,PFM3T7T04,0.538389688025406
allsubs,0,cDC_cort,VAN,2,4,PFM3T7T02,PFM3T7T04,0.504169339320077
allsubs,0,cDC_cort,Sal,2,4,PFM3T7T02,PFM3T7T04,0.345025053686471
allsubs,0,cDC_cort,AMN,2,4,PFM3T7T02,PFM3T7T04,0.622688539794795
allsubs,0,cDC_cort,SMd,2,4,PFM3T7T02,PFM3T7T04,0.629173989455185
allsubs,0,cDC_cort,SMl,2,4,PFM3T7T02,PFM3T7T04,0.524279510461903
allsubs,0,cDC_cort,Aud,2,4,PFM3T7T02,PFM3T7T04,0.73685887225231
allsubs,0,cDC_cort,Tpole,2,4,PFM3T7T02,PFM3T7T04,0.419335347432024
allsubs,0,cDC_cort,MTL,2,4,PFM3T7T02,PFM3T7T04,0.554124417648671
allsubs,0,cDC_cort,PMN,2,4,PFM3T7T02,PFM3T7T04,0.446485340868951
allsubs,0,cDC_cort,PON,2,4,PFM3T7T02,PFM3T7T04,0.529344073647871
allsubs,0,cDC_cort,SCAN,2,4,PFM3T7T02,PFM3T7T04,0.550693123131286
allsubs,0,TP_cort,DMN,2,4,PFM3T7T02,PFM3T7T04,4533.0
allsubs,0,TP_cort,Vis,2,4,PFM3T7T02,PFM3T7T04,5873.0
allsubs,0,TP_cort,FP,2,4,PFM3T7T02,PFM3T7T04,3872.0
allsubs,0,TP_cort,DAN,2,4,PFM3T7T02,PFM3T7T04,2882.0
allsubs,0,TP_cort,VAN,2,4,PFM3T7T02,PFM3T7T04,1965.0
allsubs,0,TP_cort,Sal,2,4,PFM3T7T02,PFM3T7T04,482.0
allsubs,0,TP_cort,AMN,2,4,PFM3T7T02,PFM3T7T04,5371.0
allsubs,0,TP_cort,SMd,2,4,PFM3T7T02,PFM3T7T04,1969.0
allsubs,0,TP_cort,SMl,2,4,PFM3T7T02,PFM3T7T04,1328.0
allsubs,0,TP_cort,Aud,2,4,PFM3T7T02,PFM3T7T04,2313.0
allsubs,0,TP_cort,Tpole,2,4,PFM3T7T02,PFM3T7T04,347.0
allsubs,0,TP_cort,MTL,2,4,PFM3T7T02,PFM3T7T04,2022.0
allsubs,0,TP_cort,PMN,2,4,PFM3T7T02,PFM3T7T04,632.0
allsubs,0,TP_cort,PON,2,4,PFM3T7T02,PFM3T7T04,1380.0
allsubs,0,TP_cort,SCAN,2,4,PFM3T7T02,PFM3T7T04,1013.0
allsubs,0,TN_cort,DMN,2,4,PFM3T7T02,PFM3T7T04,48868.0
allsubs,0,TN_cort,Vis,2,4,PFM3T7T02,PFM3T7T04,51378.0
allsubs,0,TN_cort,FP,2,4,PFM3T7T02,PFM3T7T04,50270.0
allsubs,0,TN_cort,DAN,2,4,PFM3T7T02,PFM3T7T04,51588.0
allsubs,0,TN_cort,VAN,2,4,PFM3T7T02,PFM3T7T04,53582.0
allsubs,0,TN_cort,Sal,2,4,PFM3T7T02,PFM3T7T04,57100.0
allsubs,0,TN_cort,AMN,2,4,PFM3T7T02,PFM3T7T04,47532.0
allsubs,0,TN_cort,SMd,2,4,PFM3T7T02,PFM3T7T04,55122.0
allsubs,0,TN_cort,SMl,2,4,PFM3T7T02,PFM3T7T04,55674.0
allsubs,0,TN_cort,Aud,2,4,PFM3T7T02,PFM3T7T04,55447.0
allsubs,0,TN_cort,Tpole,2,4,PFM3T7T02,PFM3T7T04,58104.0
allsubs,0,TN_cort,MTL,2,4,PFM3T7T02,PFM3T7T04,54136.0
allsubs,0,TN_cort,PMN,2,4,PFM3T7T02,PFM3T7T04,57213.0
allsubs,0,TN_cort,PON,2,4,PFM3T7T02,PFM3T7T04,55578.0
allsubs,0,TN_cort,SCAN,2,4,PFM3T7T02,PFM3T7T04,56746.0
allsubs,0,FP_cort,DMN,2,4,PFM3T7T02,PFM3T7T04,4516.0
allsubs,0,FP_cort,Vis,2,4,PFM3T7T02,PFM3T7T04,852.0
allsubs,0,FP_cort,FP,2,4,PFM3T7T02,PFM3T7T04,1900.0
allsubs,0,FP_cort,DAN,2,4,PFM3T7T02,PFM3T7T04,2068.0
allsubs,0,FP_cort,VAN,2,4,PFM3T7T02,PFM3T7T04,1769.0
allsubs,0,FP_cort,Sal,2,4,PFM3T7T02,PFM3T7T04,800.0
allsubs,0,FP_cort,AMN,2,4,PFM3T7T02,PFM3T7T04,3306.0
allsubs,0,FP_cort,SMd,2,4,PFM3T7T02,PFM3T7T04,1695.0
allsubs,0,FP_cort,SMl,2,4,PFM3T7T02,PFM3T7T04,1821.0
allsubs,0,FP_cort,Aud,2,4,PFM3T7T02,PFM3T7T04,863.0
allsubs,0,FP_cort,Tpole,2,4,PFM3T7T02,PFM3T7T04,157.0
allsubs,0,FP_cort,MTL,2,4,PFM3T7T02,PFM3T7T04,990.0
allsubs,0,FP_cort,PMN,2,4,PFM3T7T02,PFM3T7T04,409.0
allsubs,0,FP_cort,PON,2,4,PFM3T7T02,PFM3T7T04,1251.0
allsubs,0,FP_cort,SCAN,2,4,PFM3T7T02,PFM3T7T04,1033.0
allsubs,0,FN_cort,DMN,2,4,PFM3T7T02,PFM3T7T04,1495.0
allsubs,0,FN_cort,Vis,2,4,PFM3T7T02,PFM3T7T04,1309.0
allsubs,0,FN_cort,FP,2,4,PFM3T7T02,PFM3T7T04,3370.0
allsubs,0,FN_cort,DAN,2,4,PFM3T7T02,PFM3T7T04,2874.0
allsubs,0,FN_cort,VAN,2,4,PFM3T7T02,PFM3T7T04,2096.0
allsubs,0,FN_cort,Sal,2,4,PFM3T7T02,PFM3T7T04,1030.0
allsubs,0,FN_cort,AMN,2,4,PFM3T7T02,PFM3T7T04,3203.0
allsubs,0,FN_cort,SMd,2,4,PFM3T7T02,PFM3T7T04,626.0
allsubs,0,FN_cort,SMl,2,4,PFM3T7T02,PFM3T7T04,589.0
allsubs,0,FN_cort,Aud,2,4,PFM3T7T02,PFM3T7T04,789.0
allsubs,0,FN_cort,Tpole,2,4,PFM3T7T02,PFM3T7T04,804.0
allsubs,0,FN_cort,MTL,2,4,PFM3T7T02,PFM3T7T04,2264.0
allsubs,0,FN_cort,PMN,2,4,PFM3T7T02,PFM3T7T04,1158.0
allsubs,0,FN_cort,PON,2,4,PFM3T7T02,PFM3T7T04,1203.0
allsubs,0,FN_cort,SCAN,2,4,PFM3T7T02,PFM3T7T04,620.0
allsubs,0,TPR_cort,DMN,2,4,PFM3T7T02,PFM3T7T04,0.751990710019907
allsubs,0,TPR_cort,Vis,2,4,PFM3T7T02,PFM3T7T04,0.817738791423002
allsubs,0,TPR_cort,FP,2,4,PFM3T7T02,PFM3T7T04,0.534658933996134
allsubs,0,TPR_cort,DAN,2,4,PFM3T7T02,PFM3T7T04,0.500694927032662
allsubs,0,TPR_cort,VAN,2,4,PFM3T7T02,PFM3T7T04,0.483870967741935
allsubs,0,TPR_cort,Sal,2,4,PFM3T7T02,PFM3T7T04,0.318783068783069
allsubs,0,TPR_cort,AMN,2,4,PFM3T7T02,PFM3T7T04,0.626428738045253
allsubs,0,TPR_cort,SMd,2,4,PFM3T7T02,PFM3T7T04,0.758766859344894
allsubs,0,TPR_cort,SMl,2,4,PFM3T7T02,PFM3T7T04,0.692749087115284
allsubs,0,TPR_cort,Aud,2,4,PFM3T7T02,PFM3T7T04,0.745647969052224
allsubs,0,TPR_cort,Tpole,2,4,PFM3T7T02,PFM3T7T04,0.301476976542137
allsubs,0,TPR_cort,MTL,2,4,PFM3T7T02,PFM3T7T04,0.471768548763416
allsubs,0,TPR_cort,PMN,2,4,PFM3T7T02,PFM3T7T04,0.353072625698324
allsubs,0,TPR_cort,PON,2,4,PFM3T7T02,PFM3T7T04,0.534262485481998
allsubs,0,TPR_cort,SCAN,2,4,PFM3T7T02,PFM3T7T04,0.620330679730557
allsubs,0,TNR_cort,DMN,2,4,PFM3T7T02,PFM3T7T04,0.915405364903342
allsubs,0,TNR_cort,Vis,2,4,PFM3T7T02,PFM3T7T04,0.983687535898909
allsubs,0,TNR_cort,FP,2,4,PFM3T7T02,PFM3T7T04,0.963580601878474
allsubs,0,TNR_cort,DAN,2,4,PFM3T7T02,PFM3T7T04,0.961458178022961
allsubs,0,TNR_cort,VAN,2,4,PFM3T7T02,PFM3T7T04,0.968040324474716
allsubs,0,TNR_cort,Sal,2,4,PFM3T7T02,PFM3T7T04,0.986183074265976
allsubs,0,TNR_cort,AMN,2,4,PFM3T7T02,PFM3T7T04,0.934969904402219
allsubs,0,TNR_cort,SMd,2,4,PFM3T7T02,PFM3T7T04,0.970167379481493
allsubs,0,TNR_cort,SMl,2,4,PFM3T7T02,PFM3T7T04,0.968327680667884
allsubs,0,TNR_cort,Aud,2,4,PFM3T7T02,PFM3T7T04,0.984674125377375
allsubs,0,TNR_cort,Tpole,2,4,PFM3T7T02,PFM3T7T04,0.997305229913664
allsubs,0,TNR_cort,MTL,2,4,PFM3T7T02,PFM3T7T04,0.982041142110801
allsubs,0,TNR_cort,PMN,2,4,PFM3T7T02,PFM3T7T04,0.992902016590885
allsubs,0,TNR_cort,PON,2,4,PFM3T7T02,PFM3T7T04,0.977986591353006
allsubs,0,TNR_cort,SCAN,2,4,PFM3T7T02,PFM3T7T04,0.982121532044514
allsubs,0,FPR_cort,DMN,2,4,PFM3T7T02,PFM3T7T04,0.0845946350966582
allsubs,0,FPR_cort,Vis,2,4,PFM3T7T02,PFM3T7T04,0.0163124641010913
allsubs,0,FPR_cort,FP,2,4,PFM3T7T02,PFM3T7T04,0.0364193981215258
allsubs,0,FPR_cort,DAN,2,4,PFM3T7T02,PFM3T7T04,0.0385418219770389
allsubs,0,FPR_cort,VAN,2,4,PFM3T7T02,PFM3T7T04,0.0319596755252841
allsubs,0,FPR_cort,Sal,2,4,PFM3T7T02,PFM3T7T04,0.0138169257340242
allsubs,0,FPR_cort,AMN,2,4,PFM3T7T02,PFM3T7T04,0.0650300955977812
allsubs,0,FPR_cort,SMd,2,4,PFM3T7T02,PFM3T7T04,0.0298326205185068
allsubs,0,FPR_cort,SMl,2,4,PFM3T7T02,PFM3T7T04,0.0316723193321158
allsubs,0,FPR_cort,Aud,2,4,PFM3T7T02,PFM3T7T04,0.0153258746226248
allsubs,0,FPR_cort,Tpole,2,4,PFM3T7T02,PFM3T7T04,0.0026947700863356
allsubs,0,FPR_cort,MTL,2,4,PFM3T7T02,PFM3T7T04,0.0179588578891993
allsubs,0,FPR_cort,PMN,2,4,PFM3T7T02,PFM3T7T04,0.0070979834091145
allsubs,0,FPR_cort,PON,2,4,PFM3T7T02,PFM3T7T04,0.0220134086469936
allsubs,0,FPR_cort,SCAN,2,4,PFM3T7T02,PFM3T7T04,0.0178784679554856
allsubs,0,FNR_cort,DMN,2,4,PFM3T7T02,PFM3T7T04,0.248009289980093
allsubs,0,FNR_cort,Vis,2,4,PFM3T7T02,PFM3T7T04,0.182261208576998
allsubs,0,FNR_cort,FP,2,4,PFM3T7T02,PFM3T7T04,0.465341066003866
allsubs,0,FNR_cort,DAN,2,4,PFM3T7T02,PFM3T7T04,0.499305072967338
allsubs,0,FNR_cort,VAN,2,4,PFM3T7T02,PFM3T7T04,0.516129032258065
allsubs,0,FNR_cort,Sal,2,4,PFM3T7T02,PFM3T7T04,0.681216931216931
allsubs,0,FNR_cort,AMN,2,4,PFM3T7T02,PFM3T7T04,0.373571261954747
allsubs,0,FNR_cort,SMd,2,4,PFM3T7T02,PFM3T7T04,0.241233140655106
allsubs,0,FNR_cort,SMl,2,4,PFM3T7T02,PFM3T7T04,0.307250912884716
allsubs,0,FNR_cort,Aud,2,4,PFM3T7T02,PFM3T7T04,0.254352030947776
allsubs,0,FNR_cort,Tpole,2,4,PFM3T7T02,PFM3T7T04,0.698523023457863
allsubs,0,FNR_cort,MTL,2,4,PFM3T7T02,PFM3T7T04,0.528231451236584
allsubs,0,FNR_cort,PMN,2,4,PFM3T7T02,PFM3T7T04,0.646927374301676
allsubs,0,FNR_cort,PON,2,4,PFM3T7T02,PFM3T7T04,0.465737514518002
allsubs,0,FNR_cort,SCAN,2,4,PFM3T7T02,PFM3T7T04,0.379669320269443
allsubs,0,NPV_cort,DMN,2,4,PFM3T7T02,PFM3T7T04,0.970315509401743
allsubs,0,NPV_cort,Vis,2,4,PFM3T7T02,PFM3T7T04,0.97515516161482
allsubs,0,NPV_cort,FP,2,4,PFM3T7T02,PFM3T7T04,0.93717375093214
allsubs,0,NPV_cort,DAN,2,4,PFM3T7T02,PFM3T7T04,0.947229260768977
allsubs,0,NPV_cort,VAN,2,4,PFM3T7T02,PFM3T7T04,0.962354969646898
allsubs,0,NPV_cort,Sal,2,4,PFM3T7T02,PFM3T7T04,0.982281094099432
allsubs,0,NPV_cort,AMN,2,4,PFM3T7T02,PFM3T7T04,0.936868039814724
allsubs,0,NPV_cort,SMd,2,4,PFM3T7T02,PFM3T7T04,0.988770897610677
allsubs,0,NPV_cort,SMl,2,4,PFM3T7T02,PFM3T7T04,0.989531308319855
allsubs,0,NPV_cort,Aud,2,4,PFM3T7T02,PFM3T7T04,0.985969841382744
allsubs,0,NPV_cort,Tpole,2,4,PFM3T7T02,PFM3T7T04,0.986351599103687
allsubs,0,NPV_cort,MTL,2,4,PFM3T7T02,PFM3T7T04,0.959858156028369
allsubs,0,NPV_cort,PMN,2,4,PFM3T7T02,PFM3T7T04,0.980161381507941
allsubs,0,NPV_cort,PON,2,4,PFM3T7T02,PFM3T7T04,0.978813335446716
allsubs,0,NPV_cort,SCAN,2,4,PFM3T7T02,PFM3T7T04,0.989192204441655
allsubs,0,PPV_cort,DMN,2,4,PFM3T7T02,PFM3T7T04,0.500939330312742
allsubs,0,PPV_cort,Vis,2,4,PFM3T7T02,PFM3T7T04,0.873308550185874
allsubs,0,PPV_cort,FP,2,4,PFM3T7T02,PFM3T7T04,0.670824670824671
allsubs,0,PPV_cort,DAN,2,4,PFM3T7T02,PFM3T7T04,0.582222222222222
allsubs,0,PPV_cort,VAN,2,4,PFM3T7T02,PFM3T7T04,0.526245313336904
allsubs,0,PPV_cort,Sal,2,4,PFM3T7T02,PFM3T7T04,0.37597503900156
allsubs,0,PPV_cort,AMN,2,4,PFM3T7T02,PFM3T7T04,0.618992739426069
allsubs,0,PPV_cort,SMd,2,4,PFM3T7T02,PFM3T7T04,0.537390829694323
allsubs,0,PPV_cort,SMl,2,4,PFM3T7T02,PFM3T7T04,0.421721181327406
allsubs,0,PPV_cort,Aud,2,4,PFM3T7T02,PFM3T7T04,0.728274559193955
allsubs,0,PPV_cort,Tpole,2,4,PFM3T7T02,PFM3T7T04,0.688492063492063
allsubs,0,PPV_cort,MTL,2,4,PFM3T7T02,PFM3T7T04,0.671314741035857
allsubs,0,PPV_cort,PMN,2,4,PFM3T7T02,PFM3T7T04,0.607108549471662
allsubs,0,PPV_cort,PON,2,4,PFM3T7T02,PFM3T7T04,0.524515393386545
allsubs,0,PPV_cort,SCAN,2,4,PFM3T7T02,PFM3T7T04,0.495112414467253
allsubs,0,PPVcorr_Jeffreys_cort,DMN,2,4,PFM3T7T02,PFM3T7T04,0.500880664746472
allsubs,0,PPVcorr_Jeffreys_cort,Vis,2,4,PFM3T7T02,PFM3T7T04,0.837287725709372
allsubs,0,PPVcorr_Jeffreys_cort,FP,2,4,PFM3T7T02,PFM3T7T04,0.6517810412241
allsubs,0,PPVcorr_Jeffreys_cort,DAN,2,4,PFM3T7T02,PFM3T7T04,0.573657159403504
allsubs,0,PPVcorr_Jeffreys_cort,VAN,2,4,PFM3T7T02,PFM3T7T04,0.523670925823048
allsubs,0,PPVcorr_Jeffreys_cort,Sal,2,4,PFM3T7T02,PFM3T7T04,0.389059447390455
allsubs,0,PPVcorr_Jeffreys_cort,AMN,2,4,PFM3T7T02,PFM3T7T04,0.608292079207921
allsubs,0,PPVcorr_Jeffreys_cort,SMd,2,4,PFM3T7T02,PFM3T7T04,0.534917802982031
allsubs,0,PPVcorr_Jeffreys_cort,SMl,2,4,PFM3T7T02,PFM3T7T04,0.426213069117251
allsubs,0,PPVcorr_Jeffreys_cort,Aud,2,4,PFM3T7T02,PFM3T7T04,0.707962824852275
allsubs,0,PPVcorr_Jeffreys_cort,Tpole,2,4,PFM3T7T02,PFM3T7T04,0.653448554353093
allsubs,0,PPVcorr_Jeffreys_cort,MTL,2,4,PFM3T7T02,PFM3T7T04,0.649973841771784
allsubs,0,PPVcorr_Jeffreys_cort,PMN,2,4,PFM3T7T02,PFM3T7T04,0.591393442622951
allsubs,0,PPVcorr_Jeffreys_cort,PON,2,4,PFM3T7T02,PFM3T7T04,0.522323746236113
allsubs,0,PPVcorr_Jeffreys_cort,SCAN,2,4,PFM3T7T02,PFM3T7T04,0.495473679445978
allsubs,0,PPVcorr_d1d2_cort,DMN,2,4,PFM3T7T02,PFM3T7T04,0.511870614726903
allsubs,0,PPVcorr_d1d2_cort,Vis,2,4,PFM3T7T02,PFM3T7T04,0.87417768384891
allsubs,0,PPVcorr_d1d2_cort,FP,2,4,PFM3T7T02,PFM3T7T04,0.672944277175357
allsubs,0,PPVcorr_d1d2_cort,DAN,2,4,PFM3T7T02,PFM3T7T04,0.587704854542045
allsubs,0,PPVcorr_d1d2_cort,VAN,2,4,PFM3T7T02,PFM3T7T04,0.536492254526553
allsubs,0,PPVcorr_d1d2_cort,Sal,2,4,PFM3T7T02,PFM3T7T04,0.410186811126797
allsubs,0,PPVcorr_d1d2_cort,AMN,2,4,PFM3T7T02,PFM3T7T04,0.623456517005558
allsubs,0,PPVcorr_d1d2_cort,SMd,2,4,PFM3T7T02,PFM3T7T04,0.560609456841868
allsubs,0,PPVcorr_d1d2_cort,SMl,2,4,PFM3T7T02,PFM3T7T04,0.459312948918583
allsubs,0,PPVcorr_d1d2_cort,Aud,2,4,PFM3T7T02,PFM3T7T04,0.73722476585435
allsubs,0,PPVcorr_d1d2_cort,Tpole,2,4,PFM3T7T02,PFM3T7T04,0.646757042025978
allsubs,0,PPVcorr_d1d2_cort,MTL,2,4,PFM3T7T02,PFM3T7T04,0.672269616119178
allsubs,0,PPVcorr_d1d2_cort,PMN,2,4,PFM3T7T02,PFM3T7T04,0.604777954974611
allsubs,0,PPVcorr_d1d2_cort,PON,2,4,PFM3T7T02,PFM3T7T04,0.542590887370911
allsubs,0,PPVcorr_d1d2_cort,SCAN,2,4,PFM3T7T02,PFM3T7T04,0.530410282109416
allsubs,0,PPVcorr_bayes_cort,DMN,2,4,PFM3T7T02,PFM3T7T04,0.533176850525055
allsubs,0,PPVcorr_bayes_cort,Vis,2,4,PFM3T7T02,PFM3T7T04,0.876451990797589
allsubs,0,PPVcorr_bayes_cort,FP,2,4,PFM3T7T02,PFM3T7T04,0.678244853384623
allsubs,0,PPVcorr_bayes_cort,DAN,2,4,PFM3T7T02,PFM3T7T04,0.59746506833626
allsubs,0,PPVcorr_bayes_cort,VAN,2,4,PFM3T7T02,PFM3T7T04,0.546514137707749
allsubs,0,PPVcorr_bayes_cort,Sal,2,4,PFM3T7T02,PFM3T7T04,0.402325923745032
allsubs,0,PPVcorr_bayes_cort,AMN,2,4,PFM3T7T02,PFM3T7T04,0.637481195164
allsubs,0,PPVcorr_bayes_cort,SMd,2,4,PFM3T7T02,PFM3T7T04,0.56728374728243
allsubs,0,PPVcorr_bayes_cort,SMl,2,4,PFM3T7T02,PFM3T7T04,0.457799959948858
allsubs,0,PPVcorr_bayes_cort,Aud,2,4,PFM3T7T02,PFM3T7T04,0.741964526874944
allsubs,0,PPVcorr_bayes_cort,Tpole,2,4,PFM3T7T02,PFM3T7T04,0.662518887210026
allsubs,0,PPVcorr_bayes_cort,MTL,2,4,PFM3T7T02,PFM3T7T04,0.673349239302203
allsubs,0,PPVcorr_bayes_cort,PMN,2,4,PFM3T7T02,PFM3T7T04,0.604993371630579
allsubs,0,PPVcorr_bayes_cort,PON,2,4,PFM3T7T02,PFM3T7T04,0.547616029552904
allsubs,0,PPVcorr_bayes_cort,SCAN,2,4,PFM3T7T02,PFM3T7T04,0.524181993282127
allsubs,0,MCC_cort,DMN,2,4,PFM3T7T02,PFM3T7T04,0.560815148078252
allsubs,0,MCC_cort,Vis,2,4,PFM3T7T02,PFM3T7T04,0.824609699442315
allsubs,0,MCC_cort,FP,2,4,PFM3T7T02,PFM3T7T04,0.550389726892325
allsubs,0,MCC_cort,DAN,2,4,PFM3T7T02,PFM3T7T04,0.494659121861395
allsubs,0,MCC_cort,VAN,2,4,PFM3T7T02,PFM3T7T04,0.469897845558619
allsubs,0,MCC_cort,Sal,2,4,PFM3T7T02,PFM3T7T04,0.330538940422267
allsubs,0,MCC_cort,AMN,2,4,PFM3T7T02,PFM3T7T04,0.558622848490442
allsubs,0,MCC_cort,SMd,2,4,PFM3T7T02,PFM3T7T04,0.619303881945404
allsubs,0,MCC_cort,SMl,2,4,PFM3T7T02,PFM3T7T04,0.521411034212733
allsubs,0,MCC_cort,Aud,2,4,PFM3T7T02,PFM3T7T04,0.722238510856205
allsubs,0,MCC_cort,Tpole,2,4,PFM3T7T02,PFM3T7T04,0.449033716465783
allsubs,0,MCC_cort,MTL,2,4,PFM3T7T02,PFM3T7T04,0.535193775472865
allsubs,0,MCC_cort,PMN,2,4,PFM3T7T02,PFM3T7T04,0.450755481716947
allsubs,0,MCC_cort,PON,2,4,PFM3T7T02,PFM3T7T04,0.507769314442468
allsubs,0,MCC_cort,SCAN,2,4,PFM3T7T02,PFM3T7T04,0.540157744399315
allsubs,0,muI_cort,WholeBrainOrSingleVal,2,4,PFM3T7T02,PFM3T7T04,1.67168538722225
allsubs,0,VIn_cort,WholeBrainOrSingleVal,2,4,PFM3T7T02,PFM3T7T04,0.247669282040487
allsubs,0,MIn_cort,WholeBrainOrSingleVal,2,4,PFM3T7T02,PFM3T7T04,0.459821054933508
allsubs,0,DC_cort,DMN,3,1,PFM3T7T03,PFM3T7T01,0.639846958870196
allsubs,0,DC_cort,Vis,3,1,PFM3T7T03,PFM3T7T01,0.815078130785751
allsubs,0,DC_cort,FP,3,1,PFM3T7T03,PFM3T7T01,0.477784004483228
allsubs,0,DC_cort,DAN,3,1,PFM3T7T03,PFM3T7T01,0.508259787282191
allsubs,0,DC_cort,VAN,3,1,PFM3T7T03,PFM3T7T01,0.46903444583259
allsubs,0,DC_cort,Sal,3,1,PFM3T7T03,PFM3T7T01,0.456060606060606
allsubs,0,DC_cort,AMN,3,1,PFM3T7T03,PFM3T7T01,0.508979173779447
allsubs,0,DC_cort,SMd,3,1,PFM3T7T03,PFM3T7T01,0.593557002169922
allsubs,0,DC_cort,SMl,3,1,PFM3T7T03,PFM3T7T01,0.299301709607513
allsubs,0,DC_cort,Aud,3,1,PFM3T7T03,PFM3T7T01,0.503496503496504
allsubs,0,DC_cort,Tpole,3,1,PFM3T7T03,PFM3T7T01,0.320967741935484
allsubs,0,DC_cort,MTL,3,1,PFM3T7T03,PFM3T7T01,0.595709017767348
allsubs,0,DC_cort,PMN,3,1,PFM3T7T03,PFM3T7T01,0.463139635732871
allsubs,0,DC_cort,PON,3,1,PFM3T7T03,PFM3T7T01,0.550016291951776
allsubs,0,DC_cort,SCAN,3,1,PFM3T7T03,PFM3T7T01,0.505754088431254
allsubs,0,cDC_cort,DMN,3,1,PFM3T7T03,PFM3T7T01,0.639846958870196
allsubs,0,cDC_cort,Vis,3,1,PFM3T7T03,PFM3T7T01,0.815078130785751
allsubs,0,cDC_cort,FP,3,1,PFM3T7T03,PFM3T7T01,0.477784004483228
allsubs,0,cDC_cort,DAN,3,1,PFM3T7T03,PFM3T7T01,0.508259787282191
allsubs,0,cDC_cort,VAN,3,1,PFM3T7T03,PFM3T7T01,0.46903444583259
allsubs,0,cDC_cort,Sal,3,1,PFM3T7T03,PFM3T7T01,0.456060606060606
allsubs,0,cDC_cort,AMN,3,1,PFM3T7T03,PFM3T7T01,0.508979173779447
allsubs,0,cDC_cort,SMd,3,1,PFM3T7T03,PFM3T7T01,0.593557002169922
allsubs,0,cDC_cort,SMl,3,1,PFM3T7T03,PFM3T7T01,0.299301709607513
allsubs,0,cDC_cort,Aud,3,1,PFM3T7T03,PFM3T7T01,0.503496503496504
allsubs,0,cDC_cort,Tpole,3,1,PFM3T7T03,PFM3T7T01,0.320967741935484
allsubs,0,cDC_cort,MTL,3,1,PFM3T7T03,PFM3T7T01,0.595709017767348
allsubs,0,cDC_cort,PMN,3,1,PFM3T7T03,PFM3T7T01,0.463139635732871
allsubs,0,cDC_cort,PON,3,1,PFM3T7T03,PFM3T7T01,0.550016291951776
allsubs,0,cDC_cort,SCAN,3,1,PFM3T7T03,PFM3T7T01,0.505754088431254
allsubs,0,TP_cort,DMN,3,1,PFM3T7T03,PFM3T7T01,5686.0
allsubs,0,TP_cort,Vis,3,1,PFM3T7T03,PFM3T7T01,5503.0
allsubs,0,TP_cort,FP,3,1,PFM3T7T03,PFM3T7T01,2984.0
allsubs,0,TP_cort,DAN,3,1,PFM3T7T03,PFM3T7T01,3369.0
allsubs,0,TP_cort,VAN,3,1,PFM3T7T03,PFM3T7T01,1314.0
allsubs,0,TP_cort,Sal,3,1,PFM3T7T03,PFM3T7T01,602.0
allsubs,0,TP_cort,AMN,3,1,PFM3T7T03,PFM3T7T01,3727.0
allsubs,0,TP_cort,SMd,3,1,PFM3T7T03,PFM3T7T01,1778.0
allsubs,0,TP_cort,SMl,3,1,PFM3T7T03,PFM3T7T01,1243.0
allsubs,0,TP_cort,Aud,3,1,PFM3T7T03,PFM3T7T01,1908.0
allsubs,0,TP_cort,Tpole,3,1,PFM3T7T03,PFM3T7T01,199.0
allsubs,0,TP_cort,MTL,3,1,PFM3T7T03,PFM3T7T01,1777.0
allsubs,0,TP_cort,PMN,3,1,PFM3T7T03,PFM3T7T01,801.0
allsubs,0,TP_cort,PON,3,1,PFM3T7T03,PFM3T7T01,844.0
allsubs,0,TP_cort,SCAN,3,1,PFM3T7T03,PFM3T7T01,835.0
allsubs,0,TN_cort,DMN,3,1,PFM3T7T03,PFM3T7T01,47325.0
allsubs,0,TN_cort,Vis,3,1,PFM3T7T03,PFM3T7T01,51412.0
allsubs,0,TN_cort,FP,3,1,PFM3T7T03,PFM3T7T01,49905.0
allsubs,0,TN_cort,DAN,3,1,PFM3T7T03,PFM3T7T01,49524.0
allsubs,0,TN_cort,VAN,3,1,PFM3T7T03,PFM3T7T01,55123.0
allsubs,0,TN_cort,Sal,3,1,PFM3T7T03,PFM3T7T01,57374.0
allsubs,0,TN_cort,AMN,3,1,PFM3T7T03,PFM3T7T01,48494.0
allsubs,0,TN_cort,SMd,3,1,PFM3T7T03,PFM3T7T01,55199.0
allsubs,0,TN_cort,SMl,3,1,PFM3T7T03,PFM3T7T01,52349.0
allsubs,0,TN_cort,Aud,3,1,PFM3T7T03,PFM3T7T01,53741.0
allsubs,0,TN_cort,Tpole,3,1,PFM3T7T03,PFM3T7T01,58371.0
allsubs,0,TN_cort,MTL,3,1,PFM3T7T03,PFM3T7T01,55223.0
allsubs,0,TN_cort,PMN,3,1,PFM3T7T03,PFM3T7T01,56754.0
allsubs,0,TN_cort,PON,3,1,PFM3T7T03,PFM3T7T01,57187.0
allsubs,0,TN_cort,SCAN,3,1,PFM3T7T03,PFM3T7T01,56945.0
allsubs,0,FP_cort,DMN,3,1,PFM3T7T03,PFM3T7T01,3761.0
allsubs,0,FP_cort,Vis,3,1,PFM3T7T03,PFM3T7T01,788.0
allsubs,0,FP_cort,FP,3,1,PFM3T7T03,PFM3T7T01,2112.0
allsubs,0,FP_cort,DAN,3,1,PFM3T7T03,PFM3T7T01,2578.0
allsubs,0,FP_cort,VAN,3,1,PFM3T7T03,PFM3T7T01,1771.0
allsubs,0,FP_cort,Sal,3,1,PFM3T7T03,PFM3T7T01,417.0
allsubs,0,FP_cort,AMN,3,1,PFM3T7T03,PFM3T7T01,5381.0
allsubs,0,FP_cort,SMd,3,1,PFM3T7T03,PFM3T7T01,1253.0
allsubs,0,FP_cort,SMl,3,1,PFM3T7T03,PFM3T7T01,4840.0
allsubs,0,FP_cort,Aud,3,1,PFM3T7T03,PFM3T7T01,657.0
allsubs,0,FP_cort,Tpole,3,1,PFM3T7T03,PFM3T7T01,533.0
allsubs,0,FP_cort,MTL,3,1,PFM3T7T03,PFM3T7T01,911.0
allsubs,0,FP_cort,PMN,3,1,PFM3T7T03,PFM3T7T01,784.0
allsubs,0,FP_cort,PON,3,1,PFM3T7T03,PFM3T7T01,483.0
allsubs,0,FP_cort,SCAN,3,1,PFM3T7T03,PFM3T7T01,573.0
allsubs,0,FN_cort,DMN,3,1,PFM3T7T03,PFM3T7T01,2640.0
allsubs,0,FN_cort,Vis,3,1,PFM3T7T03,PFM3T7T01,1709.0
allsubs,0,FN_cort,FP,3,1,PFM3T7T03,PFM3T7T01,4411.0
allsubs,0,FN_cort,DAN,3,1,PFM3T7T03,PFM3T7T01,3941.0
allsubs,0,FN_cort,VAN,3,1,PFM3T7T03,PFM3T7T01,1204.0
allsubs,0,FN_cort,Sal,3,1,PFM3T7T03,PFM3T7T01,1019.0
allsubs,0,FN_cort,AMN,3,1,PFM3T7T03,PFM3T7T01,1810.0
allsubs,0,FN_cort,SMd,3,1,PFM3T7T03,PFM3T7T01,1182.0
allsubs,0,FN_cort,SMl,3,1,PFM3T7T03,PFM3T7T01,980.0
allsubs,0,FN_cort,Aud,3,1,PFM3T7T03,PFM3T7T01,3106.0
allsubs,0,FN_cort,Tpole,3,1,PFM3T7T03,PFM3T7T01,309.0
allsubs,0,FN_cort,MTL,3,1,PFM3T7T03,PFM3T7T01,1501.0
allsubs,0,FN_cort,PMN,3,1,PFM3T7T03,PFM3T7T01,1073.0
allsubs,0,FN_cort,PON,3,1,PFM3T7T03,PFM3T7T01,898.0
allsubs,0,FN_cort,SCAN,3,1,PFM3T7T03,PFM3T7T01,1059.0
allsubs,0,TPR_cort,DMN,3,1,PFM3T7T03,PFM3T7T01,0.682920970453999
allsubs,0,TPR_cort,Vis,3,1,PFM3T7T03,PFM3T7T01,0.763033832501387
allsubs,0,TPR_cort,FP,3,1,PFM3T7T03,PFM3T7T01,0.403515889114266
allsubs,0,TPR_cort,DAN,3,1,PFM3T7T03,PFM3T7T01,0.460875512995896
allsubs,0,TPR_cort,VAN,3,1,PFM3T7T03,PFM3T7T01,0.521842732327244
allsubs,0,TPR_cort,Sal,3,1,PFM3T7T03,PFM3T7T01,0.371375694016039
allsubs,0,TPR_cort,AMN,3,1,PFM3T7T03,PFM3T7T01,0.673108181325628
allsubs,0,TPR_cort,SMd,3,1,PFM3T7T03,PFM3T7T01,0.600675675675676
allsubs,0,TPR_cort,SMl,3,1,PFM3T7T03,PFM3T7T01,0.559154295996401
allsubs,0,TPR_cort,Aud,3,1,PFM3T7T03,PFM3T7T01,0.380534503390507
allsubs,0,TPR_cort,Tpole,3,1,PFM3T7T03,PFM3T7T01,0.391732283464567
allsubs,0,TPR_cort,MTL,3,1,PFM3T7T03,PFM3T7T01,0.542098840756559
allsubs,0,TPR_cort,PMN,3,1,PFM3T7T03,PFM3T7T01,0.427427961579509
allsubs,0,TPR_cort,PON,3,1,PFM3T7T03,PFM3T7T01,0.484500574052813
allsubs,0,TPR_cort,SCAN,3,1,PFM3T7T03,PFM3T7T01,0.440865892291447
allsubs,0,TNR_cort,DMN,3,1,PFM3T7T03,PFM3T7T01,0.926379047097052
allsubs,0,TNR_cort,Vis,3,1,PFM3T7T03,PFM3T7T01,0.984904214559387
allsubs,0,TNR_cort,FP,3,1,PFM3T7T03,PFM3T7T01,0.959397889151623
allsubs,0,TNR_cort,DAN,3,1,PFM3T7T03,PFM3T7T01,0.950520133584123
allsubs,0,TNR_cort,VAN,3,1,PFM3T7T03,PFM3T7T01,0.968871937286884
allsubs,0,TNR_cort,Sal,3,1,PFM3T7T03,PFM3T7T01,0.992784343582911
allsubs,0,TNR_cort,AMN,3,1,PFM3T7T03,PFM3T7T01,0.900120649651972
allsubs,0,TNR_cort,SMd,3,1,PFM3T7T03,PFM3T7T01,0.977804152200099
allsubs,0,TNR_cort,SMl,3,1,PFM3T7T03,PFM3T7T01,0.915368340065397
allsubs,0,TNR_cort,Aud,3,1,PFM3T7T03,PFM3T7T01,0.9879223500864
allsubs,0,TNR_cort,Tpole,3,1,PFM3T7T03,PFM3T7T01,0.990951378514193
allsubs,0,TNR_cort,MTL,3,1,PFM3T7T03,PFM3T7T01,0.983770976591727
allsubs,0,TNR_cort,PMN,3,1,PFM3T7T03,PFM3T7T01,0.98637422225312
allsubs,0,TNR_cort,PON,3,1,PFM3T7T03,PFM3T7T01,0.991624761574475
allsubs,0,TNR_cort,SCAN,3,1,PFM3T7T03,PFM3T7T01,0.990037901178761
allsubs,0,FPR_cort,DMN,3,1,PFM3T7T03,PFM3T7T01,0.073620952902948
allsubs,0,FPR_cort,Vis,3,1,PFM3T7T03,PFM3T7T01,0.015095785440613
allsubs,0,FPR_cort,FP,3,1,PFM3T7T03,PFM3T7T01,0.0406021108483765
allsubs,0,FPR_cort,DAN,3,1,PFM3T7T03,PFM3T7T01,0.0494798664158766
allsubs,0,FPR_cort,VAN,3,1,PFM3T7T03,PFM3T7T01,0.0311280627131156
allsubs,0,FPR_cort,Sal,3,1,PFM3T7T03,PFM3T7T01,0.0072156564170891
allsubs,0,FPR_cort,AMN,3,1,PFM3T7T03,PFM3T7T01,0.0998793503480278
allsubs,0,FPR_cort,SMd,3,1,PFM3T7T03,PFM3T7T01,0.0221958477999008
allsubs,0,FPR_cort,SMl,3,1,PFM3T7T03,PFM3T7T01,0.0846316599346028
allsubs,0,FPR_cort,Aud,3,1,PFM3T7T03,PFM3T7T01,0.0120776499135998
allsubs,0,FPR_cort,Tpole,3,1,PFM3T7T03,PFM3T7T01,0.0090486214858074
allsubs,0,FPR_cort,MTL,3,1,PFM3T7T03,PFM3T7T01,0.0162290234082731
allsubs,0,FPR_cort,PMN,3,1,PFM3T7T03,PFM3T7T01,0.0136257777468803
allsubs,0,FPR_cort,PON,3,1,PFM3T7T03,PFM3T7T01,0.0083752384255245
allsubs,0,FPR_cort,SCAN,3,1,PFM3T7T03,PFM3T7T01,0.0099620988212385
allsubs,0,FNR_cort,DMN,3,1,PFM3T7T03,PFM3T7T01,0.317079029546
allsubs,0,FNR_cort,Vis,3,1,PFM3T7T03,PFM3T7T01,0.236966167498613
allsubs,0,FNR_cort,FP,3,1,PFM3T7T03,PFM3T7T01,0.596484110885734
allsubs,0,FNR_cort,DAN,3,1,PFM3T7T03,PFM3T7T01,0.539124487004104
allsubs,0,FNR_cort,VAN,3,1,PFM3T7T03,PFM3T7T01,0.478157267672756
allsubs,0,FNR_cort,Sal,3,1,PFM3T7T03,PFM3T7T01,0.62862430598396
allsubs,0,FNR_cort,AMN,3,1,PFM3T7T03,PFM3T7T01,0.326891818674372
allsubs,0,FNR_cort,SMd,3,1,PFM3T7T03,PFM3T7T01,0.399324324324324
allsubs,0,FNR_cort,SMl,3,1,PFM3T7T03,PFM3T7T01,0.440845704003599
allsubs,0,FNR_cort,Aud,3,1,PFM3T7T03,PFM3T7T01,0.619465496609493
allsubs,0,FNR_cort,Tpole,3,1,PFM3T7T03,PFM3T7T01,0.608267716535433
allsubs,0,FNR_cort,MTL,3,1,PFM3T7T03,PFM3T7T01,0.457901159243441
allsubs,0,FNR_cort,PMN,3,1,PFM3T7T03,PFM3T7T01,0.572572038420491
allsubs,0,FNR_cort,PON,3,1,PFM3T7T03,PFM3T7T01,0.515499425947187
allsubs,0,FNR_cort,SCAN,3,1,PFM3T7T03,PFM3T7T01,0.559134107708553
allsubs,0,NPV_cort,DMN,3,1,PFM3T7T03,PFM3T7T01,0.947163014109877
allsubs,0,NPV_cort,Vis,3,1,PFM3T7T03,PFM3T7T01,0.967828165885431
allsubs,0,NPV_cort,FP,3,1,PFM3T7T03,PFM3T7T01,0.918790043449444
allsubs,0,NPV_cort,DAN,3,1,PFM3T7T03,PFM3T7T01,0.926288225942205
allsubs,0,NPV_cort,VAN,3,1,PFM3T7T03,PFM3T7T01,0.978624815807694
allsubs,0,NPV_cort,Sal,3,1,PFM3T7T03,PFM3T7T01,0.982549278166904
allsubs,0,NPV_cort,AMN,3,1,PFM3T7T03,PFM3T7T01,0.964018765903308
allsubs,0,NPV_cort,SMd,3,1,PFM3T7T03,PFM3T7T01,0.979035490679484
allsubs,0,NPV_cort,SMl,3,1,PFM3T7T03,PFM3T7T01,0.981623506909936
allsubs,0,NPV_cort,Aud,3,1,PFM3T7T03,PFM3T7T01,0.945362112336623
allsubs,0,NPV_cort,Tpole,3,1,PFM3T7T03,PFM3T7T01,0.994734151329243
allsubs,0,NPV_cort,MTL,3,1,PFM3T7T03,PFM3T7T01,0.973538537479726
allsubs,0,NPV_cort,PMN,3,1,PFM3T7T03,PFM3T7T01,0.981444653881405
allsubs,0,NPV_cort,PON,3,1,PFM3T7T03,PFM3T7T01,0.984539898424722
allsubs,0,NPV_cort,SCAN,3,1,PFM3T7T03,PFM3T7T01,0.981742638438728
allsubs,0,PPV_cort,DMN,3,1,PFM3T7T03,PFM3T7T01,0.601884196041071
allsubs,0,PPV_cort,Vis,3,1,PFM3T7T03,PFM3T7T01,0.874741694484184
allsubs,0,PPV_cort,FP,3,1,PFM3T7T03,PFM3T7T01,0.585557299843014
allsubs,0,PPV_cort,DAN,3,1,PFM3T7T03,PFM3T7T01,0.566504119724231
allsubs,0,PPV_cort,VAN,3,1,PFM3T7T03,PFM3T7T01,0.425931928687196
allsubs,0,PPV_cort,Sal,3,1,PFM3T7T03,PFM3T7T01,0.590775269872424
allsubs,0,PPV_cort,AMN,3,1,PFM3T7T03,PFM3T7T01,0.409200702678964
allsubs,0,PPV_cort,SMd,3,1,PFM3T7T03,PFM3T7T01,0.586605080831409
allsubs,0,PPV_cort,SMl,3,1,PFM3T7T03,PFM3T7T01,0.204339963833635
allsubs,0,PPV_cort,Aud,3,1,PFM3T7T03,PFM3T7T01,0.743859649122807
allsubs,0,PPV_cort,Tpole,3,1,PFM3T7T03,PFM3T7T01,0.271857923497268
allsubs,0,PPV_cort,MTL,3,1,PFM3T7T03,PFM3T7T01,0.66108630952381
allsubs,0,PPV_cort,PMN,3,1,PFM3T7T03,PFM3T7T01,0.505362776025237
allsubs,0,PPV_cort,PON,3,1,PFM3T7T03,PFM3T7T01,0.636021100226074
allsubs,0,PPV_cort,SCAN,3,1,PFM3T7T03,PFM3T7T01,0.593039772727273
allsubs,0,PPVcorr_Jeffreys_cort,DMN,3,1,PFM3T7T03,PFM3T7T01,0.593632047939609
allsubs,0,PPVcorr_Jeffreys_cort,Vis,3,1,PFM3T7T03,PFM3T7T01,0.836199766121902
allsubs,0,PPVcorr_Jeffreys_cort,FP,3,1,PFM3T7T03,PFM3T7T01,0.574715105817839
allsubs,0,PPVcorr_Jeffreys_cort,DAN,3,1,PFM3T7T03,PFM3T7T01,0.559224318658281
allsubs,0,PPVcorr_Jeffreys_cort,VAN,3,1,PFM3T7T03,PFM3T7T01,0.431521217933349
allsubs,0,PPVcorr_Jeffreys_cort,Sal,3,1,PFM3T7T03,PFM3T7T01,0.578316823300313
allsubs,0,PPVcorr_Jeffreys_cort,AMN,3,1,PFM3T7T03,PFM3T7T01,0.414404297380378
allsubs,0,PPVcorr_Jeffreys_cort,SMd,3,1,PFM3T7T03,PFM3T7T01,0.578899909828674
allsubs,0,PPVcorr_Jeffreys_cort,SMl,3,1,PFM3T7T03,PFM3T7T01,0.21476377016161
allsubs,0,PPVcorr_Jeffreys_cort,Aud,3,1,PFM3T7T03,PFM3T7T01,0.703985129141665
allsubs,0,PPVcorr_Jeffreys_cort,Tpole,3,1,PFM3T7T03,PFM3T7T01,0.286663260091978
allsubs,0,PPVcorr_Jeffreys_cort,MTL,3,1,PFM3T7T03,PFM3T7T01,0.643577160289144
allsubs,0,PPVcorr_Jeffreys_cort,PMN,3,1,PFM3T7T03,PFM3T7T01,0.504795757165425
allsubs,0,PPVcorr_Jeffreys_cort,PON,3,1,PFM3T7T03,PFM3T7T01,0.620237143618439
allsubs,0,PPVcorr_Jeffreys_cort,SCAN,3,1,PFM3T7T03,PFM3T7T01,0.582008263428071
allsubs,0,PPVcorr_d1d2_cort,DMN,3,1,PFM3T7T03,PFM3T7T01,0.607453272746796
allsubs,0,PPVcorr_d1d2_cort,Vis,3,1,PFM3T7T03,PFM3T7T01,0.87464480871472
allsubs,0,PPVcorr_d1d2_cort,FP,3,1,PFM3T7T03,PFM3T7T01,0.58753346673843
allsubs,0,PPVcorr_d1d2_cort,DAN,3,1,PFM3T7T03,PFM3T7T01,0.57057776275885
allsubs,0,PPVcorr_d1d2_cort,VAN,3,1,PFM3T7T03,PFM3T7T01,0.451041390874592
allsubs,0,PPVcorr_d1d2_cort,Sal,3,1,PFM3T7T03,PFM3T7T01,0.594073598748568
allsubs,0,PPVcorr_d1d2_cort,AMN,3,1,PFM3T7T03,PFM3T7T01,0.422629320011148
allsubs,0,PPVcorr_d1d2_cort,SMd,3,1,PFM3T7T03,PFM3T7T01,0.600542352697525
allsubs,0,PPVcorr_d1d2_cort,SMl,3,1,PFM3T7T03,PFM3T7T01,0.24533299260524
allsubs,0,PPVcorr_d1d2_cort,Aud,3,1,PFM3T7T03,PFM3T7T01,0.735055049163168
allsubs,0,PPVcorr_d1d2_cort,Tpole,3,1,PFM3T7T03,PFM3T7T01,0.412478377177643
allsubs,0,PPVcorr_d1d2_cort,MTL,3,1,PFM3T7T03,PFM3T7T01,0.666726862766674
allsubs,0,PPVcorr_d1d2_cort,PMN,3,1,PFM3T7T03,PFM3T7T01,0.525550677245341
allsubs,0,PPVcorr_d1d2_cort,PON,3,1,PFM3T7T03,PFM3T7T01,0.644731658449832
allsubs,0,PPVcorr_d1d2_cort,SCAN,3,1,PFM3T7T03,PFM3T7T01,0.602942359920029
allsubs,0,PPVcorr_bayes_cort,DMN,3,1,PFM3T7T03,PFM3T7T01,0.62435753170524
allsubs,0,PPVcorr_bayes_cort,Vis,3,1,PFM3T7T03,PFM3T7T01,0.874552806421549
allsubs,0,PPVcorr_bayes_cort,FP,3,1,PFM3T7T03,PFM3T7T01,0.592545845337724
allsubs,0,PPVcorr_bayes_cort,DAN,3,1,PFM3T7T03,PFM3T7T01,0.580795121564901
allsubs,0,PPVcorr_bayes_cort,VAN,3,1,PFM3T7T03,PFM3T7T01,0.457283850680283
allsubs,0,PPVcorr_bayes_cort,Sal,3,1,PFM3T7T03,PFM3T7T01,0.593478951909541
allsubs,0,PPVcorr_bayes_cort,AMN,3,1,PFM3T7T03,PFM3T7T01,0.44566022256908
allsubs,0,PPVcorr_bayes_cort,SMd,3,1,PFM3T7T03,PFM3T7T01,0.606933962264151
allsubs,0,PPVcorr_bayes_cort,SMl,3,1,PFM3T7T03,PFM3T7T01,0.249816388626587
allsubs,0,PPVcorr_bayes_cort,Aud,3,1,PFM3T7T03,PFM3T7T01,0.723097951503533
allsubs,0,PPVcorr_bayes_cort,Tpole,3,1,PFM3T7T03,PFM3T7T01,0.311313291139241
allsubs,0,PPVcorr_bayes_cort,MTL,3,1,PFM3T7T03,PFM3T7T01,0.670160187879
allsubs,0,PPVcorr_bayes_cort,PMN,3,1,PFM3T7T03,PFM3T7T01,0.524349586235637
allsubs,0,PPVcorr_bayes_cort,PON,3,1,PFM3T7T03,PFM3T7T01,0.643664758674299
allsubs,0,PPVcorr_bayes_cort,SCAN,3,1,PFM3T7T03,PFM3T7T01,0.602447296668218
allsubs,0,MCC_cort,DMN,3,1,PFM3T7T03,PFM3T7T01,0.578389552794074
allsubs,0,MCC_cort,Vis,3,1,PFM3T7T03,PFM3T7T01,0.793845108240341
allsubs,0,MCC_cort,FP,3,1,PFM3T7T03,PFM3T7T01,0.427825431587032
allsubs,0,MCC_cort,DAN,3,1,PFM3T7T03,PFM3T7T01,0.450258398783552
allsubs,0,MCC_cort,VAN,3,1,PFM3T7T03,PFM3T7T01,0.445557997588392
allsubs,0,MCC_cort,Sal,3,1,PFM3T7T03,PFM3T7T01,0.456926568466316
allsubs,0,MCC_cort,AMN,3,1,PFM3T7T03,PFM3T7T01,0.462536657653744
allsubs,0,MCC_cort,SMd,3,1,PFM3T7T03,PFM3T7T01,0.572024178201565
allsubs,0,MCC_cort,SMl,3,1,PFM3T7T03,PFM3T7T01,0.297058708588791
allsubs,0,MCC_cort,Aud,3,1,PFM3T7T03,PFM3T7T01,0.50393301298402
allsubs,0,MCC_cort,Tpole,3,1,PFM3T7T03,PFM3T7T01,0.319406373526147
allsubs,0,MCC_cort,MTL,3,1,PFM3T7T03,PFM3T7T01,0.577693735796428
allsubs,0,MCC_cort,PMN,3,1,PFM3T7T03,PFM3T7T01,0.448822879988663
allsubs,0,MCC_cort,PON,3,1,PFM3T7T03,PFM3T7T01,0.543566751889605
allsubs,0,MCC_cort,SCAN,3,1,PFM3T7T03,PFM3T7T01,0.497670494796891
allsubs,0,muI_cort,WholeBrainOrSingleVal,3,1,PFM3T7T03,PFM3T7T01,1.50152041905466
allsubs,0,VIn_cort,WholeBrainOrSingleVal,3,1,PFM3T7T03,PFM3T7T01,0.263062062407943
allsubs,0,MIn_cort,WholeBrainOrSingleVal,3,1,PFM3T7T03,PFM3T7T01,0.41855383886014
allsubs,0,DC_cort,DMN,3,2,PFM3T7T03,PFM3T7T02,0.666783769541542
allsubs,0,DC_cort,Vis,3,2,PFM3T7T03,PFM3T7T02,0.865360303413401
allsubs,0,DC_cort,FP,3,2,PFM3T7T03,PFM3T7T02,0.52698006219133
allsubs,0,DC_cort,DAN,3,2,PFM3T7T03,PFM3T7T02,0.590921545346607
allsubs,0,DC_cort,VAN,3,2,PFM3T7T03,PFM3T7T02,0.484249084249084
allsubs,0,DC_cort,Sal,3,2,PFM3T7T03,PFM3T7T02,0.394982652788898
allsubs,0,DC_cort,AMN,3,2,PFM3T7T03,PFM3T7T02,0.541992053705987
allsubs,0,DC_cort,SMd,3,2,PFM3T7T03,PFM3T7T02,0.737545226829947
allsubs,0,DC_cort,SMl,3,2,PFM3T7T03,PFM3T7T02,0.432047477744807
allsubs,0,DC_cort,Aud,3,2,PFM3T7T03,PFM3T7T02,0.583167254330829
allsubs,0,DC_cort,Tpole,3,2,PFM3T7T03,PFM3T7T02,0.311781609195402
allsubs,0,DC_cort,MTL,3,2,PFM3T7T03,PFM3T7T02,0.629655412460842
allsubs,0,DC_cort,PMN,3,2,PFM3T7T03,PFM3T7T02,0.481998530492285
allsubs,0,DC_cort,PON,3,2,PFM3T7T03,PFM3T7T02,0.543449724337096
allsubs,0,DC_cort,SCAN,3,2,PFM3T7T03,PFM3T7T02,0.469597370583402
allsubs,0,cDC_cort,DMN,3,2,PFM3T7T03,PFM3T7T02,0.666783769541542
allsubs,0,cDC_cort,Vis,3,2,PFM3T7T03,PFM3T7T02,0.865360303413401
allsubs,0,cDC_cort,FP,3,2,PFM3T7T03,PFM3T7T02,0.52698006219133
allsubs,0,cDC_cort,DAN,3,2,PFM3T7T03,PFM3T7T02,0.590921545346607
allsubs,0,cDC_cort,VAN,3,2,PFM3T7T03,PFM3T7T02,0.484249084249084
allsubs,0,cDC_cort,Sal,3,2,PFM3T7T03,PFM3T7T02,0.394982652788898
allsubs,0,cDC_cort,AMN,3,2,PFM3T7T03,PFM3T7T02,0.541992053705987
allsubs,0,cDC_cort,SMd,3,2,PFM3T7T03,PFM3T7T02,0.737545226829947
allsubs,0,cDC_cort,SMl,3,2,PFM3T7T03,PFM3T7T02,0.432047477744807
allsubs,0,cDC_cort,Aud,3,2,PFM3T7T03,PFM3T7T02,0.583167254330829
allsubs,0,cDC_cort,Tpole,3,2,PFM3T7T03,PFM3T7T02,0.311781609195402
allsubs,0,cDC_cort,MTL,3,2,PFM3T7T03,PFM3T7T02,0.629655412460842
allsubs,0,cDC_cort,PMN,3,2,PFM3T7T03,PFM3T7T02,0.481998530492285
allsubs,0,cDC_cort,PON,3,2,PFM3T7T03,PFM3T7T02,0.543449724337096
allsubs,0,cDC_cort,SCAN,3,2,PFM3T7T03,PFM3T7T02,0.469597370583402
allsubs,0,TP_cort,DMN,3,2,PFM3T7T03,PFM3T7T02,5694.0
allsubs,0,TP_cort,Vis,3,2,PFM3T7T03,PFM3T7T02,5476.0
allsubs,0,TP_cort,FP,3,2,PFM3T7T03,PFM3T7T02,2881.0
allsubs,0,TP_cort,DAN,3,2,PFM3T7T03,PFM3T7T02,3235.0
allsubs,0,TP_cort,VAN,3,2,PFM3T7T03,PFM3T7T02,1983.0
allsubs,0,TP_cort,Sal,3,2,PFM3T7T03,PFM3T7T02,740.0
allsubs,0,TP_cort,AMN,3,2,PFM3T7T03,PFM3T7T02,3956.0
allsubs,0,TP_cort,SMd,3,2,PFM3T7T03,PFM3T7T02,2650.0
allsubs,0,TP_cort,SMl,3,2,PFM3T7T03,PFM3T7T02,1820.0
allsubs,0,TP_cort,Aud,3,2,PFM3T7T03,PFM3T7T02,1902.0
allsubs,0,TP_cort,Tpole,3,2,PFM3T7T03,PFM3T7T02,217.0
allsubs,0,TP_cort,MTL,3,2,PFM3T7T03,PFM3T7T02,1809.0
allsubs,0,TP_cort,PMN,3,2,PFM3T7T03,PFM3T7T02,656.0
allsubs,0,TP_cort,PON,3,2,PFM3T7T03,PFM3T7T02,1035.0
allsubs,0,TP_cort,SCAN,3,2,PFM3T7T03,PFM3T7T02,1143.0
allsubs,0,TN_cort,DMN,3,2,PFM3T7T03,PFM3T7T02,48027.0
allsubs,0,TN_cort,Vis,3,2,PFM3T7T03,PFM3T7T02,52232.0
allsubs,0,TN_cort,FP,3,2,PFM3T7T03,PFM3T7T02,51359.0
allsubs,0,TN_cort,DAN,3,2,PFM3T7T03,PFM3T7T02,51698.0
allsubs,0,TN_cort,VAN,3,2,PFM3T7T03,PFM3T7T02,53205.0
allsubs,0,TN_cort,Sal,3,2,PFM3T7T03,PFM3T7T02,56405.0
allsubs,0,TN_cort,AMN,3,2,PFM3T7T03,PFM3T7T02,48770.0
allsubs,0,TN_cort,SMd,3,2,PFM3T7T03,PFM3T7T02,54876.0
allsubs,0,TN_cort,SMl,3,2,PFM3T7T03,PFM3T7T02,52807.0
allsubs,0,TN_cort,Aud,3,2,PFM3T7T03,PFM3T7T02,54791.0
allsubs,0,TN_cort,Tpole,3,2,PFM3T7T03,PFM3T7T02,58237.0
allsubs,0,TN_cort,MTL,3,2,PFM3T7T03,PFM3T7T02,55475.0
allsubs,0,TN_cort,PMN,3,2,PFM3T7T03,PFM3T7T02,57346.0
allsubs,0,TN_cort,PON,3,2,PFM3T7T03,PFM3T7T02,56638.0
allsubs,0,TN_cort,SCAN,3,2,PFM3T7T03,PFM3T7T02,55687.0
allsubs,0,FP_cort,DMN,3,2,PFM3T7T03,PFM3T7T02,3753.0
allsubs,0,FP_cort,Vis,3,2,PFM3T7T03,PFM3T7T02,815.0
allsubs,0,FP_cort,FP,3,2,PFM3T7T03,PFM3T7T02,2215.0
allsubs,0,FP_cort,DAN,3,2,PFM3T7T03,PFM3T7T02,2712.0
allsubs,0,FP_cort,VAN,3,2,PFM3T7T03,PFM3T7T02,1102.0
allsubs,0,FP_cort,Sal,3,2,PFM3T7T03,PFM3T7T02,279.0
allsubs,0,FP_cort,AMN,3,2,PFM3T7T03,PFM3T7T02,5152.0
allsubs,0,FP_cort,SMd,3,2,PFM3T7T03,PFM3T7T02,381.0
allsubs,0,FP_cort,SMl,3,2,PFM3T7T03,PFM3T7T02,4263.0
allsubs,0,FP_cort,Aud,3,2,PFM3T7T03,PFM3T7T02,663.0
allsubs,0,FP_cort,Tpole,3,2,PFM3T7T03,PFM3T7T02,515.0
allsubs,0,FP_cort,MTL,3,2,PFM3T7T03,PFM3T7T02,879.0
allsubs,0,FP_cort,PMN,3,2,PFM3T7T03,PFM3T7T02,929.0
allsubs,0,FP_cort,PON,3,2,PFM3T7T03,PFM3T7T02,292.0
allsubs,0,FP_cort,SCAN,3,2,PFM3T7T03,PFM3T7T02,265.0
allsubs,0,FN_cort,DMN,3,2,PFM3T7T03,PFM3T7T02,1938.0
allsubs,0,FN_cort,Vis,3,2,PFM3T7T03,PFM3T7T02,889.0
allsubs,0,FN_cort,FP,3,2,PFM3T7T03,PFM3T7T02,2957.0
allsubs,0,FN_cort,DAN,3,2,PFM3T7T03,PFM3T7T02,1767.0
allsubs,0,FN_cort,VAN,3,2,PFM3T7T03,PFM3T7T02,3122.0
allsubs,0,FN_cort,Sal,3,2,PFM3T7T03,PFM3T7T02,1988.0
allsubs,0,FN_cort,AMN,3,2,PFM3T7T03,PFM3T7T02,1534.0
allsubs,0,FN_cort,SMd,3,2,PFM3T7T03,PFM3T7T02,1505.0
allsubs,0,FN_cort,SMl,3,2,PFM3T7T03,PFM3T7T02,522.0
allsubs,0,FN_cort,Aud,3,2,PFM3T7T03,PFM3T7T02,2056.0
allsubs,0,FN_cort,Tpole,3,2,PFM3T7T03,PFM3T7T02,443.0
allsubs,0,FN_cort,MTL,3,2,PFM3T7T03,PFM3T7T02,1249.0
allsubs,0,FN_cort,PMN,3,2,PFM3T7T03,PFM3T7T02,481.0
allsubs,0,FN_cort,PON,3,2,PFM3T7T03,PFM3T7T02,1447.0
allsubs,0,FN_cort,SCAN,3,2,PFM3T7T03,PFM3T7T02,2317.0
allsubs,0,TPR_cort,DMN,3,2,PFM3T7T03,PFM3T7T02,0.746069182389937
allsubs,0,TPR_cort,Vis,3,2,PFM3T7T03,PFM3T7T02,0.860329929300864
allsubs,0,TPR_cort,FP,3,2,PFM3T7T03,PFM3T7T02,0.493490921548476
allsubs,0,TPR_cort,DAN,3,2,PFM3T7T03,PFM3T7T02,0.646741303478609
allsubs,0,TPR_cort,VAN,3,2,PFM3T7T03,PFM3T7T02,0.388442703232125
allsubs,0,TPR_cort,Sal,3,2,PFM3T7T03,PFM3T7T02,0.271260997067449
allsubs,0,TPR_cort,AMN,3,2,PFM3T7T03,PFM3T7T02,0.720582877959927
allsubs,0,TPR_cort,SMd,3,2,PFM3T7T03,PFM3T7T02,0.637785800240674
allsubs,0,TPR_cort,SMl,3,2,PFM3T7T03,PFM3T7T02,0.777113578138343
allsubs,0,TPR_cort,Aud,3,2,PFM3T7T03,PFM3T7T02,0.480545730166751
allsubs,0,TPR_cort,Tpole,3,2,PFM3T7T03,PFM3T7T02,0.328787878787879
allsubs,0,TPR_cort,MTL,3,2,PFM3T7T03,PFM3T7T02,0.591563113145847
allsubs,0,TPR_cort,PMN,3,2,PFM3T7T03,PFM3T7T02,0.576956904133685
allsubs,0,TPR_cort,PON,3,2,PFM3T7T03,PFM3T7T02,0.417002417405318
allsubs,0,TPR_cort,SCAN,3,2,PFM3T7T03,PFM3T7T02,0.330346820809249
allsubs,0,TNR_cort,DMN,3,2,PFM3T7T03,PFM3T7T02,0.927520278099652
allsubs,0,TNR_cort,Vis,3,2,PFM3T7T03,PFM3T7T02,0.984636265952834
allsubs,0,TNR_cort,FP,3,2,PFM3T7T03,PFM3T7T02,0.958655317878075
allsubs,0,TNR_cort,DAN,3,2,PFM3T7T03,PFM3T7T02,0.950156221282852
allsubs,0,TNR_cort,VAN,3,2,PFM3T7T03,PFM3T7T02,0.979707956617011
allsubs,0,TNR_cort,Sal,3,2,PFM3T7T03,PFM3T7T02,0.995077976148472
allsubs,0,TNR_cort,AMN,3,2,PFM3T7T03,PFM3T7T02,0.904454582545158
allsubs,0,TNR_cort,SMd,3,2,PFM3T7T03,PFM3T7T02,0.993104945979695
allsubs,0,TNR_cort,SMl,3,2,PFM3T7T03,PFM3T7T02,0.925302260381987
allsubs,0,TNR_cort,Aud,3,2,PFM3T7T03,PFM3T7T02,0.988044144696505
allsubs,0,TNR_cort,Tpole,3,2,PFM3T7T03,PFM3T7T02,0.991234340958606
allsubs,0,TNR_cort,MTL,3,2,PFM3T7T03,PFM3T7T02,0.984402171984243
allsubs,0,TNR_cort,PMN,3,2,PFM3T7T03,PFM3T7T02,0.984058344058344
allsubs,0,TNR_cort,PON,3,2,PFM3T7T03,PFM3T7T02,0.99487089408045
allsubs,0,TNR_cort,SCAN,3,2,PFM3T7T03,PFM3T7T02,0.995263797540749
allsubs,0,FPR_cort,DMN,3,2,PFM3T7T03,PFM3T7T02,0.0724797219003476
allsubs,0,FPR_cort,Vis,3,2,PFM3T7T03,PFM3T7T02,0.0153637340471657
allsubs,0,FPR_cort,FP,3,2,PFM3T7T03,PFM3T7T02,0.0413446821219248
allsubs,0,FPR_cort,DAN,3,2,PFM3T7T03,PFM3T7T02,0.0498437787171476
allsubs,0,FPR_cort,VAN,3,2,PFM3T7T03,PFM3T7T02,0.0202920433829893
allsubs,0,FPR_cort,Sal,3,2,PFM3T7T03,PFM3T7T02,0.0049220238515277
allsubs,0,FPR_cort,AMN,3,2,PFM3T7T03,PFM3T7T02,0.0955454174548422
allsubs,0,FPR_cort,SMd,3,2,PFM3T7T03,PFM3T7T02,0.0068950540203051
allsubs,0,FPR_cort,SMl,3,2,PFM3T7T03,PFM3T7T02,0.074697739618013
allsubs,0,FPR_cort,Aud,3,2,PFM3T7T03,PFM3T7T02,0.0119558553034948
allsubs,0,FPR_cort,Tpole,3,2,PFM3T7T03,PFM3T7T02,0.0087656590413943
allsubs,0,FPR_cort,MTL,3,2,PFM3T7T03,PFM3T7T02,0.0155978280157575
allsubs,0,FPR_cort,PMN,3,2,PFM3T7T03,PFM3T7T02,0.0159416559416559
allsubs,0,FPR_cort,PON,3,2,PFM3T7T03,PFM3T7T02,0.0051291059195503
allsubs,0,FPR_cort,SCAN,3,2,PFM3T7T03,PFM3T7T02,0.0047362024592507
allsubs,0,FNR_cort,DMN,3,2,PFM3T7T03,PFM3T7T02,0.253930817610063
allsubs,0,FNR_cort,Vis,3,2,PFM3T7T03,PFM3T7T02,0.139670070699136
allsubs,0,FNR_cort,FP,3,2,PFM3T7T03,PFM3T7T02,0.506509078451524
allsubs,0,FNR_cort,DAN,3,2,PFM3T7T03,PFM3T7T02,0.353258696521391
allsubs,0,FNR_cort,VAN,3,2,PFM3T7T03,PFM3T7T02,0.611557296767875
allsubs,0,FNR_cort,Sal,3,2,PFM3T7T03,PFM3T7T02,0.728739002932551
allsubs,0,FNR_cort,AMN,3,2,PFM3T7T03,PFM3T7T02,0.279417122040073
allsubs,0,FNR_cort,SMd,3,2,PFM3T7T03,PFM3T7T02,0.362214199759326
allsubs,0,FNR_cort,SMl,3,2,PFM3T7T03,PFM3T7T02,0.222886421861657
allsubs,0,FNR_cort,Aud,3,2,PFM3T7T03,PFM3T7T02,0.519454269833249
allsubs,0,FNR_cort,Tpole,3,2,PFM3T7T03,PFM3T7T02,0.671212121212121
allsubs,0,FNR_cort,MTL,3,2,PFM3T7T03,PFM3T7T02,0.408436886854153
allsubs,0,FNR_cort,PMN,3,2,PFM3T7T03,PFM3T7T02,0.423043095866315
allsubs,0,FNR_cort,PON,3,2,PFM3T7T03,PFM3T7T02,0.582997582594682
allsubs,0,FNR_cort,SCAN,3,2,PFM3T7T03,PFM3T7T02,0.669653179190751
allsubs,0,NPV_cort,DMN,3,2,PFM3T7T03,PFM3T7T02,0.961212848994296
allsubs,0,NPV_cort,Vis,3,2,PFM3T7T03,PFM3T7T02,0.983264622277442
allsubs,0,NPV_cort,FP,3,2,PFM3T7T03,PFM3T7T02,0.945559319537521
allsubs,0,NPV_cort,DAN,3,2,PFM3T7T03,PFM3T7T02,0.966950341344805
allsubs,0,NPV_cort,VAN,3,2,PFM3T7T03,PFM3T7T02,0.944573650292045
allsubs,0,NPV_cort,Sal,3,2,PFM3T7T03,PFM3T7T02,0.965954823352114
allsubs,0,NPV_cort,AMN,3,2,PFM3T7T03,PFM3T7T02,0.969505407124682
allsubs,0,NPV_cort,SMd,3,2,PFM3T7T03,PFM3T7T02,0.97330661038293
allsubs,0,NPV_cort,SMl,3,2,PFM3T7T03,PFM3T7T02,0.990211704701007
allsubs,0,NPV_cort,Aud,3,2,PFM3T7T03,PFM3T7T02,0.963832744032227
allsubs,0,NPV_cort,Tpole,3,2,PFM3T7T03,PFM3T7T02,0.99245057941377
allsubs,0,NPV_cort,MTL,3,2,PFM3T7T03,PFM3T7T02,0.977981101473803
allsubs,0,NPV_cort,PMN,3,2,PFM3T7T03,PFM3T7T02,0.991682086222699
allsubs,0,NPV_cort,PON,3,2,PFM3T7T03,PFM3T7T02,0.975088232762331
allsubs,0,NPV_cort,SCAN,3,2,PFM3T7T03,PFM3T7T02,0.960054479001448
allsubs,0,PPV_cort,DMN,3,2,PFM3T7T03,PFM3T7T02,0.602731025722452
allsubs,0,PPV_cort,Vis,3,2,PFM3T7T03,PFM3T7T02,0.870449848990621
allsubs,0,PPV_cort,FP,3,2,PFM3T7T03,PFM3T7T02,0.565345368916798
allsubs,0,PPV_cort,DAN,3,2,PFM3T7T03,PFM3T7T02,0.543971750462418
allsubs,0,PPV_cort,VAN,3,2,PFM3T7T03,PFM3T7T02,0.642787682333874
allsubs,0,PPV_cort,Sal,3,2,PFM3T7T03,PFM3T7T02,0.726202158979392
allsubs,0,PPV_cort,AMN,3,2,PFM3T7T03,PFM3T7T02,0.434343434343434
allsubs,0,PPV_cort,SMd,3,2,PFM3T7T03,PFM3T7T02,0.874298911250412
allsubs,0,PPV_cort,SMl,3,2,PFM3T7T03,PFM3T7T02,0.299194476409666
allsubs,0,PPV_cort,Aud,3,2,PFM3T7T03,PFM3T7T02,0.741520467836257
allsubs,0,PPV_cort,Tpole,3,2,PFM3T7T03,PFM3T7T02,0.296448087431694
allsubs,0,PPV_cort,MTL,3,2,PFM3T7T03,PFM3T7T02,0.672991071428571
allsubs,0,PPV_cort,PMN,3,2,PFM3T7T03,PFM3T7T02,0.413880126182965
allsubs,0,PPV_cort,PON,3,2,PFM3T7T03,PFM3T7T02,0.779954785229842
allsubs,0,PPV_cort,SCAN,3,2,PFM3T7T03,PFM3T7T02,0.811789772727273
allsubs,0,PPVcorr_Jeffreys_cort,DMN,3,2,PFM3T7T03,PFM3T7T02,0.595052006816713
allsubs,0,PPVcorr_Jeffreys_cort,Vis,3,2,PFM3T7T03,PFM3T7T02,0.836412847347528
allsubs,0,PPVcorr_Jeffreys_cort,FP,3,2,PFM3T7T03,PFM3T7T02,0.558628824958625
allsubs,0,PPVcorr_Jeffreys_cort,DAN,3,2,PFM3T7T03,PFM3T7T02,0.540560243206353
allsubs,0,PPVcorr_Jeffreys_cort,VAN,3,2,PFM3T7T03,PFM3T7T02,0.622514253928522
allsubs,0,PPVcorr_Jeffreys_cort,Sal,3,2,PFM3T7T03,PFM3T7T02,0.678433193992878
allsubs,0,PPVcorr_Jeffreys_cort,AMN,3,2,PFM3T7T03,PFM3T7T02,0.438076007041524
allsubs,0,PPVcorr_Jeffreys_cort,SMd,3,2,PFM3T7T03,PFM3T7T02,0.829174524880313
allsubs,0,PPVcorr_Jeffreys_cort,SMl,3,2,PFM3T7T03,PFM3T7T02,0.306639017286139
allsubs,0,PPVcorr_Jeffreys_cort,Aud,3,2,PFM3T7T03,PFM3T7T02,0.709233990813294
allsubs,0,PPVcorr_Jeffreys_cort,Tpole,3,2,PFM3T7T03,PFM3T7T02,0.31328320802005
allsubs,0,PPVcorr_Jeffreys_cort,MTL,3,2,PFM3T7T03,PFM3T7T02,0.655320996726568
allsubs,0,PPVcorr_Jeffreys_cort,PMN,3,2,PFM3T7T03,PFM3T7T02,0.419644433978925
allsubs,0,PPVcorr_Jeffreys_cort,PON,3,2,PFM3T7T03,PFM3T7T02,0.735843067546978
allsubs,0,PPVcorr_Jeffreys_cort,SCAN,3,2,PFM3T7T03,PFM3T7T02,0.750285062713797
allsubs,0,PPVcorr_d1d2_cort,DMN,3,2,PFM3T7T03,PFM3T7T02,0.609371747647767
allsubs,0,PPVcorr_d1d2_cort,Vis,3,2,PFM3T7T03,PFM3T7T02,0.872236763452352
allsubs,0,PPVcorr_d1d2_cort,FP,3,2,PFM3T7T03,PFM3T7T02,0.571250753870638
allsubs,0,PPVcorr_d1d2_cort,DAN,3,2,PFM3T7T03,PFM3T7T02,0.55462838012943
allsubs,0,PPVcorr_d1d2_cort,VAN,3,2,PFM3T7T03,PFM3T7T02,0.641535138119577
allsubs,0,PPVcorr_d1d2_cort,Sal,3,2,PFM3T7T03,PFM3T7T02,0.69451193967323
allsubs,0,PPVcorr_d1d2_cort,AMN,3,2,PFM3T7T03,PFM3T7T02,0.447649216999051
allsubs,0,PPVcorr_d1d2_cort,SMd,3,2,PFM3T7T03,PFM3T7T02,0.869555637009681
allsubs,0,PPVcorr_d1d2_cort,SMl,3,2,PFM3T7T03,PFM3T7T02,0.33638992060169
allsubs,0,PPVcorr_d1d2_cort,Aud,3,2,PFM3T7T03,PFM3T7T02,0.737924027494999
allsubs,0,PPVcorr_d1d2_cort,Tpole,3,2,PFM3T7T03,PFM3T7T02,0.394248608534323
allsubs,0,PPVcorr_d1d2_cort,MTL,3,2,PFM3T7T03,PFM3T7T02,0.680315736328438
allsubs,0,PPVcorr_d1d2_cort,PMN,3,2,PFM3T7T03,PFM3T7T02,0.472065204576777
allsubs,0,PPVcorr_d1d2_cort,PON,3,2,PFM3T7T03,PFM3T7T02,0.762580495534233
allsubs,0,PPVcorr_d1d2_cort,SCAN,3,2,PFM3T7T03,PFM3T7T02,0.784753904319746
allsubs,0,PPVcorr_bayes_cort,DMN,3,2,PFM3T7T03,PFM3T7T02,0.627375478147636
allsubs,0,PPVcorr_bayes_cort,Vis,3,2,PFM3T7T03,PFM3T7T02,0.876071252978329
allsubs,0,PPVcorr_bayes_cort,FP,3,2,PFM3T7T03,PFM3T7T02,0.581992614448218
allsubs,0,PPVcorr_bayes_cort,DAN,3,2,PFM3T7T03,PFM3T7T02,0.569989190235717
allsubs,0,PPVcorr_bayes_cort,VAN,3,2,PFM3T7T03,PFM3T7T02,0.639805462027684
allsubs,0,PPVcorr_bayes_cort,Sal,3,2,PFM3T7T03,PFM3T7T02,0.684408509166378
allsubs,0,PPVcorr_bayes_cort,AMN,3,2,PFM3T7T03,PFM3T7T02,0.470176373421431
allsubs,0,PPVcorr_bayes_cort,SMd,3,2,PFM3T7T03,PFM3T7T02,0.864896982791882
allsubs,0,PPVcorr_bayes_cort,SMl,3,2,PFM3T7T03,PFM3T7T02,0.342624695618519
allsubs,0,PPVcorr_bayes_cort,Aud,3,2,PFM3T7T03,PFM3T7T02,0.734740764861247
allsubs,0,PPVcorr_bayes_cort,Tpole,3,2,PFM3T7T03,PFM3T7T02,0.331723237597911
allsubs,0,PPVcorr_bayes_cort,MTL,3,2,PFM3T7T03,PFM3T7T02,0.684014215841514
allsubs,0,PPVcorr_bayes_cort,PMN,3,2,PFM3T7T03,PFM3T7T02,0.447849773259884
allsubs,0,PPVcorr_bayes_cort,PON,3,2,PFM3T7T03,PFM3T7T02,0.758797603470835
allsubs,0,PPVcorr_bayes_cort,SCAN,3,2,PFM3T7T03,PFM3T7T02,0.7673198482933
allsubs,0,MCC_cort,DMN,3,2,PFM3T7T03,PFM3T7T02,0.616333229930743
allsubs,0,MCC_cort,Vis,3,2,PFM3T7T03,PFM3T7T02,0.849329069689952
allsubs,0,MCC_cort,FP,3,2,PFM3T7T03,PFM3T7T02,0.480628373683882
allsubs,0,MCC_cort,DAN,3,2,PFM3T7T03,PFM3T7T02,0.552239198124942
allsubs,0,MCC_cort,VAN,3,2,PFM3T7T03,PFM3T7T02,0.465013399996279
allsubs,0,MCC_cort,Sal,3,2,PFM3T7T03,PFM3T7T02,0.42935810226244
allsubs,0,MCC_cort,AMN,3,2,PFM3T7T03,PFM3T7T02,0.502414822929372
allsubs,0,MCC_cort,SMd,3,2,PFM3T7T03,PFM3T7T02,0.731263618706527
allsubs,0,MCC_cort,SMl,3,2,PFM3T7T03,PFM3T7T02,0.450869698890733
allsubs,0,MCC_cort,Aud,3,2,PFM3T7T03,PFM3T7T02,0.5749098827502
allsubs,0,MCC_cort,Tpole,3,2,PFM3T7T03,PFM3T7T02,0.304062481483141
allsubs,0,MCC_cort,MTL,3,2,PFM3T7T03,PFM3T7T02,0.612321298974215
allsubs,0,MCC_cort,PMN,3,2,PFM3T7T03,PFM3T7T02,0.476997468808873
allsubs,0,MCC_cort,PON,3,2,PFM3T7T03,PFM3T7T02,0.557657662132105
allsubs,0,MCC_cort,SCAN,3,2,PFM3T7T03,PFM3T7T02,0.50131894446079
allsubs,0,muI_cort,WholeBrainOrSingleVal,3,2,PFM3T7T03,PFM3T7T02,1.72012883809917
allsubs,0,VIn_cort,WholeBrainOrSingleVal,3,2,PFM3T7T03,PFM3T7T02,0.242443131418028
allsubs,0,MIn_cort,WholeBrainOrSingleVal,3,2,PFM3T7T03,PFM3T7T02,0.472236323272836
allsubs,0,DC_cort,DMN,3,3,PFM3T7T03,PFM3T7T03,0.873629782833506
allsubs,0,DC_cort,Vis,3,3,PFM3T7T03,PFM3T7T03,0.893072161451709
allsubs,0,DC_cort,FP,3,3,PFM3T7T03,PFM3T7T03,0.737794713026911
allsubs,0,DC_cort,DAN,3,3,PFM3T7T03,PFM3T7T03,0.767659031047969
allsubs,0,DC_cort,VAN,3,3,PFM3T7T03,PFM3T7T03,0.731501057082452
allsubs,0,DC_cort,Sal,3,3,PFM3T7T03,PFM3T7T03,0.693892045454545
allsubs,0,DC_cort,AMN,3,3,PFM3T7T03,PFM3T7T03,0.833606975032554
allsubs,0,DC_cort,SMd,3,3,PFM3T7T03,PFM3T7T03,0.866807610993658
allsubs,0,DC_cort,SMl,3,3,PFM3T7T03,PFM3T7T03,0.7016252683226
allsubs,0,DC_cort,Aud,3,3,PFM3T7T03,PFM3T7T03,0.78415015641293
allsubs,0,DC_cort,Tpole,3,3,PFM3T7T03,PFM3T7T03,0.221512247071353
allsubs,0,DC_cort,MTL,3,3,PFM3T7T03,PFM3T7T03,0.580403578115249
allsubs,0,DC_cort,PMN,3,3,PFM3T7T03,PFM3T7T03,0.63387690689111
allsubs,0,DC_cort,PON,3,3,PFM3T7T03,PFM3T7T03,0.646136618141097
allsubs,0,DC_cort,SCAN,3,3,PFM3T7T03,PFM3T7T03,0.78996036988111
allsubs,0,cDC_cort,DMN,3,3,PFM3T7T03,PFM3T7T03,0.873629782833506
allsubs,0,cDC_cort,Vis,3,3,PFM3T7T03,PFM3T7T03,0.893072161451709
allsubs,0,cDC_cort,FP,3,3,PFM3T7T03,PFM3T7T03,0.737794713026911
allsubs,0,cDC_cort,DAN,3,3,PFM3T7T03,PFM3T7T03,0.767659031047969
allsubs,0,cDC_cort,VAN,3,3,PFM3T7T03,PFM3T7T03,0.731501057082452
allsubs,0,cDC_cort,Sal,3,3,PFM3T7T03,PFM3T7T03,0.693892045454545
allsubs,0,cDC_cort,AMN,3,3,PFM3T7T03,PFM3T7T03,0.833606975032554
allsubs,0,cDC_cort,SMd,3,3,PFM3T7T03,PFM3T7T03,0.866807610993658
allsubs,0,cDC_cort,SMl,3,3,PFM3T7T03,PFM3T7T03,0.7016252683226
allsubs,0,cDC_cort,Aud,3,3,PFM3T7T03,PFM3T7T03,0.78415015641293
allsubs,0,cDC_cort,Tpole,3,3,PFM3T7T03,PFM3T7T03,0.221512247071353
allsubs,0,cDC_cort,MTL,3,3,PFM3T7T03,PFM3T7T03,0.580403578115249
allsubs,0,cDC_cort,PMN,3,3,PFM3T7T03,PFM3T7T03,0.63387690689111
allsubs,0,cDC_cort,PON,3,3,PFM3T7T03,PFM3T7T03,0.646136618141097
allsubs,0,cDC_cort,SCAN,3,3,PFM3T7T03,PFM3T7T03,0.78996036988111
allsubs,0,TP_cort,DMN,3,3,PFM3T7T03,PFM3T7T03,8448.0
allsubs,0,TP_cort,Vis,3,3,PFM3T7T03,PFM3T7T03,5266.0
allsubs,0,TP_cort,FP,3,3,PFM3T7T03,PFM3T7T03,3098.0
allsubs,0,TP_cort,DAN,3,3,PFM3T7T03,PFM3T7T03,4809.0
allsubs,0,TP_cort,VAN,3,3,PFM3T7T03,PFM3T7T03,2249.0
allsubs,0,TP_cort,Sal,3,3,PFM3T7T03,PFM3T7T03,977.0
allsubs,0,TP_cort,AMN,3,3,PFM3T7T03,PFM3T7T03,7362.0
allsubs,0,TP_cort,SMd,3,3,PFM3T7T03,PFM3T7T03,2665.0
allsubs,0,TP_cort,SMl,3,3,PFM3T7T03,PFM3T7T03,4576.0
allsubs,0,TP_cort,Aud,3,3,PFM3T7T03,PFM3T7T03,1880.0
allsubs,0,TP_cort,Tpole,3,3,PFM3T7T03,PFM3T7T03,104.0
allsubs,0,TP_cort,MTL,3,3,PFM3T7T03,PFM3T7T03,1395.0
allsubs,0,TP_cort,PMN,3,3,PFM3T7T03,PFM3T7T03,1205.0
allsubs,0,TP_cort,PON,3,3,PFM3T7T03,PFM3T7T03,1154.0
allsubs,0,TP_cort,SCAN,3,3,PFM3T7T03,PFM3T7T03,1196.0
allsubs,0,TN_cort,DMN,3,3,PFM3T7T03,PFM3T7T03,48520.0
allsubs,0,TN_cort,Vis,3,3,PFM3T7T03,PFM3T7T03,52885.0
allsubs,0,TN_cort,FP,3,3,PFM3T7T03,PFM3T7T03,54112.0
allsubs,0,TN_cort,DAN,3,3,PFM3T7T03,PFM3T7T03,51692.0
allsubs,0,TN_cort,VAN,3,3,PFM3T7T03,PFM3T7T03,55512.0
allsubs,0,TN_cort,Sal,3,3,PFM3T7T03,PFM3T7T03,57573.0
allsubs,0,TN_cort,AMN,3,3,PFM3T7T03,PFM3T7T03,49111.0
allsubs,0,TN_cort,SMd,3,3,PFM3T7T03,PFM3T7T03,55928.0
allsubs,0,TN_cort,SMl,3,3,PFM3T7T03,PFM3T7T03,50944.0
allsubs,0,TN_cort,Aud,3,3,PFM3T7T03,PFM3T7T03,56497.0
allsubs,0,TN_cort,Tpole,3,3,PFM3T7T03,PFM3T7T03,58577.0
allsubs,0,TN_cort,MTL,3,3,PFM3T7T03,PFM3T7T03,56000.0
allsubs,0,TN_cort,PMN,3,3,PFM3T7T03,PFM3T7T03,56815.0
allsubs,0,TN_cort,PON,3,3,PFM3T7T03,PFM3T7T03,56994.0
allsubs,0,TN_cort,SCAN,3,3,PFM3T7T03,PFM3T7T03,57580.0
allsubs,0,FP_cort,DMN,3,3,PFM3T7T03,PFM3T7T03,999.0
allsubs,0,FP_cort,Vis,3,3,PFM3T7T03,PFM3T7T03,1025.0
allsubs,0,FP_cort,FP,3,3,PFM3T7T03,PFM3T7T03,1998.0
allsubs,0,FP_cort,DAN,3,3,PFM3T7T03,PFM3T7T03,1138.0
allsubs,0,FP_cort,VAN,3,3,PFM3T7T03,PFM3T7T03,836.0
allsubs,0,FP_cort,Sal,3,3,PFM3T7T03,PFM3T7T03,42.0
allsubs,0,FP_cort,AMN,3,3,PFM3T7T03,PFM3T7T03,1746.0
allsubs,0,FP_cort,SMd,3,3,PFM3T7T03,PFM3T7T03,366.0
allsubs,0,FP_cort,SMl,3,3,PFM3T7T03,PFM3T7T03,1507.0
allsubs,0,FP_cort,Aud,3,3,PFM3T7T03,PFM3T7T03,685.0
allsubs,0,FP_cort,Tpole,3,3,PFM3T7T03,PFM3T7T03,628.0
allsubs,0,FP_cort,MTL,3,3,PFM3T7T03,PFM3T7T03,1293.0
allsubs,0,FP_cort,PMN,3,3,PFM3T7T03,PFM3T7T03,380.0
allsubs,0,FP_cort,PON,3,3,PFM3T7T03,PFM3T7T03,173.0
allsubs,0,FP_cort,SCAN,3,3,PFM3T7T03,PFM3T7T03,212.0
allsubs,0,FN_cort,DMN,3,3,PFM3T7T03,PFM3T7T03,1445.0
allsubs,0,FN_cort,Vis,3,3,PFM3T7T03,PFM3T7T03,236.0
allsubs,0,FN_cort,FP,3,3,PFM3T7T03,PFM3T7T03,204.0
allsubs,0,FN_cort,DAN,3,3,PFM3T7T03,PFM3T7T03,1773.0
allsubs,0,FN_cort,VAN,3,3,PFM3T7T03,PFM3T7T03,815.0
allsubs,0,FN_cort,Sal,3,3,PFM3T7T03,PFM3T7T03,820.0
allsubs,0,FN_cort,AMN,3,3,PFM3T7T03,PFM3T7T03,1193.0
allsubs,0,FN_cort,SMd,3,3,PFM3T7T03,PFM3T7T03,453.0
allsubs,0,FN_cort,SMl,3,3,PFM3T7T03,PFM3T7T03,2385.0
allsubs,0,FN_cort,Aud,3,3,PFM3T7T03,PFM3T7T03,350.0
allsubs,0,FN_cort,Tpole,3,3,PFM3T7T03,PFM3T7T03,103.0
allsubs,0,FN_cort,MTL,3,3,PFM3T7T03,PFM3T7T03,724.0
allsubs,0,FN_cort,PMN,3,3,PFM3T7T03,PFM3T7T03,1012.0
allsubs,0,FN_cort,PON,3,3,PFM3T7T03,PFM3T7T03,1091.0
allsubs,0,FN_cort,SCAN,3,3,PFM3T7T03,PFM3T7T03,424.0
allsubs,0,TPR_cort,DMN,3,3,PFM3T7T03,PFM3T7T03,0.8539371272617
allsubs,0,TPR_cort,Vis,3,3,PFM3T7T03,PFM3T7T03,0.957106506724827
allsubs,0,TPR_cort,FP,3,3,PFM3T7T03,PFM3T7T03,0.938219261053907
allsubs,0,TPR_cort,DAN,3,3,PFM3T7T03,PFM3T7T03,0.730628988149499
allsubs,0,TPR_cort,VAN,3,3,PFM3T7T03,PFM3T7T03,0.734007832898172
allsubs,0,TPR_cort,Sal,3,3,PFM3T7T03,PFM3T7T03,0.543683917640512
allsubs,0,TPR_cort,AMN,3,3,PFM3T7T03,PFM3T7T03,0.860549386323787
allsubs,0,TPR_cort,SMd,3,3,PFM3T7T03,PFM3T7T03,0.854714560615779
allsubs,0,TPR_cort,SMl,3,3,PFM3T7T03,PFM3T7T03,0.657376813676196
allsubs,0,TPR_cort,Aud,3,3,PFM3T7T03,PFM3T7T03,0.84304932735426
allsubs,0,TPR_cort,Tpole,3,3,PFM3T7T03,PFM3T7T03,0.502415458937198
allsubs,0,TPR_cort,MTL,3,3,PFM3T7T03,PFM3T7T03,0.658329400660689
allsubs,0,TPR_cort,PMN,3,3,PFM3T7T03,PFM3T7T03,0.543527289129454
allsubs,0,TPR_cort,PON,3,3,PFM3T7T03,PFM3T7T03,0.514031180400891
allsubs,0,TPR_cort,SCAN,3,3,PFM3T7T03,PFM3T7T03,0.738271604938272
allsubs,0,TNR_cort,DMN,3,3,PFM3T7T03,PFM3T7T03,0.979825925402371
allsubs,0,TNR_cort,Vis,3,3,PFM3T7T03,PFM3T7T03,0.980986829901688
allsubs,0,TNR_cort,FP,3,3,PFM3T7T03,PFM3T7T03,0.964391374086616
allsubs,0,TNR_cort,DAN,3,3,PFM3T7T03,PFM3T7T03,0.978459208782889
allsubs,0,TNR_cort,VAN,3,3,PFM3T7T03,PFM3T7T03,0.985163626038191
allsubs,0,TNR_cort,Sal,3,3,PFM3T7T03,PFM3T7T03,0.999271023171049
allsubs,0,TNR_cort,AMN,3,3,PFM3T7T03,PFM3T7T03,0.965668442888885
allsubs,0,TNR_cort,SMd,3,3,PFM3T7T03,PFM3T7T03,0.99349841901446
allsubs,0,TNR_cort,SMl,3,3,PFM3T7T03,PFM3T7T03,0.97126842195573
allsubs,0,TNR_cort,Aud,3,3,PFM3T7T03,PFM3T7T03,0.988020705816516
allsubs,0,TNR_cort,Tpole,3,3,PFM3T7T03,PFM3T7T03,0.989392787771303
allsubs,0,TNR_cort,MTL,3,3,PFM3T7T03,PFM3T7T03,0.977431797950884
allsubs,0,TNR_cort,PMN,3,3,PFM3T7T03,PFM3T7T03,0.993356062592884
allsubs,0,TNR_cort,PON,3,3,PFM3T7T03,PFM3T7T03,0.996973778578551
allsubs,0,TNR_cort,SCAN,3,3,PFM3T7T03,PFM3T7T03,0.996331672203765
allsubs,0,FPR_cort,DMN,3,3,PFM3T7T03,PFM3T7T03,0.0201740745976292
allsubs,0,FPR_cort,Vis,3,3,PFM3T7T03,PFM3T7T03,0.019013170098312
allsubs,0,FPR_cort,FP,3,3,PFM3T7T03,PFM3T7T03,0.0356086259133844
allsubs,0,FPR_cort,DAN,3,3,PFM3T7T03,PFM3T7T03,0.0215407912171115
allsubs,0,FPR_cort,VAN,3,3,PFM3T7T03,PFM3T7T03,0.0148363739618088
allsubs,0,FPR_cort,Sal,3,3,PFM3T7T03,PFM3T7T03,0.0007289768289507
allsubs,0,FPR_cort,AMN,3,3,PFM3T7T03,PFM3T7T03,0.0343315571111155
allsubs,0,FPR_cort,SMd,3,3,PFM3T7T03,PFM3T7T03,0.0065015809855402
allsubs,0,FPR_cort,SMl,3,3,PFM3T7T03,PFM3T7T03,0.0287315780442699
allsubs,0,FPR_cort,Aud,3,3,PFM3T7T03,PFM3T7T03,0.0119792941834843
allsubs,0,FPR_cort,Tpole,3,3,PFM3T7T03,PFM3T7T03,0.0106072122286969
allsubs,0,FPR_cort,MTL,3,3,PFM3T7T03,PFM3T7T03,0.0225682020491159
allsubs,0,FPR_cort,PMN,3,3,PFM3T7T03,PFM3T7T03,0.006643937407116
allsubs,0,FPR_cort,PON,3,3,PFM3T7T03,PFM3T7T03,0.0030262214214494
allsubs,0,FPR_cort,SCAN,3,3,PFM3T7T03,PFM3T7T03,0.0036683277962347
allsubs,0,FNR_cort,DMN,3,3,PFM3T7T03,PFM3T7T03,0.1460628727383
allsubs,0,FNR_cort,Vis,3,3,PFM3T7T03,PFM3T7T03,0.0428934932751727
allsubs,0,FNR_cort,FP,3,3,PFM3T7T03,PFM3T7T03,0.0617807389460933
allsubs,0,FNR_cort,DAN,3,3,PFM3T7T03,PFM3T7T03,0.269371011850501
allsubs,0,FNR_cort,VAN,3,3,PFM3T7T03,PFM3T7T03,0.265992167101828
allsubs,0,FNR_cort,Sal,3,3,PFM3T7T03,PFM3T7T03,0.456316082359488
allsubs,0,FNR_cort,AMN,3,3,PFM3T7T03,PFM3T7T03,0.139450613676213
allsubs,0,FNR_cort,SMd,3,3,PFM3T7T03,PFM3T7T03,0.145285439384221
allsubs,0,FNR_cort,SMl,3,3,PFM3T7T03,PFM3T7T03,0.342623186323804
allsubs,0,FNR_cort,Aud,3,3,PFM3T7T03,PFM3T7T03,0.15695067264574
allsubs,0,FNR_cort,Tpole,3,3,PFM3T7T03,PFM3T7T03,0.497584541062802
allsubs,0,FNR_cort,MTL,3,3,PFM3T7T03,PFM3T7T03,0.341670599339311
allsubs,0,FNR_cort,PMN,3,3,PFM3T7T03,PFM3T7T03,0.456472710870546
allsubs,0,FNR_cort,PON,3,3,PFM3T7T03,PFM3T7T03,0.485968819599109
allsubs,0,FNR_cort,SCAN,3,3,PFM3T7T03,PFM3T7T03,0.261728395061728
allsubs,0,NPV_cort,DMN,3,3,PFM3T7T03,PFM3T7T03,0.97107975582908
allsubs,0,NPV_cort,Vis,3,3,PFM3T7T03,PFM3T7T03,0.995557312550592
allsubs,0,NPV_cort,FP,3,3,PFM3T7T03,PFM3T7T03,0.996244200603874
allsubs,0,NPV_cort,DAN,3,3,PFM3T7T03,PFM3T7T03,0.966838118395212
allsubs,0,NPV_cort,VAN,3,3,PFM3T7T03,PFM3T7T03,0.985530917677135
allsubs,0,NPV_cort,Sal,3,3,PFM3T7T03,PFM3T7T03,0.985957220899765
allsubs,0,NPV_cort,AMN,3,3,PFM3T7T03,PFM3T7T03,0.976284192111959
allsubs,0,NPV_cort,SMd,3,3,PFM3T7T03,PFM3T7T03,0.99196537840762
allsubs,0,NPV_cort,SMl,3,3,PFM3T7T03,PFM3T7T03,0.955277616306325
allsubs,0,NPV_cort,Aud,3,3,PFM3T7T03,PFM3T7T03,0.993843122768132
allsubs,0,NPV_cort,Tpole,3,3,PFM3T7T03,PFM3T7T03,0.998244717109748
allsubs,0,NPV_cort,MTL,3,3,PFM3T7T03,PFM3T7T03,0.987236443128129
allsubs,0,NPV_cort,PMN,3,3,PFM3T7T03,PFM3T7T03,0.982499524443599
allsubs,0,NPV_cort,PON,3,3,PFM3T7T03,PFM3T7T03,0.98121718171645
allsubs,0,NPV_cort,SCAN,3,3,PFM3T7T03,PFM3T7T03,0.992690159299359
allsubs,0,PPV_cort,DMN,3,3,PFM3T7T03,PFM3T7T03,0.894252143537631
allsubs,0,PPV_cort,Vis,3,3,PFM3T7T03,PFM3T7T03,0.837068828485138
allsubs,0,PPV_cort,FP,3,3,PFM3T7T03,PFM3T7T03,0.607927786499215
allsubs,0,PPV_cort,DAN,3,3,PFM3T7T03,PFM3T7T03,0.808643013284009
allsubs,0,PPV_cort,VAN,3,3,PFM3T7T03,PFM3T7T03,0.729011345218801
allsubs,0,PPV_cort,Sal,3,3,PFM3T7T03,PFM3T7T03,0.958783120706575
allsubs,0,PPV_cort,AMN,3,3,PFM3T7T03,PFM3T7T03,0.808300395256917
allsubs,0,PPV_cort,SMd,3,3,PFM3T7T03,PFM3T7T03,0.879247773012207
allsubs,0,PPV_cort,SMl,3,3,PFM3T7T03,PFM3T7T03,0.752260397830018
allsubs,0,PPV_cort,Aud,3,3,PFM3T7T03,PFM3T7T03,0.732943469785575
allsubs,0,PPV_cort,Tpole,3,3,PFM3T7T03,PFM3T7T03,0.14207650273224
allsubs,0,PPV_cort,MTL,3,3,PFM3T7T03,PFM3T7T03,0.518973214285714
allsubs,0,PPV_cort,PMN,3,3,PFM3T7T03,PFM3T7T03,0.760252365930599
allsubs,0,PPV_cort,PON,3,3,PFM3T7T03,PFM3T7T03,0.869630746043708
allsubs,0,PPV_cort,SCAN,3,3,PFM3T7T03,PFM3T7T03,0.849431818181818
allsubs,0,PPVcorr_Jeffreys_cort,DMN,3,3,PFM3T7T03,PFM3T7T03,0.856879353793969
allsubs,0,PPVcorr_Jeffreys_cort,Vis,3,3,PFM3T7T03,PFM3T7T03,0.80996024089341
allsubs,0,PPVcorr_Jeffreys_cort,FP,3,3,PFM3T7T03,PFM3T7T03,0.6013600678191
allsubs,0,PPVcorr_Jeffreys_cort,DAN,3,3,PFM3T7T03,PFM3T7T03,0.777887119239387
allsubs,0,PPVcorr_Jeffreys_cort,VAN,3,3,PFM3T7T03,PFM3T7T03,0.708321047355075
allsubs,0,PPVcorr_Jeffreys_cort,Sal,3,3,PFM3T7T03,PFM3T7T03,0.890005839659631
allsubs,0,PPVcorr_Jeffreys_cort,AMN,3,3,PFM3T7T03,PFM3T7T03,0.781828674662518
allsubs,0,PPVcorr_Jeffreys_cort,SMd,3,3,PFM3T7T03,PFM3T7T03,0.843873399545291
allsubs,0,PPVcorr_Jeffreys_cort,SMl,3,3,PFM3T7T03,PFM3T7T03,0.72635748108156
allsubs,0,PPVcorr_Jeffreys_cort,Aud,3,3,PFM3T7T03,PFM3T7T03,0.714311334289814
allsubs,0,PPVcorr_Jeffreys_cort,Tpole,3,3,PFM3T7T03,PFM3T7T03,0.151919755546699
allsubs,0,PPVcorr_Jeffreys_cort,MTL,3,3,PFM3T7T03,PFM3T7T03,0.517586813338391
allsubs,0,PPVcorr_Jeffreys_cort,PMN,3,3,PFM3T7T03,PFM3T7T03,0.728316820722865
allsubs,0,PPVcorr_Jeffreys_cort,PON,3,3,PFM3T7T03,PFM3T7T03,0.816145665485015
allsubs,0,PPVcorr_Jeffreys_cort,SCAN,3,3,PFM3T7T03,PFM3T7T03,0.813375796178344
allsubs,0,PPVcorr_d1d2_cort,DMN,3,3,PFM3T7T03,PFM3T7T03,0.894846225581464
allsubs,0,PPVcorr_d1d2_cort,Vis,3,3,PFM3T7T03,PFM3T7T03,0.841808548171583
allsubs,0,PPVcorr_d1d2_cort,FP,3,3,PFM3T7T03,PFM3T7T03,0.625905466357787
allsubs,0,PPVcorr_d1d2_cort,DAN,3,3,PFM3T7T03,PFM3T7T03,0.810160793063976
allsubs,0,PPVcorr_d1d2_cort,VAN,3,3,PFM3T7T03,PFM3T7T03,0.737660194158844
allsubs,0,PPVcorr_d1d2_cort,Sal,3,3,PFM3T7T03,PFM3T7T03,0.923397875427299
allsubs,0,PPVcorr_d1d2_cort,AMN,3,3,PFM3T7T03,PFM3T7T03,0.811050500174562
allsubs,0,PPVcorr_d1d2_cort,SMd,3,3,PFM3T7T03,PFM3T7T03,0.882091235580984
allsubs,0,PPVcorr_d1d2_cort,SMl,3,3,PFM3T7T03,PFM3T7T03,0.754186104415044
allsubs,0,PPVcorr_d1d2_cort,Aud,3,3,PFM3T7T03,PFM3T7T03,0.748508035080519
allsubs,0,PPVcorr_d1d2_cort,Tpole,3,3,PFM3T7T03,PFM3T7T03,0.549967813212242
allsubs,0,PPVcorr_d1d2_cort,MTL,3,3,PFM3T7T03,PFM3T7T03,0.545841623813366
allsubs,0,PPVcorr_d1d2_cort,PMN,3,3,PFM3T7T03,PFM3T7T03,0.757409850871969
allsubs,0,PPVcorr_d1d2_cort,PON,3,3,PFM3T7T03,PFM3T7T03,0.84986633851759
allsubs,0,PPVcorr_d1d2_cort,SCAN,3,3,PFM3T7T03,PFM3T7T03,0.850506017393581
allsubs,0,PPVcorr_bayes_cort,DMN,3,3,PFM3T7T03,PFM3T7T03,0.89723061759189
allsubs,0,PPVcorr_bayes_cort,Vis,3,3,PFM3T7T03,PFM3T7T03,0.849850009897824
allsubs,0,PPVcorr_bayes_cort,FP,3,3,PFM3T7T03,PFM3T7T03,0.637255088272743
allsubs,0,PPVcorr_bayes_cort,DAN,3,3,PFM3T7T03,PFM3T7T03,0.813568367558267
allsubs,0,PPVcorr_bayes_cort,VAN,3,3,PFM3T7T03,PFM3T7T03,0.742081378118054
allsubs,0,PPVcorr_bayes_cort,Sal,3,3,PFM3T7T03,PFM3T7T03,0.926656755417399
allsubs,0,PPVcorr_bayes_cort,AMN,3,3,PFM3T7T03,PFM3T7T03,0.819765643431987
allsubs,0,PPVcorr_bayes_cort,SMd,3,3,PFM3T7T03,PFM3T7T03,0.883669500298002
allsubs,0,PPVcorr_bayes_cort,SMl,3,3,PFM3T7T03,PFM3T7T03,0.758801626231139
allsubs,0,PPVcorr_bayes_cort,Aud,3,3,PFM3T7T03,PFM3T7T03,0.750233426704015
allsubs,0,PPVcorr_bayes_cort,Tpole,3,3,PFM3T7T03,PFM3T7T03,0.189816371830228
allsubs,0,PPVcorr_bayes_cort,MTL,3,3,PFM3T7T03,PFM3T7T03,0.547380096245013
allsubs,0,PPVcorr_bayes_cort,PMN,3,3,PFM3T7T03,PFM3T7T03,0.757138226714206
allsubs,0,PPVcorr_bayes_cort,PON,3,3,PFM3T7T03,PFM3T7T03,0.847665335879188
allsubs,0,PPVcorr_bayes_cort,SCAN,3,3,PFM3T7T03,PFM3T7T03,0.850268456375839
allsubs,0,MCC_cort,DMN,3,3,PFM3T7T03,PFM3T7T03,0.849400827632978
allsubs,0,MCC_cort,Vis,3,3,PFM3T7T03,PFM3T7T03,0.883787890167469
allsubs,0,MCC_cort,FP,3,3,PFM3T7T03,PFM3T7T03,0.738466018861552
allsubs,0,MCC_cort,DAN,3,3,PFM3T7T03,PFM3T7T03,0.741541986280956
allsubs,0,MCC_cort,VAN,3,3,PFM3T7T03,PFM3T7T03,0.716853124202274
allsubs,0,MCC_cort,Sal,3,3,PFM3T7T03,PFM3T7T03,0.716206280522005
allsubs,0,MCC_cort,AMN,3,3,PFM3T7T03,PFM3T7T03,0.805132147296102
allsubs,0,MCC_cort,SMd,3,3,PFM3T7T03,PFM3T7T03,0.859636145737755
allsubs,0,MCC_cort,SMl,3,3,PFM3T7T03,PFM3T7T03,0.666926084071756
allsubs,0,MCC_cort,Aud,3,3,PFM3T7T03,PFM3T7T03,0.777181161365665
allsubs,0,MCC_cort,Tpole,3,3,PFM3T7T03,PFM3T7T03,0.26269970138256
allsubs,0,MCC_cort,MTL,3,3,PFM3T7T03,PFM3T7T03,0.567299267182833
allsubs,0,MCC_cort,PMN,3,3,PFM3T7T03,PFM3T7T03,0.631483273256072
allsubs,0,MCC_cort,PON,3,3,PFM3T7T03,PFM3T7T03,0.65938419030397
allsubs,0,MCC_cort,SCAN,3,3,PFM3T7T03,PFM3T7T03,0.786527535697896
allsubs,0,muI_cort,WholeBrainOrSingleVal,3,3,PFM3T7T03,PFM3T7T03,2.32071320329044
allsubs,0,VIn_cort,WholeBrainOrSingleVal,3,3,PFM3T7T03,PFM3T7T03,0.156797916387997
allsubs,0,MIn_cort,WholeBrainOrSingleVal,3,3,PFM3T7T03,PFM3T7T03,0.651154010871255
allsubs,0,DC_cort,DMN,3,4,PFM3T7T03,PFM3T7T04,0.641550888529887
allsubs,0,DC_cort,Vis,3,4,PFM3T7T03,PFM3T7T04,0.816299265197061
allsubs,0,DC_cort,FP,3,4,PFM3T7T03,PFM3T7T04,0.540444156265197
allsubs,0,DC_cort,DAN,3,4,PFM3T7T03,PFM3T7T04,0.481585918140648
allsubs,0,DC_cort,VAN,3,4,PFM3T7T03,PFM3T7T04,0.466274839070809
allsubs,0,DC_cort,Sal,3,4,PFM3T7T03,PFM3T7T04,0.388779138680364
allsubs,0,DC_cort,AMN,3,4,PFM3T7T03,PFM3T7T04,0.612600384571881
allsubs,0,DC_cort,SMd,3,4,PFM3T7T03,PFM3T7T04,0.738002132954142
allsubs,0,DC_cort,SMl,3,4,PFM3T7T03,PFM3T7T04,0.3965
allsubs,0,DC_cort,Aud,3,4,PFM3T7T03,PFM3T7T04,0.70337038997706
allsubs,0,DC_cort,Tpole,3,4,PFM3T7T03,PFM3T7T04,0.348380244291025
allsubs,0,DC_cort,MTL,3,4,PFM3T7T03,PFM3T7T04,0.517636937195297
allsubs,0,DC_cort,PMN,3,4,PFM3T7T03,PFM3T7T04,0.430814814814815
allsubs,0,DC_cort,PON,3,4,PFM3T7T03,PFM3T7T04,0.532992327365729
allsubs,0,DC_cort,SCAN,3,4,PFM3T7T03,PFM3T7T04,0.649128576126274
allsubs,0,cDC_cort,DMN,3,4,PFM3T7T03,PFM3T7T04,0.641550888529887
allsubs,0,cDC_cort,Vis,3,4,PFM3T7T03,PFM3T7T04,0.816299265197061
allsubs,0,cDC_cort,FP,3,4,PFM3T7T03,PFM3T7T04,0.540444156265197
allsubs,0,cDC_cort,DAN,3,4,PFM3T7T03,PFM3T7T04,0.481585918140648
allsubs,0,cDC_cort,VAN,3,4,PFM3T7T03,PFM3T7T04,0.466274839070809
allsubs,0,cDC_cort,Sal,3,4,PFM3T7T03,PFM3T7T04,0.388779138680364
allsubs,0,cDC_cort,AMN,3,4,PFM3T7T03,PFM3T7T04,0.612600384571881
allsubs,0,cDC_cort,SMd,3,4,PFM3T7T03,PFM3T7T04,0.738002132954142
allsubs,0,cDC_cort,SMl,3,4,PFM3T7T03,PFM3T7T04,0.3965
allsubs,0,cDC_cort,Aud,3,4,PFM3T7T03,PFM3T7T04,0.70337038997706
allsubs,0,cDC_cort,Tpole,3,4,PFM3T7T03,PFM3T7T04,0.348380244291025
allsubs,0,cDC_cort,MTL,3,4,PFM3T7T03,PFM3T7T04,0.517636937195297
allsubs,0,cDC_cort,PMN,3,4,PFM3T7T03,PFM3T7T04,0.430814814814815
allsubs,0,cDC_cort,PON,3,4,PFM3T7T03,PFM3T7T04,0.532992327365729
allsubs,0,cDC_cort,SCAN,3,4,PFM3T7T03,PFM3T7T04,0.649128576126274
allsubs,0,TP_cort,DMN,3,4,PFM3T7T03,PFM3T7T04,4964.0
allsubs,0,TP_cort,Vis,3,4,PFM3T7T03,PFM3T7T04,5499.0
allsubs,0,TP_cort,FP,3,4,PFM3T7T03,PFM3T7T04,3334.0
allsubs,0,TP_cort,DAN,3,4,PFM3T7T03,PFM3T7T04,2818.0
allsubs,0,TP_cort,VAN,3,4,PFM3T7T03,PFM3T7T04,1666.0
allsubs,0,TP_cort,Sal,3,4,PFM3T7T03,PFM3T7T04,492.0
allsubs,0,TP_cort,AMN,3,4,PFM3T7T03,PFM3T7T04,5416.0
allsubs,0,TP_cort,SMd,3,4,PFM3T7T03,PFM3T7T04,2076.0
allsubs,0,TP_cort,SMl,3,4,PFM3T7T03,PFM3T7T04,1586.0
allsubs,0,TP_cort,Aud,3,4,PFM3T7T03,PFM3T7T04,1993.0
allsubs,0,TP_cort,Tpole,3,4,PFM3T7T03,PFM3T7T04,328.0
allsubs,0,TP_cort,MTL,3,4,PFM3T7T03,PFM3T7T04,1805.0
allsubs,0,TP_cort,PMN,3,4,PFM3T7T03,PFM3T7T04,727.0
allsubs,0,TP_cort,PON,3,4,PFM3T7T03,PFM3T7T04,1042.0
allsubs,0,TP_cort,SCAN,3,4,PFM3T7T03,PFM3T7T04,987.0
allsubs,0,TN_cort,DMN,3,4,PFM3T7T03,PFM3T7T04,48901.0
allsubs,0,TN_cort,Vis,3,4,PFM3T7T03,PFM3T7T04,51438.0
allsubs,0,TN_cort,FP,3,4,PFM3T7T03,PFM3T7T04,50408.0
allsubs,0,TN_cort,DAN,3,4,PFM3T7T03,PFM3T7T04,50527.0
allsubs,0,TN_cort,VAN,3,4,PFM3T7T03,PFM3T7T04,53932.0
allsubs,0,TN_cort,Sal,3,4,PFM3T7T03,PFM3T7T04,57373.0
allsubs,0,TN_cort,AMN,3,4,PFM3T7T03,PFM3T7T04,47146.0
allsubs,0,TN_cort,SMd,3,4,PFM3T7T03,PFM3T7T04,55862.0
allsubs,0,TN_cort,SMl,3,4,PFM3T7T03,PFM3T7T04,52998.0
allsubs,0,TN_cort,Aud,3,4,PFM3T7T03,PFM3T7T04,55738.0
allsubs,0,TN_cort,Tpole,3,4,PFM3T7T03,PFM3T7T04,57857.0
allsubs,0,TN_cort,MTL,3,4,PFM3T7T03,PFM3T7T04,54243.0
allsubs,0,TN_cort,PMN,3,4,PFM3T7T03,PFM3T7T04,56764.0
allsubs,0,TN_cort,PON,3,4,PFM3T7T03,PFM3T7T04,56544.0
allsubs,0,TN_cort,SCAN,3,4,PFM3T7T03,PFM3T7T04,57358.0
allsubs,0,FP_cort,DMN,3,4,PFM3T7T03,PFM3T7T04,4483.0
allsubs,0,FP_cort,Vis,3,4,PFM3T7T03,PFM3T7T04,792.0
allsubs,0,FP_cort,FP,3,4,PFM3T7T03,PFM3T7T04,1762.0
allsubs,0,FP_cort,DAN,3,4,PFM3T7T03,PFM3T7T04,3129.0
allsubs,0,FP_cort,VAN,3,4,PFM3T7T03,PFM3T7T04,1419.0
allsubs,0,FP_cort,Sal,3,4,PFM3T7T03,PFM3T7T04,527.0
allsubs,0,FP_cort,AMN,3,4,PFM3T7T03,PFM3T7T04,3692.0
allsubs,0,FP_cort,SMd,3,4,PFM3T7T03,PFM3T7T04,955.0
allsubs,0,FP_cort,SMl,3,4,PFM3T7T03,PFM3T7T04,4497.0
allsubs,0,FP_cort,Aud,3,4,PFM3T7T03,PFM3T7T04,572.0
allsubs,0,FP_cort,Tpole,3,4,PFM3T7T03,PFM3T7T04,404.0
allsubs,0,FP_cort,MTL,3,4,PFM3T7T03,PFM3T7T04,883.0
allsubs,0,FP_cort,PMN,3,4,PFM3T7T03,PFM3T7T04,858.0
allsubs,0,FP_cort,PON,3,4,PFM3T7T03,PFM3T7T04,285.0
allsubs,0,FP_cort,SCAN,3,4,PFM3T7T03,PFM3T7T04,421.0
allsubs,0,FN_cort,DMN,3,4,PFM3T7T03,PFM3T7T04,1064.0
allsubs,0,FN_cort,Vis,3,4,PFM3T7T03,PFM3T7T04,1683.0
allsubs,0,FN_cort,FP,3,4,PFM3T7T03,PFM3T7T04,3908.0
allsubs,0,FN_cort,DAN,3,4,PFM3T7T03,PFM3T7T04,2938.0
allsubs,0,FN_cort,VAN,3,4,PFM3T7T03,PFM3T7T04,2395.0
allsubs,0,FN_cort,Sal,3,4,PFM3T7T03,PFM3T7T04,1020.0
allsubs,0,FN_cort,AMN,3,4,PFM3T7T03,PFM3T7T04,3158.0
allsubs,0,FN_cort,SMd,3,4,PFM3T7T03,PFM3T7T04,519.0
allsubs,0,FN_cort,SMl,3,4,PFM3T7T03,PFM3T7T04,331.0
allsubs,0,FN_cort,Aud,3,4,PFM3T7T03,PFM3T7T04,1109.0
allsubs,0,FN_cort,Tpole,3,4,PFM3T7T03,PFM3T7T04,823.0
allsubs,0,FN_cort,MTL,3,4,PFM3T7T03,PFM3T7T04,2481.0
allsubs,0,FN_cort,PMN,3,4,PFM3T7T03,PFM3T7T04,1063.0
allsubs,0,FN_cort,PON,3,4,PFM3T7T03,PFM3T7T04,1541.0
allsubs,0,FN_cort,SCAN,3,4,PFM3T7T03,PFM3T7T04,646.0
allsubs,0,TPR_cort,DMN,3,4,PFM3T7T03,PFM3T7T04,0.823490378234904
allsubs,0,TPR_cort,Vis,3,4,PFM3T7T03,PFM3T7T04,0.765664160401002
allsubs,0,TPR_cort,FP,3,4,PFM3T7T03,PFM3T7T04,0.460370063518365
allsubs,0,TPR_cort,DAN,3,4,PFM3T7T03,PFM3T7T04,0.489576094510076
allsubs,0,TPR_cort,VAN,3,4,PFM3T7T03,PFM3T7T04,0.410243782319626
allsubs,0,TPR_cort,Sal,3,4,PFM3T7T03,PFM3T7T04,0.325396825396825
allsubs,0,TPR_cort,AMN,3,4,PFM3T7T03,PFM3T7T04,0.631677163517611
allsubs,0,TPR_cort,SMd,3,4,PFM3T7T03,PFM3T7T04,0.8
allsubs,0,TPR_cort,SMl,3,4,PFM3T7T03,PFM3T7T04,0.827334376630151
allsubs,0,TPR_cort,Aud,3,4,PFM3T7T03,PFM3T7T04,0.642488716956802
allsubs,0,TPR_cort,Tpole,3,4,PFM3T7T03,PFM3T7T04,0.284969591659427
allsubs,0,TPR_cort,MTL,3,4,PFM3T7T03,PFM3T7T04,0.421138590760616
allsubs,0,TPR_cort,PMN,3,4,PFM3T7T03,PFM3T7T04,0.406145251396648
allsubs,0,TPR_cort,PON,3,4,PFM3T7T03,PFM3T7T04,0.403406891211769
allsubs,0,TPR_cort,SCAN,3,4,PFM3T7T03,PFM3T7T04,0.604409063074097
allsubs,0,TNR_cort,DMN,3,4,PFM3T7T03,PFM3T7T04,0.916023527648734
allsubs,0,TNR_cort,Vis,3,4,PFM3T7T03,PFM3T7T04,0.98483630097645
allsubs,0,TNR_cort,FP,3,4,PFM3T7T03,PFM3T7T04,0.966225800268353
allsubs,0,TNR_cort,DAN,3,4,PFM3T7T03,PFM3T7T04,0.941684061428358
allsubs,0,TNR_cort,VAN,3,4,PFM3T7T03,PFM3T7T04,0.974363606800238
allsubs,0,TNR_cort,Sal,3,4,PFM3T7T03,PFM3T7T04,0.990898100172712
allsubs,0,TNR_cort,AMN,3,4,PFM3T7T03,PFM3T7T04,0.927377158818207
allsubs,0,TNR_cort,SMd,3,4,PFM3T7T03,PFM3T7T04,0.983191650386328
allsubs,0,TNR_cort,SMl,3,4,PFM3T7T03,PFM3T7T04,0.921784503000261
allsubs,0,TNR_cort,Aud,3,4,PFM3T7T03,PFM3T7T04,0.989841946368318
allsubs,0,TNR_cort,Tpole,3,4,PFM3T7T03,PFM3T7T04,0.993065687166372
allsubs,0,TNR_cort,MTL,3,4,PFM3T7T03,PFM3T7T04,0.983982149983674
allsubs,0,TNR_cort,PMN,3,4,PFM3T7T03,PFM3T7T04,0.985109853875256
allsubs,0,TNR_cort,PON,3,4,PFM3T7T03,PFM3T7T04,0.994984954864594
allsubs,0,TNR_cort,SCAN,3,4,PFM3T7T03,PFM3T7T04,0.992713615673515
allsubs,0,FPR_cort,DMN,3,4,PFM3T7T03,PFM3T7T04,0.0839764723512663
allsubs,0,FPR_cort,Vis,3,4,PFM3T7T03,PFM3T7T04,0.0151636990235497
allsubs,0,FPR_cort,FP,3,4,PFM3T7T03,PFM3T7T04,0.0337741997316465
allsubs,0,FPR_cort,DAN,3,4,PFM3T7T03,PFM3T7T04,0.0583159385716416
allsubs,0,FPR_cort,VAN,3,4,PFM3T7T03,PFM3T7T04,0.0256363931997615
allsubs,0,FPR_cort,Sal,3,4,PFM3T7T03,PFM3T7T04,0.0091018998272884
allsubs,0,FPR_cort,AMN,3,4,PFM3T7T03,PFM3T7T04,0.0726228411817931
allsubs,0,FPR_cort,SMd,3,4,PFM3T7T03,PFM3T7T04,0.016808349613672
allsubs,0,FPR_cort,SMl,3,4,PFM3T7T03,PFM3T7T04,0.0782154969997391
allsubs,0,FPR_cort,Aud,3,4,PFM3T7T03,PFM3T7T04,0.0101580536316818
allsubs,0,FPR_cort,Tpole,3,4,PFM3T7T03,PFM3T7T04,0.0069343128336279
allsubs,0,FPR_cort,MTL,3,4,PFM3T7T03,PFM3T7T04,0.0160178500163262
allsubs,0,FPR_cort,PMN,3,4,PFM3T7T03,PFM3T7T04,0.014890146124744
allsubs,0,FPR_cort,PON,3,4,PFM3T7T03,PFM3T7T04,0.0050150451354062
allsubs,0,FPR_cort,SCAN,3,4,PFM3T7T03,PFM3T7T04,0.0072863843264854
allsubs,0,FNR_cort,DMN,3,4,PFM3T7T03,PFM3T7T04,0.176509621765096
allsubs,0,FNR_cort,Vis,3,4,PFM3T7T03,PFM3T7T04,0.234335839598997
allsubs,0,FNR_cort,FP,3,4,PFM3T7T03,PFM3T7T04,0.539629936481635
allsubs,0,FNR_cort,DAN,3,4,PFM3T7T03,PFM3T7T04,0.510423905489924
allsubs,0,FNR_cort,VAN,3,4,PFM3T7T03,PFM3T7T04,0.589756217680374
allsubs,0,FNR_cort,Sal,3,4,PFM3T7T03,PFM3T7T04,0.674603174603175
allsubs,0,FNR_cort,AMN,3,4,PFM3T7T03,PFM3T7T04,0.368322836482389
allsubs,0,FNR_cort,SMd,3,4,PFM3T7T03,PFM3T7T04,0.2
allsubs,0,FNR_cort,SMl,3,4,PFM3T7T03,PFM3T7T04,0.172665623369849
allsubs,0,FNR_cort,Aud,3,4,PFM3T7T03,PFM3T7T04,0.357511283043198
allsubs,0,FNR_cort,Tpole,3,4,PFM3T7T03,PFM3T7T04,0.715030408340573
allsubs,0,FNR_cort,MTL,3,4,PFM3T7T03,PFM3T7T04,0.578861409239384
allsubs,0,FNR_cort,PMN,3,4,PFM3T7T03,PFM3T7T04,0.593854748603352
allsubs,0,FNR_cort,PON,3,4,PFM3T7T03,PFM3T7T04,0.596593108788231
allsubs,0,FNR_cort,SCAN,3,4,PFM3T7T03,PFM3T7T04,0.395590936925903
allsubs,0,NPV_cort,DMN,3,4,PFM3T7T03,PFM3T7T04,0.978705093565496
allsubs,0,NPV_cort,Vis,3,4,PFM3T7T03,PFM3T7T04,0.968317614502739
allsubs,0,NPV_cort,FP,3,4,PFM3T7T03,PFM3T7T04,0.928050666470285
allsubs,0,NPV_cort,DAN,3,4,PFM3T7T03,PFM3T7T04,0.9450481623492
allsubs,0,NPV_cort,VAN,3,4,PFM3T7T03,PFM3T7T04,0.957480426793545
allsubs,0,NPV_cort,Sal,3,4,PFM3T7T03,PFM3T7T04,0.982532152826537
allsubs,0,NPV_cort,AMN,3,4,PFM3T7T03,PFM3T7T04,0.937221692111959
allsubs,0,NPV_cort,SMd,3,4,PFM3T7T03,PFM3T7T04,0.9907947712882
allsubs,0,NPV_cort,SMl,3,4,PFM3T7T03,PFM3T7T04,0.993793245701213
allsubs,0,NPV_cort,Aud,3,4,PFM3T7T03,PFM3T7T04,0.980491494713881
allsubs,0,NPV_cort,Tpole,3,4,PFM3T7T03,PFM3T7T04,0.985974778459441
allsubs,0,NPV_cort,MTL,3,4,PFM3T7T03,PFM3T7T04,0.956261899724984
allsubs,0,NPV_cort,PMN,3,4,PFM3T7T03,PFM3T7T04,0.981617583481765
allsubs,0,NPV_cort,PON,3,4,PFM3T7T03,PFM3T7T04,0.973469914780064
allsubs,0,NPV_cort,SCAN,3,4,PFM3T7T03,PFM3T7T04,0.988862837045721
allsubs,0,PPV_cort,DMN,3,4,PFM3T7T03,PFM3T7T04,0.525457817296496
allsubs,0,PPV_cort,Vis,3,4,PFM3T7T03,PFM3T7T04,0.874105865522175
allsubs,0,PPV_cort,FP,3,4,PFM3T7T03,PFM3T7T04,0.654238618524333
allsubs,0,PPV_cort,DAN,3,4,PFM3T7T03,PFM3T7T04,0.473852362535732
allsubs,0,PPV_cort,VAN,3,4,PFM3T7T03,PFM3T7T04,0.540032414910859
allsubs,0,PPV_cort,Sal,3,4,PFM3T7T03,PFM3T7T04,0.482826300294406
allsubs,0,PPV_cort,AMN,3,4,PFM3T7T03,PFM3T7T04,0.594642072902942
allsubs,0,PPV_cort,SMd,3,4,PFM3T7T03,PFM3T7T04,0.684922467832399
allsubs,0,PPV_cort,SMl,3,4,PFM3T7T03,PFM3T7T04,0.260726615156995
allsubs,0,PPV_cort,Aud,3,4,PFM3T7T03,PFM3T7T04,0.776998050682261
allsubs,0,PPV_cort,Tpole,3,4,PFM3T7T03,PFM3T7T04,0.448087431693989
allsubs,0,PPV_cort,MTL,3,4,PFM3T7T03,PFM3T7T04,0.671502976190476
allsubs,0,PPV_cort,PMN,3,4,PFM3T7T03,PFM3T7T04,0.458675078864353
allsubs,0,PPV_cort,PON,3,4,PFM3T7T03,PFM3T7T04,0.785229841748304
allsubs,0,PPV_cort,SCAN,3,4,PFM3T7T03,PFM3T7T04,0.700994318181818
allsubs,0,PPVcorr_Jeffreys_cort,DMN,3,4,PFM3T7T03,PFM3T7T04,0.52393082449402
allsubs,0,PPVcorr_Jeffreys_cort,Vis,3,4,PFM3T7T03,PFM3T7T04,0.835772984078069
allsubs,0,PPVcorr_Jeffreys_cort,FP,3,4,PFM3T7T03,PFM3T7T04,0.635046905604618
allsubs,0,PPVcorr_Jeffreys_cort,DAN,3,4,PFM3T7T03,PFM3T7T04,0.476159813571275
allsubs,0,PPVcorr_Jeffreys_cort,VAN,3,4,PFM3T7T03,PFM3T7T04,0.535375669559738
allsubs,0,PPVcorr_Jeffreys_cort,Sal,3,4,PFM3T7T03,PFM3T7T04,0.485045291403179
allsubs,0,PPVcorr_Jeffreys_cort,AMN,3,4,PFM3T7T03,PFM3T7T04,0.586499287534871
allsubs,0,PPVcorr_Jeffreys_cort,SMd,3,4,PFM3T7T03,PFM3T7T04,0.670338854277465
allsubs,0,PPVcorr_Jeffreys_cort,SMl,3,4,PFM3T7T03,PFM3T7T04,0.268036718886959
allsubs,0,PPVcorr_Jeffreys_cort,Aud,3,4,PFM3T7T03,PFM3T7T04,0.747113244296049
allsubs,0,PPVcorr_Jeffreys_cort,Tpole,3,4,PFM3T7T03,PFM3T7T04,0.455141069531342
allsubs,0,PPVcorr_Jeffreys_cort,MTL,3,4,PFM3T7T03,PFM3T7T04,0.647917602515562
allsubs,0,PPVcorr_Jeffreys_cort,PMN,3,4,PFM3T7T03,PFM3T7T04,0.462868480725624
allsubs,0,PPVcorr_Jeffreys_cort,PON,3,4,PFM3T7T03,PFM3T7T04,0.738756071406043
allsubs,0,PPVcorr_Jeffreys_cort,SCAN,3,4,PFM3T7T03,PFM3T7T04,0.680105645007319
allsubs,0,PPVcorr_d1d2_cort,DMN,3,4,PFM3T7T03,PFM3T7T04,0.536365589266568
allsubs,0,PPVcorr_d1d2_cort,Vis,3,4,PFM3T7T03,PFM3T7T04,0.874076030188111
allsubs,0,PPVcorr_d1d2_cort,FP,3,4,PFM3T7T03,PFM3T7T04,0.655160150442624
allsubs,0,PPVcorr_d1d2_cort,DAN,3,4,PFM3T7T03,PFM3T7T04,0.483104873773307
allsubs,0,PPVcorr_d1d2_cort,VAN,3,4,PFM3T7T03,PFM3T7T04,0.546913531296813
allsubs,0,PPVcorr_d1d2_cort,Sal,3,4,PFM3T7T03,PFM3T7T04,0.499905517762661
allsubs,0,PPVcorr_d1d2_cort,AMN,3,4,PFM3T7T03,PFM3T7T04,0.599709863346784
allsubs,0,PPVcorr_d1d2_cort,SMd,3,4,PFM3T7T03,PFM3T7T04,0.700287848475676
allsubs,0,PPVcorr_d1d2_cort,SMl,3,4,PFM3T7T03,PFM3T7T04,0.307862019271973
allsubs,0,PPVcorr_d1d2_cort,Aud,3,4,PFM3T7T03,PFM3T7T04,0.778765411855865
allsubs,0,PPVcorr_d1d2_cort,Tpole,3,4,PFM3T7T03,PFM3T7T04,0.470704528553385
allsubs,0,PPVcorr_d1d2_cort,MTL,3,4,PFM3T7T03,PFM3T7T04,0.669851494781428
allsubs,0,PPVcorr_d1d2_cort,PMN,3,4,PFM3T7T03,PFM3T7T04,0.484013930031744
allsubs,0,PPVcorr_d1d2_cort,PON,3,4,PFM3T7T03,PFM3T7T04,0.766018467007399
allsubs,0,PPVcorr_d1d2_cort,SCAN,3,4,PFM3T7T03,PFM3T7T04,0.711545180843902
allsubs,0,PPVcorr_bayes_cort,DMN,3,4,PFM3T7T03,PFM3T7T04,0.557659958561553
allsubs,0,PPVcorr_bayes_cort,Vis,3,4,PFM3T7T03,PFM3T7T04,0.874148637067553
allsubs,0,PPVcorr_bayes_cort,FP,3,4,PFM3T7T03,PFM3T7T04,0.657489329742998
allsubs,0,PPVcorr_bayes_cort,DAN,3,4,PFM3T7T03,PFM3T7T04,0.499671253087014
allsubs,0,PPVcorr_bayes_cort,VAN,3,4,PFM3T7T03,PFM3T7T04,0.553579301013971
allsubs,0,PPVcorr_bayes_cort,Sal,3,4,PFM3T7T03,PFM3T7T04,0.496029572836802
allsubs,0,PPVcorr_bayes_cort,AMN,3,4,PFM3T7T03,PFM3T7T04,0.615651572181973
allsubs,0,PPVcorr_bayes_cort,SMd,3,4,PFM3T7T03,PFM3T7T04,0.704688859017949
allsubs,0,PPVcorr_bayes_cort,SMl,3,4,PFM3T7T03,PFM3T7T04,0.305937846387857
allsubs,0,PPVcorr_bayes_cort,Aud,3,4,PFM3T7T03,PFM3T7T04,0.779739811105803
allsubs,0,PPVcorr_bayes_cort,Tpole,3,4,PFM3T7T03,PFM3T7T04,0.461830371260515
allsubs,0,PPVcorr_bayes_cort,MTL,3,4,PFM3T7T03,PFM3T7T04,0.668170702304274
allsubs,0,PPVcorr_bayes_cort,PMN,3,4,PFM3T7T03,PFM3T7T04,0.481498060280513
allsubs,0,PPVcorr_bayes_cort,PON,3,4,PFM3T7T03,PFM3T7T04,0.760971759942353
allsubs,0,PPVcorr_bayes_cort,SCAN,3,4,PFM3T7T03,PFM3T7T04,0.709690403515245
allsubs,0,MCC_cort,DMN,3,4,PFM3T7T03,PFM3T7T04,0.61060255765368
allsubs,0,MCC_cort,Vis,3,4,PFM3T7T03,PFM3T7T04,0.795134712129899
allsubs,0,MCC_cort,FP,3,4,PFM3T7T03,PFM3T7T04,0.498399639351826
allsubs,0,MCC_cort,DAN,3,4,PFM3T7T03,PFM3T7T04,0.425035416976713
allsubs,0,MCC_cort,VAN,3,4,PFM3T7T03,PFM3T7T04,0.437432412038174
allsubs,0,MCC_cort,Sal,3,4,PFM3T7T03,PFM3T7T04,0.383654163659205
allsubs,0,MCC_cort,AMN,3,4,PFM3T7T03,PFM3T7T04,0.545289589782698
allsubs,0,MCC_cort,SMd,3,4,PFM3T7T03,PFM3T7T04,0.727472404769662
allsubs,0,MCC_cort,SMl,3,4,PFM3T7T03,PFM3T7T04,0.436652760222341
allsubs,0,MCC_cort,Aud,3,4,PFM3T7T03,PFM3T7T04,0.692086603469672
allsubs,0,MCC_cort,Tpole,3,4,PFM3T7T03,PFM3T7T04,0.347396902156239
allsubs,0,MCC_cort,MTL,3,4,PFM3T7T03,PFM3T7T04,0.504302063791254
allsubs,0,MCC_cort,PMN,3,4,PFM3T7T03,PFM3T7T04,0.415050300513898
allsubs,0,MCC_cort,PON,3,4,PFM3T7T03,PFM3T7T04,0.549781589925512
allsubs,0,MCC_cort,SCAN,3,4,PFM3T7T03,PFM3T7T04,0.641817226695167
allsubs,0,muI_cort,WholeBrainOrSingleVal,3,4,PFM3T7T03,PFM3T7T04,1.64782292765431
allsubs,0,VIn_cort,WholeBrainOrSingleVal,3,4,PFM3T7T03,PFM3T7T04,0.247247223489971
allsubs,0,MIn_cort,WholeBrainOrSingleVal,3,4,PFM3T7T03,PFM3T7T04,0.456675211017279
allsubs,0,DC_cort,DMN,4,1,PFM3T7T04,PFM3T7T01,0.590229725989482
allsubs,0,DC_cort,Vis,4,1,PFM3T7T04,PFM3T7T01,0.852267047483042
allsubs,0,DC_cort,FP,4,1,PFM3T7T04,PFM3T7T01,0.56158357771261
allsubs,0,DC_cort,DAN,4,1,PFM3T7T04,PFM3T7T01,0.51966786882496
allsubs,0,DC_cort,VAN,4,1,PFM3T7T04,PFM3T7T01,0.402207056773631
allsubs,0,DC_cort,Sal,4,1,PFM3T7T04,PFM3T7T01,0.406516290726817
allsubs,0,DC_cort,AMN,4,1,PFM3T7T04,PFM3T7T01,0.557419540643675
allsubs,0,DC_cort,SMd,4,1,PFM3T7T04,PFM3T7T01,0.551396316102198
allsubs,0,DC_cort,SMl,4,1,PFM3T7T04,PFM3T7T01,0.468790920995199
allsubs,0,DC_cort,Aud,4,1,PFM3T7T04,PFM3T7T01,0.611973891514742
allsubs,0,DC_cort,Tpole,4,1,PFM3T7T04,PFM3T7T01,0.265625
allsubs,0,DC_cort,MTL,4,1,PFM3T7T04,PFM3T7T01,0.495254529767041
allsubs,0,DC_cort,PMN,4,1,PFM3T7T04,PFM3T7T01,0.496224379719525
allsubs,0,DC_cort,PON,4,1,PFM3T7T04,PFM3T7T01,0.493003229278794
allsubs,0,DC_cort,SCAN,4,1,PFM3T7T04,PFM3T7T01,0.537009438648783
allsubs,0,cDC_cort,DMN,4,1,PFM3T7T04,PFM3T7T01,0.590229725989482
allsubs,0,cDC_cort,Vis,4,1,PFM3T7T04,PFM3T7T01,0.852267047483042
allsubs,0,cDC_cort,FP,4,1,PFM3T7T04,PFM3T7T01,0.56158357771261
allsubs,0,cDC_cort,DAN,4,1,PFM3T7T04,PFM3T7T01,0.51966786882496
allsubs,0,cDC_cort,VAN,4,1,PFM3T7T04,PFM3T7T01,0.402207056773631
allsubs,0,cDC_cort,Sal,4,1,PFM3T7T04,PFM3T7T01,0.406516290726817
allsubs,0,cDC_cort,AMN,4,1,PFM3T7T04,PFM3T7T01,0.557419540643675
allsubs,0,cDC_cort,SMd,4,1,PFM3T7T04,PFM3T7T01,0.551396316102198
allsubs,0,cDC_cort,SMl,4,1,PFM3T7T04,PFM3T7T01,0.468790920995199
allsubs,0,cDC_cort,Aud,4,1,PFM3T7T04,PFM3T7T01,0.611973891514742
allsubs,0,cDC_cort,Tpole,4,1,PFM3T7T04,PFM3T7T01,0.265625
allsubs,0,cDC_cort,MTL,4,1,PFM3T7T04,PFM3T7T01,0.495254529767041
allsubs,0,cDC_cort,PMN,4,1,PFM3T7T04,PFM3T7T01,0.496224379719525
allsubs,0,cDC_cort,PON,4,1,PFM3T7T04,PFM3T7T01,0.493003229278794
allsubs,0,cDC_cort,SCAN,4,1,PFM3T7T04,PFM3T7T01,0.537009438648783
allsubs,0,TP_cort,DMN,4,1,PFM3T7T04,PFM3T7T01,4265.0
allsubs,0,TP_cort,Vis,4,1,PFM3T7T04,PFM3T7T01,5968.0
allsubs,0,TP_cort,FP,4,1,PFM3T7T04,PFM3T7T01,3830.0
allsubs,0,TP_cort,DAN,4,1,PFM3T7T04,PFM3T7T01,3098.0
allsubs,0,TP_cort,VAN,4,1,PFM3T7T04,PFM3T7T01,1385.0
allsubs,0,TP_cort,Sal,4,1,PFM3T7T04,PFM3T7T01,811.0
allsubs,0,TP_cort,AMN,4,1,PFM3T7T04,PFM3T7T01,3871.0
allsubs,0,TP_cort,SMd,4,1,PFM3T7T04,PFM3T7T01,1856.0
allsubs,0,TP_cort,SMl,4,1,PFM3T7T04,PFM3T7T01,1074.0
allsubs,0,TP_cort,Aud,4,1,PFM3T7T04,PFM3T7T01,2719.0
allsubs,0,TP_cort,Tpole,4,1,PFM3T7T04,PFM3T7T01,221.0
allsubs,0,TP_cort,MTL,4,1,PFM3T7T04,PFM3T7T01,1435.0
allsubs,0,TP_cort,PMN,4,1,PFM3T7T04,PFM3T7T01,920.0
allsubs,0,TP_cort,PON,4,1,PFM3T7T04,PFM3T7T01,1145.0
allsubs,0,TP_cort,SCAN,4,1,PFM3T7T04,PFM3T7T01,1081.0
allsubs,0,TN_cort,DMN,4,1,PFM3T7T04,PFM3T7T01,49225.0
allsubs,0,TN_cort,Vis,4,1,PFM3T7T04,PFM3T7T01,51375.0
allsubs,0,TN_cort,FP,4,1,PFM3T7T04,PFM3T7T01,49602.0
allsubs,0,TN_cort,DAN,4,1,PFM3T7T04,PFM3T7T01,50587.0
allsubs,0,TN_cort,VAN,4,1,PFM3T7T04,PFM3T7T01,53910.0
allsubs,0,TN_cort,Sal,4,1,PFM3T7T04,PFM3T7T01,56233.0
allsubs,0,TN_cort,AMN,4,1,PFM3T7T04,PFM3T7T01,49394.0
allsubs,0,TN_cort,SMd,4,1,PFM3T7T04,PFM3T7T01,54536.0
allsubs,0,TN_cort,SMl,4,1,PFM3T7T04,PFM3T7T01,55904.0
allsubs,0,TN_cort,Aud,4,1,PFM3T7T04,PFM3T7T01,53245.0
allsubs,0,TN_cort,Tpole,4,1,PFM3T7T04,PFM3T7T01,57969.0
allsubs,0,TN_cort,MTL,4,1,PFM3T7T04,PFM3T7T01,55052.0
allsubs,0,TN_cort,PMN,4,1,PFM3T7T04,PFM3T7T01,56624.0
allsubs,0,TN_cort,PON,4,1,PFM3T7T04,PFM3T7T01,55912.0
allsubs,0,TN_cort,SCAN,4,1,PFM3T7T04,PFM3T7T01,56467.0
allsubs,0,FP_cort,DMN,4,1,PFM3T7T04,PFM3T7T01,1861.0
allsubs,0,FP_cort,Vis,4,1,PFM3T7T04,PFM3T7T01,825.0
allsubs,0,FP_cort,FP,4,1,PFM3T7T04,PFM3T7T01,2415.0
allsubs,0,FP_cort,DAN,4,1,PFM3T7T04,PFM3T7T01,1515.0
allsubs,0,FP_cort,VAN,4,1,PFM3T7T04,PFM3T7T01,2984.0
allsubs,0,FP_cort,Sal,4,1,PFM3T7T04,PFM3T7T01,1558.0
allsubs,0,FP_cort,AMN,4,1,PFM3T7T04,PFM3T7T01,4481.0
allsubs,0,FP_cort,SMd,4,1,PFM3T7T04,PFM3T7T01,1916.0
allsubs,0,FP_cort,SMl,4,1,PFM3T7T04,PFM3T7T01,1285.0
allsubs,0,FP_cort,Aud,4,1,PFM3T7T04,PFM3T7T01,1153.0
allsubs,0,FP_cort,Tpole,4,1,PFM3T7T04,PFM3T7T01,935.0
allsubs,0,FP_cort,MTL,4,1,PFM3T7T04,PFM3T7T01,1082.0
allsubs,0,FP_cort,PMN,4,1,PFM3T7T04,PFM3T7T01,914.0
allsubs,0,FP_cort,PON,4,1,PFM3T7T04,PFM3T7T01,1758.0
allsubs,0,FP_cort,SCAN,4,1,PFM3T7T04,PFM3T7T01,1051.0
allsubs,0,FN_cort,DMN,4,1,PFM3T7T04,PFM3T7T01,4061.0
allsubs,0,FN_cort,Vis,4,1,PFM3T7T04,PFM3T7T01,1244.0
allsubs,0,FN_cort,FP,4,1,PFM3T7T04,PFM3T7T01,3565.0
allsubs,0,FN_cort,DAN,4,1,PFM3T7T04,PFM3T7T01,4212.0
allsubs,0,FN_cort,VAN,4,1,PFM3T7T04,PFM3T7T01,1133.0
allsubs,0,FN_cort,Sal,4,1,PFM3T7T04,PFM3T7T01,810.0
allsubs,0,FN_cort,AMN,4,1,PFM3T7T04,PFM3T7T01,1666.0
allsubs,0,FN_cort,SMd,4,1,PFM3T7T04,PFM3T7T01,1104.0
allsubs,0,FN_cort,SMl,4,1,PFM3T7T04,PFM3T7T01,1149.0
allsubs,0,FN_cort,Aud,4,1,PFM3T7T04,PFM3T7T01,2295.0
allsubs,0,FN_cort,Tpole,4,1,PFM3T7T04,PFM3T7T01,287.0
allsubs,0,FN_cort,MTL,4,1,PFM3T7T04,PFM3T7T01,1843.0
allsubs,0,FN_cort,PMN,4,1,PFM3T7T04,PFM3T7T01,954.0
allsubs,0,FN_cort,PON,4,1,PFM3T7T04,PFM3T7T01,597.0
allsubs,0,FN_cort,SCAN,4,1,PFM3T7T04,PFM3T7T01,813.0
allsubs,0,TPR_cort,DMN,4,1,PFM3T7T04,PFM3T7T01,0.512250780687005
allsubs,0,TPR_cort,Vis,4,1,PFM3T7T04,PFM3T7T01,0.82750970604548
allsubs,0,TPR_cort,FP,4,1,PFM3T7T04,PFM3T7T01,0.517917511832319
allsubs,0,TPR_cort,DAN,4,1,PFM3T7T04,PFM3T7T01,0.423803009575923
allsubs,0,TPR_cort,VAN,4,1,PFM3T7T04,PFM3T7T01,0.550039714058777
allsubs,0,TPR_cort,Sal,4,1,PFM3T7T04,PFM3T7T01,0.500308451573103
allsubs,0,TPR_cort,AMN,4,1,PFM3T7T04,PFM3T7T01,0.699115044247788
allsubs,0,TPR_cort,SMd,4,1,PFM3T7T04,PFM3T7T01,0.627027027027027
allsubs,0,TPR_cort,SMl,4,1,PFM3T7T04,PFM3T7T01,0.483130904183536
allsubs,0,TPR_cort,Aud,4,1,PFM3T7T04,PFM3T7T01,0.542281611487834
allsubs,0,TPR_cort,Tpole,4,1,PFM3T7T04,PFM3T7T01,0.43503937007874
allsubs,0,TPR_cort,MTL,4,1,PFM3T7T04,PFM3T7T01,0.437766931055522
allsubs,0,TPR_cort,PMN,4,1,PFM3T7T04,PFM3T7T01,0.490928495197439
allsubs,0,TPR_cort,PON,4,1,PFM3T7T04,PFM3T7T01,0.657290470723307
allsubs,0,TPR_cort,SCAN,4,1,PFM3T7T04,PFM3T7T01,0.570749736008448
allsubs,0,TNR_cort,DMN,4,1,PFM3T7T04,PFM3T7T01,0.963571232823083
allsubs,0,TNR_cort,Vis,4,1,PFM3T7T04,PFM3T7T01,0.984195402298851
allsubs,0,TNR_cort,FP,4,1,PFM3T7T04,PFM3T7T01,0.953572870407751
allsubs,0,TNR_cort,DAN,4,1,PFM3T7T04,PFM3T7T01,0.970922421404169
allsubs,0,TNR_cort,VAN,4,1,PFM3T7T04,PFM3T7T01,0.947551587162091
allsubs,0,TNR_cort,Sal,4,1,PFM3T7T04,PFM3T7T01,0.973040784897302
allsubs,0,TNR_cort,AMN,4,1,PFM3T7T04,PFM3T7T01,0.916825986078886
allsubs,0,TNR_cort,SMd,4,1,PFM3T7T04,PFM3T7T01,0.96605966130518
allsubs,0,TNR_cort,SMl,4,1,PFM3T7T04,PFM3T7T01,0.977530644004966
allsubs,0,TNR_cort,Aud,4,1,PFM3T7T04,PFM3T7T01,0.97880436780764
allsubs,0,TNR_cort,Tpole,4,1,PFM3T7T04,PFM3T7T01,0.984126714654353
allsubs,0,TNR_cort,MTL,4,1,PFM3T7T04,PFM3T7T01,0.980724694481063
allsubs,0,TNR_cort,PMN,4,1,PFM3T7T04,PFM3T7T01,0.984114845841009
allsubs,0,TNR_cort,PON,4,1,PFM3T7T04,PFM3T7T01,0.969516212935668
allsubs,0,TNR_cort,SCAN,4,1,PFM3T7T04,PFM3T7T01,0.981727459230154
allsubs,0,FPR_cort,DMN,4,1,PFM3T7T04,PFM3T7T01,0.0364287671769174
allsubs,0,FPR_cort,Vis,4,1,PFM3T7T04,PFM3T7T01,0.0158045977011494
allsubs,0,FPR_cort,FP,4,1,PFM3T7T04,PFM3T7T01,0.0464271295922487
allsubs,0,FPR_cort,DAN,4,1,PFM3T7T04,PFM3T7T01,0.0290775785958313
allsubs,0,FPR_cort,VAN,4,1,PFM3T7T04,PFM3T7T01,0.0524484128379091
allsubs,0,FPR_cort,Sal,4,1,PFM3T7T04,PFM3T7T01,0.0269592151026977
allsubs,0,FPR_cort,AMN,4,1,PFM3T7T04,PFM3T7T01,0.0831740139211137
allsubs,0,FPR_cort,SMd,4,1,PFM3T7T04,PFM3T7T01,0.0339403386948204
allsubs,0,FPR_cort,SMl,4,1,PFM3T7T04,PFM3T7T01,0.022469355995034
allsubs,0,FPR_cort,Aud,4,1,PFM3T7T04,PFM3T7T01,0.02119563219236
allsubs,0,FPR_cort,Tpole,4,1,PFM3T7T04,PFM3T7T01,0.0158732853456472
allsubs,0,FPR_cort,MTL,4,1,PFM3T7T04,PFM3T7T01,0.0192753055189368
allsubs,0,FPR_cort,PMN,4,1,PFM3T7T04,PFM3T7T01,0.0158851541589906
allsubs,0,FPR_cort,PON,4,1,PFM3T7T04,PFM3T7T01,0.0304837870643315
allsubs,0,FPR_cort,SCAN,4,1,PFM3T7T04,PFM3T7T01,0.018272540769846
allsubs,0,FNR_cort,DMN,4,1,PFM3T7T04,PFM3T7T01,0.487749219312995
allsubs,0,FNR_cort,Vis,4,1,PFM3T7T04,PFM3T7T01,0.17249029395452
allsubs,0,FNR_cort,FP,4,1,PFM3T7T04,PFM3T7T01,0.482082488167681
allsubs,0,FNR_cort,DAN,4,1,PFM3T7T04,PFM3T7T01,0.576196990424077
allsubs,0,FNR_cort,VAN,4,1,PFM3T7T04,PFM3T7T01,0.449960285941223
allsubs,0,FNR_cort,Sal,4,1,PFM3T7T04,PFM3T7T01,0.499691548426897
allsubs,0,FNR_cort,AMN,4,1,PFM3T7T04,PFM3T7T01,0.300884955752212
allsubs,0,FNR_cort,SMd,4,1,PFM3T7T04,PFM3T7T01,0.372972972972973
allsubs,0,FNR_cort,SMl,4,1,PFM3T7T04,PFM3T7T01,0.516869095816464
allsubs,0,FNR_cort,Aud,4,1,PFM3T7T04,PFM3T7T01,0.457718388512166
allsubs,0,FNR_cort,Tpole,4,1,PFM3T7T04,PFM3T7T01,0.56496062992126
allsubs,0,FNR_cort,MTL,4,1,PFM3T7T04,PFM3T7T01,0.562233068944478
allsubs,0,FNR_cort,PMN,4,1,PFM3T7T04,PFM3T7T01,0.509071504802561
allsubs,0,FNR_cort,PON,4,1,PFM3T7T04,PFM3T7T01,0.342709529276693
allsubs,0,FNR_cort,SCAN,4,1,PFM3T7T04,PFM3T7T01,0.429250263991552
allsubs,0,NPV_cort,DMN,4,1,PFM3T7T04,PFM3T7T01,0.923788612393499
allsubs,0,NPV_cort,Vis,4,1,PFM3T7T04,PFM3T7T01,0.976358349645565
allsubs,0,NPV_cort,FP,4,1,PFM3T7T04,PFM3T7T01,0.932947128858126
allsubs,0,NPV_cort,DAN,4,1,PFM3T7T04,PFM3T7T01,0.923137283527072
allsubs,0,NPV_cort,VAN,4,1,PFM3T7T04,PFM3T7T01,0.979416092872845
allsubs,0,NPV_cort,Sal,4,1,PFM3T7T04,PFM3T7T01,0.985800185824729
allsubs,0,NPV_cort,AMN,4,1,PFM3T7T04,PFM3T7T01,0.967371719545633
allsubs,0,NPV_cort,SMd,4,1,PFM3T7T04,PFM3T7T01,0.980158159597412
allsubs,0,NPV_cort,SMl,4,1,PFM3T7T04,PFM3T7T01,0.979860831156994
allsubs,0,NPV_cort,Aud,4,1,PFM3T7T04,PFM3T7T01,0.958678429960389
allsubs,0,NPV_cort,Tpole,4,1,PFM3T7T04,PFM3T7T01,0.995073468827245
allsubs,0,NPV_cort,MTL,4,1,PFM3T7T04,PFM3T7T01,0.967606995342297
allsubs,0,NPV_cort,PMN,4,1,PFM3T7T04,PFM3T7T01,0.983431171628052
allsubs,0,NPV_cort,PON,4,1,PFM3T7T04,PFM3T7T01,0.989435311189368
allsubs,0,NPV_cort,SCAN,4,1,PFM3T7T04,PFM3T7T01,0.98580656424581
allsubs,0,PPV_cort,DMN,4,1,PFM3T7T04,PFM3T7T01,0.696212863206007
allsubs,0,PPV_cort,Vis,4,1,PFM3T7T04,PFM3T7T01,0.878551450022082
allsubs,0,PPV_cort,FP,4,1,PFM3T7T04,PFM3T7T01,0.613290632506005
allsubs,0,PPV_cort,DAN,4,1,PFM3T7T04,PFM3T7T01,0.671580316496857
allsubs,0,PPV_cort,VAN,4,1,PFM3T7T04,PFM3T7T01,0.317006179903868
allsubs,0,PPV_cort,Sal,4,1,PFM3T7T04,PFM3T7T01,0.34233853946813
allsubs,0,PPV_cort,AMN,4,1,PFM3T7T04,PFM3T7T01,0.463481800766284
allsubs,0,PPV_cort,SMd,4,1,PFM3T7T04,PFM3T7T01,0.492046659597031
allsubs,0,PPV_cort,SMl,4,1,PFM3T7T04,PFM3T7T01,0.455277660025435
allsubs,0,PPV_cort,Aud,4,1,PFM3T7T04,PFM3T7T01,0.702221074380165
allsubs,0,PPV_cort,Tpole,4,1,PFM3T7T04,PFM3T7T01,0.191176470588235
allsubs,0,PPV_cort,MTL,4,1,PFM3T7T04,PFM3T7T01,0.570123162495034
allsubs,0,PPV_cort,PMN,4,1,PFM3T7T04,PFM3T7T01,0.501635768811341
allsubs,0,PPV_cort,PON,4,1,PFM3T7T04,PFM3T7T01,0.394419565966242
allsubs,0,PPV_cort,SCAN,4,1,PFM3T7T04,PFM3T7T01,0.50703564727955
allsubs,0,PPVcorr_Jeffreys_cort,DMN,4,1,PFM3T7T04,PFM3T7T01,0.672735895151323
allsubs,0,PPVcorr_Jeffreys_cort,Vis,4,1,PFM3T7T04,PFM3T7T01,0.842218732533071
allsubs,0,PPVcorr_Jeffreys_cort,FP,4,1,PFM3T7T04,PFM3T7T01,0.601295726250984
allsubs,0,PPVcorr_Jeffreys_cort,DAN,4,1,PFM3T7T04,PFM3T7T01,0.64811002994012
allsubs,0,PPVcorr_Jeffreys_cort,VAN,4,1,PFM3T7T04,PFM3T7T01,0.326978012465374
allsubs,0,PPVcorr_Jeffreys_cort,Sal,4,1,PFM3T7T04,PFM3T7T01,0.352435699893327
allsubs,0,PPVcorr_Jeffreys_cort,AMN,4,1,PFM3T7T04,PFM3T7T01,0.465752271017438
allsubs,0,PPVcorr_Jeffreys_cort,SMd,4,1,PFM3T7T04,PFM3T7T01,0.492625368731563
allsubs,0,PPVcorr_Jeffreys_cort,SMl,4,1,PFM3T7T04,PFM3T7T01,0.45912912098555
allsubs,0,PPVcorr_Jeffreys_cort,Aud,4,1,PFM3T7T04,PFM3T7T01,0.67903690492523
allsubs,0,PPVcorr_Jeffreys_cort,Tpole,4,1,PFM3T7T04,PFM3T7T01,0.204176334106729
allsubs,0,PPVcorr_Jeffreys_cort,MTL,4,1,PFM3T7T04,PFM3T7T01,0.562043025871766
allsubs,0,PPVcorr_Jeffreys_cort,PMN,4,1,PFM3T7T04,PFM3T7T01,0.501484119916889
allsubs,0,PPVcorr_Jeffreys_cort,PON,4,1,PFM3T7T04,PFM3T7T01,0.400396464318211
allsubs,0,PPVcorr_Jeffreys_cort,SCAN,4,1,PFM3T7T04,PFM3T7T01,0.506461617989145
allsubs,0,PPVcorr_d1d2_cort,DMN,4,1,PFM3T7T04,PFM3T7T01,0.696816564563648
allsubs,0,PPVcorr_d1d2_cort,Vis,4,1,PFM3T7T04,PFM3T7T01,0.879415468304526
allsubs,0,PPVcorr_d1d2_cort,FP,4,1,PFM3T7T04,PFM3T7T01,0.616916002520421
allsubs,0,PPVcorr_d1d2_cort,DAN,4,1,PFM3T7T04,PFM3T7T01,0.670684203469945
allsubs,0,PPVcorr_d1d2_cort,VAN,4,1,PFM3T7T04,PFM3T7T01,0.348771973779837
allsubs,0,PPVcorr_d1d2_cort,Sal,4,1,PFM3T7T04,PFM3T7T01,0.387710265318305
allsubs,0,PPVcorr_d1d2_cort,AMN,4,1,PFM3T7T04,PFM3T7T01,0.475847604986221
allsubs,0,PPVcorr_d1d2_cort,SMd,4,1,PFM3T7T04,PFM3T7T01,0.512246948730295
allsubs,0,PPVcorr_d1d2_cort,SMl,4,1,PFM3T7T04,PFM3T7T01,0.479925958841235
allsubs,0,PPVcorr_d1d2_cort,Aud,4,1,PFM3T7T04,PFM3T7T01,0.703932487650235
allsubs,0,PPVcorr_d1d2_cort,Tpole,4,1,PFM3T7T04,PFM3T7T01,0.357246662782904
allsubs,0,PPVcorr_d1d2_cort,MTL,4,1,PFM3T7T04,PFM3T7T01,0.577648825351872
allsubs,0,PPVcorr_d1d2_cort,PMN,4,1,PFM3T7T04,PFM3T7T01,0.526287094719251
allsubs,0,PPVcorr_d1d2_cort,PON,4,1,PFM3T7T04,PFM3T7T01,0.436800110377132
allsubs,0,PPVcorr_d1d2_cort,SCAN,4,1,PFM3T7T04,PFM3T7T01,0.534736228342171
allsubs,0,PPVcorr_bayes_cort,DMN,4,1,PFM3T7T04,PFM3T7T01,0.69869943300781
allsubs,0,PPVcorr_bayes_cort,Vis,4,1,PFM3T7T04,PFM3T7T01,0.881691499175356
allsubs,0,PPVcorr_bayes_cort,FP,4,1,PFM3T7T04,PFM3T7T01,0.626195064807467
allsubs,0,PPVcorr_bayes_cort,DAN,4,1,PFM3T7T04,PFM3T7T01,0.668571141680892
allsubs,0,PPVcorr_bayes_cort,VAN,4,1,PFM3T7T04,PFM3T7T01,0.356758379857203
allsubs,0,PPVcorr_bayes_cort,Sal,4,1,PFM3T7T04,PFM3T7T01,0.379408824789376
allsubs,0,PPVcorr_bayes_cort,AMN,4,1,PFM3T7T04,PFM3T7T01,0.497007479851909
allsubs,0,PPVcorr_bayes_cort,SMd,4,1,PFM3T7T04,PFM3T7T01,0.521576128538638
allsubs,0,PPVcorr_bayes_cort,SMl,4,1,PFM3T7T04,PFM3T7T01,0.482548610970601
allsubs,0,PPVcorr_bayes_cort,Aud,4,1,PFM3T7T04,PFM3T7T01,0.706428692678905
allsubs,0,PPVcorr_bayes_cort,Tpole,4,1,PFM3T7T04,PFM3T7T01,0.23621447902571
allsubs,0,PPVcorr_bayes_cort,MTL,4,1,PFM3T7T04,PFM3T7T01,0.582180543644431
allsubs,0,PPVcorr_bayes_cort,PMN,4,1,PFM3T7T04,PFM3T7T01,0.524809457147301
allsubs,0,PPVcorr_bayes_cort,PON,4,1,PFM3T7T04,PFM3T7T01,0.431496773762161
allsubs,0,PPVcorr_bayes_cort,SCAN,4,1,PFM3T7T04,PFM3T7T01,0.53333034071015
allsubs,0,MCC_cort,DMN,4,1,PFM3T7T04,PFM3T7T01,0.543148552883079
allsubs,0,MCC_cort,Vis,4,1,PFM3T7T04,PFM3T7T01,0.83302740144839
allsubs,0,MCC_cort,FP,4,1,PFM3T7T04,PFM3T7T01,0.507489754477403
allsubs,0,MCC_cort,DAN,4,1,PFM3T7T04,PFM3T7T01,0.484510227942498
allsubs,0,MCC_cort,VAN,4,1,PFM3T7T04,PFM3T7T01,0.384053569729291
allsubs,0,MCC_cort,Sal,4,1,PFM3T7T04,PFM3T7T01,0.394111932163626
allsubs,0,MCC_cort,AMN,4,1,PFM3T7T04,PFM3T7T01,0.515150814054289
allsubs,0,MCC_cort,SMd,4,1,PFM3T7T04,PFM3T7T01,0.529205434997167
allsubs,0,MCC_cort,SMl,4,1,PFM3T7T04,PFM3T7T01,0.447718182593142
allsubs,0,MCC_cort,Aud,4,1,PFM3T7T04,PFM3T7T01,0.586843646498103
allsubs,0,MCC_cort,Tpole,4,1,PFM3T7T04,PFM3T7T01,0.279409480666929
allsubs,0,MCC_cort,MTL,4,1,PFM3T7T04,PFM3T7T01,0.474379139353101
allsubs,0,MCC_cort,PMN,4,1,PFM3T7T04,PFM3T7T01,0.48002897830613
allsubs,0,MCC_cort,PON,4,1,PFM3T7T04,PFM3T7T01,0.490512795507142
allsubs,0,MCC_cort,SCAN,4,1,PFM3T7T04,PFM3T7T01,0.521808473214762
allsubs,0,muI_cort,WholeBrainOrSingleVal,4,1,PFM3T7T04,PFM3T7T01,1.57080163990268
allsubs,0,VIn_cort,WholeBrainOrSingleVal,4,1,PFM3T7T04,PFM3T7T01,0.264538607112894
allsubs,0,MIn_cort,WholeBrainOrSingleVal,4,1,PFM3T7T04,PFM3T7T01,0.428199194748988
allsubs,0,DC_cort,DMN,4,2,PFM3T7T04,PFM3T7T02,0.612298299171391
allsubs,0,DC_cort,Vis,4,2,PFM3T7T04,PFM3T7T02,0.864265085879313
allsubs,0,DC_cort,FP,4,2,PFM3T7T04,PFM3T7T02,0.594554332533311
allsubs,0,DC_cort,DAN,4,2,PFM3T7T04,PFM3T7T02,0.605928237129485
allsubs,0,DC_cort,VAN,4,2,PFM3T7T04,PFM3T7T02,0.534304412075153
allsubs,0,DC_cort,Sal,4,2,PFM3T7T04,PFM3T7T02,0.371983519717481
allsubs,0,DC_cort,AMN,4,2,PFM3T7T04,PFM3T7T02,0.566970091027308
allsubs,0,DC_cort,SMd,4,2,PFM3T7T04,PFM3T7T02,0.768008073672259
allsubs,0,DC_cort,SMl,4,2,PFM3T7T04,PFM3T7T02,0.530525420123378
allsubs,0,DC_cort,Aud,4,2,PFM3T7T04,PFM3T7T02,0.608429118773946
allsubs,0,DC_cort,Tpole,4,2,PFM3T7T04,PFM3T7T02,0.378854625550661
allsubs,0,DC_cort,MTL,4,2,PFM3T7T04,PFM3T7T02,0.515156950672646
allsubs,0,DC_cort,PMN,4,2,PFM3T7T04,PFM3T7T02,0.471894984853585
allsubs,0,DC_cort,PON,4,2,PFM3T7T04,PFM3T7T02,0.574930362116992
allsubs,0,DC_cort,SCAN,4,2,PFM3T7T04,PFM3T7T02,0.592274678111588
allsubs,0,cDC_cort,DMN,4,2,PFM3T7T04,PFM3T7T02,0.612298299171391
allsubs,0,cDC_cort,Vis,4,2,PFM3T7T04,PFM3T7T02,0.864265085879313
allsubs,0,cDC_cort,FP,4,2,PFM3T7T04,PFM3T7T02,0.594554332533311
allsubs,0,cDC_cort,DAN,4,2,PFM3T7T04,PFM3T7T02,0.605928237129485
allsubs,0,cDC_cort,VAN,4,2,PFM3T7T04,PFM3T7T02,0.534304412075153
allsubs,0,cDC_cort,Sal,4,2,PFM3T7T04,PFM3T7T02,0.371983519717481
allsubs,0,cDC_cort,AMN,4,2,PFM3T7T04,PFM3T7T02,0.566970091027308
allsubs,0,cDC_cort,SMd,4,2,PFM3T7T04,PFM3T7T02,0.768008073672259
allsubs,0,cDC_cort,SMl,4,2,PFM3T7T04,PFM3T7T02,0.530525420123378
allsubs,0,cDC_cort,Aud,4,2,PFM3T7T04,PFM3T7T02,0.608429118773946
allsubs,0,cDC_cort,Tpole,4,2,PFM3T7T04,PFM3T7T02,0.378854625550661
allsubs,0,cDC_cort,MTL,4,2,PFM3T7T04,PFM3T7T02,0.515156950672646
allsubs,0,cDC_cort,PMN,4,2,PFM3T7T04,PFM3T7T02,0.471894984853585
allsubs,0,cDC_cort,PON,4,2,PFM3T7T04,PFM3T7T02,0.574930362116992
allsubs,0,cDC_cort,SCAN,4,2,PFM3T7T04,PFM3T7T02,0.592274678111588
allsubs,0,TP_cort,DMN,4,2,PFM3T7T04,PFM3T7T02,4212.0
allsubs,0,TP_cort,Vis,4,2,PFM3T7T04,PFM3T7T02,5686.0
allsubs,0,TP_cort,FP,4,2,PFM3T7T04,PFM3T7T02,3592.0
allsubs,0,TP_cort,DAN,4,2,PFM3T7T04,PFM3T7T02,2913.0
allsubs,0,TP_cort,VAN,4,2,PFM3T7T04,PFM3T7T02,2531.0
allsubs,0,TP_cort,Sal,4,2,PFM3T7T04,PFM3T7T02,948.0
allsubs,0,TP_cort,AMN,4,2,PFM3T7T04,PFM3T7T02,3924.0
allsubs,0,TP_cort,SMd,4,2,PFM3T7T04,PFM3T7T02,3044.0
allsubs,0,TP_cort,SMl,4,2,PFM3T7T04,PFM3T7T02,1247.0
allsubs,0,TP_cort,Aud,4,2,PFM3T7T04,PFM3T7T02,2382.0
allsubs,0,TP_cort,Tpole,4,2,PFM3T7T04,PFM3T7T02,344.0
allsubs,0,TP_cort,MTL,4,2,PFM3T7T04,PFM3T7T02,1436.0
allsubs,0,TP_cort,PMN,4,2,PFM3T7T04,PFM3T7T02,701.0
allsubs,0,TP_cort,PON,4,2,PFM3T7T04,PFM3T7T02,1548.0
allsubs,0,TP_cort,SCAN,4,2,PFM3T7T04,PFM3T7T02,1656.0
allsubs,0,TN_cort,DMN,4,2,PFM3T7T04,PFM3T7T02,49866.0
allsubs,0,TN_cort,Vis,4,2,PFM3T7T04,PFM3T7T02,51940.0
allsubs,0,TN_cort,FP,4,2,PFM3T7T04,PFM3T7T02,50921.0
allsubs,0,TN_cort,DAN,4,2,PFM3T7T04,PFM3T7T02,52710.0
allsubs,0,TN_cort,VAN,4,2,PFM3T7T04,PFM3T7T02,52469.0
allsubs,0,TN_cort,Sal,4,2,PFM3T7T04,PFM3T7T02,55263.0
allsubs,0,TN_cort,AMN,4,2,PFM3T7T04,PFM3T7T02,49494.0
allsubs,0,TN_cort,SMd,4,2,PFM3T7T04,PFM3T7T02,54529.0
allsubs,0,TN_cort,SMl,4,2,PFM3T7T04,PFM3T7T02,55958.0
allsubs,0,TN_cort,Aud,4,2,PFM3T7T04,PFM3T7T02,53964.0
allsubs,0,TN_cort,Tpole,4,2,PFM3T7T04,PFM3T7T02,57940.0
allsubs,0,TN_cort,MTL,4,2,PFM3T7T04,PFM3T7T02,55273.0
allsubs,0,TN_cort,PMN,4,2,PFM3T7T04,PFM3T7T02,57142.0
allsubs,0,TN_cort,PON,4,2,PFM3T7T04,PFM3T7T02,55575.0
allsubs,0,TN_cort,SCAN,4,2,PFM3T7T04,PFM3T7T02,55476.0
allsubs,0,FP_cort,DMN,4,2,PFM3T7T04,PFM3T7T02,1914.0
allsubs,0,FP_cort,Vis,4,2,PFM3T7T04,PFM3T7T02,1107.0
allsubs,0,FP_cort,FP,4,2,PFM3T7T04,PFM3T7T02,2653.0
allsubs,0,FP_cort,DAN,4,2,PFM3T7T04,PFM3T7T02,1700.0
allsubs,0,FP_cort,VAN,4,2,PFM3T7T04,PFM3T7T02,1838.0
allsubs,0,FP_cort,Sal,4,2,PFM3T7T04,PFM3T7T02,1421.0
allsubs,0,FP_cort,AMN,4,2,PFM3T7T04,PFM3T7T02,4428.0
allsubs,0,FP_cort,SMd,4,2,PFM3T7T04,PFM3T7T02,728.0
allsubs,0,FP_cort,SMl,4,2,PFM3T7T04,PFM3T7T02,1112.0
allsubs,0,FP_cort,Aud,4,2,PFM3T7T04,PFM3T7T02,1490.0
allsubs,0,FP_cort,Tpole,4,2,PFM3T7T04,PFM3T7T02,812.0
allsubs,0,FP_cort,MTL,4,2,PFM3T7T04,PFM3T7T02,1081.0
allsubs,0,FP_cort,PMN,4,2,PFM3T7T04,PFM3T7T02,1133.0
allsubs,0,FP_cort,PON,4,2,PFM3T7T04,PFM3T7T02,1355.0
allsubs,0,FP_cort,SCAN,4,2,PFM3T7T04,PFM3T7T02,476.0
allsubs,0,FN_cort,DMN,4,2,PFM3T7T04,PFM3T7T02,3420.0
allsubs,0,FN_cort,Vis,4,2,PFM3T7T04,PFM3T7T02,679.0
allsubs,0,FN_cort,FP,4,2,PFM3T7T04,PFM3T7T02,2246.0
allsubs,0,FN_cort,DAN,4,2,PFM3T7T04,PFM3T7T02,2089.0
allsubs,0,FN_cort,VAN,4,2,PFM3T7T04,PFM3T7T02,2574.0
allsubs,0,FN_cort,Sal,4,2,PFM3T7T04,PFM3T7T02,1780.0
allsubs,0,FN_cort,AMN,4,2,PFM3T7T04,PFM3T7T02,1566.0
allsubs,0,FN_cort,SMd,4,2,PFM3T7T04,PFM3T7T02,1111.0
allsubs,0,FN_cort,SMl,4,2,PFM3T7T04,PFM3T7T02,1095.0
allsubs,0,FN_cort,Aud,4,2,PFM3T7T04,PFM3T7T02,1576.0
allsubs,0,FN_cort,Tpole,4,2,PFM3T7T04,PFM3T7T02,316.0
allsubs,0,FN_cort,MTL,4,2,PFM3T7T04,PFM3T7T02,1622.0
allsubs,0,FN_cort,PMN,4,2,PFM3T7T04,PFM3T7T02,436.0
allsubs,0,FN_cort,PON,4,2,PFM3T7T04,PFM3T7T02,934.0
allsubs,0,FN_cort,SCAN,4,2,PFM3T7T04,PFM3T7T02,1804.0
allsubs,0,TPR_cort,DMN,4,2,PFM3T7T04,PFM3T7T02,0.55188679245283
allsubs,0,TPR_cort,Vis,4,2,PFM3T7T04,PFM3T7T02,0.893322859387274
allsubs,0,TPR_cort,FP,4,2,PFM3T7T04,PFM3T7T02,0.615279205207263
allsubs,0,TPR_cort,DAN,4,2,PFM3T7T04,PFM3T7T02,0.582367053178728
allsubs,0,TPR_cort,VAN,4,2,PFM3T7T04,PFM3T7T02,0.495788442703232
allsubs,0,TPR_cort,Sal,4,2,PFM3T7T04,PFM3T7T02,0.347507331378299
allsubs,0,TPR_cort,AMN,4,2,PFM3T7T04,PFM3T7T02,0.714754098360656
allsubs,0,TPR_cort,SMd,4,2,PFM3T7T04,PFM3T7T02,0.732611311672684
allsubs,0,TPR_cort,SMl,4,2,PFM3T7T04,PFM3T7T02,0.532450896669513
allsubs,0,TPR_cort,Aud,4,2,PFM3T7T04,PFM3T7T02,0.601819100555836
allsubs,0,TPR_cort,Tpole,4,2,PFM3T7T04,PFM3T7T02,0.521212121212121
allsubs,0,TPR_cort,MTL,4,2,PFM3T7T04,PFM3T7T02,0.469587965990844
allsubs,0,TPR_cort,PMN,4,2,PFM3T7T04,PFM3T7T02,0.616534740545295
allsubs,0,TPR_cort,PON,4,2,PFM3T7T04,PFM3T7T02,0.623690572119259
allsubs,0,TPR_cort,SCAN,4,2,PFM3T7T04,PFM3T7T02,0.478612716763006
allsubs,0,TNR_cort,DMN,4,2,PFM3T7T04,PFM3T7T02,0.963035921205099
allsubs,0,TNR_cort,Vis,4,2,PFM3T7T04,PFM3T7T02,0.979131713386242
allsubs,0,TNR_cort,FP,4,2,PFM3T7T04,PFM3T7T02,0.950479710307239
allsubs,0,TNR_cort,DAN,4,2,PFM3T7T04,PFM3T7T02,0.968755743429517
allsubs,0,TNR_cort,VAN,4,2,PFM3T7T04,PFM3T7T02,0.96615537591839
allsubs,0,TNR_cort,Sal,4,2,PFM3T7T04,PFM3T7T02,0.974931197516054
allsubs,0,TNR_cort,AMN,4,2,PFM3T7T04,PFM3T7T02,0.917881384221654
allsubs,0,TNR_cort,SMd,4,2,PFM3T7T04,PFM3T7T02,0.98682519861737
allsubs,0,TNR_cort,SMl,4,2,PFM3T7T04,PFM3T7T02,0.980515156824952
allsubs,0,TNR_cort,Aud,4,2,PFM3T7T04,PFM3T7T02,0.973130883254589
allsubs,0,TNR_cort,Tpole,4,2,PFM3T7T04,PFM3T7T02,0.986179193899782
allsubs,0,TNR_cort,MTL,4,2,PFM3T7T04,PFM3T7T02,0.980817688185399
allsubs,0,TNR_cort,PMN,4,2,PFM3T7T04,PFM3T7T02,0.980557700557701
allsubs,0,TNR_cort,PON,4,2,PFM3T7T04,PFM3T7T02,0.976198840681539
allsubs,0,TNR_cort,SCAN,4,2,PFM3T7T04,PFM3T7T02,0.991492708035459
allsubs,0,FPR_cort,DMN,4,2,PFM3T7T04,PFM3T7T02,0.0369640787949015
allsubs,0,FPR_cort,Vis,4,2,PFM3T7T04,PFM3T7T02,0.0208682866137576
allsubs,0,FPR_cort,FP,4,2,PFM3T7T04,PFM3T7T02,0.0495202896927614
allsubs,0,FPR_cort,DAN,4,2,PFM3T7T04,PFM3T7T02,0.0312442565704834
allsubs,0,FPR_cort,VAN,4,2,PFM3T7T04,PFM3T7T02,0.0338446240816101
allsubs,0,FPR_cort,Sal,4,2,PFM3T7T04,PFM3T7T02,0.0250688024839461
allsubs,0,FPR_cort,AMN,4,2,PFM3T7T04,PFM3T7T02,0.0821186157783465
allsubs,0,FPR_cort,SMd,4,2,PFM3T7T04,PFM3T7T02,0.0131748013826303
allsubs,0,FPR_cort,SMl,4,2,PFM3T7T04,PFM3T7T02,0.0194848431750482
allsubs,0,FPR_cort,Aud,4,2,PFM3T7T04,PFM3T7T02,0.0268691167454106
allsubs,0,FPR_cort,Tpole,4,2,PFM3T7T04,PFM3T7T02,0.0138208061002179
allsubs,0,FPR_cort,MTL,4,2,PFM3T7T04,PFM3T7T02,0.0191823118146006
allsubs,0,FPR_cort,PMN,4,2,PFM3T7T04,PFM3T7T02,0.0194422994422994
allsubs,0,FPR_cort,PON,4,2,PFM3T7T04,PFM3T7T02,0.0238011593184613
allsubs,0,FPR_cort,SCAN,4,2,PFM3T7T04,PFM3T7T02,0.008507291964541
allsubs,0,FNR_cort,DMN,4,2,PFM3T7T04,PFM3T7T02,0.44811320754717
allsubs,0,FNR_cort,Vis,4,2,PFM3T7T04,PFM3T7T02,0.106677140612726
allsubs,0,FNR_cort,FP,4,2,PFM3T7T04,PFM3T7T02,0.384720794792737
allsubs,0,FNR_cort,DAN,4,2,PFM3T7T04,PFM3T7T02,0.417632946821272
allsubs,0,FNR_cort,VAN,4,2,PFM3T7T04,PFM3T7T02,0.504211557296768
allsubs,0,FNR_cort,Sal,4,2,PFM3T7T04,PFM3T7T02,0.652492668621701
allsubs,0,FNR_cort,AMN,4,2,PFM3T7T04,PFM3T7T02,0.285245901639344
allsubs,0,FNR_cort,SMd,4,2,PFM3T7T04,PFM3T7T02,0.267388688327316
allsubs,0,FNR_cort,SMl,4,2,PFM3T7T04,PFM3T7T02,0.467549103330487
allsubs,0,FNR_cort,Aud,4,2,PFM3T7T04,PFM3T7T02,0.398180899444164
allsubs,0,FNR_cort,Tpole,4,2,PFM3T7T04,PFM3T7T02,0.478787878787879
allsubs,0,FNR_cort,MTL,4,2,PFM3T7T04,PFM3T7T02,0.530412034009156
allsubs,0,FNR_cort,PMN,4,2,PFM3T7T04,PFM3T7T02,0.383465259454705
allsubs,0,FNR_cort,PON,4,2,PFM3T7T04,PFM3T7T02,0.376309427880741
allsubs,0,FNR_cort,SCAN,4,2,PFM3T7T04,PFM3T7T02,0.521387283236994
allsubs,0,NPV_cort,DMN,4,2,PFM3T7T04,PFM3T7T02,0.935818038509177
allsubs,0,NPV_cort,Vis,4,2,PFM3T7T04,PFM3T7T02,0.987095915923906
allsubs,0,NPV_cort,FP,4,2,PFM3T7T04,PFM3T7T02,0.957755750747644
allsubs,0,NPV_cort,DAN,4,2,PFM3T7T04,PFM3T7T02,0.961878866402672
allsubs,0,NPV_cort,VAN,4,2,PFM3T7T04,PFM3T7T02,0.95323656050724
allsubs,0,NPV_cort,Sal,4,2,PFM3T7T04,PFM3T7T02,0.968795470083972
allsubs,0,NPV_cort,AMN,4,2,PFM3T7T04,PFM3T7T02,0.969330199764982
allsubs,0,NPV_cort,SMd,4,2,PFM3T7T04,PFM3T7T02,0.980032350826743
allsubs,0,NPV_cort,SMl,4,2,PFM3T7T04,PFM3T7T02,0.980807319509929
allsubs,0,NPV_cort,Aud,4,2,PFM3T7T04,PFM3T7T02,0.971624054735326
allsubs,0,NPV_cort,Tpole,4,2,PFM3T7T04,PFM3T7T02,0.994575666025817
allsubs,0,NPV_cort,MTL,4,2,PFM3T7T04,PFM3T7T02,0.971491343703313
allsubs,0,NPV_cort,PMN,4,2,PFM3T7T04,PFM3T7T02,0.992427663343638
allsubs,0,NPV_cort,PON,4,2,PFM3T7T04,PFM3T7T02,0.983471659381691
allsubs,0,NPV_cort,SCAN,4,2,PFM3T7T04,PFM3T7T02,0.968505586592179
allsubs,0,PPV_cort,DMN,4,2,PFM3T7T04,PFM3T7T02,0.687561214495593
allsubs,0,PPV_cort,Vis,4,2,PFM3T7T04,PFM3T7T02,0.837038127484175
allsubs,0,PPV_cort,FP,4,2,PFM3T7T04,PFM3T7T02,0.575180144115292
allsubs,0,PPV_cort,DAN,4,2,PFM3T7T04,PFM3T7T02,0.631476262735747
allsubs,0,PPV_cort,VAN,4,2,PFM3T7T04,PFM3T7T02,0.57930876630808
allsubs,0,PPV_cort,Sal,4,2,PFM3T7T04,PFM3T7T02,0.400168847615027
allsubs,0,PPV_cort,AMN,4,2,PFM3T7T04,PFM3T7T02,0.469827586206897
allsubs,0,PPV_cort,SMd,4,2,PFM3T7T04,PFM3T7T02,0.806998939554613
allsubs,0,PPV_cort,SMl,4,2,PFM3T7T04,PFM3T7T02,0.528613819415006
allsubs,0,PPV_cort,Aud,4,2,PFM3T7T04,PFM3T7T02,0.615185950413223
allsubs,0,PPV_cort,Tpole,4,2,PFM3T7T04,PFM3T7T02,0.29757785467128
allsubs,0,PPV_cort,MTL,4,2,PFM3T7T04,PFM3T7T02,0.57052046086611
allsubs,0,PPV_cort,PMN,4,2,PFM3T7T04,PFM3T7T02,0.382224645583424
allsubs,0,PPV_cort,PON,4,2,PFM3T7T04,PFM3T7T02,0.533241474336893
allsubs,0,PPV_cort,SCAN,4,2,PFM3T7T04,PFM3T7T02,0.776735459662289
allsubs,0,PPVcorr_Jeffreys_cort,DMN,4,2,PFM3T7T04,PFM3T7T02,0.666782790454625
allsubs,0,PPVcorr_Jeffreys_cort,Vis,4,2,PFM3T7T04,PFM3T7T02,0.808163402651592
allsubs,0,PPVcorr_Jeffreys_cort,FP,4,2,PFM3T7T04,PFM3T7T02,0.568752928772259
allsubs,0,PPVcorr_Jeffreys_cort,DAN,4,2,PFM3T7T04,PFM3T7T02,0.618614566220762
allsubs,0,PPVcorr_Jeffreys_cort,VAN,4,2,PFM3T7T04,PFM3T7T02,0.5710113741162
allsubs,0,PPVcorr_Jeffreys_cort,Sal,4,2,PFM3T7T04,PFM3T7T02,0.410477704595352
allsubs,0,PPVcorr_Jeffreys_cort,AMN,4,2,PFM3T7T04,PFM3T7T02,0.471688574317492
allsubs,0,PPVcorr_Jeffreys_cort,SMd,4,2,PFM3T7T04,PFM3T7T02,0.776537313432836
allsubs,0,PPVcorr_Jeffreys_cort,SMl,4,2,PFM3T7T04,PFM3T7T02,0.526029615918556
allsubs,0,PPVcorr_Jeffreys_cort,Aud,4,2,PFM3T7T04,PFM3T7T02,0.604503491260134
allsubs,0,PPVcorr_Jeffreys_cort,Tpole,4,2,PFM3T7T04,PFM3T7T02,0.308510638297872
allsubs,0,PPVcorr_Jeffreys_cort,MTL,4,2,PFM3T7T04,PFM3T7T02,0.562880827547116
allsubs,0,PPVcorr_Jeffreys_cort,PMN,4,2,PFM3T7T04,PFM3T7T02,0.389099964060174
allsubs,0,PPVcorr_Jeffreys_cort,PON,4,2,PFM3T7T04,PFM3T7T02,0.530623254633156
allsubs,0,PPVcorr_Jeffreys_cort,SCAN,4,2,PFM3T7T04,PFM3T7T02,0.738095238095238
allsubs,0,PPVcorr_d1d2_cort,DMN,4,2,PFM3T7T04,PFM3T7T02,0.689379684534685
allsubs,0,PPVcorr_d1d2_cort,Vis,4,2,PFM3T7T04,PFM3T7T02,0.840328441161879
allsubs,0,PPVcorr_d1d2_cort,FP,4,2,PFM3T7T04,PFM3T7T02,0.582961166972055
allsubs,0,PPVcorr_d1d2_cort,DAN,4,2,PFM3T7T04,PFM3T7T02,0.637616272964722
allsubs,0,PPVcorr_d1d2_cort,VAN,4,2,PFM3T7T04,PFM3T7T02,0.585477127963767
allsubs,0,PPVcorr_d1d2_cort,Sal,4,2,PFM3T7T04,PFM3T7T02,0.419166063138898
allsubs,0,PPVcorr_d1d2_cort,AMN,4,2,PFM3T7T04,PFM3T7T02,0.482270335684489
allsubs,0,PPVcorr_d1d2_cort,SMd,4,2,PFM3T7T04,PFM3T7T02,0.809522899595242
allsubs,0,PPVcorr_d1d2_cort,SMl,4,2,PFM3T7T04,PFM3T7T02,0.548059298910666
allsubs,0,PPVcorr_d1d2_cort,Aud,4,2,PFM3T7T04,PFM3T7T02,0.624295792964308
allsubs,0,PPVcorr_d1d2_cort,Tpole,4,2,PFM3T7T04,PFM3T7T02,0.413406137749813
allsubs,0,PPVcorr_d1d2_cort,MTL,4,2,PFM3T7T04,PFM3T7T02,0.580140832122135
allsubs,0,PPVcorr_d1d2_cort,PMN,4,2,PFM3T7T04,PFM3T7T02,0.445892336467289
allsubs,0,PPVcorr_d1d2_cort,PON,4,2,PFM3T7T04,PFM3T7T02,0.554414822675326
allsubs,0,PPVcorr_d1d2_cort,SCAN,4,2,PFM3T7T04,PFM3T7T02,0.769421628799743
allsubs,0,PPVcorr_bayes_cort,DMN,4,2,PFM3T7T04,PFM3T7T02,0.694281412285284
allsubs,0,PPVcorr_bayes_cort,Vis,4,2,PFM3T7T04,PFM3T7T02,0.847291644697529
allsubs,0,PPVcorr_bayes_cort,FP,4,2,PFM3T7T04,PFM3T7T02,0.597248351917282
allsubs,0,PPVcorr_bayes_cort,DAN,4,2,PFM3T7T04,PFM3T7T02,0.646399128307395
allsubs,0,PPVcorr_bayes_cort,VAN,4,2,PFM3T7T04,PFM3T7T02,0.594551645856981
allsubs,0,PPVcorr_bayes_cort,Sal,4,2,PFM3T7T04,PFM3T7T02,0.425690233003511
allsubs,0,PPVcorr_bayes_cort,AMN,4,2,PFM3T7T04,PFM3T7T02,0.503286004056795
allsubs,0,PPVcorr_bayes_cort,SMd,4,2,PFM3T7T04,PFM3T7T02,0.812183633737361
allsubs,0,PPVcorr_bayes_cort,SMl,4,2,PFM3T7T04,PFM3T7T02,0.5512292600218
allsubs,0,PPVcorr_bayes_cort,Aud,4,2,PFM3T7T04,PFM3T7T02,0.632808469871527
allsubs,0,PPVcorr_bayes_cort,Tpole,4,2,PFM3T7T04,PFM3T7T02,0.338067226890756
allsubs,0,PPVcorr_bayes_cort,MTL,4,2,PFM3T7T04,PFM3T7T02,0.584952637687671
allsubs,0,PPVcorr_bayes_cort,PMN,4,2,PFM3T7T04,PFM3T7T02,0.41927214102598
allsubs,0,PPVcorr_bayes_cort,PON,4,2,PFM3T7T04,PFM3T7T02,0.559311119183647
allsubs,0,PPVcorr_bayes_cort,SCAN,4,2,PFM3T7T04,PFM3T7T02,0.764570685169124
allsubs,0,MCC_cort,DMN,4,2,PFM3T7T04,PFM3T7T02,0.566561679427111
allsubs,0,MCC_cort,Vis,4,2,PFM3T7T04,PFM3T7T02,0.847950184120334
allsubs,0,MCC_cort,FP,4,2,PFM3T7T04,PFM3T7T02,0.549102207167669
allsubs,0,MCC_cort,DAN,4,2,PFM3T7T04,PFM3T7T02,0.571849226765772
allsubs,0,MCC_cort,VAN,4,2,PFM3T7T04,PFM3T7T02,0.495989941287289
allsubs,0,MCC_cort,Sal,4,2,PFM3T7T04,PFM3T7T02,0.344917833423229
allsubs,0,MCC_cort,AMN,4,2,PFM3T7T04,PFM3T7T02,0.52709277917469
allsubs,0,MCC_cort,SMd,4,2,PFM3T7T04,PFM3T7T02,0.752475278690962
allsubs,0,MCC_cort,SMl,4,2,PFM3T7T04,PFM3T7T02,0.511190523387298
allsubs,0,MCC_cort,Aud,4,2,PFM3T7T04,PFM3T7T02,0.580849724937487
allsubs,0,MCC_cort,Tpole,4,2,PFM3T7T04,PFM3T7T02,0.385014492040329
allsubs,0,MCC_cort,MTL,4,2,PFM3T7T04,PFM3T7T02,0.494090256338189
allsubs,0,MCC_cort,PMN,4,2,PFM3T7T04,PFM3T7T02,0.472971523140805
allsubs,0,MCC_cort,PON,4,2,PFM3T7T04,PFM3T7T02,0.556750157946005
allsubs,0,MCC_cort,SCAN,4,2,PFM3T7T04,PFM3T7T02,0.591896831066622
allsubs,0,muI_cort,WholeBrainOrSingleVal,4,2,PFM3T7T04,PFM3T7T02,1.75982882957005
allsubs,0,VIn_cort,WholeBrainOrSingleVal,4,2,PFM3T7T04,PFM3T7T02,0.24765033052634
allsubs,0,MIn_cort,WholeBrainOrSingleVal,4,2,PFM3T7T04,PFM3T7T02,0.472626816025449
allsubs,0,DC_cort,DMN,4,3,PFM3T7T04,PFM3T7T03,0.645608340096136
allsubs,0,DC_cort,Vis,4,3,PFM3T7T04,PFM3T7T03,0.82651484343229
allsubs,0,DC_cort,FP,4,3,PFM3T7T04,PFM3T7T03,0.464229600921756
allsubs,0,DC_cort,DAN,4,3,PFM3T7T04,PFM3T7T03,0.496828941491737
allsubs,0,DC_cort,VAN,4,3,PFM3T7T04,PFM3T7T03,0.509350195076012
allsubs,0,DC_cort,Sal,4,3,PFM3T7T04,PFM3T7T03,0.444071051368219
allsubs,0,DC_cort,AMN,4,3,PFM3T7T04,PFM3T7T03,0.662329212752115
allsubs,0,DC_cort,SMd,4,3,PFM3T7T04,PFM3T7T03,0.755297532656023
allsubs,0,DC_cort,SMl,4,3,PFM3T7T04,PFM3T7T03,0.428111587982833
allsubs,0,DC_cort,Aud,4,3,PFM3T7T04,PFM3T7T03,0.633890527695837
allsubs,0,DC_cort,Tpole,4,3,PFM3T7T04,PFM3T7T03,0.173147468818782
allsubs,0,DC_cort,MTL,4,3,PFM3T7T04,PFM3T7T03,0.468938740293356
allsubs,0,DC_cort,PMN,4,3,PFM3T7T04,PFM3T7T03,0.450752900518391
allsubs,0,DC_cort,PON,4,3,PFM3T7T04,PFM3T7T03,0.589355089355089
allsubs,0,DC_cort,SCAN,4,3,PFM3T7T04,PFM3T7T03,0.560234541577825
allsubs,0,cDC_cort,DMN,4,3,PFM3T7T04,PFM3T7T03,0.645608340096136
allsubs,0,cDC_cort,Vis,4,3,PFM3T7T04,PFM3T7T03,0.82651484343229
allsubs,0,cDC_cort,FP,4,3,PFM3T7T04,PFM3T7T03,0.464229600921756
allsubs,0,cDC_cort,DAN,4,3,PFM3T7T04,PFM3T7T03,0.496828941491737
allsubs,0,cDC_cort,VAN,4,3,PFM3T7T04,PFM3T7T03,0.509350195076012
allsubs,0,cDC_cort,Sal,4,3,PFM3T7T04,PFM3T7T03,0.444071051368219
allsubs,0,cDC_cort,AMN,4,3,PFM3T7T04,PFM3T7T03,0.662329212752115
allsubs,0,cDC_cort,SMd,4,3,PFM3T7T04,PFM3T7T03,0.755297532656023
allsubs,0,cDC_cort,SMl,4,3,PFM3T7T04,PFM3T7T03,0.428111587982833
allsubs,0,cDC_cort,Aud,4,3,PFM3T7T04,PFM3T7T03,0.633890527695837
allsubs,0,cDC_cort,Tpole,4,3,PFM3T7T04,PFM3T7T03,0.173147468818782
allsubs,0,cDC_cort,MTL,4,3,PFM3T7T04,PFM3T7T03,0.468938740293356
allsubs,0,cDC_cort,PMN,4,3,PFM3T7T04,PFM3T7T03,0.450752900518391
allsubs,0,cDC_cort,PON,4,3,PFM3T7T04,PFM3T7T03,0.589355089355089
allsubs,0,cDC_cort,SCAN,4,3,PFM3T7T04,PFM3T7T03,0.560234541577825
allsubs,0,TP_cort,DMN,4,3,PFM3T7T04,PFM3T7T03,5171.0
allsubs,0,TP_cort,Vis,4,3,PFM3T7T04,PFM3T7T03,5081.0
allsubs,0,TP_cort,FP,4,3,PFM3T7T04,PFM3T7T03,2216.0
allsubs,0,TP_cort,DAN,4,3,PFM3T7T04,PFM3T7T03,2781.0
allsubs,0,TP_cort,VAN,4,3,PFM3T7T04,PFM3T7T03,1893.0
allsubs,0,TP_cort,Sal,4,3,PFM3T7T04,PFM3T7T03,925.0
allsubs,0,TP_cort,AMN,4,3,PFM3T7T04,PFM3T7T03,5599.0
allsubs,0,TP_cort,SMd,4,3,PFM3T7T04,PFM3T7T03,2602.0
allsubs,0,TP_cort,SMl,4,3,PFM3T7T04,PFM3T7T03,1995.0
allsubs,0,TP_cort,Aud,4,3,PFM3T7T04,PFM3T7T03,1934.0
allsubs,0,TP_cort,Tpole,4,3,PFM3T7T04,PFM3T7T03,118.0
allsubs,0,TP_cort,MTL,4,3,PFM3T7T04,PFM3T7T03,1087.0
allsubs,0,TP_cort,PMN,4,3,PFM3T7T04,PFM3T7T03,913.0
allsubs,0,TP_cort,PON,4,3,PFM3T7T04,PFM3T7T03,1517.0
allsubs,0,TP_cort,SCAN,4,3,PFM3T7T04,PFM3T7T03,1051.0
allsubs,0,TN_cort,DMN,4,3,PFM3T7T04,PFM3T7T03,48564.0
allsubs,0,TN_cort,Vis,4,3,PFM3T7T04,PFM3T7T03,52198.0
allsubs,0,TN_cort,FP,4,3,PFM3T7T04,PFM3T7T03,52081.0
allsubs,0,TN_cort,DAN,4,3,PFM3T7T04,PFM3T7T03,50998.0
allsubs,0,TN_cort,VAN,4,3,PFM3T7T04,PFM3T7T03,53872.0
allsubs,0,TN_cort,Sal,4,3,PFM3T7T04,PFM3T7T03,56171.0
allsubs,0,TN_cort,AMN,4,3,PFM3T7T04,PFM3T7T03,48104.0
allsubs,0,TN_cort,SMd,4,3,PFM3T7T04,PFM3T7T03,55124.0
allsubs,0,TN_cort,SMl,4,3,PFM3T7T04,PFM3T7T03,52087.0
allsubs,0,TN_cort,Aud,4,3,PFM3T7T04,PFM3T7T03,55244.0
allsubs,0,TN_cort,Tpole,4,3,PFM3T7T04,PFM3T7T03,58167.0
allsubs,0,TN_cort,MTL,4,3,PFM3T7T04,PFM3T7T03,55863.0
allsubs,0,TN_cort,PMN,4,3,PFM3T7T04,PFM3T7T03,56274.0
allsubs,0,TN_cort,PON,4,3,PFM3T7T04,PFM3T7T03,55781.0
allsubs,0,TN_cort,SCAN,4,3,PFM3T7T04,PFM3T7T03,56711.0
allsubs,0,FP_cort,DMN,4,3,PFM3T7T04,PFM3T7T03,955.0
allsubs,0,FP_cort,Vis,4,3,PFM3T7T04,PFM3T7T03,1712.0
allsubs,0,FP_cort,FP,4,3,PFM3T7T04,PFM3T7T03,4029.0
allsubs,0,FP_cort,DAN,4,3,PFM3T7T04,PFM3T7T03,1832.0
allsubs,0,FP_cort,VAN,4,3,PFM3T7T04,PFM3T7T03,2476.0
allsubs,0,FP_cort,Sal,4,3,PFM3T7T04,PFM3T7T03,1444.0
allsubs,0,FP_cort,AMN,4,3,PFM3T7T04,PFM3T7T03,2753.0
allsubs,0,FP_cort,SMd,4,3,PFM3T7T04,PFM3T7T03,1170.0
allsubs,0,FP_cort,SMl,4,3,PFM3T7T04,PFM3T7T03,364.0
allsubs,0,FP_cort,Aud,4,3,PFM3T7T04,PFM3T7T03,1938.0
allsubs,0,FP_cort,Tpole,4,3,PFM3T7T04,PFM3T7T03,1038.0
allsubs,0,FP_cort,MTL,4,3,PFM3T7T04,PFM3T7T03,1430.0
allsubs,0,FP_cort,PMN,4,3,PFM3T7T04,PFM3T7T03,921.0
allsubs,0,FP_cort,PON,4,3,PFM3T7T04,PFM3T7T03,1386.0
allsubs,0,FP_cort,SCAN,4,3,PFM3T7T04,PFM3T7T03,1081.0
allsubs,0,FN_cort,DMN,4,3,PFM3T7T04,PFM3T7T03,4722.0
allsubs,0,FN_cort,Vis,4,3,PFM3T7T04,PFM3T7T03,421.0
allsubs,0,FN_cort,FP,4,3,PFM3T7T04,PFM3T7T03,1086.0
allsubs,0,FN_cort,DAN,4,3,PFM3T7T04,PFM3T7T03,3801.0
allsubs,0,FN_cort,VAN,4,3,PFM3T7T04,PFM3T7T03,1171.0
allsubs,0,FN_cort,Sal,4,3,PFM3T7T04,PFM3T7T03,872.0
allsubs,0,FN_cort,AMN,4,3,PFM3T7T04,PFM3T7T03,2956.0
allsubs,0,FN_cort,SMd,4,3,PFM3T7T04,PFM3T7T03,516.0
allsubs,0,FN_cort,SMl,4,3,PFM3T7T04,PFM3T7T03,4966.0
allsubs,0,FN_cort,Aud,4,3,PFM3T7T04,PFM3T7T03,296.0
allsubs,0,FN_cort,Tpole,4,3,PFM3T7T04,PFM3T7T03,89.0
allsubs,0,FN_cort,MTL,4,3,PFM3T7T04,PFM3T7T03,1032.0
allsubs,0,FN_cort,PMN,4,3,PFM3T7T04,PFM3T7T03,1304.0
allsubs,0,FN_cort,PON,4,3,PFM3T7T04,PFM3T7T03,728.0
allsubs,0,FN_cort,SCAN,4,3,PFM3T7T04,PFM3T7T03,569.0
allsubs,0,TPR_cort,DMN,4,3,PFM3T7T04,PFM3T7T03,0.522692813100172
allsubs,0,TPR_cort,Vis,4,3,PFM3T7T04,PFM3T7T03,0.923482370047256
allsubs,0,TPR_cort,FP,4,3,PFM3T7T04,PFM3T7T03,0.671108419139915
allsubs,0,TPR_cort,DAN,4,3,PFM3T7T04,PFM3T7T03,0.422515952597995
allsubs,0,TPR_cort,VAN,4,3,PFM3T7T04,PFM3T7T03,0.617819843342037
allsubs,0,TPR_cort,Sal,4,3,PFM3T7T04,PFM3T7T03,0.514746800222593
allsubs,0,TPR_cort,AMN,4,3,PFM3T7T04,PFM3T7T03,0.654471069549971
allsubs,0,TPR_cort,SMd,4,3,PFM3T7T04,PFM3T7T03,0.834509300833868
allsubs,0,TPR_cort,SMl,4,3,PFM3T7T04,PFM3T7T03,0.286596753340037
allsubs,0,TPR_cort,Aud,4,3,PFM3T7T04,PFM3T7T03,0.867264573991031
allsubs,0,TPR_cort,Tpole,4,3,PFM3T7T04,PFM3T7T03,0.570048309178744
allsubs,0,TPR_cort,MTL,4,3,PFM3T7T04,PFM3T7T03,0.512977819726286
allsubs,0,TPR_cort,PMN,4,3,PFM3T7T04,PFM3T7T03,0.411817771763645
allsubs,0,TPR_cort,PON,4,3,PFM3T7T04,PFM3T7T03,0.675723830734967
allsubs,0,TPR_cort,SCAN,4,3,PFM3T7T04,PFM3T7T03,0.648765432098765
allsubs,0,TNR_cort,DMN,4,3,PFM3T7T04,PFM3T7T03,0.980714473232497
allsubs,0,TNR_cort,Vis,4,3,PFM3T7T04,PFM3T7T03,0.968243368577258
allsubs,0,TNR_cort,FP,4,3,PFM3T7T04,PFM3T7T03,0.928194617715202
allsubs,0,TNR_cort,DAN,4,3,PFM3T7T04,PFM3T7T03,0.965322733295476
allsubs,0,TNR_cort,VAN,4,3,PFM3T7T04,PFM3T7T03,0.956058777596365
allsubs,0,TNR_cort,Sal,4,3,PFM3T7T04,PFM3T7T03,0.974937082357025
allsubs,0,TNR_cort,AMN,4,3,PFM3T7T04,PFM3T7T03,0.94586782547142
allsubs,0,TNR_cort,SMd,4,3,PFM3T7T04,PFM3T7T03,0.97921625750524
allsubs,0,TNR_cort,SMl,4,3,PFM3T7T04,PFM3T7T03,0.99306018951021
allsubs,0,TNR_cort,Aud,4,3,PFM3T7T04,PFM3T7T03,0.966108215872128
allsubs,0,TNR_cort,Tpole,4,3,PFM3T7T04,PFM3T7T03,0.982467696985052
allsubs,0,TNR_cort,MTL,4,3,PFM3T7T04,PFM3T7T03,0.975040580873754
allsubs,0,TNR_cort,PMN,4,3,PFM3T7T04,PFM3T7T03,0.983897193810648
allsubs,0,TNR_cort,PON,4,3,PFM3T7T04,PFM3T7T03,0.975755243409659
allsubs,0,TNR_cort,SCAN,4,3,PFM3T7T04,PFM3T7T03,0.981294988925803
allsubs,0,FPR_cort,DMN,4,3,PFM3T7T04,PFM3T7T03,0.0192855267675034
allsubs,0,FPR_cort,Vis,4,3,PFM3T7T04,PFM3T7T03,0.0317566314227416
allsubs,0,FPR_cort,FP,4,3,PFM3T7T04,PFM3T7T03,0.0718053822847977
allsubs,0,FPR_cort,DAN,4,3,PFM3T7T04,PFM3T7T03,0.0346772667045239
allsubs,0,FPR_cort,VAN,4,3,PFM3T7T04,PFM3T7T03,0.0439412224036346
allsubs,0,FPR_cort,Sal,4,3,PFM3T7T04,PFM3T7T03,0.0250629176429749
allsubs,0,FPR_cort,AMN,4,3,PFM3T7T04,PFM3T7T03,0.0541321745285801
allsubs,0,FPR_cort,SMd,4,3,PFM3T7T04,PFM3T7T03,0.0207837424947597
allsubs,0,FPR_cort,SMl,4,3,PFM3T7T04,PFM3T7T03,0.0069398104897904
allsubs,0,FPR_cort,Aud,4,3,PFM3T7T04,PFM3T7T03,0.0338917841278724
allsubs,0,FPR_cort,Tpole,4,3,PFM3T7T04,PFM3T7T03,0.0175323030149481
allsubs,0,FPR_cort,MTL,4,3,PFM3T7T04,PFM3T7T03,0.0249594191262458
allsubs,0,FPR_cort,PMN,4,3,PFM3T7T04,PFM3T7T03,0.0161028061893522
allsubs,0,FPR_cort,PON,4,3,PFM3T7T04,PFM3T7T03,0.0242447565903406
allsubs,0,FPR_cort,SCAN,4,3,PFM3T7T04,PFM3T7T03,0.0187050110741971
allsubs,0,FNR_cort,DMN,4,3,PFM3T7T04,PFM3T7T03,0.477307186899828
allsubs,0,FNR_cort,Vis,4,3,PFM3T7T04,PFM3T7T03,0.0765176299527445
allsubs,0,FNR_cort,FP,4,3,PFM3T7T04,PFM3T7T03,0.328891580860085
allsubs,0,FNR_cort,DAN,4,3,PFM3T7T04,PFM3T7T03,0.577484047402005
allsubs,0,FNR_cort,VAN,4,3,PFM3T7T04,PFM3T7T03,0.382180156657963
allsubs,0,FNR_cort,Sal,4,3,PFM3T7T04,PFM3T7T03,0.485253199777407
allsubs,0,FNR_cort,AMN,4,3,PFM3T7T04,PFM3T7T03,0.345528930450029
allsubs,0,FNR_cort,SMd,4,3,PFM3T7T04,PFM3T7T03,0.165490699166132
allsubs,0,FNR_cort,SMl,4,3,PFM3T7T04,PFM3T7T03,0.713403246659963
allsubs,0,FNR_cort,Aud,4,3,PFM3T7T04,PFM3T7T03,0.132735426008969
allsubs,0,FNR_cort,Tpole,4,3,PFM3T7T04,PFM3T7T03,0.429951690821256
allsubs,0,FNR_cort,MTL,4,3,PFM3T7T04,PFM3T7T03,0.487022180273714
allsubs,0,FNR_cort,PMN,4,3,PFM3T7T04,PFM3T7T03,0.588182228236355
allsubs,0,FNR_cort,PON,4,3,PFM3T7T04,PFM3T7T03,0.324276169265033
allsubs,0,FNR_cort,SCAN,4,3,PFM3T7T04,PFM3T7T03,0.351234567901235
allsubs,0,NPV_cort,DMN,4,3,PFM3T7T04,PFM3T7T03,0.911383853169688
allsubs,0,NPV_cort,Vis,4,3,PFM3T7T04,PFM3T7T03,0.99199908778198
allsubs,0,NPV_cort,FP,4,3,PFM3T7T04,PFM3T7T03,0.979573795775575
allsubs,0,NPV_cort,DAN,4,3,PFM3T7T04,PFM3T7T03,0.930637420390883
allsubs,0,NPV_cort,VAN,4,3,PFM3T7T04,PFM3T7T03,0.978725723525244
allsubs,0,NPV_cort,Sal,4,3,PFM3T7T04,PFM3T7T03,0.984713286468103
allsubs,0,NPV_cort,AMN,4,3,PFM3T7T04,PFM3T7T03,0.94210732471602
allsubs,0,NPV_cort,SMd,4,3,PFM3T7T04,PFM3T7T03,0.990726096333573
allsubs,0,NPV_cort,SMl,4,3,PFM3T7T04,PFM3T7T03,0.912958126654164
allsubs,0,NPV_cort,Aud,4,3,PFM3T7T04,PFM3T7T03,0.994670507742168
allsubs,0,NPV_cort,Tpole,4,3,PFM3T7T04,PFM3T7T03,0.998472260368031
allsubs,0,NPV_cort,MTL,4,3,PFM3T7T04,PFM3T7T03,0.981861323490641
allsubs,0,NPV_cort,PMN,4,3,PFM3T7T04,PFM3T7T03,0.977352461009413
allsubs,0,NPV_cort,PON,4,3,PFM3T7T04,PFM3T7T03,0.987117096391725
allsubs,0,NPV_cort,SCAN,4,3,PFM3T7T04,PFM3T7T03,0.990066340782123
allsubs,0,PPV_cort,DMN,4,3,PFM3T7T04,PFM3T7T03,0.844107084557623
allsubs,0,PPV_cort,Vis,4,3,PFM3T7T04,PFM3T7T03,0.747975857500368
allsubs,0,PPV_cort,FP,4,3,PFM3T7T04,PFM3T7T03,0.35484387510008
allsubs,0,PPV_cort,DAN,4,3,PFM3T7T04,PFM3T7T03,0.602861478430522
allsubs,0,PPV_cort,VAN,4,3,PFM3T7T04,PFM3T7T03,0.433279926756695
allsubs,0,PPV_cort,Sal,4,3,PFM3T7T04,PFM3T7T03,0.39046010975095
allsubs,0,PPV_cort,AMN,4,3,PFM3T7T04,PFM3T7T03,0.670378352490421
allsubs,0,PPV_cort,SMd,4,3,PFM3T7T04,PFM3T7T03,0.689819724284199
allsubs,0,PPV_cort,SMl,4,3,PFM3T7T04,PFM3T7T03,0.845697329376855
allsubs,0,PPV_cort,Aud,4,3,PFM3T7T04,PFM3T7T03,0.49948347107438
allsubs,0,PPV_cort,Tpole,4,3,PFM3T7T04,PFM3T7T03,0.102076124567474
allsubs,0,PPV_cort,MTL,4,3,PFM3T7T04,PFM3T7T03,0.43186332936035
allsubs,0,PPV_cort,PMN,4,3,PFM3T7T04,PFM3T7T03,0.497818974918212
allsubs,0,PPV_cort,PON,4,3,PFM3T7T04,PFM3T7T03,0.522562866000689
allsubs,0,PPV_cort,SCAN,4,3,PFM3T7T04,PFM3T7T03,0.49296435272045
allsubs,0,PPVcorr_Jeffreys_cort,DMN,4,3,PFM3T7T04,PFM3T7T03,0.79626298258682
allsubs,0,PPVcorr_Jeffreys_cort,Vis,4,3,PFM3T7T04,PFM3T7T03,0.729395903693213
allsubs,0,PPVcorr_Jeffreys_cort,FP,4,3,PFM3T7T04,PFM3T7T03,0.36213347122521
allsubs,0,PPVcorr_Jeffreys_cort,DAN,4,3,PFM3T7T04,PFM3T7T03,0.59001745333131
allsubs,0,PPVcorr_Jeffreys_cort,VAN,4,3,PFM3T7T04,PFM3T7T03,0.437652393378107
allsubs,0,PPVcorr_Jeffreys_cort,Sal,4,3,PFM3T7T04,PFM3T7T03,0.398183387609369
allsubs,0,PPVcorr_Jeffreys_cort,AMN,4,3,PFM3T7T04,PFM3T7T03,0.654547922888949
allsubs,0,PPVcorr_Jeffreys_cort,SMd,4,3,PFM3T7T04,PFM3T7T03,0.675326901415348
allsubs,0,PPVcorr_Jeffreys_cort,SMl,4,3,PFM3T7T04,PFM3T7T03,0.766930706032536
allsubs,0,PPVcorr_Jeffreys_cort,Aud,4,3,PFM3T7T04,PFM3T7T03,0.4995115995116
allsubs,0,PPVcorr_Jeffreys_cort,Tpole,4,3,PFM3T7T04,PFM3T7T03,0.109076230135124
allsubs,0,PPVcorr_Jeffreys_cort,MTL,4,3,PFM3T7T04,PFM3T7T03,0.43715416468174
allsubs,0,PPVcorr_Jeffreys_cort,PMN,4,3,PFM3T7T04,PFM3T7T03,0.498054190786593
allsubs,0,PPVcorr_Jeffreys_cort,PON,4,3,PFM3T7T04,PFM3T7T03,0.520943245403677
allsubs,0,PPVcorr_Jeffreys_cort,SCAN,4,3,PFM3T7T04,PFM3T7T03,0.493461203138623
allsubs,0,PPVcorr_d1d2_cort,DMN,4,3,PFM3T7T04,PFM3T7T03,0.840440432233052
allsubs,0,PPVcorr_d1d2_cort,Vis,4,3,PFM3T7T04,PFM3T7T03,0.754999157939983
allsubs,0,PPVcorr_d1d2_cort,FP,4,3,PFM3T7T04,PFM3T7T03,0.379077813005441
allsubs,0,PPVcorr_d1d2_cort,DAN,4,3,PFM3T7T04,PFM3T7T03,0.604918345465133
allsubs,0,PPVcorr_d1d2_cort,VAN,4,3,PFM3T7T04,PFM3T7T03,0.455501428145864
allsubs,0,PPVcorr_d1d2_cort,Sal,4,3,PFM3T7T04,PFM3T7T03,0.428069161603122
allsubs,0,PPVcorr_d1d2_cort,AMN,4,3,PFM3T7T04,PFM3T7T03,0.673976945302741
allsubs,0,PPVcorr_d1d2_cort,SMd,4,3,PFM3T7T04,PFM3T7T03,0.703195193380862
allsubs,0,PPVcorr_d1d2_cort,SMl,4,3,PFM3T7T04,PFM3T7T03,0.824954800438681
allsubs,0,PPVcorr_d1d2_cort,Aud,4,3,PFM3T7T04,PFM3T7T03,0.530614721116415
allsubs,0,PPVcorr_d1d2_cort,Tpole,4,3,PFM3T7T04,PFM3T7T03,0.538547419475094
allsubs,0,PPVcorr_d1d2_cort,MTL,4,3,PFM3T7T04,PFM3T7T03,0.460764875687286
allsubs,0,PPVcorr_d1d2_cort,PMN,4,3,PFM3T7T04,PFM3T7T03,0.514844652374942
allsubs,0,PPVcorr_d1d2_cort,PON,4,3,PFM3T7T04,PFM3T7T03,0.548205584832695
allsubs,0,PPVcorr_d1d2_cort,SCAN,4,3,PFM3T7T04,PFM3T7T03,0.529827558563191
allsubs,0,PPVcorr_bayes_cort,DMN,4,3,PFM3T7T04,PFM3T7T03,0.827256046453678
allsubs,0,PPVcorr_bayes_cort,Vis,4,3,PFM3T7T04,PFM3T7T03,0.766879800823301
allsubs,0,PPVcorr_bayes_cort,FP,4,3,PFM3T7T04,PFM3T7T03,0.394433092605013
allsubs,0,PPVcorr_bayes_cort,DAN,4,3,PFM3T7T04,PFM3T7T03,0.609364568792863
allsubs,0,PPVcorr_bayes_cort,VAN,4,3,PFM3T7T04,PFM3T7T03,0.466915015917934
allsubs,0,PPVcorr_bayes_cort,Sal,4,3,PFM3T7T04,PFM3T7T03,0.424395796491656
allsubs,0,PPVcorr_bayes_cort,AMN,4,3,PFM3T7T04,PFM3T7T03,0.685260370697264
allsubs,0,PPVcorr_bayes_cort,SMd,4,3,PFM3T7T04,PFM3T7T03,0.710402402708137
allsubs,0,PPVcorr_bayes_cort,SMl,4,3,PFM3T7T04,PFM3T7T03,0.780432414467975
allsubs,0,PPVcorr_bayes_cort,Aud,4,3,PFM3T7T04,PFM3T7T03,0.534094616639478
allsubs,0,PPVcorr_bayes_cort,Tpole,4,3,PFM3T7T04,PFM3T7T03,0.151025827729473
allsubs,0,PPVcorr_bayes_cort,MTL,4,3,PFM3T7T04,PFM3T7T03,0.462413536843309
allsubs,0,PPVcorr_bayes_cort,PMN,4,3,PFM3T7T04,PFM3T7T03,0.516586581699514
allsubs,0,PPVcorr_bayes_cort,PON,4,3,PFM3T7T04,PFM3T7T03,0.551230832987982
allsubs,0,PPVcorr_bayes_cort,SCAN,4,3,PFM3T7T04,PFM3T7T03,0.523080397470641
allsubs,0,MCC_cort,DMN,4,3,PFM3T7T04,PFM3T7T03,0.616700610353378
allsubs,0,MCC_cort,Vis,4,3,PFM3T7T04,PFM3T7T03,0.812314412432487
allsubs,0,MCC_cort,FP,4,3,PFM3T7T04,PFM3T7T03,0.447680160085072
allsubs,0,MCC_cort,DAN,4,3,PFM3T7T04,PFM3T7T03,0.45487527064516
allsubs,0,MCC_cort,VAN,4,3,PFM3T7T04,PFM3T7T03,0.48625223331377
allsubs,0,MCC_cort,Sal,4,3,PFM3T7T04,PFM3T7T03,0.428621470882091
allsubs,0,MCC_cort,AMN,4,3,PFM3T7T04,PFM3T7T03,0.606381871983772
allsubs,0,MCC_cort,SMd,4,3,PFM3T7T04,PFM3T7T03,0.744162299406214
allsubs,0,MCC_cort,SMl,4,3,PFM3T7T04,PFM3T7T03,0.460611838222048
allsubs,0,MCC_cort,Aud,4,3,PFM3T7T04,PFM3T7T03,0.641727730387527
allsubs,0,MCC_cort,Tpole,4,3,PFM3T7T04,PFM3T7T03,0.23570021652681
allsubs,0,MCC_cort,MTL,4,3,PFM3T7T04,PFM3T7T03,0.449338673355796
allsubs,0,MCC_cort,PMN,4,3,PFM3T7T04,PFM3T7T03,0.433627084497713
allsubs,0,MCC_cort,PON,4,3,PFM3T7T04,PFM3T7T03,0.576234179834447
allsubs,0,MCC_cort,SCAN,4,3,PFM3T7T04,PFM3T7T03,0.551668851863163
allsubs,0,muI_cort,WholeBrainOrSingleVal,4,3,PFM3T7T04,PFM3T7T03,1.70823662979356
allsubs,0,VIn_cort,WholeBrainOrSingleVal,4,3,PFM3T7T04,PFM3T7T03,0.244254752346939
allsubs,0,MIn_cort,WholeBrainOrSingleVal,4,3,PFM3T7T04,PFM3T7T03,0.468653366663215
allsubs,0,DC_cort,DMN,4,4,PFM3T7T04,PFM3T7T04,0.905874609182162
allsubs,0,DC_cort,Vis,4,4,PFM3T7T04,PFM3T7T04,0.908765652951699
allsubs,0,DC_cort,FP,4,4,PFM3T7T04,PFM3T7T04,0.875213168236079
allsubs,0,DC_cort,DAN,4,4,PFM3T7T04,PFM3T7T04,0.699971067605362
allsubs,0,DC_cort,VAN,4,4,PFM3T7T04,PFM3T7T04,0.795017793594306
allsubs,0,DC_cort,Sal,4,4,PFM3T7T04,PFM3T7T04,0.68384437000773
allsubs,0,DC_cort,AMN,4,4,PFM3T7T04,PFM3T7T04,0.816495332624365
allsubs,0,DC_cort,SMd,4,4,PFM3T7T04,PFM3T7T04,0.733783571540757
allsubs,0,DC_cort,SMl,4,4,PFM3T7T04,PFM3T7T04,0.646866230121609
allsubs,0,DC_cort,Aud,4,4,PFM3T7T04,PFM3T7T04,0.769142529394895
allsubs,0,DC_cort,Tpole,4,4,PFM3T7T04,PFM3T7T04,0.618985695708713
allsubs,0,DC_cort,MTL,4,4,PFM3T7T04,PFM3T7T04,0.598265471115684
allsubs,0,DC_cort,PMN,4,4,PFM3T7T04,PFM3T7T04,0.732891832229581
allsubs,0,DC_cort,PON,4,4,PFM3T7T04,PFM3T7T04,0.796208530805687
allsubs,0,DC_cort,SCAN,4,4,PFM3T7T04,PFM3T7T04,0.761221779548473
allsubs,0,cDC_cort,DMN,4,4,PFM3T7T04,PFM3T7T04,0.905874609182162
allsubs,0,cDC_cort,Vis,4,4,PFM3T7T04,PFM3T7T04,0.908765652951699
allsubs,0,cDC_cort,FP,4,4,PFM3T7T04,PFM3T7T04,0.875213168236079
allsubs,0,cDC_cort,DAN,4,4,PFM3T7T04,PFM3T7T04,0.699971067605362
allsubs,0,cDC_cort,VAN,4,4,PFM3T7T04,PFM3T7T04,0.795017793594306
allsubs,0,cDC_cort,Sal,4,4,PFM3T7T04,PFM3T7T04,0.68384437000773
allsubs,0,cDC_cort,AMN,4,4,PFM3T7T04,PFM3T7T04,0.816495332624365
allsubs,0,cDC_cort,SMd,4,4,PFM3T7T04,PFM3T7T04,0.733783571540757
allsubs,0,cDC_cort,SMl,4,4,PFM3T7T04,PFM3T7T04,0.646866230121609
allsubs,0,cDC_cort,Aud,4,4,PFM3T7T04,PFM3T7T04,0.769142529394895
allsubs,0,cDC_cort,Tpole,4,4,PFM3T7T04,PFM3T7T04,0.618985695708713
allsubs,0,cDC_cort,MTL,4,4,PFM3T7T04,PFM3T7T04,0.598265471115684
allsubs,0,cDC_cort,PMN,4,4,PFM3T7T04,PFM3T7T04,0.732891832229581
allsubs,0,cDC_cort,PON,4,4,PFM3T7T04,PFM3T7T04,0.796208530805687
allsubs,0,cDC_cort,SCAN,4,4,PFM3T7T04,PFM3T7T04,0.761221779548473
allsubs,0,TP_cort,DMN,4,4,PFM3T7T04,PFM3T7T04,5505.0
allsubs,0,TP_cort,Vis,4,4,PFM3T7T04,PFM3T7T04,6350.0
allsubs,0,TP_cort,FP,4,4,PFM3T7T04,PFM3T7T04,5902.0
allsubs,0,TP_cort,DAN,4,4,PFM3T7T04,PFM3T7T04,3629.0
allsubs,0,TP_cort,VAN,4,4,PFM3T7T04,PFM3T7T04,3351.0
allsubs,0,TP_cort,Sal,4,4,PFM3T7T04,PFM3T7T04,1327.0
allsubs,0,TP_cort,AMN,4,4,PFM3T7T04,PFM3T7T04,6910.0
allsubs,0,TP_cort,SMd,4,4,PFM3T7T04,PFM3T7T04,2336.0
allsubs,0,TP_cort,SMl,4,4,PFM3T7T04,PFM3T7T04,1383.0
allsubs,0,TP_cort,Aud,4,4,PFM3T7T04,PFM3T7T04,2682.0
allsubs,0,TP_cort,Tpole,4,4,PFM3T7T04,PFM3T7T04,714.0
allsubs,0,TP_cort,MTL,4,4,PFM3T7T04,PFM3T7T04,2035.0
allsubs,0,TP_cort,PMN,4,4,PFM3T7T04,PFM3T7T04,1328.0
allsubs,0,TP_cort,PON,4,4,PFM3T7T04,PFM3T7T04,2184.0
allsubs,0,TP_cort,SCAN,4,4,PFM3T7T04,PFM3T7T04,1433.0
allsubs,0,TN_cort,DMN,4,4,PFM3T7T04,PFM3T7T04,52763.0
allsubs,0,TN_cort,Vis,4,4,PFM3T7T04,PFM3T7T04,51787.0
allsubs,0,TN_cort,FP,4,4,PFM3T7T04,PFM3T7T04,51827.0
allsubs,0,TN_cort,DAN,4,4,PFM3T7T04,PFM3T7T04,52672.0
allsubs,0,TN_cort,VAN,4,4,PFM3T7T04,PFM3T7T04,54333.0
allsubs,0,TN_cort,Sal,4,4,PFM3T7T04,PFM3T7T04,56858.0
allsubs,0,TN_cort,AMN,4,4,PFM3T7T04,PFM3T7T04,49396.0
allsubs,0,TN_cort,SMd,4,4,PFM3T7T04,PFM3T7T04,55381.0
allsubs,0,TN_cort,SMl,4,4,PFM3T7T04,PFM3T7T04,56519.0
allsubs,0,TN_cort,Aud,4,4,PFM3T7T04,PFM3T7T04,55120.0
allsubs,0,TN_cort,Tpole,4,4,PFM3T7T04,PFM3T7T04,57819.0
allsubs,0,TN_cort,MTL,4,4,PFM3T7T04,PFM3T7T04,54644.0
allsubs,0,TN_cort,PMN,4,4,PFM3T7T04,PFM3T7T04,57116.0
allsubs,0,TN_cort,PON,4,4,PFM3T7T04,PFM3T7T04,56110.0
allsubs,0,TN_cort,SCAN,4,4,PFM3T7T04,PFM3T7T04,57080.0
allsubs,0,FP_cort,DMN,4,4,PFM3T7T04,PFM3T7T04,621.0
allsubs,0,FP_cort,Vis,4,4,PFM3T7T04,PFM3T7T04,443.0
allsubs,0,FP_cort,FP,4,4,PFM3T7T04,PFM3T7T04,343.0
allsubs,0,FP_cort,DAN,4,4,PFM3T7T04,PFM3T7T04,984.0
allsubs,0,FP_cort,VAN,4,4,PFM3T7T04,PFM3T7T04,1018.0
allsubs,0,FP_cort,Sal,4,4,PFM3T7T04,PFM3T7T04,1042.0
allsubs,0,FP_cort,AMN,4,4,PFM3T7T04,PFM3T7T04,1442.0
allsubs,0,FP_cort,SMd,4,4,PFM3T7T04,PFM3T7T04,1436.0
allsubs,0,FP_cort,SMl,4,4,PFM3T7T04,PFM3T7T04,976.0
allsubs,0,FP_cort,Aud,4,4,PFM3T7T04,PFM3T7T04,1190.0
allsubs,0,FP_cort,Tpole,4,4,PFM3T7T04,PFM3T7T04,442.0
allsubs,0,FP_cort,MTL,4,4,PFM3T7T04,PFM3T7T04,482.0
allsubs,0,FP_cort,PMN,4,4,PFM3T7T04,PFM3T7T04,506.0
allsubs,0,FP_cort,PON,4,4,PFM3T7T04,PFM3T7T04,719.0
allsubs,0,FP_cort,SCAN,4,4,PFM3T7T04,PFM3T7T04,699.0
allsubs,0,FN_cort,DMN,4,4,PFM3T7T04,PFM3T7T04,523.0
allsubs,0,FN_cort,Vis,4,4,PFM3T7T04,PFM3T7T04,832.0
allsubs,0,FN_cort,FP,4,4,PFM3T7T04,PFM3T7T04,1340.0
allsubs,0,FN_cort,DAN,4,4,PFM3T7T04,PFM3T7T04,2127.0
allsubs,0,FN_cort,VAN,4,4,PFM3T7T04,PFM3T7T04,710.0
allsubs,0,FN_cort,Sal,4,4,PFM3T7T04,PFM3T7T04,185.0
allsubs,0,FN_cort,AMN,4,4,PFM3T7T04,PFM3T7T04,1664.0
allsubs,0,FN_cort,SMd,4,4,PFM3T7T04,PFM3T7T04,259.0
allsubs,0,FN_cort,SMl,4,4,PFM3T7T04,PFM3T7T04,534.0
allsubs,0,FN_cort,Aud,4,4,PFM3T7T04,PFM3T7T04,420.0
allsubs,0,FN_cort,Tpole,4,4,PFM3T7T04,PFM3T7T04,437.0
allsubs,0,FN_cort,MTL,4,4,PFM3T7T04,PFM3T7T04,2251.0
allsubs,0,FN_cort,PMN,4,4,PFM3T7T04,PFM3T7T04,462.0
allsubs,0,FN_cort,PON,4,4,PFM3T7T04,PFM3T7T04,399.0
allsubs,0,FN_cort,SCAN,4,4,PFM3T7T04,PFM3T7T04,200.0
allsubs,0,TPR_cort,DMN,4,4,PFM3T7T04,PFM3T7T04,0.913238221632382
allsubs,0,TPR_cort,Vis,4,4,PFM3T7T04,PFM3T7T04,0.884154831523253
allsubs,0,TPR_cort,FP,4,4,PFM3T7T04,PFM3T7T04,0.814968240817454
allsubs,0,TPR_cort,DAN,4,4,PFM3T7T04,PFM3T7T04,0.63047255038221
allsubs,0,TPR_cort,VAN,4,4,PFM3T7T04,PFM3T7T04,0.825166215217927
allsubs,0,TPR_cort,Sal,4,4,PFM3T7T04,PFM3T7T04,0.877645502645503
allsubs,0,TPR_cort,AMN,4,4,PFM3T7T04,PFM3T7T04,0.805924889199907
allsubs,0,TPR_cort,SMd,4,4,PFM3T7T04,PFM3T7T04,0.90019267822736
allsubs,0,TPR_cort,SMl,4,4,PFM3T7T04,PFM3T7T04,0.721439749608764
allsubs,0,TPR_cort,Aud,4,4,PFM3T7T04,PFM3T7T04,0.864603481624758
allsubs,0,TPR_cort,Tpole,4,4,PFM3T7T04,PFM3T7T04,0.620330147697654
allsubs,0,TPR_cort,MTL,4,4,PFM3T7T04,PFM3T7T04,0.474801679888007
allsubs,0,TPR_cort,PMN,4,4,PFM3T7T04,PFM3T7T04,0.741899441340782
allsubs,0,TPR_cort,PON,4,4,PFM3T7T04,PFM3T7T04,0.845528455284553
allsubs,0,TPR_cort,SCAN,4,4,PFM3T7T04,PFM3T7T04,0.877526025719535
allsubs,0,TNR_cort,DMN,4,4,PFM3T7T04,PFM3T7T04,0.988367301063989
allsubs,0,TNR_cort,Vis,4,4,PFM3T7T04,PFM3T7T04,0.991518284510818
allsubs,0,TNR_cort,FP,4,4,PFM3T7T04,PFM3T7T04,0.993425340233851
allsubs,0,TNR_cort,DAN,4,4,PFM3T7T04,PFM3T7T04,0.981660951244968
allsubs,0,TNR_cort,VAN,4,4,PFM3T7T04,PFM3T7T04,0.981608281693194
allsubs,0,TNR_cort,Sal,4,4,PFM3T7T04,PFM3T7T04,0.982003454231434
allsubs,0,TNR_cort,AMN,4,4,PFM3T7T04,PFM3T7T04,0.971635390849365
allsubs,0,TNR_cort,SMd,4,4,PFM3T7T04,PFM3T7T04,0.974725874298185
allsubs,0,TNR_cort,SMl,4,4,PFM3T7T04,PFM3T7T04,0.983024610835725
allsubs,0,TNR_cort,Aud,4,4,PFM3T7T04,PFM3T7T04,0.978866986325697
allsubs,0,TNR_cort,Tpole,4,4,PFM3T7T04,PFM3T7T04,0.992413449820635
allsubs,0,TNR_cort,MTL,4,4,PFM3T7T04,PFM3T7T04,0.991256394441824
allsubs,0,TNR_cort,PMN,4,4,PFM3T7T04,PFM3T7T04,0.991218631772587
allsubs,0,TNR_cort,PON,4,4,PFM3T7T04,PFM3T7T04,0.987348008939098
allsubs,0,TNR_cort,SCAN,4,4,PFM3T7T04,PFM3T7T04,0.987902178992367
allsubs,0,FPR_cort,DMN,4,4,PFM3T7T04,PFM3T7T04,0.0116326989360108
allsubs,0,FPR_cort,Vis,4,4,PFM3T7T04,PFM3T7T04,0.0084817154891824
allsubs,0,FPR_cort,FP,4,4,PFM3T7T04,PFM3T7T04,0.0065746597661491
allsubs,0,FPR_cort,DAN,4,4,PFM3T7T04,PFM3T7T04,0.0183390487550321
allsubs,0,FPR_cort,VAN,4,4,PFM3T7T04,PFM3T7T04,0.0183917183068057
allsubs,0,FPR_cort,Sal,4,4,PFM3T7T04,PFM3T7T04,0.0179965457685665
allsubs,0,FPR_cort,AMN,4,4,PFM3T7T04,PFM3T7T04,0.0283646091506354
allsubs,0,FPR_cort,SMd,4,4,PFM3T7T04,PFM3T7T04,0.0252741257018146
allsubs,0,FPR_cort,SMl,4,4,PFM3T7T04,PFM3T7T04,0.0169753891642752
allsubs,0,FPR_cort,Aud,4,4,PFM3T7T04,PFM3T7T04,0.021133013674303
allsubs,0,FPR_cort,Tpole,4,4,PFM3T7T04,PFM3T7T04,0.0075865501793652
allsubs,0,FPR_cort,MTL,4,4,PFM3T7T04,PFM3T7T04,0.0087436055581758
allsubs,0,FPR_cort,PMN,4,4,PFM3T7T04,PFM3T7T04,0.0087813682274131
allsubs,0,FPR_cort,PON,4,4,PFM3T7T04,PFM3T7T04,0.012651991060902
allsubs,0,FPR_cort,SCAN,4,4,PFM3T7T04,PFM3T7T04,0.0120978210076325
allsubs,0,FNR_cort,DMN,4,4,PFM3T7T04,PFM3T7T04,0.0867617783676178
allsubs,0,FNR_cort,Vis,4,4,PFM3T7T04,PFM3T7T04,0.115845168476747
allsubs,0,FNR_cort,FP,4,4,PFM3T7T04,PFM3T7T04,0.185031759182546
allsubs,0,FNR_cort,DAN,4,4,PFM3T7T04,PFM3T7T04,0.36952744961779
allsubs,0,FNR_cort,VAN,4,4,PFM3T7T04,PFM3T7T04,0.174833784782073
allsubs,0,FNR_cort,Sal,4,4,PFM3T7T04,PFM3T7T04,0.122354497354497
allsubs,0,FNR_cort,AMN,4,4,PFM3T7T04,PFM3T7T04,0.194075110800093
allsubs,0,FNR_cort,SMd,4,4,PFM3T7T04,PFM3T7T04,0.0998073217726397
allsubs,0,FNR_cort,SMl,4,4,PFM3T7T04,PFM3T7T04,0.278560250391236
allsubs,0,FNR_cort,Aud,4,4,PFM3T7T04,PFM3T7T04,0.135396518375242
allsubs,0,FNR_cort,Tpole,4,4,PFM3T7T04,PFM3T7T04,0.379669852302346
allsubs,0,FNR_cort,MTL,4,4,PFM3T7T04,PFM3T7T04,0.525198320111993
allsubs,0,FNR_cort,PMN,4,4,PFM3T7T04,PFM3T7T04,0.258100558659218
allsubs,0,FNR_cort,PON,4,4,PFM3T7T04,PFM3T7T04,0.154471544715447
allsubs,0,FNR_cort,SCAN,4,4,PFM3T7T04,PFM3T7T04,0.122473974280465
allsubs,0,NPV_cort,DMN,4,4,PFM3T7T04,PFM3T7T04,0.99018503922231
allsubs,0,NPV_cort,Vis,4,4,PFM3T7T04,PFM3T7T04,0.984188220984815
allsubs,0,NPV_cort,FP,4,4,PFM3T7T04,PFM3T7T04,0.974796396260838
allsubs,0,NPV_cort,DAN,4,4,PFM3T7T04,PFM3T7T04,0.961185423091662
allsubs,0,NPV_cort,VAN,4,4,PFM3T7T04,PFM3T7T04,0.987100993768508
allsubs,0,NPV_cort,Sal,4,4,PFM3T7T04,PFM3T7T04,0.996756832564907
allsubs,0,NPV_cort,AMN,4,4,PFM3T7T04,PFM3T7T04,0.96741088915002
allsubs,0,NPV_cort,SMd,4,4,PFM3T7T04,PFM3T7T04,0.995345075485262
allsubs,0,NPV_cort,SMl,4,4,PFM3T7T04,PFM3T7T04,0.990640281843198
allsubs,0,NPV_cort,Aud,4,4,PFM3T7T04,PFM3T7T04,0.99243788260713
allsubs,0,NPV_cort,Tpole,4,4,PFM3T7T04,PFM3T7T04,0.992498626750893
allsubs,0,NPV_cort,MTL,4,4,PFM3T7T04,PFM3T7T04,0.960435890675806
allsubs,0,NPV_cort,PMN,4,4,PFM3T7T04,PFM3T7T04,0.991976101983396
allsubs,0,NPV_cort,PON,4,4,PFM3T7T04,PFM3T7T04,0.99293917783008
allsubs,0,NPV_cort,SCAN,4,4,PFM3T7T04,PFM3T7T04,0.996508379888268
allsubs,0,PPV_cort,DMN,4,4,PFM3T7T04,PFM3T7T04,0.898628795298727
allsubs,0,PPV_cort,Vis,4,4,PFM3T7T04,PFM3T7T04,0.934785808920948
allsubs,0,PPV_cort,FP,4,4,PFM3T7T04,PFM3T7T04,0.945076060848679
allsubs,0,PPV_cort,DAN,4,4,PFM3T7T04,PFM3T7T04,0.786689789724691
allsubs,0,PPV_cort,VAN,4,4,PFM3T7T04,PFM3T7T04,0.766994735637446
allsubs,0,PPV_cort,Sal,4,4,PFM3T7T04,PFM3T7T04,0.560151962853525
allsubs,0,PPV_cort,AMN,4,4,PFM3T7T04,PFM3T7T04,0.827346743295019
allsubs,0,PPV_cort,SMd,4,4,PFM3T7T04,PFM3T7T04,0.619300106044539
allsubs,0,PPV_cort,SMl,4,4,PFM3T7T04,PFM3T7T04,0.586265366680797
allsubs,0,PPV_cort,Aud,4,4,PFM3T7T04,PFM3T7T04,0.692665289256198
allsubs,0,PPV_cort,Tpole,4,4,PFM3T7T04,PFM3T7T04,0.617647058823529
allsubs,0,PPV_cort,MTL,4,4,PFM3T7T04,PFM3T7T04,0.808502185141041
allsubs,0,PPV_cort,PMN,4,4,PFM3T7T04,PFM3T7T04,0.724100327153762
allsubs,0,PPV_cort,PON,4,4,PFM3T7T04,PFM3T7T04,0.752325180847399
allsubs,0,PPV_cort,SCAN,4,4,PFM3T7T04,PFM3T7T04,0.672138836772983
allsubs,0,PPVcorr_Jeffreys_cort,DMN,4,4,PFM3T7T04,PFM3T7T04,0.862917607894424
allsubs,0,PPVcorr_Jeffreys_cort,Vis,4,4,PFM3T7T04,PFM3T7T04,0.893212802215358
allsubs,0,PPVcorr_Jeffreys_cort,FP,4,4,PFM3T7T04,PFM3T7T04,0.898826264133616
allsubs,0,PPVcorr_Jeffreys_cort,DAN,4,4,PFM3T7T04,PFM3T7T04,0.754885710981768
allsubs,0,PPVcorr_Jeffreys_cort,VAN,4,4,PFM3T7T04,PFM3T7T04,0.744288077736592
allsubs,0,PPVcorr_Jeffreys_cort,Sal,4,4,PFM3T7T04,PFM3T7T04,0.5565431314975
allsubs,0,PPVcorr_Jeffreys_cort,AMN,4,4,PFM3T7T04,PFM3T7T04,0.796870588746281
allsubs,0,PPVcorr_Jeffreys_cort,SMd,4,4,PFM3T7T04,PFM3T7T04,0.611620984745132
allsubs,0,PPVcorr_Jeffreys_cort,SMl,4,4,PFM3T7T04,PFM3T7T04,0.57978202062179
allsubs,0,PPVcorr_Jeffreys_cort,Aud,4,4,PFM3T7T04,PFM3T7T04,0.678375017933145
allsubs,0,PPVcorr_Jeffreys_cort,Tpole,4,4,PFM3T7T04,PFM3T7T04,0.60699394225474
allsubs,0,PPVcorr_Jeffreys_cort,MTL,4,4,PFM3T7T04,PFM3T7T04,0.763613525258012
allsubs,0,PPVcorr_Jeffreys_cort,PMN,4,4,PFM3T7T04,PFM3T7T04,0.704172876304024
allsubs,0,PPVcorr_Jeffreys_cort,PON,4,4,PFM3T7T04,PFM3T7T04,0.731708474361813
allsubs,0,PPVcorr_Jeffreys_cort,SCAN,4,4,PFM3T7T04,PFM3T7T04,0.659891953121596
allsubs,0,PPVcorr_d1d2_cort,DMN,4,4,PFM3T7T04,PFM3T7T04,0.900453789387547
allsubs,0,PPVcorr_d1d2_cort,Vis,4,4,PFM3T7T04,PFM3T7T04,0.934883040531736
allsubs,0,PPVcorr_d1d2_cort,FP,4,4,PFM3T7T04,PFM3T7T04,0.943702030378697
allsubs,0,PPVcorr_d1d2_cort,DAN,4,4,PFM3T7T04,PFM3T7T04,0.786941548587547
allsubs,0,PPVcorr_d1d2_cort,VAN,4,4,PFM3T7T04,PFM3T7T04,0.773844371103535
allsubs,0,PPVcorr_d1d2_cort,Sal,4,4,PFM3T7T04,PFM3T7T04,0.600882548250969
allsubs,0,PPVcorr_d1d2_cort,AMN,4,4,PFM3T7T04,PFM3T7T04,0.829044218238137
allsubs,0,PPVcorr_d1d2_cort,SMd,4,4,PFM3T7T04,PFM3T7T04,0.640809825644363
allsubs,0,PPVcorr_d1d2_cort,SMl,4,4,PFM3T7T04,PFM3T7T04,0.612421487673406
allsubs,0,PPVcorr_d1d2_cort,Aud,4,4,PFM3T7T04,PFM3T7T04,0.706600225279502
allsubs,0,PPVcorr_d1d2_cort,Tpole,4,4,PFM3T7T04,PFM3T7T04,0.648316948977991
allsubs,0,PPVcorr_d1d2_cort,MTL,4,4,PFM3T7T04,PFM3T7T04,0.799933569491089
allsubs,0,PPVcorr_d1d2_cort,PMN,4,4,PFM3T7T04,PFM3T7T04,0.739513230262873
allsubs,0,PPVcorr_d1d2_cort,PON,4,4,PFM3T7T04,PFM3T7T04,0.764610084991852
allsubs,0,PPVcorr_d1d2_cort,SCAN,4,4,PFM3T7T04,PFM3T7T04,0.700428686333621
allsubs,0,PPVcorr_bayes_cort,DMN,4,4,PFM3T7T04,PFM3T7T04,0.904081886628088
allsubs,0,PPVcorr_bayes_cort,Vis,4,4,PFM3T7T04,PFM3T7T04,0.935279808754246
allsubs,0,PPVcorr_bayes_cort,FP,4,4,PFM3T7T04,PFM3T7T04,0.940474569089451
allsubs,0,PPVcorr_bayes_cort,DAN,4,4,PFM3T7T04,PFM3T7T04,0.7874964298829
allsubs,0,PPVcorr_bayes_cort,VAN,4,4,PFM3T7T04,PFM3T7T04,0.780649675818108
allsubs,0,PPVcorr_bayes_cort,Sal,4,4,PFM3T7T04,PFM3T7T04,0.591245502126268
allsubs,0,PPVcorr_bayes_cort,AMN,4,4,PFM3T7T04,PFM3T7T04,0.834473962900122
allsubs,0,PPVcorr_bayes_cort,SMd,4,4,PFM3T7T04,PFM3T7T04,0.64700531676382
allsubs,0,PPVcorr_bayes_cort,SMl,4,4,PFM3T7T04,PFM3T7T04,0.61137691634261
allsubs,0,PPVcorr_bayes_cort,Aud,4,4,PFM3T7T04,PFM3T7T04,0.714009086169658
allsubs,0,PPVcorr_bayes_cort,Tpole,4,4,PFM3T7T04,PFM3T7T04,0.635873368737392
allsubs,0,PPVcorr_bayes_cort,MTL,4,4,PFM3T7T04,PFM3T7T04,0.791036855396552
allsubs,0,PPVcorr_bayes_cort,PMN,4,4,PFM3T7T04,PFM3T7T04,0.737957911145752
allsubs,0,PPVcorr_bayes_cort,PON,4,4,PFM3T7T04,PFM3T7T04,0.768062904900846
allsubs,0,PPVcorr_bayes_cort,SCAN,4,4,PFM3T7T04,PFM3T7T04,0.695414625335832
allsubs,0,MCC_cort,DMN,4,4,PFM3T7T04,PFM3T7T04,0.895186830696869
allsubs,0,MCC_cort,Vis,4,4,PFM3T7T04,PFM3T7T04,0.897062345838887
allsubs,0,MCC_cort,FP,4,4,PFM3T7T04,PFM3T7T04,0.862333456218199
allsubs,0,MCC_cort,DAN,4,4,PFM3T7T04,PFM3T7T04,0.676608803372706
allsubs,0,MCC_cort,VAN,4,4,PFM3T7T04,PFM3T7T04,0.779990514502781
allsubs,0,MCC_cort,Sal,4,4,PFM3T7T04,PFM3T7T04,0.691914781643698
allsubs,0,MCC_cort,AMN,4,4,PFM3T7T04,PFM3T7T04,0.786111930487803
allsubs,0,MCC_cort,SMd,4,4,PFM3T7T04,PFM3T7T04,0.733324261524774
allsubs,0,MCC_cort,SMl,4,4,PFM3T7T04,PFM3T7T04,0.637502524484625
allsubs,0,MCC_cort,Aud,4,4,PFM3T7T04,PFM3T7T04,0.760173857065542
allsubs,0,MCC_cort,Tpole,4,4,PFM3T7T04,PFM3T7T04,0.611443261790605
allsubs,0,MCC_cort,MTL,4,4,PFM3T7T04,PFM3T7T04,0.598639957649075
allsubs,0,MCC_cort,PMN,4,4,PFM3T7T04,PFM3T7T04,0.724547149556836
allsubs,0,MCC_cort,PON,4,4,PFM3T7T04,PFM3T7T04,0.787853504128277
allsubs,0,MCC_cort,SCAN,4,4,PFM3T7T04,PFM3T7T04,0.760701097870088
allsubs,0,muI_cort,WholeBrainOrSingleVal,4,4,PFM3T7T04,PFM3T7T04,2.52645002169817
allsubs,0,VIn_cort,WholeBrainOrSingleVal,4,4,PFM3T7T04,PFM3T7T04,0.146652630204545
allsubs,0,MIn_cort,WholeBrainOrSingleVal,4,4,PFM3T7T04,PFM3T7T04,0.684806019901189
